timestamp,r,series_a,series_b
2025-07-28 15:00:00,1.0,Kamand_depth,North_depth
2025-07-28 16:00:00,0.9978,Kamand_depth,North_depth
2025-07-28 17:00:00,0.9661,Kamand_depth,North_depth
2025-07-29 11:00:00,0.9982,Kamand_depth,North_depth
2025-07-29 12:00:00,0.9986,Kamand_depth,North_depth
2025-07-29 13:00:00,0.996,Kamand_depth,North_depth
2025-07-29 17:00:00,0.9957,Kamand_depth,North_depth
2025-07-29 18:00:00,0.9948,Kamand_depth,North_depth
2025-07-30 10:00:00,0.5698,Kamand_depth,North_depth
2025-07-30 11:00:00,0.5385,Kamand_depth,North_depth
2025-07-30 12:00:00,0.5345,Kamand_depth,North_depth
2025-07-30 13:00:00,0.5348,Kamand_depth,North_depth
2025-07-30 17:00:00,0.5527,Kamand_depth,North_depth
2025-07-30 18:00:00,0.5661,Kamand_depth,North_depth
2025-07-30 19:00:00,0.5778,Kamand_depth,North_depth
2025-07-31 07:00:00,0.5819,Kamand_depth,North_depth
2025-07-31 12:00:00,0.5783,Kamand_depth,North_depth
2025-07-31 16:00:00,0.5717,Kamand_depth,North_depth
2025-07-31 19:00:00,0.566,Kamand_depth,North_depth
2025-07-31 20:00:00,0.5597,Kamand_depth,North_depth
2025-07-31 22:00:00,0.5563,Kamand_depth,North_depth
2025-07-31 23:00:00,0.5517,Kamand_depth,North_depth
2025-08-01 00:00:00,0.5469,Kamand_depth,North_depth
2025-08-01 01:00:00,0.5415,Kamand_depth,North_depth
2025-08-01 06:00:00,0.541,Kamand_depth,North_depth
2025-08-01 07:00:00,0.5405,Kamand_depth,North_depth
2025-08-01 08:00:00,0.5395,Kamand_depth,North_depth
2025-08-01 09:00:00,0.5388,Kamand_depth,North_depth
2025-08-01 18:00:00,0.5758,Kamand_depth,North_depth
2025-08-19 14:00:00,-1.0,Kamand_depth,North_depth
2025-08-19 15:00:00,-0.1643,Kamand_depth,North_depth
2025-08-19 16:00:00,-0.8656,Kamand_depth,North_depth
2025-08-19 17:00:00,0.3313,Kamand_depth,North_depth
2025-08-19 18:00:00,-0.0038,Kamand_depth,North_depth
2025-08-19 19:00:00,-0.2776,Kamand_depth,North_depth
2025-08-19 20:00:00,-0.708,Kamand_depth,North_depth
2025-08-19 21:00:00,-0.7572,Kamand_depth,North_depth
2025-08-19 22:00:00,-0.8523,Kamand_depth,North_depth
2025-08-19 23:00:00,-0.8391,Kamand_depth,North_depth
2025-08-20 00:00:00,-0.5401,Kamand_depth,North_depth
2025-08-20 01:00:00,-0.4466,Kamand_depth,North_depth
2025-08-20 02:00:00,-0.4887,Kamand_depth,North_depth
2025-08-20 03:00:00,-0.3715,Kamand_depth,North_depth
2025-08-20 04:00:00,-0.43,Kamand_depth,North_depth
2025-08-20 05:00:00,0.0814,Kamand_depth,North_depth
2025-08-20 06:00:00,0.2256,Kamand_depth,North_depth
2025-08-20 07:00:00,0.2586,Kamand_depth,North_depth
2025-08-20 08:00:00,0.2736,Kamand_depth,North_depth
2025-08-20 09:00:00,0.2782,Kamand_depth,North_depth
2025-08-22 13:00:00,0.3998,Kamand_depth,North_depth
2025-08-22 14:00:00,0.4872,Kamand_depth,North_depth
2025-08-22 15:00:00,0.5353,Kamand_depth,North_depth
2025-08-22 16:00:00,0.5828,Kamand_depth,North_depth
2025-08-22 17:00:00,0.6098,Kamand_depth,North_depth
2025-08-22 18:00:00,0.6301,Kamand_depth,North_depth
2025-08-22 19:00:00,0.6549,Kamand_depth,North_depth
2025-08-22 20:00:00,0.6717,Kamand_depth,North_depth
2025-08-22 21:00:00,0.6738,Kamand_depth,North_depth
2025-08-22 22:00:00,0.6642,Kamand_depth,North_depth
2025-08-22 23:00:00,0.6683,Kamand_depth,North_depth
2025-08-23 00:00:00,0.6794,Kamand_depth,North_depth
2025-08-23 01:00:00,0.6906,Kamand_depth,North_depth
2025-08-23 02:00:00,0.7035,Kamand_depth,North_depth
2025-08-23 03:00:00,0.7114,Kamand_depth,North_depth
2025-08-23 04:00:00,0.7205,Kamand_depth,North_depth
2025-08-23 05:00:00,0.7292,Kamand_depth,North_depth
2025-08-23 06:00:00,0.7344,Kamand_depth,North_depth
2025-08-23 07:00:00,0.7392,Kamand_depth,North_depth
2025-08-23 08:00:00,0.7427,Kamand_depth,North_depth
2025-08-23 09:00:00,0.7466,Kamand_depth,North_depth
2025-08-23 10:00:00,0.7498,Kamand_depth,North_depth
2025-08-23 11:00:00,0.7534,Kamand_depth,North_depth
2025-08-23 12:00:00,0.7592,Kamand_depth,North_depth
2025-08-23 13:00:00,0.7633,Kamand_depth,North_depth
2025-08-23 14:00:00,0.7673,Kamand_depth,North_depth
2025-08-23 15:00:00,0.77,Kamand_depth,North_depth
2025-08-24 13:00:00,0.7669,Kamand_depth,North_depth
2025-08-24 14:00:00,0.7646,Kamand_depth,North_depth
2025-08-24 15:00:00,0.7637,Kamand_depth,North_depth
2025-08-24 16:00:00,0.7636,Kamand_depth,North_depth
2025-08-24 17:00:00,0.7047,Kamand_depth,North_depth
2025-08-24 18:00:00,0.7038,Kamand_depth,North_depth
2025-08-24 19:00:00,0.7211,Kamand_depth,North_depth
2025-08-24 20:00:00,0.7057,Kamand_depth,North_depth
2025-08-24 21:00:00,0.6811,Kamand_depth,North_depth
2025-08-24 22:00:00,0.6795,Kamand_depth,North_depth
2025-08-24 23:00:00,0.6808,Kamand_depth,North_depth
2025-08-25 00:00:00,0.6762,Kamand_depth,North_depth
2025-08-25 01:00:00,0.6726,Kamand_depth,North_depth
2025-08-25 02:00:00,0.6659,Kamand_depth,North_depth
2025-08-25 03:00:00,0.6652,Kamand_depth,North_depth
2025-08-25 04:00:00,0.6637,Kamand_depth,North_depth
2025-08-25 05:00:00,0.6587,Kamand_depth,North_depth
2025-08-25 06:00:00,0.6553,Kamand_depth,North_depth
2025-08-25 07:00:00,0.6523,Kamand_depth,North_depth
2025-08-25 08:00:00,0.6472,Kamand_depth,North_depth
2025-08-25 09:00:00,0.648,Kamand_depth,North_depth
2025-08-25 10:00:00,0.6492,Kamand_depth,North_depth
2025-08-25 11:00:00,0.6572,Kamand_depth,North_depth
2025-08-25 12:00:00,0.6616,Kamand_depth,North_depth
2025-08-25 13:00:00,0.6568,Kamand_depth,North_depth
2025-08-25 14:00:00,0.6498,Kamand_depth,North_depth
2025-08-25 15:00:00,0.6189,Kamand_depth,North_depth
2025-08-25 16:00:00,0.5819,Kamand_depth,North_depth
2025-08-25 17:00:00,0.5481,Kamand_depth,North_depth
2025-08-25 18:00:00,0.5325,Kamand_depth,North_depth
2025-08-25 19:00:00,0.5308,Kamand_depth,North_depth
2025-08-25 20:00:00,0.5262,Kamand_depth,North_depth
2025-08-25 21:00:00,0.5053,Kamand_depth,North_depth
2025-08-25 22:00:00,0.4883,Kamand_depth,North_depth
2025-08-25 23:00:00,0.4749,Kamand_depth,North_depth
2025-08-26 00:00:00,0.4643,Kamand_depth,North_depth
2025-08-26 01:00:00,0.4571,Kamand_depth,North_depth
2025-08-26 02:00:00,0.4462,Kamand_depth,North_depth
2025-08-26 03:00:00,0.4396,Kamand_depth,North_depth
2025-08-26 04:00:00,0.434,Kamand_depth,North_depth
2025-08-26 05:00:00,0.4291,Kamand_depth,North_depth
2025-08-26 06:00:00,0.4289,Kamand_depth,North_depth
2025-08-26 07:00:00,0.4319,Kamand_depth,North_depth
2025-08-26 08:00:00,0.4463,Kamand_depth,North_depth
2025-08-26 09:00:00,0.4494,Kamand_depth,North_depth
2025-08-26 10:00:00,0.4453,Kamand_depth,North_depth
2025-08-26 11:00:00,0.4399,Kamand_depth,North_depth
2025-08-26 12:00:00,0.4352,Kamand_depth,North_depth
2025-08-26 13:00:00,0.4298,Kamand_depth,North_depth
2025-08-26 14:00:00,0.4203,Kamand_depth,North_depth
2025-08-26 15:00:00,0.4134,Kamand_depth,North_depth
2025-08-26 16:00:00,0.4065,Kamand_depth,North_depth
2025-08-26 17:00:00,0.3978,Kamand_depth,North_depth
2025-08-26 18:00:00,0.3908,Kamand_depth,North_depth
2025-08-26 19:00:00,0.3857,Kamand_depth,North_depth
2025-08-26 20:00:00,0.3879,Kamand_depth,North_depth
2025-08-26 21:00:00,0.3914,Kamand_depth,North_depth
2025-08-26 22:00:00,0.4019,Kamand_depth,North_depth
2025-08-26 23:00:00,0.4049,Kamand_depth,North_depth
2025-08-27 00:00:00,0.4015,Kamand_depth,North_depth
2025-08-27 01:00:00,0.4004,Kamand_depth,North_depth
2025-08-27 02:00:00,0.4064,Kamand_depth,North_depth
2025-08-27 03:00:00,0.4048,Kamand_depth,North_depth
2025-08-27 04:00:00,0.4214,Kamand_depth,North_depth
2025-08-27 05:00:00,0.4503,Kamand_depth,North_depth
2025-08-27 06:00:00,0.468,Kamand_depth,North_depth
2025-08-27 07:00:00,0.4911,Kamand_depth,North_depth
2025-08-27 08:00:00,0.5089,Kamand_depth,North_depth
2025-08-27 09:00:00,0.5307,Kamand_depth,North_depth
2025-08-27 10:00:00,0.5314,Kamand_depth,North_depth
2025-08-27 11:00:00,0.5321,Kamand_depth,North_depth
2025-08-27 12:00:00,0.5326,Kamand_depth,North_depth
2025-08-27 16:00:00,0.5338,Kamand_depth,North_depth
2025-08-27 17:00:00,0.5352,Kamand_depth,North_depth
2025-08-27 18:00:00,0.5358,Kamand_depth,North_depth
2025-08-27 19:00:00,0.5371,Kamand_depth,North_depth
2025-08-27 20:00:00,0.5372,Kamand_depth,North_depth
2025-08-27 21:00:00,0.5385,Kamand_depth,North_depth
2025-08-27 22:00:00,0.5397,Kamand_depth,North_depth
2025-08-27 23:00:00,0.5415,Kamand_depth,North_depth
2025-08-28 00:00:00,0.5429,Kamand_depth,North_depth
2025-08-28 01:00:00,0.5448,Kamand_depth,North_depth
2025-08-28 02:00:00,0.5343,Kamand_depth,North_depth
2025-08-28 03:00:00,0.4839,Kamand_depth,North_depth
2025-08-28 04:00:00,0.4653,Kamand_depth,North_depth
2025-08-28 05:00:00,0.4578,Kamand_depth,North_depth
2025-08-28 06:00:00,0.4543,Kamand_depth,North_depth
2025-08-28 07:00:00,0.4514,Kamand_depth,North_depth
2025-08-28 08:00:00,0.4482,Kamand_depth,North_depth
2025-08-28 09:00:00,0.4445,Kamand_depth,North_depth
2025-08-28 10:00:00,0.4434,Kamand_depth,North_depth
2025-08-28 11:00:00,0.4414,Kamand_depth,North_depth
2025-08-28 12:00:00,0.4395,Kamand_depth,North_depth
2025-08-28 13:00:00,0.438,Kamand_depth,North_depth
2025-08-28 14:00:00,0.4377,Kamand_depth,North_depth
2025-08-28 15:00:00,0.4381,Kamand_depth,North_depth
2025-08-28 16:00:00,0.4352,Kamand_depth,North_depth
2025-08-28 17:00:00,0.4345,Kamand_depth,North_depth
2025-08-28 18:00:00,0.433,Kamand_depth,North_depth
2025-08-28 19:00:00,0.4326,Kamand_depth,North_depth
2025-08-28 20:00:00,0.4331,Kamand_depth,North_depth
2025-08-28 21:00:00,0.4332,Kamand_depth,North_depth
2025-08-28 22:00:00,0.4351,Kamand_depth,North_depth
2025-08-28 23:00:00,0.4346,Kamand_depth,North_depth
2025-08-29 00:00:00,0.4234,Kamand_depth,North_depth
2025-08-29 01:00:00,0.3648,Kamand_depth,North_depth
2025-08-29 02:00:00,0.3129,Kamand_depth,North_depth
2025-08-29 03:00:00,0.2893,Kamand_depth,North_depth
2025-08-29 04:00:00,0.2676,Kamand_depth,North_depth
2025-08-29 06:00:00,0.2485,Kamand_depth,North_depth
2025-08-29 07:00:00,0.2371,Kamand_depth,North_depth
2025-08-29 08:00:00,0.2289,Kamand_depth,North_depth
2025-08-29 09:00:00,0.2222,Kamand_depth,North_depth
2025-08-29 10:00:00,0.2169,Kamand_depth,North_depth
2025-08-29 11:00:00,0.2113,Kamand_depth,North_depth
2025-08-29 12:00:00,0.2065,Kamand_depth,North_depth
2025-08-29 13:00:00,0.1977,Kamand_depth,North_depth
2025-08-29 14:00:00,0.1906,Kamand_depth,North_depth
2025-08-29 15:00:00,0.1846,Kamand_depth,North_depth
2025-08-29 16:00:00,0.1749,Kamand_depth,North_depth
2025-08-29 17:00:00,0.1677,Kamand_depth,North_depth
2025-08-29 18:00:00,0.1611,Kamand_depth,North_depth
2025-08-29 19:00:00,0.1526,Kamand_depth,North_depth
2025-08-29 20:00:00,0.1434,Kamand_depth,North_depth
2025-08-29 21:00:00,0.1275,Kamand_depth,North_depth
2025-08-29 22:00:00,0.0971,Kamand_depth,North_depth
2025-08-29 23:00:00,0.0829,Kamand_depth,North_depth
2025-08-30 00:00:00,0.0741,Kamand_depth,North_depth
2025-08-30 01:00:00,0.0672,Kamand_depth,North_depth
2025-08-30 02:00:00,0.058,Kamand_depth,North_depth
2025-08-30 03:00:00,0.0501,Kamand_depth,North_depth
2025-08-30 04:00:00,0.0432,Kamand_depth,North_depth
2025-08-30 05:00:00,0.0362,Kamand_depth,North_depth
2025-08-30 06:00:00,0.0312,Kamand_depth,North_depth
2025-08-30 07:00:00,0.0265,Kamand_depth,North_depth
2025-08-30 08:00:00,0.0217,Kamand_depth,North_depth
2025-08-30 09:00:00,0.0186,Kamand_depth,North_depth
2025-08-30 10:00:00,0.0159,Kamand_depth,North_depth
2025-08-30 11:00:00,0.0165,Kamand_depth,North_depth
2025-08-30 12:00:00,0.016,Kamand_depth,North_depth
2025-08-31 03:00:00,-0.0046,Kamand_depth,North_depth
2025-08-31 04:00:00,0.0082,Kamand_depth,North_depth
2025-08-31 05:00:00,0.0213,Kamand_depth,North_depth
2025-08-31 06:00:00,0.0339,Kamand_depth,North_depth
2025-08-31 07:00:00,0.0447,Kamand_depth,North_depth
2025-08-31 08:00:00,0.0539,Kamand_depth,North_depth
2025-08-31 09:00:00,0.0628,Kamand_depth,North_depth
2025-08-31 10:00:00,0.0727,Kamand_depth,North_depth
2025-08-31 11:00:00,0.0812,Kamand_depth,North_depth
2025-08-31 12:00:00,0.089,Kamand_depth,North_depth
2025-08-31 13:00:00,0.0859,Kamand_depth,North_depth
2025-08-31 14:00:00,0.0844,Kamand_depth,North_depth
2025-08-31 15:00:00,0.0818,Kamand_depth,North_depth
2025-08-31 16:00:00,0.0783,Kamand_depth,North_depth
2025-08-31 17:00:00,0.0978,Kamand_depth,North_depth
2025-09-01 01:00:00,0.1148,Kamand_depth,North_depth
2025-09-01 02:00:00,0.123,Kamand_depth,North_depth
2025-09-01 03:00:00,0.1316,Kamand_depth,North_depth
2025-09-01 04:00:00,0.1399,Kamand_depth,North_depth
2025-09-01 05:00:00,0.1477,Kamand_depth,North_depth
2025-09-01 06:00:00,0.1549,Kamand_depth,North_depth
2025-09-02 14:00:00,0.0569,Kamand_depth,North_depth
2025-09-02 15:00:00,0.0465,Kamand_depth,North_depth
2025-09-02 16:00:00,0.0413,Kamand_depth,North_depth
2025-09-02 17:00:00,0.0443,Kamand_depth,North_depth
2025-09-02 18:00:00,0.0401,Kamand_depth,North_depth
2025-09-02 19:00:00,0.0295,Kamand_depth,North_depth
2025-09-02 20:00:00,0.028,Kamand_depth,North_depth
2025-09-02 21:00:00,0.0208,Kamand_depth,North_depth
2025-09-02 22:00:00,0.0202,Kamand_depth,North_depth
2025-09-02 23:00:00,0.0214,Kamand_depth,North_depth
2025-09-03 00:00:00,0.0179,Kamand_depth,North_depth
2025-09-03 01:00:00,0.0145,Kamand_depth,North_depth
2025-09-03 02:00:00,0.0055,Kamand_depth,North_depth
2025-09-03 03:00:00,0.0005,Kamand_depth,North_depth
2025-09-03 04:00:00,-0.0047,Kamand_depth,North_depth
2025-09-03 05:00:00,-0.0103,Kamand_depth,North_depth
2025-09-03 06:00:00,-0.0126,Kamand_depth,North_depth
2025-09-03 07:00:00,-0.0176,Kamand_depth,North_depth
2025-09-03 08:00:00,-0.0222,Kamand_depth,North_depth
2025-09-03 09:00:00,-0.0276,Kamand_depth,North_depth
2025-09-03 10:00:00,-0.0306,Kamand_depth,North_depth
2025-09-03 11:00:00,-0.0359,Kamand_depth,North_depth
2025-09-03 12:00:00,-0.0409,Kamand_depth,North_depth
2025-09-03 17:00:00,-0.046,Kamand_depth,North_depth
2025-09-03 18:00:00,-0.0495,Kamand_depth,North_depth
2025-09-03 19:00:00,-0.0536,Kamand_depth,North_depth
2025-09-03 20:00:00,-0.0559,Kamand_depth,North_depth
2025-09-03 21:00:00,-0.059,Kamand_depth,North_depth
2025-09-03 22:00:00,-0.0618,Kamand_depth,North_depth
2025-09-03 23:00:00,-0.0651,Kamand_depth,North_depth
2025-09-04 00:00:00,-0.0682,Kamand_depth,North_depth
2025-09-04 01:00:00,-0.0706,Kamand_depth,North_depth
2025-09-04 02:00:00,-0.0707,Kamand_depth,North_depth
2025-09-04 03:00:00,-0.0727,Kamand_depth,North_depth
2025-09-04 04:00:00,-0.0742,Kamand_depth,North_depth
2025-09-04 05:00:00,-0.0749,Kamand_depth,North_depth
2025-09-04 06:00:00,-0.075,Kamand_depth,North_depth
2025-09-04 07:00:00,-0.0755,Kamand_depth,North_depth
2025-09-04 08:00:00,-0.0754,Kamand_depth,North_depth
2025-09-04 09:00:00,-0.0751,Kamand_depth,North_depth
2025-09-04 10:00:00,-0.0756,Kamand_depth,North_depth
2025-09-04 11:00:00,-0.0769,Kamand_depth,North_depth
2025-09-04 12:00:00,-0.0785,Kamand_depth,North_depth
2025-09-04 13:00:00,-0.0794,Kamand_depth,North_depth
2025-09-04 14:00:00,-0.0804,Kamand_depth,North_depth
2025-09-04 15:00:00,-0.0831,Kamand_depth,North_depth
2025-09-04 16:00:00,-0.0825,Kamand_depth,North_depth
2025-09-04 17:00:00,-0.0841,Kamand_depth,North_depth
2025-09-04 18:00:00,-0.0849,Kamand_depth,North_depth
2025-09-05 00:00:00,-0.0844,Kamand_depth,North_depth
2025-09-05 01:00:00,-0.0633,Kamand_depth,North_depth
2025-09-05 02:00:00,-0.0351,Kamand_depth,North_depth
2025-09-05 03:00:00,-0.0146,Kamand_depth,North_depth
2025-09-05 04:00:00,0.007,Kamand_depth,North_depth
2025-09-05 05:00:00,0.0076,Kamand_depth,North_depth
2025-09-05 06:00:00,0.0289,Kamand_depth,North_depth
2025-09-05 07:00:00,0.0447,Kamand_depth,North_depth
2025-09-05 08:00:00,0.0588,Kamand_depth,North_depth
2025-09-05 09:00:00,0.0717,Kamand_depth,North_depth
2025-09-05 10:00:00,0.0825,Kamand_depth,North_depth
2025-09-05 11:00:00,0.0973,Kamand_depth,North_depth
2025-09-05 12:00:00,0.1116,Kamand_depth,North_depth
2025-09-06 00:00:00,0.6056,Kamand_depth,North_depth
2025-09-06 01:00:00,0.64,Kamand_depth,North_depth
2025-09-06 02:00:00,0.6861,Kamand_depth,North_depth
2025-09-06 03:00:00,0.7334,Kamand_depth,North_depth
2025-09-06 04:00:00,0.7625,Kamand_depth,North_depth
2025-09-06 05:00:00,0.7895,Kamand_depth,North_depth
2025-09-06 06:00:00,0.8066,Kamand_depth,North_depth
2025-09-06 07:00:00,0.8222,Kamand_depth,North_depth
2025-09-06 08:00:00,0.8434,Kamand_depth,North_depth
2025-09-06 09:00:00,0.8549,Kamand_depth,North_depth
2025-09-06 10:00:00,0.86,Kamand_depth,North_depth
2025-09-06 11:00:00,0.8614,Kamand_depth,North_depth
2025-09-07 00:00:00,0.859,Kamand_depth,North_depth
2025-09-07 01:00:00,0.8553,Kamand_depth,North_depth
2025-09-07 02:00:00,0.8524,Kamand_depth,North_depth
2025-09-07 13:00:00,0.8596,Kamand_depth,North_depth
2025-09-07 14:00:00,0.8606,Kamand_depth,North_depth
2025-09-07 15:00:00,0.8625,Kamand_depth,North_depth
2025-09-07 16:00:00,0.8642,Kamand_depth,North_depth
2025-09-07 17:00:00,0.8681,Kamand_depth,North_depth
2025-09-07 18:00:00,0.87,Kamand_depth,North_depth
2025-09-07 19:00:00,0.8725,Kamand_depth,North_depth
2025-09-07 20:00:00,0.875,Kamand_depth,North_depth
2025-09-07 21:00:00,0.8772,Kamand_depth,North_depth
2025-09-07 22:00:00,0.8794,Kamand_depth,North_depth
2025-09-07 23:00:00,0.8813,Kamand_depth,North_depth
2025-09-08 00:00:00,0.8831,Kamand_depth,North_depth
2025-09-08 01:00:00,0.8851,Kamand_depth,North_depth
2025-09-08 02:00:00,0.8875,Kamand_depth,North_depth
2025-09-08 03:00:00,0.889,Kamand_depth,North_depth
2025-09-08 04:00:00,0.8917,Kamand_depth,North_depth
2025-09-08 05:00:00,0.8934,Kamand_depth,North_depth
2025-09-08 06:00:00,0.8954,Kamand_depth,North_depth
2025-09-08 07:00:00,0.8971,Kamand_depth,North_depth
2025-09-08 08:00:00,0.8989,Kamand_depth,North_depth
2025-09-08 09:00:00,0.9005,Kamand_depth,North_depth
2025-09-08 10:00:00,0.9019,Kamand_depth,North_depth
2025-09-08 11:00:00,0.9032,Kamand_depth,North_depth
2025-09-08 12:00:00,0.9046,Kamand_depth,North_depth
2025-09-08 13:00:00,0.9058,Kamand_depth,North_depth
2025-09-08 14:00:00,0.9074,Kamand_depth,North_depth
2025-09-08 18:00:00,0.9086,Kamand_depth,North_depth
2025-09-08 19:00:00,0.9094,Kamand_depth,North_depth
2025-09-08 20:00:00,0.9095,Kamand_depth,North_depth
2025-09-08 21:00:00,0.9102,Kamand_depth,North_depth
2025-09-08 22:00:00,0.9108,Kamand_depth,North_depth
2025-09-08 23:00:00,0.9116,Kamand_depth,North_depth
2025-09-09 00:00:00,0.9126,Kamand_depth,North_depth
2025-09-09 01:00:00,0.913,Kamand_depth,North_depth
2025-09-09 02:00:00,0.9141,Kamand_depth,North_depth
2025-09-09 03:00:00,0.9149,Kamand_depth,North_depth
2025-09-09 04:00:00,0.9158,Kamand_depth,North_depth
2025-09-09 05:00:00,0.9168,Kamand_depth,North_depth
2025-09-09 06:00:00,0.9178,Kamand_depth,North_depth
2025-09-09 07:00:00,0.9186,Kamand_depth,North_depth
2025-09-09 08:00:00,0.9194,Kamand_depth,North_depth
2025-09-09 09:00:00,0.92,Kamand_depth,North_depth
2025-09-09 10:00:00,0.9209,Kamand_depth,North_depth
2025-09-09 11:00:00,0.9217,Kamand_depth,North_depth
2025-09-09 12:00:00,0.9222,Kamand_depth,North_depth
2025-09-09 13:00:00,0.9226,Kamand_depth,North_depth
2025-09-09 14:00:00,0.9261,Kamand_depth,North_depth
2025-09-09 15:00:00,0.9273,Kamand_depth,North_depth
2025-09-09 16:00:00,0.9287,Kamand_depth,North_depth
2025-09-09 17:00:00,0.9273,Kamand_depth,North_depth
2025-09-09 18:00:00,0.9288,Kamand_depth,North_depth
2025-09-09 19:00:00,0.9349,Kamand_depth,North_depth
2025-09-09 20:00:00,0.9362,Kamand_depth,North_depth
2025-09-09 21:00:00,0.9393,Kamand_depth,North_depth
2025-09-09 22:00:00,0.9405,Kamand_depth,North_depth
2025-09-09 23:00:00,0.9393,Kamand_depth,North_depth
2025-09-10 00:00:00,0.94,Kamand_depth,North_depth
2025-09-10 01:00:00,0.9433,Kamand_depth,North_depth
2025-09-10 02:00:00,0.9482,Kamand_depth,North_depth
2025-09-10 03:00:00,0.9496,Kamand_depth,North_depth
2025-09-10 04:00:00,0.9502,Kamand_depth,North_depth
2025-09-10 05:00:00,0.9507,Kamand_depth,North_depth
2025-09-10 06:00:00,0.95,Kamand_depth,North_depth
2025-09-10 07:00:00,0.9515,Kamand_depth,North_depth
2025-09-10 08:00:00,0.9525,Kamand_depth,North_depth
2025-09-10 09:00:00,0.9543,Kamand_depth,North_depth
2025-09-10 10:00:00,0.955,Kamand_depth,North_depth
2025-09-10 11:00:00,0.9603,Kamand_depth,North_depth
2025-09-10 12:00:00,0.9674,Kamand_depth,North_depth
2025-09-10 13:00:00,0.9676,Kamand_depth,North_depth
2025-09-10 14:00:00,0.9679,Kamand_depth,North_depth
2025-09-10 15:00:00,0.9679,Kamand_depth,North_depth
2025-09-10 16:00:00,0.9683,Kamand_depth,North_depth
2025-09-10 17:00:00,0.9714,Kamand_depth,North_depth
2025-09-11 01:00:00,0.9485,Kamand_depth,North_depth
2025-09-11 02:00:00,0.9412,Kamand_depth,North_depth
2025-09-11 03:00:00,0.9391,Kamand_depth,North_depth
2025-09-11 04:00:00,0.9383,Kamand_depth,North_depth
2025-09-11 05:00:00,0.937,Kamand_depth,North_depth
2025-09-11 06:00:00,0.9367,Kamand_depth,North_depth
2025-09-11 07:00:00,0.9354,Kamand_depth,North_depth
2025-09-11 08:00:00,0.9338,Kamand_depth,North_depth
2025-09-11 09:00:00,0.9321,Kamand_depth,North_depth
2025-09-11 10:00:00,0.9308,Kamand_depth,North_depth
2025-09-11 11:00:00,0.9283,Kamand_depth,North_depth
2025-09-11 12:00:00,0.9256,Kamand_depth,North_depth
2025-09-11 13:00:00,0.9216,Kamand_depth,North_depth
2025-09-11 14:00:00,0.9157,Kamand_depth,North_depth
2025-09-11 15:00:00,0.9106,Kamand_depth,North_depth
2025-09-11 16:00:00,0.902,Kamand_depth,North_depth
2025-09-11 17:00:00,0.8935,Kamand_depth,North_depth
2025-09-11 18:00:00,0.8829,Kamand_depth,North_depth
2025-09-11 19:00:00,0.884,Kamand_depth,North_depth
2025-09-11 20:00:00,0.8848,Kamand_depth,North_depth
2025-09-12 00:00:00,0.8822,Kamand_depth,North_depth
2025-07-04 11:00:00,-1.0,Kamand_velocity,North_depth
2025-07-04 12:00:00,-0.883,Kamand_velocity,North_depth
2025-07-04 13:00:00,-0.8846,Kamand_velocity,North_depth
2025-07-04 14:00:00,-0.5175,Kamand_velocity,North_depth
2025-07-04 15:00:00,-0.567,Kamand_velocity,North_depth
2025-07-04 16:00:00,-0.5828,Kamand_velocity,North_depth
2025-07-04 17:00:00,-0.5555,Kamand_velocity,North_depth
2025-07-04 18:00:00,-0.5601,Kamand_velocity,North_depth
2025-07-04 19:00:00,-0.5568,Kamand_velocity,North_depth
2025-07-04 20:00:00,-0.5209,Kamand_velocity,North_depth
2025-07-04 21:00:00,-0.4901,Kamand_velocity,North_depth
2025-07-04 22:00:00,-0.4161,Kamand_velocity,North_depth
2025-07-04 23:00:00,-0.4013,Kamand_velocity,North_depth
2025-07-05 00:00:00,-0.3774,Kamand_velocity,North_depth
2025-07-05 01:00:00,-0.3813,Kamand_velocity,North_depth
2025-07-05 02:00:00,-0.3763,Kamand_velocity,North_depth
2025-07-05 03:00:00,-0.2849,Kamand_velocity,North_depth
2025-07-05 04:00:00,-0.1494,Kamand_velocity,North_depth
2025-07-05 05:00:00,-0.1513,Kamand_velocity,North_depth
2025-07-05 06:00:00,-0.1811,Kamand_velocity,North_depth
2025-07-05 07:00:00,-0.1816,Kamand_velocity,North_depth
2025-07-05 08:00:00,-0.178,Kamand_velocity,North_depth
2025-07-05 09:00:00,-0.1888,Kamand_velocity,North_depth
2025-07-05 10:00:00,-0.1803,Kamand_velocity,North_depth
2025-07-05 11:00:00,-0.1847,Kamand_velocity,North_depth
2025-07-05 12:00:00,-0.1852,Kamand_velocity,North_depth
2025-07-05 13:00:00,-0.1869,Kamand_velocity,North_depth
2025-07-05 14:00:00,-0.1874,Kamand_velocity,North_depth
2025-07-05 15:00:00,-0.1812,Kamand_velocity,North_depth
2025-07-05 16:00:00,0.1722,Kamand_velocity,North_depth
2025-07-05 17:00:00,0.1779,Kamand_velocity,North_depth
2025-07-05 18:00:00,0.1754,Kamand_velocity,North_depth
2025-07-05 19:00:00,0.1857,Kamand_velocity,North_depth
2025-07-05 20:00:00,0.2236,Kamand_velocity,North_depth
2025-07-05 21:00:00,0.2505,Kamand_velocity,North_depth
2025-07-06 07:00:00,0.2515,Kamand_velocity,North_depth
2025-07-06 08:00:00,0.1641,Kamand_velocity,North_depth
2025-07-06 09:00:00,0.0893,Kamand_velocity,North_depth
2025-07-06 10:00:00,0.055,Kamand_velocity,North_depth
2025-07-06 11:00:00,0.1383,Kamand_velocity,North_depth
2025-07-06 12:00:00,0.1726,Kamand_velocity,North_depth
2025-07-06 13:00:00,0.2013,Kamand_velocity,North_depth
2025-07-06 14:00:00,0.2313,Kamand_velocity,North_depth
2025-07-06 15:00:00,0.1272,Kamand_velocity,North_depth
2025-07-06 16:00:00,0.0891,Kamand_velocity,North_depth
2025-07-06 17:00:00,-0.1487,Kamand_velocity,North_depth
2025-07-06 18:00:00,-0.1742,Kamand_velocity,North_depth
2025-07-06 19:00:00,-0.3207,Kamand_velocity,North_depth
2025-07-06 20:00:00,-0.323,Kamand_velocity,North_depth
2025-07-06 21:00:00,-0.3547,Kamand_velocity,North_depth
2025-07-06 22:00:00,-0.3513,Kamand_velocity,North_depth
2025-07-06 23:00:00,-0.3463,Kamand_velocity,North_depth
2025-07-07 06:00:00,-0.338,Kamand_velocity,North_depth
2025-07-07 07:00:00,-0.3341,Kamand_velocity,North_depth
2025-07-07 08:00:00,-0.3308,Kamand_velocity,North_depth
2025-07-07 09:00:00,-0.3297,Kamand_velocity,North_depth
2025-07-07 10:00:00,-0.324,Kamand_velocity,North_depth
2025-07-07 11:00:00,-0.3236,Kamand_velocity,North_depth
2025-07-07 12:00:00,-0.3213,Kamand_velocity,North_depth
2025-07-07 13:00:00,-0.3174,Kamand_velocity,North_depth
2025-07-07 14:00:00,-0.3161,Kamand_velocity,North_depth
2025-07-07 15:00:00,-0.3162,Kamand_velocity,North_depth
2025-07-07 16:00:00,-0.3167,Kamand_velocity,North_depth
2025-07-07 17:00:00,-0.3195,Kamand_velocity,North_depth
2025-07-07 18:00:00,-0.3228,Kamand_velocity,North_depth
2025-07-07 19:00:00,-0.3213,Kamand_velocity,North_depth
2025-07-07 20:00:00,-0.3204,Kamand_velocity,North_depth
2025-07-07 21:00:00,-0.3195,Kamand_velocity,North_depth
2025-07-07 22:00:00,-0.3145,Kamand_velocity,North_depth
2025-07-07 23:00:00,-0.3112,Kamand_velocity,North_depth
2025-07-08 00:00:00,-0.3121,Kamand_velocity,North_depth
2025-07-08 01:00:00,-0.3089,Kamand_velocity,North_depth
2025-07-08 12:00:00,-0.3104,Kamand_velocity,North_depth
2025-07-08 13:00:00,-0.3121,Kamand_velocity,North_depth
2025-07-08 14:00:00,-0.3157,Kamand_velocity,North_depth
2025-07-08 15:00:00,-0.3203,Kamand_velocity,North_depth
2025-07-08 16:00:00,-0.3221,Kamand_velocity,North_depth
2025-07-08 17:00:00,-0.3251,Kamand_velocity,North_depth
2025-07-08 18:00:00,-0.3278,Kamand_velocity,North_depth
2025-07-08 19:00:00,-0.3267,Kamand_velocity,North_depth
2025-07-08 20:00:00,-0.3285,Kamand_velocity,North_depth
2025-07-09 06:00:00,-0.3305,Kamand_velocity,North_depth
2025-07-09 07:00:00,-0.329,Kamand_velocity,North_depth
2025-07-09 08:00:00,-0.3276,Kamand_velocity,North_depth
2025-07-09 09:00:00,-0.3278,Kamand_velocity,North_depth
2025-07-09 10:00:00,-0.3261,Kamand_velocity,North_depth
2025-07-09 11:00:00,-0.3284,Kamand_velocity,North_depth
2025-07-09 12:00:00,-0.3294,Kamand_velocity,North_depth
2025-07-09 13:00:00,-0.3319,Kamand_velocity,North_depth
2025-07-09 14:00:00,-0.3364,Kamand_velocity,North_depth
2025-07-09 15:00:00,-0.3408,Kamand_velocity,North_depth
2025-07-09 16:00:00,-0.3429,Kamand_velocity,North_depth
2025-07-09 17:00:00,-0.3438,Kamand_velocity,North_depth
2025-07-09 18:00:00,-0.3468,Kamand_velocity,North_depth
2025-07-09 19:00:00,-0.3493,Kamand_velocity,North_depth
2025-07-09 20:00:00,-0.3515,Kamand_velocity,North_depth
2025-07-09 21:00:00,-0.3513,Kamand_velocity,North_depth
2025-07-09 22:00:00,-0.339,Kamand_velocity,North_depth
2025-07-11 07:00:00,-0.3387,Kamand_velocity,North_depth
2025-07-11 08:00:00,-0.3349,Kamand_velocity,North_depth
2025-07-11 09:00:00,-0.3327,Kamand_velocity,North_depth
2025-07-11 10:00:00,-0.3268,Kamand_velocity,North_depth
2025-07-11 11:00:00,-0.3255,Kamand_velocity,North_depth
2025-07-11 12:00:00,-0.3255,Kamand_velocity,North_depth
2025-07-11 13:00:00,-0.3245,Kamand_velocity,North_depth
2025-07-11 14:00:00,-0.3299,Kamand_velocity,North_depth
2025-07-11 15:00:00,-0.3335,Kamand_velocity,North_depth
2025-07-11 16:00:00,-0.3339,Kamand_velocity,North_depth
2025-07-11 17:00:00,-0.3355,Kamand_velocity,North_depth
2025-07-11 18:00:00,-0.3368,Kamand_velocity,North_depth
2025-07-11 19:00:00,-0.3375,Kamand_velocity,North_depth
2025-07-11 20:00:00,-0.338,Kamand_velocity,North_depth
2025-07-11 21:00:00,-0.338,Kamand_velocity,North_depth
2025-07-11 22:00:00,-0.3363,Kamand_velocity,North_depth
2025-07-11 23:00:00,-0.3275,Kamand_velocity,North_depth
2025-07-12 06:00:00,-0.3248,Kamand_velocity,North_depth
2025-07-12 07:00:00,-0.3301,Kamand_velocity,North_depth
2025-07-12 08:00:00,-0.3357,Kamand_velocity,North_depth
2025-07-12 09:00:00,-0.3478,Kamand_velocity,North_depth
2025-07-12 10:00:00,-0.347,Kamand_velocity,North_depth
2025-07-12 11:00:00,-0.3475,Kamand_velocity,North_depth
2025-07-12 12:00:00,-0.3389,Kamand_velocity,North_depth
2025-07-12 13:00:00,-0.3372,Kamand_velocity,North_depth
2025-07-12 14:00:00,-0.3396,Kamand_velocity,North_depth
2025-07-12 15:00:00,-0.3425,Kamand_velocity,North_depth
2025-07-12 16:00:00,-0.3412,Kamand_velocity,North_depth
2025-07-12 17:00:00,-0.3407,Kamand_velocity,North_depth
2025-07-12 18:00:00,-0.3385,Kamand_velocity,North_depth
2025-07-12 19:00:00,-0.339,Kamand_velocity,North_depth
2025-07-12 20:00:00,-0.3459,Kamand_velocity,North_depth
2025-07-12 21:00:00,-0.3508,Kamand_velocity,North_depth
2025-07-12 22:00:00,-0.3498,Kamand_velocity,North_depth
2025-07-12 23:00:00,-0.3428,Kamand_velocity,North_depth
2025-07-13 07:00:00,-0.3541,Kamand_velocity,North_depth
2025-07-13 08:00:00,-0.3551,Kamand_velocity,North_depth
2025-07-13 09:00:00,-0.3533,Kamand_velocity,North_depth
2025-07-13 10:00:00,-0.3541,Kamand_velocity,North_depth
2025-07-13 11:00:00,-0.3697,Kamand_velocity,North_depth
2025-07-13 12:00:00,-0.3796,Kamand_velocity,North_depth
2025-07-13 13:00:00,-0.3869,Kamand_velocity,North_depth
2025-07-13 14:00:00,-0.3985,Kamand_velocity,North_depth
2025-07-13 15:00:00,-0.4267,Kamand_velocity,North_depth
2025-07-13 16:00:00,-0.421,Kamand_velocity,North_depth
2025-07-13 17:00:00,-0.4028,Kamand_velocity,North_depth
2025-07-13 18:00:00,-0.388,Kamand_velocity,North_depth
2025-07-13 19:00:00,-0.379,Kamand_velocity,North_depth
2025-07-13 20:00:00,-0.3594,Kamand_velocity,North_depth
2025-07-24 19:00:00,-1.0,Kamand_velocity,North_depth
2025-07-24 20:00:00,-0.9982,Kamand_velocity,North_depth
2025-07-26 11:00:00,-0.9952,Kamand_velocity,North_depth
2025-07-26 12:00:00,-0.9703,Kamand_velocity,North_depth
2025-07-26 13:00:00,-0.962,Kamand_velocity,North_depth
2025-07-26 17:00:00,-0.6551,Kamand_velocity,North_depth
2025-07-27 07:00:00,-0.701,Kamand_velocity,North_depth
2025-07-27 12:00:00,-0.7804,Kamand_velocity,North_depth
2025-07-27 13:00:00,-0.8012,Kamand_velocity,North_depth
2025-07-27 14:00:00,-0.7555,Kamand_velocity,North_depth
2025-07-27 15:00:00,-0.7548,Kamand_velocity,North_depth
2025-07-27 16:00:00,-0.76,Kamand_velocity,North_depth
2025-07-27 17:00:00,-0.7628,Kamand_velocity,North_depth
2025-07-27 18:00:00,-0.7563,Kamand_velocity,North_depth
2025-07-27 19:00:00,-0.7562,Kamand_velocity,North_depth
2025-07-27 20:00:00,-0.7571,Kamand_velocity,North_depth
2025-07-28 08:00:00,-0.7556,Kamand_velocity,North_depth
2025-07-28 09:00:00,-0.6649,Kamand_velocity,North_depth
2025-07-28 10:00:00,-0.5693,Kamand_velocity,North_depth
2025-07-28 11:00:00,-0.4157,Kamand_velocity,North_depth
2025-07-28 12:00:00,-0.3417,Kamand_velocity,North_depth
2025-07-28 13:00:00,-0.3362,Kamand_velocity,North_depth
2025-07-28 14:00:00,-0.2914,Kamand_velocity,North_depth
2025-07-28 15:00:00,-0.2439,Kamand_velocity,North_depth
2025-07-28 16:00:00,-0.2417,Kamand_velocity,North_depth
2025-07-28 17:00:00,-0.2368,Kamand_velocity,North_depth
2025-07-28 18:00:00,-0.236,Kamand_velocity,North_depth
2025-07-28 19:00:00,-0.2548,Kamand_velocity,North_depth
2025-07-29 10:00:00,-0.1158,Kamand_velocity,North_depth
2025-07-29 11:00:00,0.0489,Kamand_velocity,North_depth
2025-07-29 12:00:00,0.1254,Kamand_velocity,North_depth
2025-07-29 13:00:00,0.12,Kamand_velocity,North_depth
2025-07-29 14:00:00,0.1238,Kamand_velocity,North_depth
2025-07-29 15:00:00,0.1505,Kamand_velocity,North_depth
2025-07-29 16:00:00,0.1871,Kamand_velocity,North_depth
2025-07-29 17:00:00,0.2135,Kamand_velocity,North_depth
2025-07-29 18:00:00,0.2061,Kamand_velocity,North_depth
2025-07-29 19:00:00,0.1853,Kamand_velocity,North_depth
2025-07-30 07:00:00,0.0878,Kamand_velocity,North_depth
2025-07-30 08:00:00,0.0409,Kamand_velocity,North_depth
2025-07-30 09:00:00,0.0083,Kamand_velocity,North_depth
2025-07-30 10:00:00,0.0973,Kamand_velocity,North_depth
2025-07-30 11:00:00,0.1787,Kamand_velocity,North_depth
2025-07-30 12:00:00,0.2406,Kamand_velocity,North_depth
2025-07-30 13:00:00,0.2791,Kamand_velocity,North_depth
2025-07-30 14:00:00,0.2869,Kamand_velocity,North_depth
2025-07-30 15:00:00,0.3137,Kamand_velocity,North_depth
2025-07-30 16:00:00,0.3348,Kamand_velocity,North_depth
2025-07-30 17:00:00,0.3536,Kamand_velocity,North_depth
2025-07-30 18:00:00,0.359,Kamand_velocity,North_depth
2025-07-30 19:00:00,0.3562,Kamand_velocity,North_depth
2025-07-31 07:00:00,0.2995,Kamand_velocity,North_depth
2025-07-31 08:00:00,0.2531,Kamand_velocity,North_depth
2025-07-31 09:00:00,0.2377,Kamand_velocity,North_depth
2025-07-31 10:00:00,0.2381,Kamand_velocity,North_depth
2025-07-31 11:00:00,0.2501,Kamand_velocity,North_depth
2025-07-31 12:00:00,0.2603,Kamand_velocity,North_depth
2025-07-31 13:00:00,0.2682,Kamand_velocity,North_depth
2025-07-31 14:00:00,0.2808,Kamand_velocity,North_depth
2025-07-31 15:00:00,0.2925,Kamand_velocity,North_depth
2025-07-31 16:00:00,0.2952,Kamand_velocity,North_depth
2025-07-31 17:00:00,0.2987,Kamand_velocity,North_depth
2025-07-31 18:00:00,0.2696,Kamand_velocity,North_depth
2025-07-31 19:00:00,0.2314,Kamand_velocity,North_depth
2025-07-31 20:00:00,0.1862,Kamand_velocity,North_depth
2025-08-01 06:00:00,0.1631,Kamand_velocity,North_depth
2025-08-01 07:00:00,0.1456,Kamand_velocity,North_depth
2025-08-01 08:00:00,0.1318,Kamand_velocity,North_depth
2025-08-01 09:00:00,0.1228,Kamand_velocity,North_depth
2025-08-01 10:00:00,0.1254,Kamand_velocity,North_depth
2025-08-01 11:00:00,0.132,Kamand_velocity,North_depth
2025-08-01 12:00:00,0.1366,Kamand_velocity,North_depth
2025-08-01 16:00:00,0.146,Kamand_velocity,North_depth
2025-08-01 17:00:00,0.1641,Kamand_velocity,North_depth
2025-08-01 18:00:00,0.1462,Kamand_velocity,North_depth
2025-08-01 19:00:00,0.1383,Kamand_velocity,North_depth
2025-08-02 07:00:00,0.1341,Kamand_velocity,North_depth
2025-08-02 08:00:00,0.1295,Kamand_velocity,North_depth
2025-08-02 09:00:00,0.1137,Kamand_velocity,North_depth
2025-08-06 18:00:00,-0.0224,Kamand_velocity,North_depth
2025-08-06 19:00:00,-0.0637,Kamand_velocity,North_depth
2025-08-07 06:00:00,-0.048,Kamand_velocity,North_depth
2025-08-07 07:00:00,-0.0163,Kamand_velocity,North_depth
2025-08-07 08:00:00,0.0279,Kamand_velocity,North_depth
2025-08-07 09:00:00,0.0659,Kamand_velocity,North_depth
2025-08-07 10:00:00,0.0771,Kamand_velocity,North_depth
2025-08-07 11:00:00,0.0957,Kamand_velocity,North_depth
2025-08-07 12:00:00,0.1121,Kamand_velocity,North_depth
2025-08-07 13:00:00,0.1522,Kamand_velocity,North_depth
2025-08-07 14:00:00,0.2192,Kamand_velocity,North_depth
2025-08-07 15:00:00,0.2808,Kamand_velocity,North_depth
2025-08-07 16:00:00,0.3097,Kamand_velocity,North_depth
2025-08-07 17:00:00,0.3351,Kamand_velocity,North_depth
2025-08-07 18:00:00,0.3426,Kamand_velocity,North_depth
2025-08-07 19:00:00,0.3403,Kamand_velocity,North_depth
2025-08-09 07:00:00,0.2334,Kamand_velocity,North_depth
2025-08-09 08:00:00,0.2573,Kamand_velocity,North_depth
2025-08-09 09:00:00,0.0,Kamand_velocity,North_depth
2025-08-09 10:00:00,-0.0,Kamand_velocity,North_depth
2025-08-09 11:00:00,0.0,Kamand_velocity,North_depth
2025-08-09 12:00:00,0.0,Kamand_velocity,North_depth
2025-08-09 13:00:00,0.0,Kamand_velocity,North_depth
2025-08-09 14:00:00,0.0,Kamand_velocity,North_depth
2025-08-09 15:00:00,0.0,Kamand_velocity,North_depth
2025-08-09 16:00:00,0.0,Kamand_velocity,North_depth
2025-08-09 17:00:00,0.0,Kamand_velocity,North_depth
2025-08-09 18:00:00,0.0,Kamand_velocity,North_depth
2025-08-09 19:00:00,0.0,Kamand_velocity,North_depth
2025-08-10 06:00:00,0.0,Kamand_velocity,North_depth
2025-08-10 07:00:00,-0.0,Kamand_velocity,North_depth
2025-08-10 08:00:00,0.0,Kamand_velocity,North_depth
2025-08-10 09:00:00,-0.0,Kamand_velocity,North_depth
2025-08-10 10:00:00,0.0,Kamand_velocity,North_depth
2025-08-10 11:00:00,0.0,Kamand_velocity,North_depth
2025-08-10 12:00:00,0.0,Kamand_velocity,North_depth
2025-08-10 13:00:00,0.0,Kamand_velocity,North_depth
2025-08-10 14:00:00,0.0,Kamand_velocity,North_depth
2025-08-10 15:00:00,0.0,Kamand_velocity,North_depth
2025-08-10 16:00:00,-0.0,Kamand_velocity,North_depth
2025-08-10 17:00:00,0.0,Kamand_velocity,North_depth
2025-08-10 18:00:00,0.0,Kamand_velocity,North_depth
2025-08-10 19:00:00,0.0,Kamand_velocity,North_depth
2025-08-11 07:00:00,-0.0,Kamand_velocity,North_depth
2025-08-11 08:00:00,0.0,Kamand_velocity,North_depth
2025-08-11 09:00:00,0.0,Kamand_velocity,North_depth
2025-08-11 10:00:00,0.0,Kamand_velocity,North_depth
2025-08-11 11:00:00,-0.0,Kamand_velocity,North_depth
2025-08-11 12:00:00,0.0,Kamand_velocity,North_depth
2025-08-11 13:00:00,-0.0,Kamand_velocity,North_depth
2025-08-11 14:00:00,0.0,Kamand_velocity,North_depth
2025-08-11 15:00:00,0.0,Kamand_velocity,North_depth
2025-08-11 16:00:00,0.0,Kamand_velocity,North_depth
2025-08-11 17:00:00,0.0,Kamand_velocity,North_depth
2025-08-11 18:00:00,0.0,Kamand_velocity,North_depth
2025-08-11 19:00:00,0.0,Kamand_velocity,North_depth
2025-08-12 08:00:00,0.0,Kamand_velocity,North_depth
2025-08-12 09:00:00,-0.0,Kamand_velocity,North_depth
2025-08-12 10:00:00,-0.0,Kamand_velocity,North_depth
2025-08-12 11:00:00,-0.0,Kamand_velocity,North_depth
2025-08-12 12:00:00,0.0,Kamand_velocity,North_depth
2025-08-12 13:00:00,0.0,Kamand_velocity,North_depth
2025-08-12 14:00:00,0.0,Kamand_velocity,North_depth
2025-08-12 15:00:00,0.0,Kamand_velocity,North_depth
2025-08-12 16:00:00,0.0,Kamand_velocity,North_depth
2025-08-12 17:00:00,0.0,Kamand_velocity,North_depth
2025-08-12 18:00:00,-0.0,Kamand_velocity,North_depth
2025-08-12 19:00:00,0.0,Kamand_velocity,North_depth
2025-08-13 08:00:00,0.0,Kamand_velocity,North_depth
2025-08-13 09:00:00,0.0,Kamand_velocity,North_depth
2025-08-13 10:00:00,0.0,Kamand_velocity,North_depth
2025-08-13 11:00:00,0.0,Kamand_velocity,North_depth
2025-08-13 12:00:00,0.0,Kamand_velocity,North_depth
2025-08-13 13:00:00,0.0,Kamand_velocity,North_depth
2025-08-13 14:00:00,0.0,Kamand_velocity,North_depth
2025-08-13 15:00:00,0.0,Kamand_velocity,North_depth
2025-08-13 16:00:00,0.0,Kamand_velocity,North_depth
2025-08-13 17:00:00,0.0,Kamand_velocity,North_depth
2025-08-13 18:00:00,-0.0,Kamand_velocity,North_depth
2025-08-13 19:00:00,-0.0,Kamand_velocity,North_depth
2025-08-18 13:00:00,0.9736,Kamand_velocity,North_depth
2025-08-18 14:00:00,0.9865,Kamand_velocity,North_depth
2025-08-18 15:00:00,0.9912,Kamand_velocity,North_depth
2025-08-18 16:00:00,0.9935,Kamand_velocity,North_depth
2025-08-18 17:00:00,0.9943,Kamand_velocity,North_depth
2025-08-18 18:00:00,0.9947,Kamand_velocity,North_depth
2025-08-18 19:00:00,0.9949,Kamand_velocity,North_depth
2025-08-18 20:00:00,0.9953,Kamand_velocity,North_depth
2025-08-19 06:00:00,0.9949,Kamand_velocity,North_depth
2025-08-19 07:00:00,0.9947,Kamand_velocity,North_depth
2025-08-19 08:00:00,0.9947,Kamand_velocity,North_depth
2025-08-19 09:00:00,0.9943,Kamand_velocity,North_depth
2025-08-19 10:00:00,0.9942,Kamand_velocity,North_depth
2025-08-19 11:00:00,0.9943,Kamand_velocity,North_depth
2025-08-19 12:00:00,0.9939,Kamand_velocity,North_depth
2025-08-19 13:00:00,0.9939,Kamand_velocity,North_depth
2025-08-19 14:00:00,0.9839,Kamand_velocity,North_depth
2025-08-19 15:00:00,0.9774,Kamand_velocity,North_depth
2025-08-19 16:00:00,0.9764,Kamand_velocity,North_depth
2025-08-19 17:00:00,0.9714,Kamand_velocity,North_depth
2025-08-19 18:00:00,0.9712,Kamand_velocity,North_depth
2025-08-19 19:00:00,0.9697,Kamand_velocity,North_depth
2025-08-20 06:00:00,0.9697,Kamand_velocity,North_depth
2025-08-20 07:00:00,0.9647,Kamand_velocity,North_depth
2025-08-20 08:00:00,0.9614,Kamand_velocity,North_depth
2025-08-20 09:00:00,0.9561,Kamand_velocity,North_depth
2025-08-20 10:00:00,0.953,Kamand_velocity,North_depth
2025-08-20 11:00:00,0.949,Kamand_velocity,North_depth
2025-08-20 12:00:00,0.9438,Kamand_velocity,North_depth
2025-08-20 13:00:00,0.937,Kamand_velocity,North_depth
2025-08-20 14:00:00,0.9274,Kamand_velocity,North_depth
2025-08-20 15:00:00,0.9132,Kamand_velocity,North_depth
2025-08-20 16:00:00,0.89,Kamand_velocity,North_depth
2025-08-20 17:00:00,0.848,Kamand_velocity,North_depth
2025-08-20 18:00:00,0.7373,Kamand_velocity,North_depth
2025-08-20 19:00:00,-0.1201,Kamand_velocity,North_depth
2025-08-20 20:00:00,-0.1165,Kamand_velocity,North_depth
2025-08-21 06:00:00,-0.1131,Kamand_velocity,North_depth
2025-08-21 07:00:00,-0.1087,Kamand_velocity,North_depth
2025-08-21 08:00:00,-0.1036,Kamand_velocity,North_depth
2025-08-21 09:00:00,-0.0991,Kamand_velocity,North_depth
2025-08-21 10:00:00,-0.0957,Kamand_velocity,North_depth
2025-08-21 11:00:00,-0.0922,Kamand_velocity,North_depth
2025-08-21 12:00:00,-0.0886,Kamand_velocity,North_depth
2025-08-21 13:00:00,-0.0832,Kamand_velocity,North_depth
2025-08-21 14:00:00,-0.0796,Kamand_velocity,North_depth
2025-08-21 16:00:00,-0.0716,Kamand_velocity,North_depth
2025-08-21 17:00:00,-0.0682,Kamand_velocity,North_depth
2025-08-21 18:00:00,-0.0653,Kamand_velocity,North_depth
2025-08-21 19:00:00,-0.0607,Kamand_velocity,North_depth
2025-08-22 06:00:00,-0.0528,Kamand_velocity,North_depth
2025-08-22 07:00:00,-0.0475,Kamand_velocity,North_depth
2025-08-22 08:00:00,-0.0412,Kamand_velocity,North_depth
2025-08-22 09:00:00,-0.0353,Kamand_velocity,North_depth
2025-08-22 10:00:00,-0.0293,Kamand_velocity,North_depth
2025-08-22 11:00:00,-0.0232,Kamand_velocity,North_depth
2025-08-22 12:00:00,-0.0184,Kamand_velocity,North_depth
2025-08-22 13:00:00,0.0119,Kamand_velocity,North_depth
2025-08-22 14:00:00,0.0788,Kamand_velocity,North_depth
2025-08-22 15:00:00,0.1297,Kamand_velocity,North_depth
2025-08-24 13:00:00,0.282,Kamand_velocity,North_depth
2025-08-24 14:00:00,0.3655,Kamand_velocity,North_depth
2025-08-24 15:00:00,0.4334,Kamand_velocity,North_depth
2025-08-24 16:00:00,0.4956,Kamand_velocity,North_depth
2025-08-24 17:00:00,0.206,Kamand_velocity,North_depth
2025-08-24 18:00:00,0.0523,Kamand_velocity,North_depth
2025-08-24 19:00:00,-0.0894,Kamand_velocity,North_depth
2025-08-25 06:00:00,-0.0823,Kamand_velocity,North_depth
2025-08-25 07:00:00,-0.0783,Kamand_velocity,North_depth
2025-08-25 08:00:00,-0.0723,Kamand_velocity,North_depth
2025-08-25 09:00:00,-0.0821,Kamand_velocity,North_depth
2025-08-25 10:00:00,-0.0965,Kamand_velocity,North_depth
2025-08-25 11:00:00,-0.1112,Kamand_velocity,North_depth
2025-08-25 12:00:00,-0.1053,Kamand_velocity,North_depth
2025-08-25 13:00:00,-0.0946,Kamand_velocity,North_depth
2025-08-25 14:00:00,-0.048,Kamand_velocity,North_depth
2025-08-25 15:00:00,-0.0303,Kamand_velocity,North_depth
2025-08-25 16:00:00,-0.0167,Kamand_velocity,North_depth
2025-08-25 17:00:00,-0.031,Kamand_velocity,North_depth
2025-08-25 18:00:00,-0.0405,Kamand_velocity,North_depth
2025-08-25 19:00:00,-0.0786,Kamand_velocity,North_depth
2025-08-26 06:00:00,-0.094,Kamand_velocity,North_depth
2025-08-26 07:00:00,-0.112,Kamand_velocity,North_depth
2025-08-26 08:00:00,-0.1571,Kamand_velocity,North_depth
2025-08-26 09:00:00,-0.1715,Kamand_velocity,North_depth
2025-08-26 10:00:00,-0.1757,Kamand_velocity,North_depth
2025-08-26 11:00:00,-0.1771,Kamand_velocity,North_depth
2025-08-26 12:00:00,-0.1764,Kamand_velocity,North_depth
2025-08-26 13:00:00,-0.1745,Kamand_velocity,North_depth
2025-08-26 14:00:00,-0.1688,Kamand_velocity,North_depth
2025-08-26 15:00:00,-0.1585,Kamand_velocity,North_depth
2025-08-26 16:00:00,-0.1484,Kamand_velocity,North_depth
2025-08-26 17:00:00,-0.1393,Kamand_velocity,North_depth
2025-08-26 18:00:00,-0.1355,Kamand_velocity,North_depth
2025-08-26 19:00:00,-0.1339,Kamand_velocity,North_depth
2025-08-27 10:00:00,-0.2256,Kamand_velocity,North_depth
2025-08-27 11:00:00,-0.2391,Kamand_velocity,North_depth
2025-08-27 12:00:00,-0.2493,Kamand_velocity,North_depth
2025-08-27 13:00:00,-0.2588,Kamand_velocity,North_depth
2025-08-27 16:00:00,-0.2764,Kamand_velocity,North_depth
2025-08-27 17:00:00,-0.2857,Kamand_velocity,North_depth
2025-08-27 18:00:00,-0.2896,Kamand_velocity,North_depth
2025-08-28 10:00:00,-0.2874,Kamand_velocity,North_depth
2025-08-28 11:00:00,-0.2856,Kamand_velocity,North_depth
2025-08-28 12:00:00,-0.2841,Kamand_velocity,North_depth
2025-08-28 13:00:00,-0.2817,Kamand_velocity,North_depth
2025-08-28 14:00:00,-0.2813,Kamand_velocity,North_depth
2025-08-28 15:00:00,-0.2831,Kamand_velocity,North_depth
2025-08-28 16:00:00,-0.2785,Kamand_velocity,North_depth
2025-08-28 17:00:00,-0.2779,Kamand_velocity,North_depth
2025-08-28 18:00:00,-0.2769,Kamand_velocity,North_depth
2025-08-28 19:00:00,-0.2735,Kamand_velocity,North_depth
2025-08-29 10:00:00,-0.2593,Kamand_velocity,North_depth
2025-08-29 11:00:00,-0.242,Kamand_velocity,North_depth
2025-08-29 12:00:00,-0.2234,Kamand_velocity,North_depth
2025-08-29 13:00:00,-0.2109,Kamand_velocity,North_depth
2025-08-29 14:00:00,-0.2112,Kamand_velocity,North_depth
2025-08-29 15:00:00,-0.2131,Kamand_velocity,North_depth
2025-08-29 16:00:00,-0.2097,Kamand_velocity,North_depth
2025-08-29 17:00:00,-0.2085,Kamand_velocity,North_depth
2025-08-29 18:00:00,-0.2085,Kamand_velocity,North_depth
2025-08-30 10:00:00,-0.2161,Kamand_velocity,North_depth
2025-08-30 11:00:00,-0.2241,Kamand_velocity,North_depth
2025-08-30 12:00:00,-0.2286,Kamand_velocity,North_depth
2025-08-31 10:00:00,-0.1746,Kamand_velocity,North_depth
2025-08-31 11:00:00,-0.1337,Kamand_velocity,North_depth
2025-08-31 12:00:00,-0.1027,Kamand_velocity,North_depth
2025-08-31 13:00:00,-0.0938,Kamand_velocity,North_depth
2025-08-31 14:00:00,-0.1001,Kamand_velocity,North_depth
2025-08-31 15:00:00,-0.1097,Kamand_velocity,North_depth
2025-08-31 16:00:00,-0.1266,Kamand_velocity,North_depth
2025-08-31 17:00:00,-0.1017,Kamand_velocity,North_depth
2025-09-02 14:00:00,0.2843,Kamand_velocity,North_depth
2025-09-02 15:00:00,0.2713,Kamand_velocity,North_depth
2025-09-02 16:00:00,0.2638,Kamand_velocity,North_depth
2025-09-02 17:00:00,0.241,Kamand_velocity,North_depth
2025-09-03 10:00:00,0.2631,Kamand_velocity,North_depth
2025-09-03 11:00:00,0.2855,Kamand_velocity,North_depth
2025-09-03 12:00:00,0.2958,Kamand_velocity,North_depth
2025-09-04 13:00:00,0.3336,Kamand_velocity,North_depth
2025-09-04 14:00:00,0.3292,Kamand_velocity,North_depth
2025-09-04 15:00:00,0.3334,Kamand_velocity,North_depth
2025-09-05 10:00:00,0.3694,Kamand_velocity,North_depth
2025-09-05 11:00:00,0.3122,Kamand_velocity,North_depth
2025-09-08 19:00:00,0.2329,Kamand_velocity,North_depth
2025-09-09 10:00:00,0.1418,Kamand_velocity,North_depth
2025-09-09 11:00:00,0.0833,Kamand_velocity,North_depth
2025-09-09 12:00:00,0.0244,Kamand_velocity,North_depth
2025-09-09 13:00:00,-0.0205,Kamand_velocity,North_depth
2025-09-09 14:00:00,-0.1732,Kamand_velocity,North_depth
2025-09-09 15:00:00,-0.3441,Kamand_velocity,North_depth
2025-09-09 16:00:00,-0.62,Kamand_velocity,North_depth
2025-09-09 17:00:00,-0.6405,Kamand_velocity,North_depth
2025-09-09 18:00:00,-0.6327,Kamand_velocity,North_depth
2025-09-09 19:00:00,-0.5823,Kamand_velocity,North_depth
2025-09-10 10:00:00,-0.5269,Kamand_velocity,North_depth
2025-09-10 11:00:00,-0.4633,Kamand_velocity,North_depth
2025-09-10 12:00:00,-0.3505,Kamand_velocity,North_depth
2025-09-10 13:00:00,-0.3386,Kamand_velocity,North_depth
2025-09-10 14:00:00,-0.3314,Kamand_velocity,North_depth
2025-09-10 15:00:00,-0.3239,Kamand_velocity,North_depth
2025-09-10 16:00:00,-0.3089,Kamand_velocity,North_depth
2025-09-10 17:00:00,-0.2877,Kamand_velocity,North_depth
2025-09-11 10:00:00,-0.1994,Kamand_velocity,North_depth
2025-09-11 11:00:00,-0.1205,Kamand_velocity,North_depth
2025-09-11 12:00:00,-0.0617,Kamand_velocity,North_depth
2025-09-11 13:00:00,0.0642,Kamand_velocity,North_depth
2025-09-11 14:00:00,0.2278,Kamand_velocity,North_depth
2025-09-11 15:00:00,0.4726,Kamand_velocity,North_depth
2025-09-11 16:00:00,0.4709,Kamand_velocity,North_depth
2025-09-11 17:00:00,0.4719,Kamand_velocity,North_depth
2025-09-11 18:00:00,0.4828,Kamand_velocity,North_depth
2025-09-12 10:00:00,0.5961,Kamand_velocity,North_depth
2025-09-12 11:00:00,0.4738,Kamand_velocity,North_depth
2025-09-12 12:00:00,0.4411,Kamand_velocity,North_depth
2025-09-12 13:00:00,0.4188,Kamand_velocity,North_depth
2025-09-12 14:00:00,0.4085,Kamand_velocity,North_depth
2025-09-12 15:00:00,0.3911,Kamand_velocity,North_depth
2025-09-12 16:00:00,0.3775,Kamand_velocity,North_depth
2025-09-12 17:00:00,0.3771,Kamand_velocity,North_depth
2025-09-12 18:00:00,0.3838,Kamand_velocity,North_depth
2025-09-16 11:00:00,0.3635,Kamand_velocity,North_depth
2025-09-17 10:00:00,0.0365,Kamand_velocity,North_depth
2025-09-21 10:00:00,-0.7987,Kamand_velocity,North_depth
2025-09-21 11:00:00,-0.6985,Kamand_velocity,North_depth
2025-09-21 12:00:00,-0.6055,Kamand_velocity,North_depth
2025-09-21 13:00:00,-0.5639,Kamand_velocity,North_depth
2025-09-21 14:00:00,-0.4738,Kamand_velocity,North_depth
2025-09-21 15:00:00,-0.4286,Kamand_velocity,North_depth
2025-09-21 16:00:00,-0.3336,Kamand_velocity,North_depth
2025-09-21 17:00:00,-0.2784,Kamand_velocity,North_depth
2025-09-21 18:00:00,-0.1934,Kamand_velocity,North_depth
2025-09-22 10:00:00,-0.2003,Kamand_velocity,North_depth
2025-09-22 11:00:00,-0.2153,Kamand_velocity,North_depth
2025-09-22 12:00:00,-0.2195,Kamand_velocity,North_depth
2025-09-22 13:00:00,-0.2102,Kamand_velocity,North_depth
2025-09-22 14:00:00,-0.1909,Kamand_velocity,North_depth
2025-09-22 15:00:00,-0.1669,Kamand_velocity,North_depth
2025-09-22 16:00:00,-0.1174,Kamand_velocity,North_depth
2025-09-22 17:00:00,-0.0971,Kamand_velocity,North_depth
2025-10-12 06:00:00,-1.0,Kamand_velocity,North_depth
2025-10-12 11:00:00,0.4642,Kamand_velocity,North_depth
2025-10-12 15:00:00,0.4351,Kamand_velocity,North_depth
2025-10-12 18:00:00,0.496,Kamand_velocity,North_depth
2025-10-13 11:00:00,0.5133,Kamand_velocity,North_depth
2025-10-13 18:00:00,0.3027,Kamand_velocity,North_depth
2025-10-13 19:00:00,0.3546,Kamand_velocity,North_depth
2025-10-14 10:00:00,0.3412,Kamand_velocity,North_depth
2025-10-16 19:00:00,0.3713,Kamand_velocity,North_depth
2025-10-17 10:00:00,0.1821,Kamand_velocity,North_depth
2025-10-17 18:00:00,0.2373,Kamand_velocity,North_depth
2025-10-18 18:00:00,0.302,Kamand_velocity,North_depth
2025-10-18 19:00:00,0.338,Kamand_velocity,North_depth
2025-10-22 18:00:00,-0.1873,Kamand_velocity,North_depth
2025-10-22 19:00:00,-0.1566,Kamand_velocity,North_depth
2025-10-23 15:00:00,-0.1398,Kamand_velocity,North_depth
2025-10-23 16:00:00,-0.1784,Kamand_velocity,North_depth
2025-10-23 17:00:00,-0.0596,Kamand_velocity,North_depth
2025-10-23 18:00:00,-0.1784,Kamand_velocity,North_depth
2025-10-23 19:00:00,-0.2674,Kamand_velocity,North_depth
2025-10-24 10:00:00,-0.4873,Kamand_velocity,North_depth
2025-10-24 11:00:00,-0.6246,Kamand_velocity,North_depth
2025-10-24 12:00:00,-0.7138,Kamand_velocity,North_depth
2025-10-24 13:00:00,-0.577,Kamand_velocity,North_depth
2025-10-24 14:00:00,-0.5263,Kamand_velocity,North_depth
2025-10-24 15:00:00,-0.4287,Kamand_velocity,North_depth
2025-10-24 16:00:00,-0.433,Kamand_velocity,North_depth
2025-10-24 17:00:00,-0.4294,Kamand_velocity,North_depth
2025-10-24 18:00:00,-0.4593,Kamand_velocity,North_depth
2025-10-25 10:00:00,-0.4768,Kamand_velocity,North_depth
2025-10-25 11:00:00,-0.4903,Kamand_velocity,North_depth
2025-10-25 12:00:00,-0.4437,Kamand_velocity,North_depth
2025-10-25 13:00:00,-0.479,Kamand_velocity,North_depth
2025-10-25 14:00:00,-0.5272,Kamand_velocity,North_depth
2025-10-25 15:00:00,-0.5458,Kamand_velocity,North_depth
2025-10-25 16:00:00,-0.5423,Kamand_velocity,North_depth
2025-10-25 17:00:00,-0.5426,Kamand_velocity,North_depth
2025-10-25 18:00:00,-0.5193,Kamand_velocity,North_depth
2025-10-25 19:00:00,-0.4952,Kamand_velocity,North_depth
2025-10-26 10:00:00,-0.4938,Kamand_velocity,North_depth
2025-10-26 11:00:00,-0.4841,Kamand_velocity,North_depth
2025-10-26 12:00:00,-0.4254,Kamand_velocity,North_depth
2025-10-26 13:00:00,-0.4564,Kamand_velocity,North_depth
2025-10-26 14:00:00,-0.4686,Kamand_velocity,North_depth
2025-10-26 15:00:00,-0.4845,Kamand_velocity,North_depth
2025-10-26 16:00:00,-0.4838,Kamand_velocity,North_depth
2025-10-26 17:00:00,-0.486,Kamand_velocity,North_depth
2025-10-26 18:00:00,-0.4843,Kamand_velocity,North_depth
2025-10-26 19:00:00,-0.4028,Kamand_velocity,North_depth
2025-10-27 10:00:00,-0.4009,Kamand_velocity,North_depth
2025-10-27 11:00:00,-0.4063,Kamand_velocity,North_depth
2025-10-27 12:00:00,-0.3982,Kamand_velocity,North_depth
2025-10-27 13:00:00,-0.4215,Kamand_velocity,North_depth
2025-10-27 14:00:00,-0.4109,Kamand_velocity,North_depth
2025-10-27 15:00:00,-0.3847,Kamand_velocity,North_depth
2025-10-27 16:00:00,-0.3985,Kamand_velocity,North_depth
2025-10-27 17:00:00,-0.3967,Kamand_velocity,North_depth
2025-10-27 18:00:00,-0.3948,Kamand_velocity,North_depth
2025-10-28 10:00:00,-0.3961,Kamand_velocity,North_depth
2025-10-28 11:00:00,-0.3958,Kamand_velocity,North_depth
2025-10-28 12:00:00,-0.4064,Kamand_velocity,North_depth
2025-10-28 13:00:00,-0.4145,Kamand_velocity,North_depth
2025-10-28 14:00:00,-0.413,Kamand_velocity,North_depth
2025-10-28 15:00:00,-0.426,Kamand_velocity,North_depth
2025-10-28 16:00:00,-0.4261,Kamand_velocity,North_depth
2025-10-28 17:00:00,-0.424,Kamand_velocity,North_depth
2025-10-28 18:00:00,-0.4068,Kamand_velocity,North_depth
2025-10-28 19:00:00,-0.3578,Kamand_velocity,North_depth
2025-10-29 10:00:00,-0.3567,Kamand_velocity,North_depth
2025-10-29 11:00:00,-0.3375,Kamand_velocity,North_depth
2025-10-29 12:00:00,-0.3261,Kamand_velocity,North_depth
2025-10-29 13:00:00,-0.3124,Kamand_velocity,North_depth
2025-10-29 14:00:00,-0.2931,Kamand_velocity,North_depth
2025-10-29 15:00:00,-0.2987,Kamand_velocity,North_depth
2025-10-29 16:00:00,-0.3001,Kamand_velocity,North_depth
2025-10-29 17:00:00,-0.2982,Kamand_velocity,North_depth
2025-10-29 18:00:00,-0.2656,Kamand_velocity,North_depth
2025-10-29 19:00:00,-0.2232,Kamand_velocity,North_depth
2025-10-30 10:00:00,-0.2237,Kamand_velocity,North_depth
2025-10-30 11:00:00,-0.2056,Kamand_velocity,North_depth
2025-10-30 12:00:00,-0.2077,Kamand_velocity,North_depth
2025-10-30 13:00:00,-0.2274,Kamand_velocity,North_depth
2025-10-30 14:00:00,-0.2231,Kamand_velocity,North_depth
2025-10-30 15:00:00,-0.2032,Kamand_velocity,North_depth
2025-10-30 16:00:00,-0.1997,Kamand_velocity,North_depth
2025-10-30 17:00:00,-0.1678,Kamand_velocity,North_depth
2025-10-30 18:00:00,-0.0818,Kamand_velocity,North_depth
2025-10-30 19:00:00,-0.0274,Kamand_velocity,North_depth
2025-10-31 10:00:00,-0.0285,Kamand_velocity,North_depth
2025-10-31 11:00:00,-0.0303,Kamand_velocity,North_depth
2025-10-31 12:00:00,-0.0241,Kamand_velocity,North_depth
2025-10-31 13:00:00,-0.0413,Kamand_velocity,North_depth
2025-10-31 14:00:00,-0.0068,Kamand_velocity,North_depth
2025-11-01 11:00:00,0.0376,Kamand_velocity,North_depth
2025-11-01 14:00:00,0.0587,Kamand_velocity,North_depth
2025-11-01 15:00:00,0.0901,Kamand_velocity,North_depth
2025-11-01 16:00:00,0.1204,Kamand_velocity,North_depth
2025-11-01 17:00:00,0.1451,Kamand_velocity,North_depth
2025-11-01 18:00:00,0.1727,Kamand_velocity,North_depth
2025-11-06 17:00:00,0.4682,Kamand_velocity,North_depth
2025-11-08 13:00:00,0.849,Kamand_velocity,North_depth
2025-11-08 16:00:00,0.8389,Kamand_velocity,North_depth
2025-11-09 06:00:00,0.4554,Kamand_velocity,North_depth
2025-07-01 00:00:00,-1.0,Kamand_velocity,North_velocity
2025-07-01 01:00:00,-0.9578,Kamand_velocity,North_velocity
2025-07-01 02:00:00,-0.9614,Kamand_velocity,North_velocity
2025-07-01 03:00:00,-0.9606,Kamand_velocity,North_velocity
2025-07-01 04:00:00,-0.9427,Kamand_velocity,North_velocity
2025-07-01 05:00:00,-0.9031,Kamand_velocity,North_velocity
2025-07-01 06:00:00,-0.498,Kamand_velocity,North_velocity
2025-07-01 07:00:00,-0.4757,Kamand_velocity,North_velocity
2025-07-01 08:00:00,-0.4897,Kamand_velocity,North_velocity
2025-07-01 09:00:00,-0.4426,Kamand_velocity,North_velocity
2025-07-01 10:00:00,-0.3729,Kamand_velocity,North_velocity
2025-07-01 11:00:00,-0.179,Kamand_velocity,North_velocity
2025-07-01 12:00:00,-0.2503,Kamand_velocity,North_velocity
2025-07-01 13:00:00,-0.3942,Kamand_velocity,North_velocity
2025-07-01 14:00:00,-0.4915,Kamand_velocity,North_velocity
2025-07-01 15:00:00,-0.5055,Kamand_velocity,North_velocity
2025-07-01 16:00:00,-0.5535,Kamand_velocity,North_velocity
2025-07-01 17:00:00,-0.4412,Kamand_velocity,North_velocity
2025-07-01 18:00:00,-0.3444,Kamand_velocity,North_velocity
2025-07-01 19:00:00,-0.1693,Kamand_velocity,North_velocity
2025-07-01 20:00:00,-0.105,Kamand_velocity,North_velocity
2025-07-01 21:00:00,-0.0774,Kamand_velocity,North_velocity
2025-07-01 22:00:00,-0.0384,Kamand_velocity,North_velocity
2025-07-01 23:00:00,0.0031,Kamand_velocity,North_velocity
2025-07-02 00:00:00,0.083,Kamand_velocity,North_velocity
2025-07-02 01:00:00,0.1374,Kamand_velocity,North_velocity
2025-07-02 02:00:00,0.173,Kamand_velocity,North_velocity
2025-07-02 03:00:00,0.2069,Kamand_velocity,North_velocity
2025-07-02 04:00:00,0.2384,Kamand_velocity,North_velocity
2025-07-02 05:00:00,0.2292,Kamand_velocity,North_velocity
2025-07-02 06:00:00,0.2016,Kamand_velocity,North_velocity
2025-07-02 07:00:00,0.1784,Kamand_velocity,North_velocity
2025-07-02 08:00:00,0.1668,Kamand_velocity,North_velocity
2025-07-02 09:00:00,0.1472,Kamand_velocity,North_velocity
2025-07-02 10:00:00,0.127,Kamand_velocity,North_velocity
2025-07-02 11:00:00,0.1082,Kamand_velocity,North_velocity
2025-07-02 12:00:00,0.0878,Kamand_velocity,North_velocity
2025-07-02 13:00:00,0.0477,Kamand_velocity,North_velocity
2025-07-02 14:00:00,0.0029,Kamand_velocity,North_velocity
2025-07-02 15:00:00,-0.0168,Kamand_velocity,North_velocity
2025-07-02 16:00:00,-0.0326,Kamand_velocity,North_velocity
2025-07-02 17:00:00,-0.0511,Kamand_velocity,North_velocity
2025-07-02 18:00:00,-0.07,Kamand_velocity,North_velocity
2025-07-02 19:00:00,-0.0927,Kamand_velocity,North_velocity
2025-07-02 20:00:00,-0.1191,Kamand_velocity,North_velocity
2025-07-02 21:00:00,-0.1397,Kamand_velocity,North_velocity
2025-07-02 22:00:00,-0.1552,Kamand_velocity,North_velocity
2025-07-02 23:00:00,-0.173,Kamand_velocity,North_velocity
2025-07-03 00:00:00,-0.1743,Kamand_velocity,North_velocity
2025-07-03 01:00:00,-0.1678,Kamand_velocity,North_velocity
2025-07-03 02:00:00,-0.1533,Kamand_velocity,North_velocity
2025-07-03 03:00:00,-0.1377,Kamand_velocity,North_velocity
2025-07-03 04:00:00,-0.1447,Kamand_velocity,North_velocity
2025-07-03 05:00:00,-0.1574,Kamand_velocity,North_velocity
2025-07-03 06:00:00,-0.1643,Kamand_velocity,North_velocity
2025-07-03 07:00:00,-0.1638,Kamand_velocity,North_velocity
2025-07-03 08:00:00,-0.1622,Kamand_velocity,North_velocity
2025-07-03 09:00:00,-0.161,Kamand_velocity,North_velocity
2025-07-03 10:00:00,-0.1581,Kamand_velocity,North_velocity
2025-07-03 11:00:00,-0.1599,Kamand_velocity,North_velocity
2025-07-03 12:00:00,-0.1595,Kamand_velocity,North_velocity
2025-07-03 13:00:00,-0.1617,Kamand_velocity,North_velocity
2025-07-03 14:00:00,-0.1638,Kamand_velocity,North_velocity
2025-07-03 15:00:00,-0.1695,Kamand_velocity,North_velocity
2025-07-03 16:00:00,-0.1708,Kamand_velocity,North_velocity
2025-07-03 17:00:00,-0.1708,Kamand_velocity,North_velocity
2025-07-03 18:00:00,-0.1759,Kamand_velocity,North_velocity
2025-07-04 06:00:00,-0.1732,Kamand_velocity,North_velocity
2025-07-04 07:00:00,-0.1738,Kamand_velocity,North_velocity
2025-07-04 08:00:00,-0.1569,Kamand_velocity,North_velocity
2025-07-04 09:00:00,-0.1445,Kamand_velocity,North_velocity
2025-07-04 10:00:00,-0.1357,Kamand_velocity,North_velocity
2025-07-04 11:00:00,-0.1439,Kamand_velocity,North_velocity
2025-07-04 12:00:00,-0.1458,Kamand_velocity,North_velocity
2025-07-04 13:00:00,-0.1474,Kamand_velocity,North_velocity
2025-07-04 14:00:00,-0.1411,Kamand_velocity,North_velocity
2025-07-04 15:00:00,-0.1355,Kamand_velocity,North_velocity
2025-07-04 16:00:00,-0.1289,Kamand_velocity,North_velocity
2025-07-04 17:00:00,-0.1233,Kamand_velocity,North_velocity
2025-07-04 18:00:00,-0.1203,Kamand_velocity,North_velocity
2025-07-04 19:00:00,-0.12,Kamand_velocity,North_velocity
2025-07-04 20:00:00,-0.1208,Kamand_velocity,North_velocity
2025-07-05 06:00:00,-0.1081,Kamand_velocity,North_velocity
2025-07-05 07:00:00,-0.0977,Kamand_velocity,North_velocity
2025-07-05 08:00:00,-0.0888,Kamand_velocity,North_velocity
2025-07-05 09:00:00,-0.0716,Kamand_velocity,North_velocity
2025-07-05 10:00:00,-0.0662,Kamand_velocity,North_velocity
2025-07-05 11:00:00,-0.0584,Kamand_velocity,North_velocity
2025-07-05 12:00:00,-0.0596,Kamand_velocity,North_velocity
2025-07-05 13:00:00,-0.0584,Kamand_velocity,North_velocity
2025-07-05 14:00:00,-0.0516,Kamand_velocity,North_velocity
2025-07-05 15:00:00,-0.0473,Kamand_velocity,North_velocity
2025-07-05 16:00:00,-0.0397,Kamand_velocity,North_velocity
2025-07-05 17:00:00,-0.0378,Kamand_velocity,North_velocity
2025-07-05 18:00:00,-0.0395,Kamand_velocity,North_velocity
2025-07-05 19:00:00,-0.0359,Kamand_velocity,North_velocity
2025-07-05 20:00:00,-0.0229,Kamand_velocity,North_velocity
2025-07-06 06:00:00,-0.0217,Kamand_velocity,North_velocity
2025-07-06 07:00:00,-0.0295,Kamand_velocity,North_velocity
2025-07-06 08:00:00,-0.0295,Kamand_velocity,North_velocity
2025-07-06 09:00:00,-0.0312,Kamand_velocity,North_velocity
2025-07-06 10:00:00,-0.0342,Kamand_velocity,North_velocity
2025-07-06 11:00:00,-0.0156,Kamand_velocity,North_velocity
2025-07-06 12:00:00,-0.0051,Kamand_velocity,North_velocity
2025-07-06 13:00:00,0.0021,Kamand_velocity,North_velocity
2025-07-06 14:00:00,0.0067,Kamand_velocity,North_velocity
2025-07-06 15:00:00,0.003,Kamand_velocity,North_velocity
2025-07-06 16:00:00,-0.0148,Kamand_velocity,North_velocity
2025-07-06 17:00:00,-0.0328,Kamand_velocity,North_velocity
2025-07-06 18:00:00,-0.0454,Kamand_velocity,North_velocity
2025-07-06 19:00:00,-0.0549,Kamand_velocity,North_velocity
2025-07-06 20:00:00,-0.0599,Kamand_velocity,North_velocity
2025-07-07 06:00:00,-0.0627,Kamand_velocity,North_velocity
2025-07-07 07:00:00,-0.0696,Kamand_velocity,North_velocity
2025-07-07 08:00:00,-0.0752,Kamand_velocity,North_velocity
2025-07-07 09:00:00,-0.0768,Kamand_velocity,North_velocity
2025-07-07 10:00:00,-0.0775,Kamand_velocity,North_velocity
2025-07-07 11:00:00,-0.0786,Kamand_velocity,North_velocity
2025-07-07 12:00:00,-0.0813,Kamand_velocity,North_velocity
2025-07-07 13:00:00,-0.083,Kamand_velocity,North_velocity
2025-07-07 14:00:00,-0.0824,Kamand_velocity,North_velocity
2025-07-07 15:00:00,-0.0824,Kamand_velocity,North_velocity
2025-07-07 16:00:00,-0.0825,Kamand_velocity,North_velocity
2025-07-07 17:00:00,-0.0811,Kamand_velocity,North_velocity
2025-07-07 18:00:00,-0.0803,Kamand_velocity,North_velocity
2025-07-07 19:00:00,-0.0809,Kamand_velocity,North_velocity
2025-07-08 06:00:00,-0.1284,Kamand_velocity,North_velocity
2025-07-08 07:00:00,-0.1402,Kamand_velocity,North_velocity
2025-07-08 08:00:00,-0.1485,Kamand_velocity,North_velocity
2025-07-08 09:00:00,-0.1527,Kamand_velocity,North_velocity
2025-07-08 10:00:00,-0.1537,Kamand_velocity,North_velocity
2025-07-08 11:00:00,-0.1544,Kamand_velocity,North_velocity
2025-07-08 12:00:00,-0.145,Kamand_velocity,North_velocity
2025-07-08 13:00:00,-0.126,Kamand_velocity,North_velocity
2025-07-08 14:00:00,-0.1013,Kamand_velocity,North_velocity
2025-07-08 15:00:00,-0.0776,Kamand_velocity,North_velocity
2025-07-08 16:00:00,-0.04,Kamand_velocity,North_velocity
2025-07-08 17:00:00,-0.0138,Kamand_velocity,North_velocity
2025-07-08 18:00:00,0.0032,Kamand_velocity,North_velocity
2025-07-08 19:00:00,-0.0039,Kamand_velocity,North_velocity
2025-07-08 20:00:00,0.0033,Kamand_velocity,North_velocity
2025-07-09 06:00:00,0.0366,Kamand_velocity,North_velocity
2025-07-09 07:00:00,0.0297,Kamand_velocity,North_velocity
2025-07-09 08:00:00,0.026,Kamand_velocity,North_velocity
2025-07-09 09:00:00,0.0208,Kamand_velocity,North_velocity
2025-07-09 10:00:00,0.016,Kamand_velocity,North_velocity
2025-07-09 11:00:00,0.0079,Kamand_velocity,North_velocity
2025-07-09 12:00:00,0.0021,Kamand_velocity,North_velocity
2025-07-09 13:00:00,-0.0009,Kamand_velocity,North_velocity
2025-07-09 14:00:00,-0.0014,Kamand_velocity,North_velocity
2025-07-09 15:00:00,-0.0042,Kamand_velocity,North_velocity
2025-07-09 16:00:00,-0.0123,Kamand_velocity,North_velocity
2025-07-09 17:00:00,-0.018,Kamand_velocity,North_velocity
2025-07-09 18:00:00,-0.0245,Kamand_velocity,North_velocity
2025-07-09 19:00:00,-0.0322,Kamand_velocity,North_velocity
2025-07-09 20:00:00,-0.0358,Kamand_velocity,North_velocity
2025-07-10 06:00:00,-0.0426,Kamand_velocity,North_velocity
2025-07-10 07:00:00,-0.0443,Kamand_velocity,North_velocity
2025-07-10 08:00:00,-0.0461,Kamand_velocity,North_velocity
2025-07-10 09:00:00,-0.0457,Kamand_velocity,North_velocity
2025-07-10 10:00:00,-0.0534,Kamand_velocity,North_velocity
2025-07-10 11:00:00,-0.0582,Kamand_velocity,North_velocity
2025-07-10 12:00:00,-0.0626,Kamand_velocity,North_velocity
2025-07-10 13:00:00,-0.0622,Kamand_velocity,North_velocity
2025-07-10 14:00:00,-0.0548,Kamand_velocity,North_velocity
2025-07-10 15:00:00,-0.0458,Kamand_velocity,North_velocity
2025-07-10 16:00:00,-0.034,Kamand_velocity,North_velocity
2025-07-10 17:00:00,-0.0232,Kamand_velocity,North_velocity
2025-07-10 18:00:00,-0.0118,Kamand_velocity,North_velocity
2025-07-10 19:00:00,-0.0047,Kamand_velocity,North_velocity
2025-07-11 06:00:00,0.0003,Kamand_velocity,North_velocity
2025-07-11 07:00:00,0.0099,Kamand_velocity,North_velocity
2025-07-11 08:00:00,0.0178,Kamand_velocity,North_velocity
2025-07-11 09:00:00,0.0294,Kamand_velocity,North_velocity
2025-07-11 10:00:00,0.0372,Kamand_velocity,North_velocity
2025-07-11 11:00:00,0.0601,Kamand_velocity,North_velocity
2025-07-11 12:00:00,0.0667,Kamand_velocity,North_velocity
2025-07-11 13:00:00,0.0659,Kamand_velocity,North_velocity
2025-07-11 14:00:00,0.0625,Kamand_velocity,North_velocity
2025-07-11 15:00:00,0.0593,Kamand_velocity,North_velocity
2025-07-11 16:00:00,0.0492,Kamand_velocity,North_velocity
2025-07-11 17:00:00,0.0369,Kamand_velocity,North_velocity
2025-07-11 18:00:00,0.033,Kamand_velocity,North_velocity
2025-07-11 19:00:00,0.033,Kamand_velocity,North_velocity
2025-07-12 06:00:00,0.0144,Kamand_velocity,North_velocity
2025-07-12 07:00:00,-0.0175,Kamand_velocity,North_velocity
2025-07-12 08:00:00,-0.046,Kamand_velocity,North_velocity
2025-07-12 09:00:00,-0.0858,Kamand_velocity,North_velocity
2025-07-12 10:00:00,-0.1076,Kamand_velocity,North_velocity
2025-07-12 11:00:00,-0.1412,Kamand_velocity,North_velocity
2025-07-12 12:00:00,-0.1569,Kamand_velocity,North_velocity
2025-07-12 13:00:00,-0.1726,Kamand_velocity,North_velocity
2025-07-12 14:00:00,-0.1891,Kamand_velocity,North_velocity
2025-07-12 15:00:00,-0.205,Kamand_velocity,North_velocity
2025-07-12 16:00:00,-0.2162,Kamand_velocity,North_velocity
2025-07-12 17:00:00,-0.2261,Kamand_velocity,North_velocity
2025-07-12 18:00:00,-0.2297,Kamand_velocity,North_velocity
2025-07-12 19:00:00,-0.2412,Kamand_velocity,North_velocity
2025-07-12 20:00:00,-0.2653,Kamand_velocity,North_velocity
2025-07-13 06:00:00,-0.2713,Kamand_velocity,North_velocity
2025-07-13 07:00:00,-0.2635,Kamand_velocity,North_velocity
2025-07-13 08:00:00,-0.2639,Kamand_velocity,North_velocity
2025-07-13 09:00:00,-0.2633,Kamand_velocity,North_velocity
2025-07-13 10:00:00,-0.2677,Kamand_velocity,North_velocity
2025-07-13 11:00:00,-0.3037,Kamand_velocity,North_velocity
2025-07-13 12:00:00,-0.3329,Kamand_velocity,North_velocity
2025-07-13 13:00:00,-0.3463,Kamand_velocity,North_velocity
2025-07-13 14:00:00,-0.3529,Kamand_velocity,North_velocity
2025-07-13 15:00:00,-0.3543,Kamand_velocity,North_velocity
2025-07-13 16:00:00,-0.3363,Kamand_velocity,North_velocity
2025-07-13 17:00:00,-0.3063,Kamand_velocity,North_velocity
2025-07-13 18:00:00,-0.2852,Kamand_velocity,North_velocity
2025-07-13 19:00:00,-0.2681,Kamand_velocity,North_velocity
2025-07-13 20:00:00,-0.2565,Kamand_velocity,North_velocity
2025-07-24 19:00:00,-1.0,Kamand_velocity,North_velocity
2025-07-24 20:00:00,-0.9885,Kamand_velocity,North_velocity
2025-07-25 06:00:00,-0.6963,Kamand_velocity,North_velocity
2025-07-25 07:00:00,-0.7156,Kamand_velocity,North_velocity
2025-07-25 08:00:00,-0.5146,Kamand_velocity,North_velocity
2025-07-25 09:00:00,-0.542,Kamand_velocity,North_velocity
2025-07-25 10:00:00,-0.3822,Kamand_velocity,North_velocity
2025-07-25 11:00:00,-0.3171,Kamand_velocity,North_velocity
2025-07-25 12:00:00,-0.3314,Kamand_velocity,North_velocity
2025-07-25 13:00:00,-0.3479,Kamand_velocity,North_velocity
2025-07-25 14:00:00,-0.3587,Kamand_velocity,North_velocity
2025-07-25 15:00:00,-0.3679,Kamand_velocity,North_velocity
2025-07-25 16:00:00,-0.363,Kamand_velocity,North_velocity
2025-07-25 17:00:00,-0.3375,Kamand_velocity,North_velocity
2025-07-25 18:00:00,-0.3365,Kamand_velocity,North_velocity
2025-07-25 19:00:00,-0.3197,Kamand_velocity,North_velocity
2025-07-25 20:00:00,-0.3033,Kamand_velocity,North_velocity
2025-07-26 06:00:00,-0.2778,Kamand_velocity,North_velocity
2025-07-26 07:00:00,-0.0375,Kamand_velocity,North_velocity
2025-07-26 08:00:00,0.0524,Kamand_velocity,North_velocity
2025-07-26 09:00:00,0.0904,Kamand_velocity,North_velocity
2025-07-26 10:00:00,0.0799,Kamand_velocity,North_velocity
2025-07-26 11:00:00,0.0944,Kamand_velocity,North_velocity
2025-07-26 12:00:00,0.0775,Kamand_velocity,North_velocity
2025-07-26 13:00:00,-0.0376,Kamand_velocity,North_velocity
2025-07-26 14:00:00,0.0121,Kamand_velocity,North_velocity
2025-07-26 15:00:00,0.1317,Kamand_velocity,North_velocity
2025-07-26 16:00:00,0.0592,Kamand_velocity,North_velocity
2025-07-26 17:00:00,-0.0115,Kamand_velocity,North_velocity
2025-07-26 18:00:00,0.0084,Kamand_velocity,North_velocity
2025-07-26 19:00:00,0.0243,Kamand_velocity,North_velocity
2025-07-26 20:00:00,0.0383,Kamand_velocity,North_velocity
2025-07-27 06:00:00,0.0352,Kamand_velocity,North_velocity
2025-07-27 07:00:00,0.0471,Kamand_velocity,North_velocity
2025-07-27 08:00:00,0.0579,Kamand_velocity,North_velocity
2025-07-27 09:00:00,0.0704,Kamand_velocity,North_velocity
2025-07-27 10:00:00,0.0836,Kamand_velocity,North_velocity
2025-07-27 11:00:00,0.0966,Kamand_velocity,North_velocity
2025-07-27 12:00:00,0.0214,Kamand_velocity,North_velocity
2025-07-27 13:00:00,0.0267,Kamand_velocity,North_velocity
2025-07-27 14:00:00,0.0311,Kamand_velocity,North_velocity
2025-07-27 15:00:00,0.0335,Kamand_velocity,North_velocity
2025-07-27 16:00:00,0.0342,Kamand_velocity,North_velocity
2025-07-27 17:00:00,0.0395,Kamand_velocity,North_velocity
2025-07-27 18:00:00,0.0426,Kamand_velocity,North_velocity
2025-07-27 19:00:00,0.047,Kamand_velocity,North_velocity
2025-07-27 20:00:00,0.0511,Kamand_velocity,North_velocity
2025-07-28 06:00:00,0.0369,Kamand_velocity,North_velocity
2025-07-28 07:00:00,0.0245,Kamand_velocity,North_velocity
2025-07-28 08:00:00,0.0267,Kamand_velocity,North_velocity
2025-07-28 09:00:00,0.0364,Kamand_velocity,North_velocity
2025-07-28 10:00:00,0.0563,Kamand_velocity,North_velocity
2025-07-28 11:00:00,0.0801,Kamand_velocity,North_velocity
2025-07-28 12:00:00,0.1098,Kamand_velocity,North_velocity
2025-07-28 13:00:00,0.122,Kamand_velocity,North_velocity
2025-07-28 14:00:00,0.1306,Kamand_velocity,North_velocity
2025-07-28 15:00:00,0.1363,Kamand_velocity,North_velocity
2025-07-28 16:00:00,0.1412,Kamand_velocity,North_velocity
2025-07-28 17:00:00,0.1418,Kamand_velocity,North_velocity
2025-07-28 18:00:00,0.1369,Kamand_velocity,North_velocity
2025-07-28 19:00:00,0.1375,Kamand_velocity,North_velocity
2025-07-29 06:00:00,0.1466,Kamand_velocity,North_velocity
2025-07-29 07:00:00,0.1527,Kamand_velocity,North_velocity
2025-07-29 08:00:00,0.1577,Kamand_velocity,North_velocity
2025-07-29 09:00:00,0.1595,Kamand_velocity,North_velocity
2025-07-29 10:00:00,0.1598,Kamand_velocity,North_velocity
2025-07-29 11:00:00,0.194,Kamand_velocity,North_velocity
2025-07-29 12:00:00,0.2305,Kamand_velocity,North_velocity
2025-07-29 13:00:00,0.2357,Kamand_velocity,North_velocity
2025-07-29 14:00:00,0.2448,Kamand_velocity,North_velocity
2025-07-29 15:00:00,0.2652,Kamand_velocity,North_velocity
2025-07-29 16:00:00,0.2893,Kamand_velocity,North_velocity
2025-07-29 17:00:00,0.3091,Kamand_velocity,North_velocity
2025-07-29 18:00:00,0.3131,Kamand_velocity,North_velocity
2025-07-29 19:00:00,0.3139,Kamand_velocity,North_velocity
2025-07-30 06:00:00,0.2902,Kamand_velocity,North_velocity
2025-07-30 07:00:00,0.2871,Kamand_velocity,North_velocity
2025-07-30 08:00:00,0.2631,Kamand_velocity,North_velocity
2025-07-30 09:00:00,0.2413,Kamand_velocity,North_velocity
2025-07-30 10:00:00,0.3076,Kamand_velocity,North_velocity
2025-07-30 11:00:00,0.3794,Kamand_velocity,North_velocity
2025-07-30 12:00:00,0.4461,Kamand_velocity,North_velocity
2025-07-30 13:00:00,0.4865,Kamand_velocity,North_velocity
2025-07-30 14:00:00,0.495,Kamand_velocity,North_velocity
2025-07-30 15:00:00,0.521,Kamand_velocity,North_velocity
2025-07-30 16:00:00,0.5383,Kamand_velocity,North_velocity
2025-07-30 17:00:00,0.5522,Kamand_velocity,North_velocity
2025-07-30 18:00:00,0.5574,Kamand_velocity,North_velocity
2025-07-30 19:00:00,0.5585,Kamand_velocity,North_velocity
2025-07-30 20:00:00,0.5597,Kamand_velocity,North_velocity
2025-07-31 06:00:00,0.5446,Kamand_velocity,North_velocity
2025-07-31 07:00:00,0.557,Kamand_velocity,North_velocity
2025-07-31 08:00:00,0.5203,Kamand_velocity,North_velocity
2025-07-31 09:00:00,0.5075,Kamand_velocity,North_velocity
2025-07-31 10:00:00,0.5076,Kamand_velocity,North_velocity
2025-07-31 11:00:00,0.5184,Kamand_velocity,North_velocity
2025-07-31 12:00:00,0.5273,Kamand_velocity,North_velocity
2025-07-31 13:00:00,0.5351,Kamand_velocity,North_velocity
2025-07-31 14:00:00,0.5449,Kamand_velocity,North_velocity
2025-07-31 15:00:00,0.5549,Kamand_velocity,North_velocity
2025-07-31 16:00:00,0.558,Kamand_velocity,North_velocity
2025-07-31 17:00:00,0.561,Kamand_velocity,North_velocity
2025-07-31 18:00:00,0.5654,Kamand_velocity,North_velocity
2025-07-31 19:00:00,0.565,Kamand_velocity,North_velocity
2025-07-31 20:00:00,0.5637,Kamand_velocity,North_velocity
2025-08-01 06:00:00,0.5592,Kamand_velocity,North_velocity
2025-08-01 07:00:00,0.5674,Kamand_velocity,North_velocity
2025-08-01 08:00:00,0.5547,Kamand_velocity,North_velocity
2025-08-01 09:00:00,0.5449,Kamand_velocity,North_velocity
2025-08-01 10:00:00,0.5428,Kamand_velocity,North_velocity
2025-08-01 11:00:00,0.552,Kamand_velocity,North_velocity
2025-08-01 12:00:00,0.5596,Kamand_velocity,North_velocity
2025-08-01 13:00:00,0.5622,Kamand_velocity,North_velocity
2025-08-01 14:00:00,0.5639,Kamand_velocity,North_velocity
2025-08-01 15:00:00,0.5634,Kamand_velocity,North_velocity
2025-08-01 16:00:00,0.5599,Kamand_velocity,North_velocity
2025-08-01 17:00:00,0.5545,Kamand_velocity,North_velocity
2025-08-01 18:00:00,0.5539,Kamand_velocity,North_velocity
2025-08-01 19:00:00,0.5521,Kamand_velocity,North_velocity
2025-08-02 06:00:00,0.5496,Kamand_velocity,North_velocity
2025-08-02 07:00:00,0.5315,Kamand_velocity,North_velocity
2025-08-02 08:00:00,0.5223,Kamand_velocity,North_velocity
2025-08-02 09:00:00,0.4969,Kamand_velocity,North_velocity
2025-08-02 10:00:00,0.4962,Kamand_velocity,North_velocity
2025-08-02 11:00:00,0.5049,Kamand_velocity,North_velocity
2025-08-02 12:00:00,0.5133,Kamand_velocity,North_velocity
2025-08-02 13:00:00,0.5114,Kamand_velocity,North_velocity
2025-08-02 14:00:00,0.5092,Kamand_velocity,North_velocity
2025-08-02 15:00:00,0.4957,Kamand_velocity,North_velocity
2025-08-02 16:00:00,0.503,Kamand_velocity,North_velocity
2025-08-02 17:00:00,0.5156,Kamand_velocity,North_velocity
2025-08-02 18:00:00,0.5156,Kamand_velocity,North_velocity
2025-08-02 19:00:00,0.5104,Kamand_velocity,North_velocity
2025-08-03 06:00:00,0.5021,Kamand_velocity,North_velocity
2025-08-03 07:00:00,0.4976,Kamand_velocity,North_velocity
2025-08-03 08:00:00,0.4938,Kamand_velocity,North_velocity
2025-08-03 09:00:00,0.4915,Kamand_velocity,North_velocity
2025-08-03 10:00:00,0.4907,Kamand_velocity,North_velocity
2025-08-03 11:00:00,0.4913,Kamand_velocity,North_velocity
2025-08-06 17:00:00,0.4559,Kamand_velocity,North_velocity
2025-08-06 18:00:00,0.4681,Kamand_velocity,North_velocity
2025-08-06 19:00:00,0.4694,Kamand_velocity,North_velocity
2025-08-07 06:00:00,0.4644,Kamand_velocity,North_velocity
2025-08-07 07:00:00,0.4107,Kamand_velocity,North_velocity
2025-08-07 08:00:00,0.4122,Kamand_velocity,North_velocity
2025-08-07 09:00:00,0.401,Kamand_velocity,North_velocity
2025-08-07 10:00:00,0.3761,Kamand_velocity,North_velocity
2025-08-07 11:00:00,0.3638,Kamand_velocity,North_velocity
2025-08-07 12:00:00,0.3275,Kamand_velocity,North_velocity
2025-08-07 13:00:00,0.303,Kamand_velocity,North_velocity
2025-08-07 14:00:00,0.2736,Kamand_velocity,North_velocity
2025-08-07 15:00:00,0.2396,Kamand_velocity,North_velocity
2025-08-07 16:00:00,0.2184,Kamand_velocity,North_velocity
2025-08-07 17:00:00,0.2005,Kamand_velocity,North_velocity
2025-08-07 18:00:00,0.1832,Kamand_velocity,North_velocity
2025-08-07 19:00:00,0.1609,Kamand_velocity,North_velocity
2025-08-08 06:00:00,0.1273,Kamand_velocity,North_velocity
2025-08-08 07:00:00,0.0771,Kamand_velocity,North_velocity
2025-08-08 08:00:00,0.0649,Kamand_velocity,North_velocity
2025-08-08 09:00:00,0.0527,Kamand_velocity,North_velocity
2025-08-08 10:00:00,0.0491,Kamand_velocity,North_velocity
2025-08-08 11:00:00,0.0373,Kamand_velocity,North_velocity
2025-08-08 12:00:00,0.0269,Kamand_velocity,North_velocity
2025-08-08 13:00:00,0.0165,Kamand_velocity,North_velocity
2025-08-08 14:00:00,0.0081,Kamand_velocity,North_velocity
2025-08-08 15:00:00,0.0088,Kamand_velocity,North_velocity
2025-08-08 16:00:00,0.0142,Kamand_velocity,North_velocity
2025-08-08 17:00:00,0.0256,Kamand_velocity,North_velocity
2025-08-08 18:00:00,0.0172,Kamand_velocity,North_velocity
2025-08-08 19:00:00,0.0181,Kamand_velocity,North_velocity
2025-08-09 06:00:00,0.0218,Kamand_velocity,North_velocity
2025-08-09 07:00:00,0.0694,Kamand_velocity,North_velocity
2025-08-09 08:00:00,0.0653,Kamand_velocity,North_velocity
2025-08-09 09:00:00,0.0776,Kamand_velocity,North_velocity
2025-08-09 10:00:00,0.0677,Kamand_velocity,North_velocity
2025-08-09 11:00:00,0.0505,Kamand_velocity,North_velocity
2025-08-09 12:00:00,0.0372,Kamand_velocity,North_velocity
2025-08-09 13:00:00,0.0242,Kamand_velocity,North_velocity
2025-08-09 14:00:00,0.0047,Kamand_velocity,North_velocity
2025-08-09 15:00:00,-0.0057,Kamand_velocity,North_velocity
2025-08-09 16:00:00,-0.0237,Kamand_velocity,North_velocity
2025-08-09 17:00:00,-0.128,Kamand_velocity,North_velocity
2025-08-09 18:00:00,0.0961,Kamand_velocity,North_velocity
2025-08-09 19:00:00,-inf,Kamand_velocity,North_velocity
2025-08-10 06:00:00,-inf,Kamand_velocity,North_velocity
2025-08-10 07:00:00,-inf,Kamand_velocity,North_velocity
2025-08-10 11:00:00,-inf,Kamand_velocity,North_velocity
2025-08-10 12:00:00,-inf,Kamand_velocity,North_velocity
2025-08-10 14:00:00,-inf,Kamand_velocity,North_velocity
2025-08-10 16:00:00,inf,Kamand_velocity,North_velocity
2025-08-10 18:00:00,-inf,Kamand_velocity,North_velocity
2025-08-11 06:00:00,-inf,Kamand_velocity,North_velocity
2025-08-11 07:00:00,-inf,Kamand_velocity,North_velocity
2025-08-11 09:00:00,inf,Kamand_velocity,North_velocity
2025-08-11 11:00:00,-inf,Kamand_velocity,North_velocity
2025-08-11 15:00:00,-inf,Kamand_velocity,North_velocity
2025-08-11 16:00:00,-inf,Kamand_velocity,North_velocity
2025-08-11 17:00:00,-inf,Kamand_velocity,North_velocity
2025-08-11 19:00:00,-inf,Kamand_velocity,North_velocity
2025-08-12 06:00:00,-inf,Kamand_velocity,North_velocity
2025-08-12 07:00:00,inf,Kamand_velocity,North_velocity
2025-08-12 08:00:00,-inf,Kamand_velocity,North_velocity
2025-08-12 16:00:00,-inf,Kamand_velocity,North_velocity
2025-08-12 19:00:00,-inf,Kamand_velocity,North_velocity
2025-08-13 07:00:00,-inf,Kamand_velocity,North_velocity
2025-08-13 14:00:00,-inf,Kamand_velocity,North_velocity
2025-08-13 16:00:00,-inf,Kamand_velocity,North_velocity
2025-08-14 06:00:00,-inf,Kamand_velocity,North_velocity
2025-08-14 07:00:00,-inf,Kamand_velocity,North_velocity
2025-08-14 08:00:00,inf,Kamand_velocity,North_velocity
2025-08-14 09:00:00,-inf,Kamand_velocity,North_velocity
2025-08-14 13:00:00,-inf,Kamand_velocity,North_velocity
2025-08-14 15:00:00,-inf,Kamand_velocity,North_velocity
2025-08-14 17:00:00,-inf,Kamand_velocity,North_velocity
2025-08-14 18:00:00,inf,Kamand_velocity,North_velocity
2025-08-15 09:00:00,-inf,Kamand_velocity,North_velocity
2025-08-15 10:00:00,inf,Kamand_velocity,North_velocity
2025-08-15 11:00:00,inf,Kamand_velocity,North_velocity
2025-08-15 12:00:00,-inf,Kamand_velocity,North_velocity
2025-08-15 13:00:00,inf,Kamand_velocity,North_velocity
2025-08-15 15:00:00,inf,Kamand_velocity,North_velocity
2025-08-15 16:00:00,0.0308,Kamand_velocity,North_velocity
2025-08-15 17:00:00,0.0415,Kamand_velocity,North_velocity
2025-08-15 18:00:00,0.0475,Kamand_velocity,North_velocity
2025-08-15 19:00:00,0.0515,Kamand_velocity,North_velocity
2025-08-16 06:00:00,0.054,Kamand_velocity,North_velocity
2025-08-16 07:00:00,0.0736,Kamand_velocity,North_velocity
2025-08-16 08:00:00,0.0762,Kamand_velocity,North_velocity
2025-08-16 09:00:00,0.0862,Kamand_velocity,North_velocity
2025-08-16 10:00:00,0.0864,Kamand_velocity,North_velocity
2025-08-16 11:00:00,0.086,Kamand_velocity,North_velocity
2025-08-16 12:00:00,0.092,Kamand_velocity,North_velocity
2025-08-16 13:00:00,0.0904,Kamand_velocity,North_velocity
2025-08-16 14:00:00,0.0589,Kamand_velocity,North_velocity
2025-08-16 15:00:00,0.0537,Kamand_velocity,North_velocity
2025-08-16 16:00:00,0.0541,Kamand_velocity,North_velocity
2025-08-16 17:00:00,0.0541,Kamand_velocity,North_velocity
2025-08-16 18:00:00,0.0562,Kamand_velocity,North_velocity
2025-08-16 19:00:00,0.0593,Kamand_velocity,North_velocity
2025-08-17 06:00:00,0.0623,Kamand_velocity,North_velocity
2025-08-17 07:00:00,0.06,Kamand_velocity,North_velocity
2025-08-17 08:00:00,0.0581,Kamand_velocity,North_velocity
2025-08-17 09:00:00,0.0591,Kamand_velocity,North_velocity
2025-08-17 10:00:00,0.0181,Kamand_velocity,North_velocity
2025-08-17 11:00:00,-0.0033,Kamand_velocity,North_velocity
2025-08-17 12:00:00,-0.0114,Kamand_velocity,North_velocity
2025-08-17 13:00:00,-0.0162,Kamand_velocity,North_velocity
2025-08-17 14:00:00,-0.1163,Kamand_velocity,North_velocity
2025-08-17 15:00:00,-0.2558,Kamand_velocity,North_velocity
2025-08-17 16:00:00,-0.295,Kamand_velocity,North_velocity
2025-08-17 17:00:00,-0.3095,Kamand_velocity,North_velocity
2025-08-17 18:00:00,-0.3559,Kamand_velocity,North_velocity
2025-08-17 19:00:00,-0.4232,Kamand_velocity,North_velocity
2025-08-18 06:00:00,-0.4605,Kamand_velocity,North_velocity
2025-08-18 07:00:00,-0.4708,Kamand_velocity,North_velocity
2025-08-18 08:00:00,-0.4753,Kamand_velocity,North_velocity
2025-08-18 09:00:00,-0.461,Kamand_velocity,North_velocity
2025-08-18 10:00:00,-0.4498,Kamand_velocity,North_velocity
2025-08-18 11:00:00,-0.4365,Kamand_velocity,North_velocity
2025-08-18 12:00:00,-0.4154,Kamand_velocity,North_velocity
2025-08-18 13:00:00,-0.405,Kamand_velocity,North_velocity
2025-08-18 14:00:00,-0.3877,Kamand_velocity,North_velocity
2025-08-18 15:00:00,-0.3862,Kamand_velocity,North_velocity
2025-08-18 16:00:00,-0.3699,Kamand_velocity,North_velocity
2025-08-18 17:00:00,-0.3678,Kamand_velocity,North_velocity
2025-08-18 18:00:00,-0.3642,Kamand_velocity,North_velocity
2025-08-18 19:00:00,-0.371,Kamand_velocity,North_velocity
2025-08-19 06:00:00,-0.3911,Kamand_velocity,North_velocity
2025-08-19 07:00:00,-0.3773,Kamand_velocity,North_velocity
2025-08-19 08:00:00,-0.3623,Kamand_velocity,North_velocity
2025-08-19 09:00:00,-0.3628,Kamand_velocity,North_velocity
2025-08-19 10:00:00,-0.347,Kamand_velocity,North_velocity
2025-08-19 11:00:00,-0.336,Kamand_velocity,North_velocity
2025-08-19 12:00:00,-0.3121,Kamand_velocity,North_velocity
2025-08-19 13:00:00,-0.2798,Kamand_velocity,North_velocity
2025-08-19 14:00:00,-0.2664,Kamand_velocity,North_velocity
2025-08-19 15:00:00,-0.2533,Kamand_velocity,North_velocity
2025-08-19 16:00:00,-0.2326,Kamand_velocity,North_velocity
2025-08-19 17:00:00,-0.2019,Kamand_velocity,North_velocity
2025-08-19 18:00:00,-0.1776,Kamand_velocity,North_velocity
2025-08-19 19:00:00,-0.1729,Kamand_velocity,North_velocity
2025-08-20 06:00:00,-0.2109,Kamand_velocity,North_velocity
2025-08-20 07:00:00,-0.2166,Kamand_velocity,North_velocity
2025-08-20 08:00:00,-0.2144,Kamand_velocity,North_velocity
2025-08-20 09:00:00,-0.2504,Kamand_velocity,North_velocity
2025-08-20 10:00:00,-0.2334,Kamand_velocity,North_velocity
2025-08-20 11:00:00,-0.2119,Kamand_velocity,North_velocity
2025-08-20 12:00:00,-0.2233,Kamand_velocity,North_velocity
2025-08-20 13:00:00,-0.2057,Kamand_velocity,North_velocity
2025-08-20 14:00:00,-0.185,Kamand_velocity,North_velocity
2025-08-20 15:00:00,-0.1658,Kamand_velocity,North_velocity
2025-08-20 16:00:00,-0.1495,Kamand_velocity,North_velocity
2025-08-20 17:00:00,-0.132,Kamand_velocity,North_velocity
2025-08-20 18:00:00,-0.1146,Kamand_velocity,North_velocity
2025-08-20 19:00:00,-0.1174,Kamand_velocity,North_velocity
2025-08-21 06:00:00,-0.1095,Kamand_velocity,North_velocity
2025-08-21 07:00:00,-0.093,Kamand_velocity,North_velocity
2025-08-21 08:00:00,-0.0769,Kamand_velocity,North_velocity
2025-08-21 09:00:00,-0.0664,Kamand_velocity,North_velocity
2025-08-21 10:00:00,-0.0602,Kamand_velocity,North_velocity
2025-08-21 11:00:00,-0.0464,Kamand_velocity,North_velocity
2025-08-21 12:00:00,-0.0352,Kamand_velocity,North_velocity
2025-08-21 13:00:00,-0.0247,Kamand_velocity,North_velocity
2025-08-21 14:00:00,-0.0248,Kamand_velocity,North_velocity
2025-08-21 15:00:00,-0.0235,Kamand_velocity,North_velocity
2025-08-21 16:00:00,-0.0333,Kamand_velocity,North_velocity
2025-08-21 17:00:00,-0.0217,Kamand_velocity,North_velocity
2025-08-21 18:00:00,-0.0131,Kamand_velocity,North_velocity
2025-08-21 19:00:00,-0.0086,Kamand_velocity,North_velocity
2025-08-22 06:00:00,-0.0088,Kamand_velocity,North_velocity
2025-08-22 07:00:00,0.0009,Kamand_velocity,North_velocity
2025-08-22 08:00:00,0.0099,Kamand_velocity,North_velocity
2025-08-22 09:00:00,0.015,Kamand_velocity,North_velocity
2025-08-22 10:00:00,0.019,Kamand_velocity,North_velocity
2025-08-22 11:00:00,0.0251,Kamand_velocity,North_velocity
2025-08-22 12:00:00,0.0303,Kamand_velocity,North_velocity
2025-08-22 13:00:00,0.0322,Kamand_velocity,North_velocity
2025-08-22 14:00:00,0.0312,Kamand_velocity,North_velocity
2025-08-22 15:00:00,0.0301,Kamand_velocity,North_velocity
2025-08-24 13:00:00,-0.1264,Kamand_velocity,North_velocity
2025-08-24 14:00:00,-0.0573,Kamand_velocity,North_velocity
2025-08-24 15:00:00,0.0263,Kamand_velocity,North_velocity
2025-08-24 16:00:00,0.1147,Kamand_velocity,North_velocity
2025-08-24 17:00:00,0.2101,Kamand_velocity,North_velocity
2025-08-24 18:00:00,0.271,Kamand_velocity,North_velocity
2025-08-24 19:00:00,0.4933,Kamand_velocity,North_velocity
2025-08-25 06:00:00,0.5636,Kamand_velocity,North_velocity
2025-08-25 07:00:00,0.5923,Kamand_velocity,North_velocity
2025-08-25 08:00:00,0.6084,Kamand_velocity,North_velocity
2025-08-25 09:00:00,0.6156,Kamand_velocity,North_velocity
2025-08-25 10:00:00,0.6274,Kamand_velocity,North_velocity
2025-08-25 11:00:00,0.6319,Kamand_velocity,North_velocity
2025-08-25 12:00:00,0.6266,Kamand_velocity,North_velocity
2025-08-25 13:00:00,0.6029,Kamand_velocity,North_velocity
2025-08-25 14:00:00,0.5326,Kamand_velocity,North_velocity
2025-08-25 15:00:00,0.4984,Kamand_velocity,North_velocity
2025-08-25 16:00:00,0.4543,Kamand_velocity,North_velocity
2025-08-25 17:00:00,0.4806,Kamand_velocity,North_velocity
2025-08-25 18:00:00,0.49,Kamand_velocity,North_velocity
2025-08-25 19:00:00,0.5302,Kamand_velocity,North_velocity
2025-08-26 06:00:00,0.5902,Kamand_velocity,North_velocity
2025-08-26 07:00:00,0.6139,Kamand_velocity,North_velocity
2025-08-26 08:00:00,0.6103,Kamand_velocity,North_velocity
2025-08-26 09:00:00,0.5967,Kamand_velocity,North_velocity
2025-08-26 10:00:00,0.5921,Kamand_velocity,North_velocity
2025-08-26 11:00:00,0.5842,Kamand_velocity,North_velocity
2025-08-26 12:00:00,0.5734,Kamand_velocity,North_velocity
2025-08-26 13:00:00,0.5736,Kamand_velocity,North_velocity
2025-08-26 14:00:00,0.5776,Kamand_velocity,North_velocity
2025-08-26 15:00:00,0.5702,Kamand_velocity,North_velocity
2025-08-26 16:00:00,0.5166,Kamand_velocity,North_velocity
2025-08-26 17:00:00,0.509,Kamand_velocity,North_velocity
2025-08-26 18:00:00,0.5087,Kamand_velocity,North_velocity
2025-08-27 10:00:00,0.5554,Kamand_velocity,North_velocity
2025-08-27 11:00:00,0.5505,Kamand_velocity,North_velocity
2025-08-27 12:00:00,0.5507,Kamand_velocity,North_velocity
2025-08-27 13:00:00,0.554,Kamand_velocity,North_velocity
2025-08-27 16:00:00,0.5521,Kamand_velocity,North_velocity
2025-08-27 17:00:00,0.5538,Kamand_velocity,North_velocity
2025-08-27 18:00:00,0.5504,Kamand_velocity,North_velocity
2025-08-28 10:00:00,0.5534,Kamand_velocity,North_velocity
2025-08-28 11:00:00,0.5577,Kamand_velocity,North_velocity
2025-08-28 12:00:00,0.5608,Kamand_velocity,North_velocity
2025-08-28 13:00:00,0.5638,Kamand_velocity,North_velocity
2025-08-28 14:00:00,0.5548,Kamand_velocity,North_velocity
2025-08-28 15:00:00,0.5508,Kamand_velocity,North_velocity
2025-08-28 16:00:00,0.5589,Kamand_velocity,North_velocity
2025-08-28 17:00:00,0.5623,Kamand_velocity,North_velocity
2025-08-28 18:00:00,0.5632,Kamand_velocity,North_velocity
2025-08-28 19:00:00,0.5635,Kamand_velocity,North_velocity
2025-08-29 10:00:00,0.572,Kamand_velocity,North_velocity
2025-08-29 11:00:00,0.5747,Kamand_velocity,North_velocity
2025-08-29 12:00:00,0.581,Kamand_velocity,North_velocity
2025-08-29 13:00:00,0.5849,Kamand_velocity,North_velocity
2025-08-29 14:00:00,0.5799,Kamand_velocity,North_velocity
2025-08-29 15:00:00,0.5884,Kamand_velocity,North_velocity
2025-08-29 16:00:00,0.5895,Kamand_velocity,North_velocity
2025-08-29 17:00:00,0.5899,Kamand_velocity,North_velocity
2025-08-29 18:00:00,0.5897,Kamand_velocity,North_velocity
2025-08-30 10:00:00,0.592,Kamand_velocity,North_velocity
2025-08-30 11:00:00,0.5942,Kamand_velocity,North_velocity
2025-08-30 12:00:00,0.5951,Kamand_velocity,North_velocity
2025-08-31 10:00:00,0.5325,Kamand_velocity,North_velocity
2025-08-31 11:00:00,0.499,Kamand_velocity,North_velocity
2025-08-31 12:00:00,0.4729,Kamand_velocity,North_velocity
2025-08-31 13:00:00,0.4494,Kamand_velocity,North_velocity
2025-08-31 14:00:00,0.4452,Kamand_velocity,North_velocity
2025-08-31 15:00:00,0.4427,Kamand_velocity,North_velocity
2025-08-31 16:00:00,0.4392,Kamand_velocity,North_velocity
2025-08-31 17:00:00,0.4262,Kamand_velocity,North_velocity
2025-08-31 18:00:00,0.4098,Kamand_velocity,North_velocity
2025-09-02 15:00:00,-0.0916,Kamand_velocity,North_velocity
2025-09-02 16:00:00,-0.1223,Kamand_velocity,North_velocity
2025-09-02 17:00:00,-0.016,Kamand_velocity,North_velocity
2025-09-03 10:00:00,-0.0613,Kamand_velocity,North_velocity
2025-09-03 11:00:00,-0.0161,Kamand_velocity,North_velocity
2025-09-03 12:00:00,0.0036,Kamand_velocity,North_velocity
2025-09-04 13:00:00,-0.1518,Kamand_velocity,North_velocity
2025-09-04 14:00:00,-0.11,Kamand_velocity,North_velocity
2025-09-04 15:00:00,-0.0897,Kamand_velocity,North_velocity
2025-09-05 10:00:00,-0.1576,Kamand_velocity,North_velocity
2025-09-05 11:00:00,-0.0664,Kamand_velocity,North_velocity
2025-09-09 10:00:00,0.1459,Kamand_velocity,North_velocity
2025-09-09 11:00:00,0.1855,Kamand_velocity,North_velocity
2025-09-09 12:00:00,0.2303,Kamand_velocity,North_velocity
2025-09-09 13:00:00,0.2515,Kamand_velocity,North_velocity
2025-09-09 14:00:00,0.2536,Kamand_velocity,North_velocity
2025-09-09 15:00:00,0.4672,Kamand_velocity,North_velocity
2025-09-09 16:00:00,0.7632,Kamand_velocity,North_velocity
2025-09-09 17:00:00,0.8473,Kamand_velocity,North_velocity
2025-09-09 18:00:00,0.7829,Kamand_velocity,North_velocity
2025-09-09 19:00:00,0.6769,Kamand_velocity,North_velocity
2025-09-10 10:00:00,0.6923,Kamand_velocity,North_velocity
2025-09-10 11:00:00,0.6788,Kamand_velocity,North_velocity
2025-09-10 12:00:00,0.7211,Kamand_velocity,North_velocity
2025-09-10 15:00:00,0.7068,Kamand_velocity,North_velocity
2025-09-11 10:00:00,0.5417,Kamand_velocity,North_velocity
2025-09-11 11:00:00,0.4253,Kamand_velocity,North_velocity
2025-09-11 12:00:00,0.373,Kamand_velocity,North_velocity
2025-09-11 13:00:00,0.3132,Kamand_velocity,North_velocity
2025-09-12 10:00:00,0.2112,Kamand_velocity,North_velocity
2025-09-12 11:00:00,0.1407,Kamand_velocity,North_velocity
2025-09-12 12:00:00,0.1434,Kamand_velocity,North_velocity
2025-09-12 13:00:00,0.1431,Kamand_velocity,North_velocity
2025-09-12 14:00:00,0.142,Kamand_velocity,North_velocity
2025-09-12 15:00:00,0.1421,Kamand_velocity,North_velocity
2025-09-12 16:00:00,0.1411,Kamand_velocity,North_velocity
2025-09-12 17:00:00,0.1418,Kamand_velocity,North_velocity
2025-09-12 18:00:00,0.171,Kamand_velocity,North_velocity
2025-09-21 13:00:00,1.0,Kamand_velocity,North_velocity
2025-09-21 14:00:00,0.6163,Kamand_velocity,North_velocity
2025-09-21 15:00:00,-0.1275,Kamand_velocity,North_velocity
2025-09-21 16:00:00,-0.3744,Kamand_velocity,North_velocity
2025-09-21 17:00:00,-0.215,Kamand_velocity,North_velocity
2025-09-21 18:00:00,0.5477,Kamand_velocity,North_velocity
2025-09-22 10:00:00,0.5252,Kamand_velocity,North_velocity
2025-09-22 11:00:00,0.5548,Kamand_velocity,North_velocity
2025-09-22 12:00:00,0.5674,Kamand_velocity,North_velocity
2025-09-22 13:00:00,0.5321,Kamand_velocity,North_velocity
2025-09-22 14:00:00,0.5299,Kamand_velocity,North_velocity
2025-09-22 15:00:00,0.4974,Kamand_velocity,North_velocity
2025-09-22 16:00:00,0.4217,Kamand_velocity,North_velocity
2025-09-22 17:00:00,0.4019,Kamand_velocity,North_velocity
2025-10-12 11:00:00,1.0,Kamand_velocity,North_velocity
2025-10-12 15:00:00,-0.6841,Kamand_velocity,North_velocity
2025-10-12 18:00:00,0.3187,Kamand_velocity,North_velocity
2025-10-23 16:00:00,-1.0,Kamand_velocity,North_velocity
2025-10-23 17:00:00,-0.181,Kamand_velocity,North_velocity
2025-10-23 18:00:00,0.9165,Kamand_velocity,North_velocity
2025-10-24 10:00:00,0.6218,Kamand_velocity,North_velocity
2025-10-24 11:00:00,0.6225,Kamand_velocity,North_velocity
2025-10-24 12:00:00,0.6045,Kamand_velocity,North_velocity
2025-10-24 13:00:00,0.5684,Kamand_velocity,North_velocity
2025-10-24 14:00:00,0.5759,Kamand_velocity,North_velocity
2025-10-24 15:00:00,0.6011,Kamand_velocity,North_velocity
2025-10-24 16:00:00,0.5911,Kamand_velocity,North_velocity
2025-10-24 17:00:00,0.5934,Kamand_velocity,North_velocity
2025-10-24 18:00:00,0.691,Kamand_velocity,North_velocity
2025-10-25 10:00:00,0.6907,Kamand_velocity,North_velocity
2025-10-25 11:00:00,0.664,Kamand_velocity,North_velocity
2025-10-25 12:00:00,0.6736,Kamand_velocity,North_velocity
2025-10-25 13:00:00,0.6497,Kamand_velocity,North_velocity
2025-10-25 14:00:00,0.6416,Kamand_velocity,North_velocity
2025-10-25 15:00:00,0.6534,Kamand_velocity,North_velocity
2025-10-25 16:00:00,0.6473,Kamand_velocity,North_velocity
2025-10-25 17:00:00,0.6518,Kamand_velocity,North_velocity
2025-10-25 18:00:00,0.705,Kamand_velocity,North_velocity
2025-10-26 10:00:00,0.7039,Kamand_velocity,North_velocity
2025-10-26 11:00:00,0.7065,Kamand_velocity,North_velocity
2025-10-26 12:00:00,0.7107,Kamand_velocity,North_velocity
2025-10-26 13:00:00,0.6982,Kamand_velocity,North_velocity
2025-10-26 14:00:00,0.693,Kamand_velocity,North_velocity
2025-10-26 15:00:00,0.6979,Kamand_velocity,North_velocity
2025-10-26 16:00:00,0.6955,Kamand_velocity,North_velocity
2025-10-26 17:00:00,0.6925,Kamand_velocity,North_velocity
2025-10-26 18:00:00,0.7303,Kamand_velocity,North_velocity
2025-10-27 10:00:00,0.7258,Kamand_velocity,North_velocity
2025-10-27 11:00:00,0.7264,Kamand_velocity,North_velocity
2025-10-27 12:00:00,0.7306,Kamand_velocity,North_velocity
2025-10-27 13:00:00,0.7252,Kamand_velocity,North_velocity
2025-10-27 14:00:00,0.7212,Kamand_velocity,North_velocity
2025-10-27 15:00:00,0.7224,Kamand_velocity,North_velocity
2025-10-27 16:00:00,0.725,Kamand_velocity,North_velocity
2025-10-27 17:00:00,0.7248,Kamand_velocity,North_velocity
2025-10-28 10:00:00,0.7168,Kamand_velocity,North_velocity
2025-10-28 11:00:00,0.7138,Kamand_velocity,North_velocity
2025-10-28 12:00:00,0.7154,Kamand_velocity,North_velocity
2025-10-28 13:00:00,0.7138,Kamand_velocity,North_velocity
2025-10-28 14:00:00,0.7036,Kamand_velocity,North_velocity
2025-10-28 15:00:00,0.6864,Kamand_velocity,North_velocity
2025-10-28 16:00:00,0.6876,Kamand_velocity,North_velocity
2025-10-28 17:00:00,0.6822,Kamand_velocity,North_velocity
2025-10-28 18:00:00,0.6791,Kamand_velocity,North_velocity
2025-10-29 10:00:00,0.6763,Kamand_velocity,North_velocity
2025-10-29 11:00:00,0.6746,Kamand_velocity,North_velocity
2025-10-29 12:00:00,0.6755,Kamand_velocity,North_velocity
2025-10-29 13:00:00,0.6596,Kamand_velocity,North_velocity
2025-10-29 14:00:00,0.6585,Kamand_velocity,North_velocity
2025-10-29 15:00:00,0.6534,Kamand_velocity,North_velocity
2025-10-29 16:00:00,0.6495,Kamand_velocity,North_velocity
2025-10-29 17:00:00,0.6475,Kamand_velocity,North_velocity
2025-10-29 18:00:00,0.6659,Kamand_velocity,North_velocity
2025-10-30 10:00:00,0.6632,Kamand_velocity,North_velocity
2025-10-30 11:00:00,0.6573,Kamand_velocity,North_velocity
2025-10-30 12:00:00,0.6407,Kamand_velocity,North_velocity
2025-10-30 13:00:00,0.6382,Kamand_velocity,North_velocity
2025-10-30 14:00:00,0.6168,Kamand_velocity,North_velocity
2025-10-30 15:00:00,0.662,Kamand_velocity,North_velocity
2025-10-30 16:00:00,0.6731,Kamand_velocity,North_velocity
2025-10-30 17:00:00,0.6957,Kamand_velocity,North_velocity
2025-10-31 10:00:00,0.66,Kamand_velocity,North_velocity
2025-10-31 11:00:00,0.6639,Kamand_velocity,North_velocity
2025-10-31 12:00:00,0.6577,Kamand_velocity,North_velocity
2025-10-31 13:00:00,0.6529,Kamand_velocity,North_velocity
2025-10-31 14:00:00,0.6015,Kamand_velocity,North_velocity
2025-11-01 11:00:00,0.5317,Kamand_velocity,North_velocity
2025-11-01 14:00:00,0.4907,Kamand_velocity,North_velocity
2025-11-01 15:00:00,0.4591,Kamand_velocity,North_velocity
2025-11-01 16:00:00,0.4445,Kamand_velocity,North_velocity
2025-11-01 17:00:00,0.4504,Kamand_velocity,North_velocity
2025-11-01 18:00:00,0.4439,Kamand_velocity,North_velocity
2025-11-06 17:00:00,0.2996,Kamand_velocity,North_velocity
2025-11-08 13:00:00,-0.1115,Kamand_velocity,North_velocity
2025-11-08 16:00:00,0.6883,Kamand_velocity,North_velocity
2025-06-24 10:00:00,1.0,North_depth,North_velocity
2025-06-24 11:00:00,0.0058,North_depth,North_velocity
2025-06-24 12:00:00,-0.0405,North_depth,North_velocity
2025-06-24 13:00:00,-0.1016,North_depth,North_velocity
2025-06-24 14:00:00,-0.5299,North_depth,North_velocity
2025-06-24 15:00:00,-0.1078,North_depth,North_velocity
2025-06-24 16:00:00,0.3322,North_depth,North_velocity
2025-06-24 17:00:00,-0.1908,North_depth,North_velocity
2025-06-24 18:00:00,-0.0646,North_depth,North_velocity
2025-06-24 19:00:00,-0.1013,North_depth,North_velocity
2025-06-25 06:00:00,0.1513,North_depth,North_velocity
2025-06-25 07:00:00,0.2972,North_depth,North_velocity
2025-06-25 08:00:00,0.3232,North_depth,North_velocity
2025-06-25 09:00:00,0.3695,North_depth,North_velocity
2025-06-25 10:00:00,0.4358,North_depth,North_velocity
2025-06-25 11:00:00,0.3923,North_depth,North_velocity
2025-06-25 12:00:00,0.3844,North_depth,North_velocity
2025-06-25 13:00:00,0.2606,North_depth,North_velocity
2025-06-25 14:00:00,0.2526,North_depth,North_velocity
2025-06-25 15:00:00,0.2401,North_depth,North_velocity
2025-06-25 16:00:00,0.2398,North_depth,North_velocity
2025-06-25 17:00:00,0.2391,North_depth,North_velocity
2025-06-25 18:00:00,0.2398,North_depth,North_velocity
2025-06-25 19:00:00,0.2567,North_depth,North_velocity
2025-06-26 06:00:00,0.2838,North_depth,North_velocity
2025-06-26 07:00:00,0.2917,North_depth,North_velocity
2025-06-26 08:00:00,0.2843,North_depth,North_velocity
2025-06-26 09:00:00,0.2873,North_depth,North_velocity
2025-06-26 10:00:00,0.2932,North_depth,North_velocity
2025-06-26 11:00:00,0.2965,North_depth,North_velocity
2025-06-26 12:00:00,0.2991,North_depth,North_velocity
2025-06-26 13:00:00,0.2954,North_depth,North_velocity
2025-06-26 14:00:00,0.3234,North_depth,North_velocity
2025-06-26 15:00:00,0.3486,North_depth,North_velocity
2025-06-26 16:00:00,0.353,North_depth,North_velocity
2025-06-26 17:00:00,0.3556,North_depth,North_velocity
2025-06-26 18:00:00,0.3554,North_depth,North_velocity
2025-06-26 19:00:00,0.374,North_depth,North_velocity
2025-06-27 12:00:00,0.4208,North_depth,North_velocity
2025-06-27 13:00:00,0.4331,North_depth,North_velocity
2025-06-27 14:00:00,0.4382,North_depth,North_velocity
2025-06-27 15:00:00,0.4454,North_depth,North_velocity
2025-06-27 16:00:00,0.4453,North_depth,North_velocity
2025-06-27 17:00:00,0.4618,North_depth,North_velocity
2025-06-27 18:00:00,0.4628,North_depth,North_velocity
2025-06-27 19:00:00,0.4631,North_depth,North_velocity
2025-06-27 20:00:00,0.4579,North_depth,North_velocity
2025-06-27 21:00:00,0.4521,North_depth,North_velocity
2025-06-27 22:00:00,0.452,North_depth,North_velocity
2025-06-27 23:00:00,0.4444,North_depth,North_velocity
2025-06-28 00:00:00,0.4228,North_depth,North_velocity
2025-06-28 07:00:00,0.418,North_depth,North_velocity
2025-06-28 08:00:00,0.4054,North_depth,North_velocity
2025-06-28 09:00:00,0.4024,North_depth,North_velocity
2025-06-28 10:00:00,0.3961,North_depth,North_velocity
2025-06-28 11:00:00,0.3823,North_depth,North_velocity
2025-06-28 12:00:00,0.3609,North_depth,North_velocity
2025-06-28 13:00:00,0.357,North_depth,North_velocity
2025-06-28 14:00:00,0.3578,North_depth,North_velocity
2025-06-28 15:00:00,0.3576,North_depth,North_velocity
2025-06-28 16:00:00,0.3567,North_depth,North_velocity
2025-06-28 17:00:00,0.3564,North_depth,North_velocity
2025-06-28 18:00:00,0.3502,North_depth,North_velocity
2025-06-28 19:00:00,0.3498,North_depth,North_velocity
2025-06-28 20:00:00,0.3488,North_depth,North_velocity
2025-06-28 21:00:00,0.3488,North_depth,North_velocity
2025-06-29 10:00:00,0.3738,North_depth,North_velocity
2025-06-29 11:00:00,0.5078,North_depth,North_velocity
2025-06-29 12:00:00,0.5955,North_depth,North_velocity
2025-06-29 13:00:00,0.6433,North_depth,North_velocity
2025-06-29 14:00:00,0.668,North_depth,North_velocity
2025-06-29 15:00:00,0.6764,North_depth,North_velocity
2025-06-29 16:00:00,0.6748,North_depth,North_velocity
2025-06-29 17:00:00,0.6666,North_depth,North_velocity
2025-06-29 18:00:00,0.6657,North_depth,North_velocity
2025-06-29 19:00:00,0.6627,North_depth,North_velocity
2025-06-29 20:00:00,0.653,North_depth,North_velocity
2025-06-29 21:00:00,0.6525,North_depth,North_velocity
2025-06-29 22:00:00,0.6498,North_depth,North_velocity
2025-06-29 23:00:00,0.6462,North_depth,North_velocity
2025-06-30 00:00:00,0.6425,North_depth,North_velocity
2025-06-30 01:00:00,0.6177,North_depth,North_velocity
2025-06-30 02:00:00,0.5852,North_depth,North_velocity
2025-06-30 03:00:00,0.5652,North_depth,North_velocity
2025-06-30 04:00:00,0.5427,North_depth,North_velocity
2025-06-30 05:00:00,0.5188,North_depth,North_velocity
2025-06-30 06:00:00,0.49,North_depth,North_velocity
2025-06-30 07:00:00,0.5188,North_depth,North_velocity
2025-06-30 08:00:00,0.5379,North_depth,North_velocity
2025-06-30 09:00:00,0.5663,North_depth,North_velocity
2025-06-30 10:00:00,0.6244,North_depth,North_velocity
2025-06-30 11:00:00,0.6623,North_depth,North_velocity
2025-06-30 12:00:00,0.6699,North_depth,North_velocity
2025-06-30 13:00:00,0.6782,North_depth,North_velocity
2025-06-30 14:00:00,0.6971,North_depth,North_velocity
2025-06-30 15:00:00,0.708,North_depth,North_velocity
2025-06-30 16:00:00,0.7177,North_depth,North_velocity
2025-06-30 17:00:00,0.7261,North_depth,North_velocity
2025-06-30 18:00:00,0.7319,North_depth,North_velocity
2025-06-30 19:00:00,0.7351,North_depth,North_velocity
2025-06-30 20:00:00,0.7294,North_depth,North_velocity
2025-06-30 21:00:00,0.716,North_depth,North_velocity
2025-06-30 22:00:00,0.7092,North_depth,North_velocity
2025-06-30 23:00:00,0.6827,North_depth,North_velocity
2025-07-04 11:00:00,0.5411,North_depth,North_velocity
2025-07-04 12:00:00,0.5345,North_depth,North_velocity
2025-07-04 13:00:00,0.5286,North_depth,North_velocity
2025-07-04 14:00:00,0.5232,North_depth,North_velocity
2025-07-04 15:00:00,0.5164,North_depth,North_velocity
2025-07-04 16:00:00,0.5091,North_depth,North_velocity
2025-07-04 17:00:00,0.5053,North_depth,North_velocity
2025-07-04 18:00:00,0.4993,North_depth,North_velocity
2025-07-04 19:00:00,0.4944,North_depth,North_velocity
2025-07-04 20:00:00,0.4885,North_depth,North_velocity
2025-07-05 06:00:00,0.488,North_depth,North_velocity
2025-07-05 07:00:00,0.4877,North_depth,North_velocity
2025-07-05 08:00:00,0.4885,North_depth,North_velocity
2025-07-05 09:00:00,0.4827,North_depth,North_velocity
2025-07-05 10:00:00,0.4792,North_depth,North_velocity
2025-07-05 11:00:00,0.4825,North_depth,North_velocity
2025-07-05 12:00:00,0.4946,North_depth,North_velocity
2025-07-05 13:00:00,0.4937,North_depth,North_velocity
2025-07-05 14:00:00,0.4846,North_depth,North_velocity
2025-07-05 15:00:00,0.4798,North_depth,North_velocity
2025-07-05 16:00:00,0.4765,North_depth,North_velocity
2025-07-05 17:00:00,0.4741,North_depth,North_velocity
2025-07-05 18:00:00,0.4765,North_depth,North_velocity
2025-07-05 19:00:00,0.4779,North_depth,North_velocity
2025-07-05 20:00:00,0.4813,North_depth,North_velocity
2025-07-06 07:00:00,0.413,North_depth,North_velocity
2025-07-06 08:00:00,0.4174,North_depth,North_velocity
2025-07-06 09:00:00,0.4402,North_depth,North_velocity
2025-07-06 10:00:00,0.5022,North_depth,North_velocity
2025-07-06 11:00:00,0.5536,North_depth,North_velocity
2025-07-06 12:00:00,0.5877,North_depth,North_velocity
2025-07-06 13:00:00,0.6115,North_depth,North_velocity
2025-07-06 14:00:00,0.6343,North_depth,North_velocity
2025-07-06 15:00:00,0.6518,North_depth,North_velocity
2025-07-06 16:00:00,0.6476,North_depth,North_velocity
2025-07-06 17:00:00,0.6456,North_depth,North_velocity
2025-07-06 18:00:00,0.648,North_depth,North_velocity
2025-07-06 19:00:00,0.6202,North_depth,North_velocity
2025-07-06 20:00:00,0.6182,North_depth,North_velocity
2025-07-07 06:00:00,0.5995,North_depth,North_velocity
2025-07-07 07:00:00,0.5902,North_depth,North_velocity
2025-07-07 08:00:00,0.5798,North_depth,North_velocity
2025-07-07 09:00:00,0.574,North_depth,North_velocity
2025-07-07 10:00:00,0.5693,North_depth,North_velocity
2025-07-07 11:00:00,0.5626,North_depth,North_velocity
2025-07-07 12:00:00,0.5589,North_depth,North_velocity
2025-07-07 13:00:00,0.5604,North_depth,North_velocity
2025-07-07 14:00:00,0.5658,North_depth,North_velocity
2025-07-07 15:00:00,0.5731,North_depth,North_velocity
2025-07-07 16:00:00,0.5722,North_depth,North_velocity
2025-07-07 17:00:00,0.5662,North_depth,North_velocity
2025-07-07 18:00:00,0.5632,North_depth,North_velocity
2025-07-07 19:00:00,0.5623,North_depth,North_velocity
2025-07-08 12:00:00,0.5979,North_depth,North_velocity
2025-07-08 13:00:00,0.5978,North_depth,North_velocity
2025-07-08 14:00:00,0.5945,North_depth,North_velocity
2025-07-08 15:00:00,0.5913,North_depth,North_velocity
2025-07-08 16:00:00,0.5904,North_depth,North_velocity
2025-07-08 17:00:00,0.5864,North_depth,North_velocity
2025-07-08 18:00:00,0.5863,North_depth,North_velocity
2025-07-08 19:00:00,0.5871,North_depth,North_velocity
2025-07-08 20:00:00,0.5883,North_depth,North_velocity
2025-07-09 06:00:00,0.59,North_depth,North_velocity
2025-07-09 07:00:00,0.5894,North_depth,North_velocity
2025-07-09 08:00:00,0.5851,North_depth,North_velocity
2025-07-09 09:00:00,0.5835,North_depth,North_velocity
2025-07-09 10:00:00,0.5833,North_depth,North_velocity
2025-07-09 11:00:00,0.5832,North_depth,North_velocity
2025-07-09 12:00:00,0.5824,North_depth,North_velocity
2025-07-09 13:00:00,0.5803,North_depth,North_velocity
2025-07-09 14:00:00,0.5793,North_depth,North_velocity
2025-07-09 15:00:00,0.5786,North_depth,North_velocity
2025-07-09 16:00:00,0.5788,North_depth,North_velocity
2025-07-09 17:00:00,0.5793,North_depth,North_velocity
2025-07-09 18:00:00,0.5805,North_depth,North_velocity
2025-07-09 19:00:00,0.582,North_depth,North_velocity
2025-07-09 20:00:00,0.5839,North_depth,North_velocity
2025-07-11 07:00:00,0.5839,North_depth,North_velocity
2025-07-11 08:00:00,0.5828,North_depth,North_velocity
2025-07-11 09:00:00,0.5794,North_depth,North_velocity
2025-07-11 10:00:00,0.5792,North_depth,North_velocity
2025-07-11 11:00:00,0.579,North_depth,North_velocity
2025-07-11 12:00:00,0.5706,North_depth,North_velocity
2025-07-11 13:00:00,0.5671,North_depth,North_velocity
2025-07-11 14:00:00,0.5643,North_depth,North_velocity
2025-07-11 15:00:00,0.5631,North_depth,North_velocity
2025-07-11 16:00:00,0.5579,North_depth,North_velocity
2025-07-11 17:00:00,0.5516,North_depth,North_velocity
2025-07-11 18:00:00,0.5479,North_depth,North_velocity
2025-07-11 19:00:00,0.5441,North_depth,North_velocity
2025-07-12 06:00:00,0.5429,North_depth,North_velocity
2025-07-12 07:00:00,0.5349,North_depth,North_velocity
2025-07-12 08:00:00,0.5273,North_depth,North_velocity
2025-07-12 09:00:00,0.5231,North_depth,North_velocity
2025-07-12 10:00:00,0.5121,North_depth,North_velocity
2025-07-12 11:00:00,0.506,North_depth,North_velocity
2025-07-12 12:00:00,0.4974,North_depth,North_velocity
2025-07-12 13:00:00,0.4926,North_depth,North_velocity
2025-07-12 14:00:00,0.4834,North_depth,North_velocity
2025-07-12 15:00:00,0.4772,North_depth,North_velocity
2025-07-12 16:00:00,0.4702,North_depth,North_velocity
2025-07-12 17:00:00,0.46,North_depth,North_velocity
2025-07-12 18:00:00,0.4533,North_depth,North_velocity
2025-07-12 19:00:00,0.4482,North_depth,North_velocity
2025-07-12 20:00:00,0.4437,North_depth,North_velocity
2025-07-13 07:00:00,0.5017,North_depth,North_velocity
2025-07-13 08:00:00,0.5217,North_depth,North_velocity
2025-07-13 09:00:00,0.5279,North_depth,North_velocity
2025-07-13 10:00:00,0.5112,North_depth,North_velocity
2025-07-13 11:00:00,0.4914,North_depth,North_velocity
2025-07-13 12:00:00,0.4752,North_depth,North_velocity
2025-07-13 13:00:00,0.4678,North_depth,North_velocity
2025-07-13 14:00:00,0.4594,North_depth,North_velocity
2025-07-13 15:00:00,0.4228,North_depth,North_velocity
2025-07-13 16:00:00,0.417,North_depth,North_velocity
2025-07-13 17:00:00,0.3757,North_depth,North_velocity
2025-07-13 18:00:00,0.3565,North_depth,North_velocity
2025-07-13 19:00:00,0.6871,North_depth,North_velocity
2025-07-13 20:00:00,0.7138,North_depth,North_velocity
2025-07-14 07:00:00,0.7152,North_depth,North_velocity
2025-07-14 08:00:00,0.721,North_depth,North_velocity
2025-07-14 09:00:00,0.7193,North_depth,North_velocity
2025-07-14 10:00:00,0.7203,North_depth,North_velocity
2025-07-14 11:00:00,0.7234,North_depth,North_velocity
2025-07-14 12:00:00,0.7305,North_depth,North_velocity
2025-07-14 13:00:00,0.7328,North_depth,North_velocity
2025-07-14 14:00:00,0.7376,North_depth,North_velocity
2025-07-14 15:00:00,0.741,North_depth,North_velocity
2025-07-14 16:00:00,0.7422,North_depth,North_velocity
2025-07-14 17:00:00,0.7471,North_depth,North_velocity
2025-07-14 18:00:00,0.7405,North_depth,North_velocity
2025-07-14 19:00:00,0.7347,North_depth,North_velocity
2025-07-14 20:00:00,0.681,North_depth,North_velocity
2025-07-15 06:00:00,0.6827,North_depth,North_velocity
2025-07-15 07:00:00,0.6826,North_depth,North_velocity
2025-07-15 08:00:00,0.6827,North_depth,North_velocity
2025-07-15 09:00:00,0.6827,North_depth,North_velocity
2025-07-15 10:00:00,0.6829,North_depth,North_velocity
2025-07-15 11:00:00,0.6829,North_depth,North_velocity
2025-07-15 12:00:00,0.6854,North_depth,North_velocity
2025-07-15 13:00:00,0.6795,North_depth,North_velocity
2025-07-15 14:00:00,0.6803,North_depth,North_velocity
2025-07-15 15:00:00,0.6814,North_depth,North_velocity
2025-07-15 16:00:00,0.6798,North_depth,North_velocity
2025-07-15 17:00:00,0.6831,North_depth,North_velocity
2025-07-15 18:00:00,0.678,North_depth,North_velocity
2025-07-15 19:00:00,0.686,North_depth,North_velocity
2025-07-15 20:00:00,0.6878,North_depth,North_velocity
2025-07-16 07:00:00,0.664,North_depth,North_velocity
2025-07-16 08:00:00,0.6686,North_depth,North_velocity
2025-07-16 09:00:00,0.6675,North_depth,North_velocity
2025-07-16 10:00:00,0.6614,North_depth,North_velocity
2025-07-16 11:00:00,0.6552,North_depth,North_velocity
2025-07-16 12:00:00,0.6529,North_depth,North_velocity
2025-07-16 13:00:00,0.6521,North_depth,North_velocity
2025-07-16 14:00:00,0.6456,North_depth,North_velocity
2025-07-16 15:00:00,0.6418,North_depth,North_velocity
2025-07-16 16:00:00,0.6347,North_depth,North_velocity
2025-07-16 17:00:00,0.6248,North_depth,North_velocity
2025-07-16 18:00:00,0.5939,North_depth,North_velocity
2025-07-16 19:00:00,0.2381,North_depth,North_velocity
2025-07-17 07:00:00,0.1789,North_depth,North_velocity
2025-07-17 08:00:00,0.203,North_depth,North_velocity
2025-07-17 09:00:00,0.2265,North_depth,North_velocity
2025-07-17 10:00:00,0.2496,North_depth,North_velocity
2025-07-17 11:00:00,0.2609,North_depth,North_velocity
2025-07-17 12:00:00,0.2712,North_depth,North_velocity
2025-07-17 13:00:00,0.2891,North_depth,North_velocity
2025-07-17 14:00:00,0.3057,North_depth,North_velocity
2025-07-17 15:00:00,0.3183,North_depth,North_velocity
2025-07-17 16:00:00,0.3499,North_depth,North_velocity
2025-07-17 17:00:00,0.3865,North_depth,North_velocity
2025-07-17 18:00:00,0.4035,North_depth,North_velocity
2025-07-17 19:00:00,0.4003,North_depth,North_velocity
2025-07-18 07:00:00,0.3773,North_depth,North_velocity
2025-07-18 08:00:00,0.3772,North_depth,North_velocity
2025-07-18 09:00:00,0.3872,North_depth,North_velocity
2025-07-18 10:00:00,0.3924,North_depth,North_velocity
2025-07-18 11:00:00,0.3968,North_depth,North_velocity
2025-07-18 12:00:00,0.4074,North_depth,North_velocity
2025-07-18 13:00:00,0.4063,North_depth,North_velocity
2025-07-18 14:00:00,0.4067,North_depth,North_velocity
2025-07-18 15:00:00,0.4151,North_depth,North_velocity
2025-07-18 16:00:00,0.4198,North_depth,North_velocity
2025-07-18 17:00:00,0.4248,North_depth,North_velocity
2025-07-18 18:00:00,0.4248,North_depth,North_velocity
2025-07-18 19:00:00,0.4205,North_depth,North_velocity
2025-07-18 20:00:00,0.4203,North_depth,North_velocity
2025-07-19 06:00:00,0.4231,North_depth,North_velocity
2025-07-19 07:00:00,0.4227,North_depth,North_velocity
2025-07-19 08:00:00,0.4212,North_depth,North_velocity
2025-07-19 09:00:00,0.4136,North_depth,North_velocity
2025-07-19 10:00:00,0.4229,North_depth,North_velocity
2025-07-19 11:00:00,0.4229,North_depth,North_velocity
2025-07-19 12:00:00,0.4302,North_depth,North_velocity
2025-07-19 13:00:00,0.4294,North_depth,North_velocity
2025-07-19 14:00:00,0.4427,North_depth,North_velocity
2025-07-19 15:00:00,0.4369,North_depth,North_velocity
2025-07-19 16:00:00,0.4342,North_depth,North_velocity
2025-07-19 17:00:00,0.4411,North_depth,North_velocity
2025-07-19 18:00:00,0.4497,North_depth,North_velocity
2025-07-19 19:00:00,0.4495,North_depth,North_velocity
2025-07-19 20:00:00,0.45,North_depth,North_velocity
2025-07-20 06:00:00,0.4499,North_depth,North_velocity
2025-07-20 07:00:00,0.4516,North_depth,North_velocity
2025-07-20 08:00:00,0.4516,North_depth,North_velocity
2025-07-20 09:00:00,0.4512,North_depth,North_velocity
2025-07-20 10:00:00,0.4511,North_depth,North_velocity
2025-07-20 11:00:00,0.4489,North_depth,North_velocity
2025-07-21 09:00:00,0.1715,North_depth,North_velocity
2025-07-21 10:00:00,0.1354,North_depth,North_velocity
2025-07-21 11:00:00,0.2331,North_depth,North_velocity
2025-07-21 12:00:00,0.3005,North_depth,North_velocity
2025-07-21 13:00:00,0.3709,North_depth,North_velocity
2025-07-21 14:00:00,0.4246,North_depth,North_velocity
2025-07-21 15:00:00,0.4801,North_depth,North_velocity
2025-07-21 16:00:00,0.5263,North_depth,North_velocity
2025-07-21 17:00:00,0.5633,North_depth,North_velocity
2025-07-21 18:00:00,0.5893,North_depth,North_velocity
2025-07-21 19:00:00,0.6008,North_depth,North_velocity
2025-07-21 20:00:00,0.6123,North_depth,North_velocity
2025-07-22 07:00:00,0.612,North_depth,North_velocity
2025-07-22 08:00:00,0.6138,North_depth,North_velocity
2025-07-22 09:00:00,0.6392,North_depth,North_velocity
2025-07-22 10:00:00,0.6646,North_depth,North_velocity
2025-07-22 11:00:00,0.6496,North_depth,North_velocity
2025-07-22 12:00:00,0.6446,North_depth,North_velocity
2025-07-22 13:00:00,0.6367,North_depth,North_velocity
2025-07-22 14:00:00,0.6158,North_depth,North_velocity
2025-07-22 15:00:00,0.6071,North_depth,North_velocity
2025-07-22 16:00:00,0.5934,North_depth,North_velocity
2025-07-22 17:00:00,0.5804,North_depth,North_velocity
2025-07-22 18:00:00,0.5695,North_depth,North_velocity
2025-07-22 19:00:00,0.5642,North_depth,North_velocity
2025-07-23 07:00:00,0.5562,North_depth,North_velocity
2025-07-23 08:00:00,0.5512,North_depth,North_velocity
2025-07-23 09:00:00,0.5465,North_depth,North_velocity
2025-07-23 10:00:00,0.5421,North_depth,North_velocity
2025-07-23 11:00:00,0.5283,North_depth,North_velocity
2025-07-23 12:00:00,0.527,North_depth,North_velocity
2025-07-23 13:00:00,0.5243,North_depth,North_velocity
2025-07-23 14:00:00,0.5176,North_depth,North_velocity
2025-07-23 15:00:00,0.5084,North_depth,North_velocity
2025-07-23 16:00:00,0.4938,North_depth,North_velocity
2025-07-23 17:00:00,0.4875,North_depth,North_velocity
2025-07-23 18:00:00,0.4786,North_depth,North_velocity
2025-07-23 19:00:00,0.5018,North_depth,North_velocity
2025-07-23 20:00:00,0.4982,North_depth,North_velocity
2025-07-24 06:00:00,0.4937,North_depth,North_velocity
2025-07-24 07:00:00,0.4888,North_depth,North_velocity
2025-07-24 08:00:00,0.4868,North_depth,North_velocity
2025-07-24 09:00:00,0.4913,North_depth,North_velocity
2025-07-24 10:00:00,0.4957,North_depth,North_velocity
2025-07-24 11:00:00,0.4941,North_depth,North_velocity
2025-07-24 12:00:00,0.4925,North_depth,North_velocity
2025-07-24 13:00:00,0.4923,North_depth,North_velocity
2025-07-24 14:00:00,0.4968,North_depth,North_velocity
2025-07-24 15:00:00,0.5011,North_depth,North_velocity
2025-07-24 16:00:00,0.5065,North_depth,North_velocity
2025-07-24 17:00:00,0.5086,North_depth,North_velocity
2025-07-24 18:00:00,0.513,North_depth,North_velocity
2025-07-24 19:00:00,0.515,North_depth,North_velocity
2025-07-24 20:00:00,0.5182,North_depth,North_velocity
2025-07-26 11:00:00,0.4899,North_depth,North_velocity
2025-07-26 12:00:00,0.4931,North_depth,North_velocity
2025-07-26 13:00:00,0.4971,North_depth,North_velocity
2025-07-26 17:00:00,0.4734,North_depth,North_velocity
2025-07-27 07:00:00,0.4448,North_depth,North_velocity
2025-07-27 12:00:00,0.4265,North_depth,North_velocity
2025-07-27 13:00:00,0.4395,North_depth,North_velocity
2025-07-27 14:00:00,0.4495,North_depth,North_velocity
2025-07-27 15:00:00,0.46,North_depth,North_velocity
2025-07-27 16:00:00,0.4706,North_depth,North_velocity
2025-07-27 17:00:00,0.4785,North_depth,North_velocity
2025-07-27 18:00:00,0.4872,North_depth,North_velocity
2025-07-27 19:00:00,0.4937,North_depth,North_velocity
2025-07-27 20:00:00,0.4998,North_depth,North_velocity
2025-07-28 08:00:00,0.5052,North_depth,North_velocity
2025-07-28 09:00:00,0.5669,North_depth,North_velocity
2025-07-28 10:00:00,0.6039,North_depth,North_velocity
2025-07-28 11:00:00,0.607,North_depth,North_velocity
2025-07-28 12:00:00,0.6152,North_depth,North_velocity
2025-07-28 13:00:00,0.6233,North_depth,North_velocity
2025-07-28 14:00:00,0.6328,North_depth,North_velocity
2025-07-28 15:00:00,0.6336,North_depth,North_velocity
2025-07-28 16:00:00,0.6314,North_depth,North_velocity
2025-07-28 17:00:00,0.6194,North_depth,North_velocity
2025-07-28 18:00:00,0.6143,North_depth,North_velocity
2025-07-28 19:00:00,0.6195,North_depth,North_velocity
2025-07-29 10:00:00,0.4943,North_depth,North_velocity
2025-07-29 11:00:00,0.4982,North_depth,North_velocity
2025-07-29 12:00:00,0.5329,North_depth,North_velocity
2025-07-29 13:00:00,0.5744,North_depth,North_velocity
2025-07-29 14:00:00,0.6238,North_depth,North_velocity
2025-07-29 15:00:00,0.6584,North_depth,North_velocity
2025-07-29 16:00:00,0.6896,North_depth,North_velocity
2025-07-29 17:00:00,0.7182,North_depth,North_velocity
2025-07-29 18:00:00,0.7302,North_depth,North_velocity
2025-07-29 19:00:00,0.723,North_depth,North_velocity
2025-07-29 20:00:00,0.7163,North_depth,North_velocity
2025-07-30 07:00:00,0.6836,North_depth,North_velocity
2025-07-30 08:00:00,0.6992,North_depth,North_velocity
2025-07-30 09:00:00,0.7107,North_depth,North_velocity
2025-07-30 10:00:00,0.7232,North_depth,North_velocity
2025-07-30 11:00:00,0.7394,North_depth,North_velocity
2025-07-30 12:00:00,0.7491,North_depth,North_velocity
2025-07-30 13:00:00,0.7572,North_depth,North_velocity
2025-07-30 14:00:00,0.7631,North_depth,North_velocity
2025-07-30 15:00:00,0.7707,North_depth,North_velocity
2025-07-30 16:00:00,0.7812,North_depth,North_velocity
2025-07-30 17:00:00,0.7883,North_depth,North_velocity
2025-07-30 18:00:00,0.7931,North_depth,North_velocity
2025-07-30 19:00:00,0.7888,North_depth,North_velocity
2025-07-31 07:00:00,0.7123,North_depth,North_velocity
2025-07-31 08:00:00,0.7231,North_depth,North_velocity
2025-07-31 09:00:00,0.73,North_depth,North_velocity
2025-07-31 10:00:00,0.7347,North_depth,North_velocity
2025-07-31 11:00:00,0.7431,North_depth,North_velocity
2025-07-31 12:00:00,0.7501,North_depth,North_velocity
2025-07-31 13:00:00,0.7556,North_depth,North_velocity
2025-07-31 14:00:00,0.7572,North_depth,North_velocity
2025-07-31 15:00:00,0.7583,North_depth,North_velocity
2025-07-31 16:00:00,0.7607,North_depth,North_velocity
2025-07-31 17:00:00,0.7622,North_depth,North_velocity
2025-07-31 18:00:00,0.7462,North_depth,North_velocity
2025-07-31 19:00:00,0.7339,North_depth,North_velocity
2025-07-31 20:00:00,0.7187,North_depth,North_velocity
2025-08-01 06:00:00,0.711,North_depth,North_velocity
2025-08-01 07:00:00,0.6698,North_depth,North_velocity
2025-08-01 08:00:00,0.6712,North_depth,North_velocity
2025-08-01 09:00:00,0.6726,North_depth,North_velocity
2025-08-01 10:00:00,0.6693,North_depth,North_velocity
2025-08-01 11:00:00,0.6703,North_depth,North_velocity
2025-08-01 12:00:00,0.6713,North_depth,North_velocity
2025-08-01 16:00:00,0.66,North_depth,North_velocity
2025-08-01 17:00:00,0.6423,North_depth,North_velocity
2025-08-01 18:00:00,0.6201,North_depth,North_velocity
2025-08-01 19:00:00,0.5969,North_depth,North_velocity
2025-08-02 07:00:00,0.535,North_depth,North_velocity
2025-08-02 08:00:00,0.5395,North_depth,North_velocity
2025-08-02 09:00:00,0.5441,North_depth,North_velocity
2025-08-06 18:00:00,-0.2554,North_depth,North_velocity
2025-08-06 19:00:00,-0.2573,North_depth,North_velocity
2025-08-07 06:00:00,-0.2611,North_depth,North_velocity
2025-08-07 07:00:00,-0.2632,North_depth,North_velocity
2025-08-07 08:00:00,-0.2974,North_depth,North_velocity
2025-08-07 09:00:00,-0.3349,North_depth,North_velocity
2025-08-07 10:00:00,-0.3381,North_depth,North_velocity
2025-08-07 11:00:00,-0.3442,North_depth,North_velocity
2025-08-07 12:00:00,-0.3621,North_depth,North_velocity
2025-08-07 13:00:00,-0.3727,North_depth,North_velocity
2025-08-07 14:00:00,-0.382,North_depth,North_velocity
2025-08-07 15:00:00,-0.3985,North_depth,North_velocity
2025-08-07 16:00:00,-0.4025,North_depth,North_velocity
2025-08-07 17:00:00,-0.4062,North_depth,North_velocity
2025-08-07 18:00:00,-0.4244,North_depth,North_velocity
2025-08-07 19:00:00,-0.4291,North_depth,North_velocity
2025-08-09 07:00:00,-0.3474,North_depth,North_velocity
2025-08-09 08:00:00,-0.3809,North_depth,North_velocity
2025-08-09 09:00:00,-0.3563,North_depth,North_velocity
2025-08-09 10:00:00,-0.3783,North_depth,North_velocity
2025-08-09 11:00:00,-0.3944,North_depth,North_velocity
2025-08-09 12:00:00,-0.3396,North_depth,North_velocity
2025-08-09 13:00:00,-0.351,North_depth,North_velocity
2025-08-09 14:00:00,-0.3609,North_depth,North_velocity
2025-08-09 15:00:00,-0.3454,North_depth,North_velocity
2025-08-09 16:00:00,-0.3485,North_depth,North_velocity
2025-08-09 17:00:00,-0.3523,North_depth,North_velocity
2025-08-09 18:00:00,-0.3419,North_depth,North_velocity
2025-08-09 19:00:00,-0.3048,North_depth,North_velocity
2025-08-10 06:00:00,-0.2663,North_depth,North_velocity
2025-08-10 07:00:00,-0.272,North_depth,North_velocity
2025-08-10 08:00:00,-0.2661,North_depth,North_velocity
2025-08-10 09:00:00,-0.2259,North_depth,North_velocity
2025-08-10 10:00:00,-0.2043,North_depth,North_velocity
2025-08-10 11:00:00,-0.2142,North_depth,North_velocity
2025-08-10 12:00:00,-0.1589,North_depth,North_velocity
2025-08-10 13:00:00,-0.1419,North_depth,North_velocity
2025-08-10 14:00:00,-0.1203,North_depth,North_velocity
2025-08-10 15:00:00,-0.1154,North_depth,North_velocity
2025-08-10 16:00:00,-0.1157,North_depth,North_velocity
2025-08-10 17:00:00,-0.1,North_depth,North_velocity
2025-08-10 18:00:00,-0.075,North_depth,North_velocity
2025-08-10 19:00:00,-0.0533,North_depth,North_velocity
2025-08-11 07:00:00,-0.0165,North_depth,North_velocity
2025-08-11 08:00:00,0.0052,North_depth,North_velocity
2025-08-11 09:00:00,0.0159,North_depth,North_velocity
2025-08-11 10:00:00,0.0205,North_depth,North_velocity
2025-08-11 11:00:00,0.0345,North_depth,North_velocity
2025-08-11 12:00:00,0.0415,North_depth,North_velocity
2025-08-11 13:00:00,0.048,North_depth,North_velocity
2025-08-11 14:00:00,0.0564,North_depth,North_velocity
2025-08-11 15:00:00,0.0918,North_depth,North_velocity
2025-08-11 16:00:00,0.1092,North_depth,North_velocity
2025-08-11 17:00:00,0.1304,North_depth,North_velocity
2025-08-11 18:00:00,0.1415,North_depth,North_velocity
2025-08-11 19:00:00,0.1437,North_depth,North_velocity
2025-08-12 08:00:00,0.1445,North_depth,North_velocity
2025-08-12 09:00:00,0.1444,North_depth,North_velocity
2025-08-12 10:00:00,0.1409,North_depth,North_velocity
2025-08-12 11:00:00,0.1421,North_depth,North_velocity
2025-08-12 12:00:00,0.14,North_depth,North_velocity
2025-08-12 13:00:00,0.1413,North_depth,North_velocity
2025-08-12 14:00:00,0.1408,North_depth,North_velocity
2025-08-12 15:00:00,0.1374,North_depth,North_velocity
2025-08-12 16:00:00,0.133,North_depth,North_velocity
2025-08-12 17:00:00,0.1307,North_depth,North_velocity
2025-08-12 18:00:00,0.1309,North_depth,North_velocity
2025-08-12 19:00:00,0.1322,North_depth,North_velocity
2025-08-13 08:00:00,0.1564,North_depth,North_velocity
2025-08-13 09:00:00,0.1741,North_depth,North_velocity
2025-08-13 10:00:00,0.1703,North_depth,North_velocity
2025-08-13 11:00:00,0.1589,North_depth,North_velocity
2025-08-13 12:00:00,0.1694,North_depth,North_velocity
2025-08-13 13:00:00,0.1662,North_depth,North_velocity
2025-08-13 14:00:00,0.1613,North_depth,North_velocity
2025-08-13 15:00:00,0.1575,North_depth,North_velocity
2025-08-13 16:00:00,0.1549,North_depth,North_velocity
2025-08-13 17:00:00,0.154,North_depth,North_velocity
2025-08-13 18:00:00,0.3605,North_depth,North_velocity
2025-08-13 19:00:00,0.452,North_depth,North_velocity
2025-08-18 13:00:00,0.0687,North_depth,North_velocity
2025-08-18 14:00:00,0.0617,North_depth,North_velocity
2025-08-18 15:00:00,0.0153,North_depth,North_velocity
2025-08-18 16:00:00,0.0203,North_depth,North_velocity
2025-08-18 17:00:00,-0.0242,North_depth,North_velocity
2025-08-18 18:00:00,-0.0624,North_depth,North_velocity
2025-08-18 19:00:00,-0.1304,North_depth,North_velocity
2025-08-19 06:00:00,-0.2157,North_depth,North_velocity
2025-08-19 07:00:00,-0.1951,North_depth,North_velocity
2025-08-19 08:00:00,-0.1834,North_depth,North_velocity
2025-08-19 09:00:00,-0.2003,North_depth,North_velocity
2025-08-19 10:00:00,-0.1764,North_depth,North_velocity
2025-08-19 11:00:00,-0.1617,North_depth,North_velocity
2025-08-19 12:00:00,-0.1191,North_depth,North_velocity
2025-08-19 13:00:00,-0.0611,North_depth,North_velocity
2025-08-19 14:00:00,-0.0496,North_depth,North_velocity
2025-08-19 15:00:00,-0.0234,North_depth,North_velocity
2025-08-19 16:00:00,0.0176,North_depth,North_velocity
2025-08-19 17:00:00,0.0627,North_depth,North_velocity
2025-08-19 18:00:00,0.1018,North_depth,North_velocity
2025-08-19 19:00:00,0.0971,North_depth,North_velocity
2025-08-20 06:00:00,-0.0484,North_depth,North_velocity
2025-08-20 07:00:00,-0.0778,North_depth,North_velocity
2025-08-20 08:00:00,-0.1102,North_depth,North_velocity
2025-08-20 09:00:00,-0.2974,North_depth,North_velocity
2025-08-20 10:00:00,-0.2687,North_depth,North_velocity
2025-08-20 11:00:00,-0.2127,North_depth,North_velocity
2025-08-20 12:00:00,-0.2945,North_depth,North_velocity
2025-08-20 13:00:00,-0.2655,North_depth,North_velocity
2025-08-20 14:00:00,-0.2301,North_depth,North_velocity
2025-08-20 15:00:00,-0.1898,North_depth,North_velocity
2025-08-20 16:00:00,-0.1669,North_depth,North_velocity
2025-08-20 17:00:00,-0.1555,North_depth,North_velocity
2025-08-20 18:00:00,-0.1452,North_depth,North_velocity
2025-08-20 19:00:00,-0.3552,North_depth,North_velocity
2025-08-21 06:00:00,-0.3589,North_depth,North_velocity
2025-08-21 07:00:00,-0.3714,North_depth,North_velocity
2025-08-21 08:00:00,-0.3868,North_depth,North_velocity
2025-08-21 09:00:00,-0.3956,North_depth,North_velocity
2025-08-21 10:00:00,-0.3982,North_depth,North_velocity
2025-08-21 11:00:00,-0.4077,North_depth,North_velocity
2025-08-21 12:00:00,-0.4166,North_depth,North_velocity
2025-08-21 13:00:00,-0.4297,North_depth,North_velocity
2025-08-21 14:00:00,-0.4192,North_depth,North_velocity
2025-08-21 16:00:00,-0.3288,North_depth,North_velocity
2025-08-21 17:00:00,-0.3413,North_depth,North_velocity
2025-08-21 18:00:00,-0.3497,North_depth,North_velocity
2025-08-21 19:00:00,-0.3534,North_depth,North_velocity
2025-08-22 06:00:00,-0.3287,North_depth,North_velocity
2025-08-22 07:00:00,-0.3511,North_depth,North_velocity
2025-08-22 08:00:00,-0.3761,North_depth,North_velocity
2025-08-22 09:00:00,-0.3863,North_depth,North_velocity
2025-08-22 10:00:00,-0.3917,North_depth,North_velocity
2025-08-22 11:00:00,-0.4093,North_depth,North_velocity
2025-08-22 12:00:00,-0.4227,North_depth,North_velocity
2025-08-22 13:00:00,-0.4281,North_depth,North_velocity
2025-08-22 14:00:00,-0.4121,North_depth,North_velocity
2025-08-22 15:00:00,-0.4092,North_depth,North_velocity
2025-08-23 06:00:00,-0.3489,North_depth,North_velocity
2025-08-23 07:00:00,-0.3529,North_depth,North_velocity
2025-08-23 08:00:00,-0.3584,North_depth,North_velocity
2025-08-23 09:00:00,-0.369,North_depth,North_velocity
2025-08-23 10:00:00,-0.3774,North_depth,North_velocity
2025-08-23 11:00:00,-0.388,North_depth,North_velocity
2025-08-23 12:00:00,-0.3964,North_depth,North_velocity
2025-08-23 13:00:00,-0.405,North_depth,North_velocity
2025-08-23 14:00:00,-0.4111,North_depth,North_velocity
2025-08-23 15:00:00,-0.4106,North_depth,North_velocity
2025-08-23 16:00:00,-0.4211,North_depth,North_velocity
2025-08-23 17:00:00,-0.4286,North_depth,North_velocity
2025-08-23 18:00:00,-0.4238,North_depth,North_velocity
2025-08-23 19:00:00,-0.4042,North_depth,North_velocity
2025-08-24 06:00:00,-0.2554,North_depth,North_velocity
2025-08-24 07:00:00,-0.1419,North_depth,North_velocity
2025-08-24 08:00:00,-0.0821,North_depth,North_velocity
2025-08-24 09:00:00,-0.0441,North_depth,North_velocity
2025-08-24 10:00:00,-0.0142,North_depth,North_velocity
2025-08-24 11:00:00,0.0117,North_depth,North_velocity
2025-08-24 12:00:00,0.0221,North_depth,North_velocity
2025-08-24 13:00:00,0.0278,North_depth,North_velocity
2025-08-24 14:00:00,0.0447,North_depth,North_velocity
2025-08-24 15:00:00,0.065,North_depth,North_velocity
2025-08-24 16:00:00,0.0944,North_depth,North_velocity
2025-08-24 17:00:00,-0.0053,North_depth,North_velocity
2025-08-24 18:00:00,-0.0853,North_depth,North_velocity
2025-08-24 19:00:00,-0.1818,North_depth,North_velocity
2025-08-25 06:00:00,-0.187,North_depth,North_velocity
2025-08-25 07:00:00,-0.1913,North_depth,North_velocity
2025-08-25 08:00:00,-0.193,North_depth,North_velocity
2025-08-25 09:00:00,-0.199,North_depth,North_velocity
2025-08-25 10:00:00,-0.2072,North_depth,North_velocity
2025-08-25 11:00:00,-0.221,North_depth,North_velocity
2025-08-25 12:00:00,-0.2257,North_depth,North_velocity
2025-08-25 13:00:00,-0.2325,North_depth,North_velocity
2025-08-25 14:00:00,-0.2484,North_depth,North_velocity
2025-08-25 15:00:00,-0.2544,North_depth,North_velocity
2025-08-25 16:00:00,-0.2675,North_depth,North_velocity
2025-08-25 17:00:00,-0.2794,North_depth,North_velocity
2025-08-25 18:00:00,-0.2945,North_depth,North_velocity
2025-08-25 19:00:00,-0.3102,North_depth,North_velocity
2025-08-26 06:00:00,-0.3183,North_depth,North_velocity
2025-08-26 07:00:00,-0.3293,North_depth,North_velocity
2025-08-26 08:00:00,-0.339,North_depth,North_velocity
2025-08-26 09:00:00,-0.3421,North_depth,North_velocity
2025-08-26 10:00:00,-0.3453,North_depth,North_velocity
2025-08-26 11:00:00,-0.3461,North_depth,North_velocity
2025-08-26 12:00:00,-0.3452,North_depth,North_velocity
2025-08-26 13:00:00,-0.346,North_depth,North_velocity
2025-08-26 14:00:00,-0.3465,North_depth,North_velocity
2025-08-26 15:00:00,-0.3467,North_depth,North_velocity
2025-08-26 16:00:00,-0.3487,North_depth,North_velocity
2025-08-26 17:00:00,-0.3456,North_depth,North_velocity
2025-08-26 18:00:00,-0.345,North_depth,North_velocity
2025-08-27 10:00:00,-0.361,North_depth,North_velocity
2025-08-27 11:00:00,-0.3689,North_depth,North_velocity
2025-08-27 12:00:00,-0.3683,North_depth,North_velocity
2025-08-27 13:00:00,-0.3759,North_depth,North_velocity
2025-08-27 14:00:00,-0.3809,North_depth,North_velocity
2025-08-27 15:00:00,-0.3898,North_depth,North_velocity
2025-08-27 16:00:00,-0.399,North_depth,North_velocity
2025-08-27 17:00:00,-0.4077,North_depth,North_velocity
2025-08-27 18:00:00,-0.4136,North_depth,North_velocity
2025-08-27 19:00:00,-0.4102,North_depth,North_velocity
2025-08-28 10:00:00,-0.4263,North_depth,North_velocity
2025-08-28 11:00:00,-0.4284,North_depth,North_velocity
2025-08-28 12:00:00,-0.4315,North_depth,North_velocity
2025-08-28 13:00:00,-0.4316,North_depth,North_velocity
2025-08-28 14:00:00,-0.4326,North_depth,North_velocity
2025-08-28 15:00:00,-0.4327,North_depth,North_velocity
2025-08-28 16:00:00,-0.4296,North_depth,North_velocity
2025-08-28 17:00:00,-0.4319,North_depth,North_velocity
2025-08-28 18:00:00,-0.4375,North_depth,North_velocity
2025-08-28 19:00:00,-0.438,North_depth,North_velocity
2025-08-29 10:00:00,-0.4241,North_depth,North_velocity
2025-08-29 11:00:00,-0.4148,North_depth,North_velocity
2025-08-29 12:00:00,-0.4017,North_depth,North_velocity
2025-08-29 13:00:00,-0.3953,North_depth,North_velocity
2025-08-29 14:00:00,-0.3934,North_depth,North_velocity
2025-08-29 15:00:00,-0.3885,North_depth,North_velocity
2025-08-29 16:00:00,-0.3843,North_depth,North_velocity
2025-08-29 17:00:00,-0.3797,North_depth,North_velocity
2025-08-29 18:00:00,-0.3808,North_depth,North_velocity
2025-08-30 10:00:00,-0.3596,North_depth,North_velocity
2025-08-30 11:00:00,-0.3551,North_depth,North_velocity
2025-08-30 12:00:00,-0.3487,North_depth,North_velocity
2025-08-31 10:00:00,-0.4582,North_depth,North_velocity
2025-08-31 11:00:00,-0.4814,North_depth,North_velocity
2025-08-31 12:00:00,-0.4864,North_depth,North_velocity
2025-08-31 13:00:00,-0.4969,North_depth,North_velocity
2025-08-31 14:00:00,-0.5195,North_depth,North_velocity
2025-08-31 15:00:00,-0.5446,North_depth,North_velocity
2025-08-31 16:00:00,-0.5835,North_depth,North_velocity
2025-08-31 17:00:00,-0.5865,North_depth,North_velocity
2025-09-02 15:00:00,-0.4092,North_depth,North_velocity
2025-09-02 16:00:00,-0.4031,North_depth,North_velocity
2025-09-02 17:00:00,-0.3981,North_depth,North_velocity
2025-09-02 18:00:00,-0.3625,North_depth,North_velocity
2025-09-03 10:00:00,-0.3597,North_depth,North_velocity
2025-09-03 11:00:00,-0.3459,North_depth,North_velocity
2025-09-03 12:00:00,-0.3415,North_depth,North_velocity
2025-09-03 13:00:00,-0.3398,North_depth,North_velocity
2025-09-03 14:00:00,-0.3433,North_depth,North_velocity
2025-09-03 15:00:00,-0.3417,North_depth,North_velocity
2025-09-03 16:00:00,-0.3334,North_depth,North_velocity
2025-09-03 17:00:00,-0.3277,North_depth,North_velocity
2025-09-03 18:00:00,-0.3209,North_depth,North_velocity
2025-09-03 19:00:00,-0.3101,North_depth,North_velocity
2025-09-04 10:00:00,-0.3376,North_depth,North_velocity
2025-09-04 11:00:00,-0.354,North_depth,North_velocity
2025-09-04 12:00:00,-0.3637,North_depth,North_velocity
2025-09-04 13:00:00,-0.3753,North_depth,North_velocity
2025-09-04 14:00:00,-0.3725,North_depth,North_velocity
2025-09-04 15:00:00,-0.3713,North_depth,North_velocity
2025-09-04 16:00:00,-0.4135,North_depth,North_velocity
2025-09-04 17:00:00,-0.4371,North_depth,North_velocity
2025-09-04 18:00:00,-0.3924,North_depth,North_velocity
2025-09-05 10:00:00,-0.4324,North_depth,North_velocity
2025-09-05 11:00:00,-0.4981,North_depth,North_velocity
2025-09-05 12:00:00,-0.5871,North_depth,North_velocity
2025-09-05 13:00:00,-0.6028,North_depth,North_velocity
2025-09-05 14:00:00,-0.6033,North_depth,North_velocity
2025-09-05 15:00:00,-0.6365,North_depth,North_velocity
2025-09-05 16:00:00,-0.717,North_depth,North_velocity
2025-09-05 17:00:00,-0.8,North_depth,North_velocity
2025-09-05 18:00:00,-0.7909,North_depth,North_velocity
2025-09-05 19:00:00,-0.6179,North_depth,North_velocity
2025-09-06 10:00:00,-0.6361,North_depth,North_velocity
2025-09-06 11:00:00,-0.6548,North_depth,North_velocity
2025-09-06 12:00:00,-0.6698,North_depth,North_velocity
2025-09-06 13:00:00,-0.6569,North_depth,North_velocity
2025-09-06 14:00:00,-0.664,North_depth,North_velocity
2025-09-06 15:00:00,-0.6737,North_depth,North_velocity
2025-09-06 16:00:00,-0.6823,North_depth,North_velocity
2025-09-06 17:00:00,-0.6847,North_depth,North_velocity
2025-09-06 18:00:00,-0.6587,North_depth,North_velocity
2025-09-06 19:00:00,-0.6024,North_depth,North_velocity
2025-09-07 10:00:00,-0.5794,North_depth,North_velocity
2025-09-07 11:00:00,-0.5936,North_depth,North_velocity
2025-09-07 12:00:00,-0.6066,North_depth,North_velocity
2025-09-07 13:00:00,-0.609,North_depth,North_velocity
2025-09-07 14:00:00,-0.6059,North_depth,North_velocity
2025-09-07 15:00:00,-0.6172,North_depth,North_velocity
2025-09-07 16:00:00,-0.6277,North_depth,North_velocity
2025-09-07 17:00:00,-0.6365,North_depth,North_velocity
2025-09-07 18:00:00,-0.5833,North_depth,North_velocity
2025-09-08 10:00:00,-0.5972,North_depth,North_velocity
2025-09-08 11:00:00,-0.6094,North_depth,North_velocity
2025-09-08 12:00:00,-0.6201,North_depth,North_velocity
2025-09-08 13:00:00,-0.6237,North_depth,North_velocity
2025-09-08 14:00:00,-0.6297,North_depth,North_velocity
2025-09-08 15:00:00,-0.6347,North_depth,North_velocity
2025-09-08 16:00:00,-0.623,North_depth,North_velocity
2025-09-08 17:00:00,-0.6272,North_depth,North_velocity
2025-09-08 18:00:00,-0.6081,North_depth,North_velocity
2025-09-09 10:00:00,-0.6052,North_depth,North_velocity
2025-09-09 11:00:00,-0.6117,North_depth,North_velocity
2025-09-09 12:00:00,-0.6182,North_depth,North_velocity
2025-09-09 13:00:00,-0.6167,North_depth,North_velocity
2025-09-09 14:00:00,-0.6088,North_depth,North_velocity
2025-09-09 15:00:00,-0.6062,North_depth,North_velocity
2025-09-09 16:00:00,-0.6022,North_depth,North_velocity
2025-09-09 17:00:00,-0.5789,North_depth,North_velocity
2025-09-09 18:00:00,-0.5199,North_depth,North_velocity
2025-09-09 19:00:00,-0.4234,North_depth,North_velocity
2025-09-10 10:00:00,-0.4205,North_depth,North_velocity
2025-09-10 11:00:00,-0.4142,North_depth,North_velocity
2025-09-10 12:00:00,-0.4103,North_depth,North_velocity
2025-09-10 15:00:00,-0.3814,North_depth,North_velocity
2025-09-11 10:00:00,-0.3246,North_depth,North_velocity
2025-09-11 11:00:00,-0.3174,North_depth,North_velocity
2025-09-11 12:00:00,-0.3056,North_depth,North_velocity
2025-09-11 13:00:00,-0.277,North_depth,North_velocity
2025-09-12 10:00:00,-0.0079,North_depth,North_velocity
2025-09-12 11:00:00,-0.0512,North_depth,North_velocity
2025-09-12 12:00:00,-0.1104,North_depth,North_velocity
2025-09-12 13:00:00,-0.0785,North_depth,North_velocity
2025-09-12 14:00:00,-0.0821,North_depth,North_velocity
2025-09-12 15:00:00,-0.0903,North_depth,North_velocity
2025-09-12 16:00:00,-0.1314,North_depth,North_velocity
2025-09-12 17:00:00,-0.1784,North_depth,North_velocity
2025-09-12 18:00:00,-0.0898,North_depth,North_velocity
2025-09-13 10:00:00,0.0668,North_depth,North_velocity
2025-09-13 11:00:00,0.028,North_depth,North_velocity
2025-09-13 12:00:00,-0.0042,North_depth,North_velocity
2025-09-13 13:00:00,0.0065,North_depth,North_velocity
2025-09-13 14:00:00,-0.0134,North_depth,North_velocity
2025-09-13 15:00:00,-0.0389,North_depth,North_velocity
2025-09-13 16:00:00,-0.0691,North_depth,North_velocity
2025-09-13 17:00:00,-0.057,North_depth,North_velocity
2025-09-13 18:00:00,0.0506,North_depth,North_velocity
2025-09-21 13:00:00,-1.0,North_depth,North_velocity
2025-09-21 14:00:00,0.4246,North_depth,North_velocity
2025-09-21 15:00:00,0.5294,North_depth,North_velocity
2025-09-21 16:00:00,0.2792,North_depth,North_velocity
2025-09-21 17:00:00,0.2361,North_depth,North_velocity
2025-09-21 18:00:00,0.3063,North_depth,North_velocity
2025-09-22 10:00:00,0.3029,North_depth,North_velocity
2025-09-22 11:00:00,0.3104,North_depth,North_velocity
2025-09-22 12:00:00,0.2828,North_depth,North_velocity
2025-09-22 13:00:00,0.3896,North_depth,North_velocity
2025-09-22 14:00:00,0.2443,North_depth,North_velocity
2025-09-22 15:00:00,0.0532,North_depth,North_velocity
2025-09-22 16:00:00,-0.0205,North_depth,North_velocity
2025-09-22 17:00:00,-0.0212,North_depth,North_velocity
2025-09-22 18:00:00,-0.0363,North_depth,North_velocity
2025-09-23 10:00:00,-0.0456,North_depth,North_velocity
2025-09-23 11:00:00,-0.1083,North_depth,North_velocity
2025-09-23 12:00:00,-0.1214,North_depth,North_velocity
2025-09-23 13:00:00,-0.0928,North_depth,North_velocity
2025-09-23 14:00:00,-0.0587,North_depth,North_velocity
2025-09-23 15:00:00,-0.0901,North_depth,North_velocity
2025-09-23 16:00:00,-0.1366,North_depth,North_velocity
2025-09-23 17:00:00,-0.1365,North_depth,North_velocity
2025-09-23 18:00:00,0.0261,North_depth,North_velocity
2025-09-24 10:00:00,0.043,North_depth,North_velocity
2025-09-24 11:00:00,0.0173,North_depth,North_velocity
2025-09-24 12:00:00,0.0028,North_depth,North_velocity
2025-09-24 13:00:00,0.0152,North_depth,North_velocity
2025-09-24 14:00:00,0.0192,North_depth,North_velocity
2025-09-24 15:00:00,0.0047,North_depth,North_velocity
2025-09-24 16:00:00,-0.0268,North_depth,North_velocity
2025-09-24 17:00:00,0.0162,North_depth,North_velocity
2025-09-24 18:00:00,-0.0105,North_depth,North_velocity
2025-09-25 10:00:00,-0.0109,North_depth,North_velocity
2025-09-25 11:00:00,-0.0171,North_depth,North_velocity
2025-09-25 12:00:00,-0.0376,North_depth,North_velocity
2025-09-25 13:00:00,-0.0279,North_depth,North_velocity
2025-09-25 14:00:00,-0.0278,North_depth,North_velocity
2025-09-25 15:00:00,-0.0443,North_depth,North_velocity
2025-09-25 16:00:00,-0.0533,North_depth,North_velocity
2025-09-25 17:00:00,-0.0525,North_depth,North_velocity
2025-09-25 18:00:00,-0.0414,North_depth,North_velocity
2025-09-26 10:00:00,-0.0353,North_depth,North_velocity
2025-09-26 11:00:00,-0.0362,North_depth,North_velocity
2025-09-26 12:00:00,-0.0484,North_depth,North_velocity
2025-09-26 13:00:00,-0.032,North_depth,North_velocity
2025-09-26 14:00:00,-0.036,North_depth,North_velocity
2025-09-26 15:00:00,-0.049,North_depth,North_velocity
2025-09-28 06:00:00,-0.0391,North_depth,North_velocity
2025-09-28 07:00:00,-0.0058,North_depth,North_velocity
2025-09-28 16:00:00,-0.3155,North_depth,North_velocity
2025-09-28 17:00:00,-0.3231,North_depth,North_velocity
2025-09-28 18:00:00,-0.2986,North_depth,North_velocity
2025-09-29 10:00:00,-0.2969,North_depth,North_velocity
2025-09-29 11:00:00,-0.318,North_depth,North_velocity
2025-09-29 12:00:00,-0.3335,North_depth,North_velocity
2025-09-29 13:00:00,-0.3258,North_depth,North_velocity
2025-10-01 10:00:00,-0.4135,North_depth,North_velocity
2025-10-01 11:00:00,-0.4129,North_depth,North_velocity
2025-10-01 12:00:00,-0.4161,North_depth,North_velocity
2025-10-01 13:00:00,-0.4,North_depth,North_velocity
2025-10-01 14:00:00,-0.3921,North_depth,North_velocity
2025-10-01 15:00:00,-0.413,North_depth,North_velocity
2025-10-01 16:00:00,-0.4307,North_depth,North_velocity
2025-10-01 17:00:00,-0.4327,North_depth,North_velocity
2025-10-01 18:00:00,-0.4768,North_depth,North_velocity
2025-10-02 10:00:00,-0.4794,North_depth,North_velocity
2025-10-02 11:00:00,-0.4951,North_depth,North_velocity
2025-10-02 12:00:00,-0.5052,North_depth,North_velocity
2025-10-02 13:00:00,-0.4862,North_depth,North_velocity
2025-10-02 14:00:00,-0.485,North_depth,North_velocity
2025-10-02 15:00:00,-0.5232,North_depth,North_velocity
2025-10-02 16:00:00,-0.5758,North_depth,North_velocity
2025-10-02 17:00:00,-0.5768,North_depth,North_velocity
2025-10-02 18:00:00,-0.5319,North_depth,North_velocity
2025-10-03 10:00:00,-0.5289,North_depth,North_velocity
2025-10-03 11:00:00,-0.5446,North_depth,North_velocity
2025-10-03 12:00:00,-0.563,North_depth,North_velocity
2025-10-03 13:00:00,-0.5588,North_depth,North_velocity
2025-10-03 14:00:00,-0.5863,North_depth,North_velocity
2025-10-03 15:00:00,-0.5735,North_depth,North_velocity
2025-10-03 16:00:00,-0.5707,North_depth,North_velocity
2025-10-03 17:00:00,-0.5722,North_depth,North_velocity
2025-10-03 18:00:00,-0.3192,North_depth,North_velocity
2025-10-04 10:00:00,-0.3174,North_depth,North_velocity
2025-10-04 11:00:00,-0.3168,North_depth,North_velocity
2025-10-04 12:00:00,-0.3182,North_depth,North_velocity
2025-10-04 13:00:00,-0.3155,North_depth,North_velocity
2025-10-04 14:00:00,-0.3122,North_depth,North_velocity
2025-10-04 15:00:00,-0.3151,North_depth,North_velocity
2025-10-04 16:00:00,-0.3125,North_depth,North_velocity
2025-10-04 17:00:00,-0.3137,North_depth,North_velocity
2025-10-04 18:00:00,-0.212,North_depth,North_velocity
2025-10-05 10:00:00,0.0079,North_depth,North_velocity
2025-10-05 11:00:00,0.1198,North_depth,North_velocity
2025-10-05 12:00:00,0.1523,North_depth,North_velocity
2025-10-05 13:00:00,0.1529,North_depth,North_velocity
2025-10-05 14:00:00,0.1468,North_depth,North_velocity
2025-10-05 15:00:00,0.1679,North_depth,North_velocity
2025-10-05 16:00:00,0.5904,North_depth,North_velocity
2025-10-05 17:00:00,0.5791,North_depth,North_velocity
2025-10-05 18:00:00,0.6009,North_depth,North_velocity
2025-10-06 10:00:00,0.6087,North_depth,North_velocity
2025-10-06 11:00:00,0.6195,North_depth,North_velocity
2025-10-06 12:00:00,0.6186,North_depth,North_velocity
2025-10-06 13:00:00,0.6196,North_depth,North_velocity
2025-10-06 14:00:00,0.6214,North_depth,North_velocity
2025-10-06 15:00:00,0.5901,North_depth,North_velocity
2025-10-06 16:00:00,0.5776,North_depth,North_velocity
2025-10-06 17:00:00,0.5785,North_depth,North_velocity
2025-10-06 18:00:00,0.551,North_depth,North_velocity
2025-10-07 10:00:00,0.551,North_depth,North_velocity
2025-10-07 11:00:00,0.5478,North_depth,North_velocity
2025-10-07 12:00:00,0.5506,North_depth,North_velocity
2025-10-07 13:00:00,0.5504,North_depth,North_velocity
2025-10-07 14:00:00,0.5431,North_depth,North_velocity
2025-10-07 15:00:00,0.5287,North_depth,North_velocity
2025-10-07 16:00:00,0.502,North_depth,North_velocity
2025-10-07 17:00:00,0.4927,North_depth,North_velocity
2025-10-07 18:00:00,0.3288,North_depth,North_velocity
2025-10-08 10:00:00,0.3294,North_depth,North_velocity
2025-10-08 11:00:00,0.3234,North_depth,North_velocity
2025-10-08 12:00:00,0.3223,North_depth,North_velocity
2025-10-08 13:00:00,0.3234,North_depth,North_velocity
2025-10-08 14:00:00,0.325,North_depth,North_velocity
2025-10-08 15:00:00,0.3399,North_depth,North_velocity
2025-10-08 16:00:00,0.3393,North_depth,North_velocity
2025-10-08 17:00:00,0.3326,North_depth,North_velocity
2025-10-08 18:00:00,0.3408,North_depth,North_velocity
2025-10-09 10:00:00,0.3381,North_depth,North_velocity
2025-10-09 11:00:00,0.3422,North_depth,North_velocity
2025-10-09 12:00:00,0.337,North_depth,North_velocity
2025-10-09 13:00:00,0.3461,North_depth,North_velocity
2025-10-09 14:00:00,0.3467,North_depth,North_velocity
2025-10-09 15:00:00,0.3486,North_depth,North_velocity
2025-10-09 16:00:00,0.3421,North_depth,North_velocity
2025-10-09 17:00:00,0.3281,North_depth,North_velocity
2025-10-09 18:00:00,0.327,North_depth,North_velocity
2025-10-10 10:00:00,0.3248,North_depth,North_velocity
2025-10-10 11:00:00,0.3301,North_depth,North_velocity
2025-10-10 12:00:00,0.3212,North_depth,North_velocity
2025-10-10 13:00:00,0.3206,North_depth,North_velocity
2025-10-10 14:00:00,0.3198,North_depth,North_velocity
2025-10-10 15:00:00,0.3091,North_depth,North_velocity
2025-10-10 16:00:00,0.3,North_depth,North_velocity
2025-10-10 17:00:00,0.3098,North_depth,North_velocity
2025-10-10 18:00:00,0.3134,North_depth,North_velocity
2025-10-11 10:00:00,0.3219,North_depth,North_velocity
2025-10-11 11:00:00,0.3211,North_depth,North_velocity
2025-10-11 12:00:00,0.3175,North_depth,North_velocity
2025-10-11 13:00:00,0.3178,North_depth,North_velocity
2025-10-11 14:00:00,0.3186,North_depth,North_velocity
2025-10-11 15:00:00,0.31,North_depth,North_velocity
2025-10-11 16:00:00,0.2945,North_depth,North_velocity
2025-10-11 17:00:00,0.2944,North_depth,North_velocity
2025-10-11 18:00:00,0.317,North_depth,North_velocity
2025-10-12 10:00:00,0.1382,North_depth,North_velocity
2025-10-12 11:00:00,-0.1262,North_depth,North_velocity
2025-10-12 12:00:00,-0.3377,North_depth,North_velocity
2025-10-12 13:00:00,-0.3804,North_depth,North_velocity
2025-10-12 14:00:00,-0.369,North_depth,North_velocity
2025-10-12 15:00:00,-0.3921,North_depth,North_velocity
2025-10-12 16:00:00,-0.4327,North_depth,North_velocity
2025-10-12 17:00:00,-0.4461,North_depth,North_velocity
2025-10-12 18:00:00,-0.4104,North_depth,North_velocity
2025-10-23 16:00:00,1.0,North_depth,North_velocity
2025-10-23 17:00:00,0.5616,North_depth,North_velocity
2025-10-23 18:00:00,-0.8689,North_depth,North_velocity
2025-10-24 10:00:00,-0.8268,North_depth,North_velocity
2025-10-24 11:00:00,-0.8237,North_depth,North_velocity
2025-10-24 12:00:00,-0.8129,North_depth,North_velocity
2025-10-24 13:00:00,-0.7916,North_depth,North_velocity
2025-10-24 14:00:00,-0.7783,North_depth,North_velocity
2025-10-24 15:00:00,-0.6822,North_depth,North_velocity
2025-10-24 16:00:00,-0.6779,North_depth,North_velocity
2025-10-24 17:00:00,-0.6584,North_depth,North_velocity
2025-10-24 18:00:00,-0.585,North_depth,North_velocity
2025-10-25 10:00:00,-0.58,North_depth,North_velocity
2025-10-25 11:00:00,-0.5678,North_depth,North_velocity
2025-10-25 12:00:00,-0.5376,North_depth,North_velocity
2025-10-25 13:00:00,-0.5323,North_depth,North_velocity
2025-10-25 14:00:00,-0.5293,North_depth,North_velocity
2025-10-25 15:00:00,-0.5455,North_depth,North_velocity
2025-10-25 16:00:00,-0.558,North_depth,North_velocity
2025-10-25 17:00:00,-0.5609,North_depth,North_velocity
2025-10-25 18:00:00,-0.4662,North_depth,North_velocity
2025-10-26 10:00:00,-0.4619,North_depth,North_velocity
2025-10-26 11:00:00,-0.4453,North_depth,North_velocity
2025-10-26 12:00:00,-0.3962,North_depth,North_velocity
2025-10-26 13:00:00,-0.3775,North_depth,North_velocity
2025-10-26 14:00:00,-0.3798,North_depth,North_velocity
2025-10-26 15:00:00,-0.3937,North_depth,North_velocity
2025-10-26 16:00:00,-0.3987,North_depth,North_velocity
2025-10-26 17:00:00,-0.3998,North_depth,North_velocity
2025-10-26 18:00:00,-0.3918,North_depth,North_velocity
2025-10-27 10:00:00,-0.396,North_depth,North_velocity
2025-10-27 11:00:00,-0.3983,North_depth,North_velocity
2025-10-27 12:00:00,-0.3908,North_depth,North_velocity
2025-10-27 13:00:00,-0.3868,North_depth,North_velocity
2025-10-27 14:00:00,-0.3844,North_depth,North_velocity
2025-10-27 15:00:00,-0.37,North_depth,North_velocity
2025-10-27 16:00:00,-0.3786,North_depth,North_velocity
2025-10-27 17:00:00,-0.3768,North_depth,North_velocity
2025-10-28 10:00:00,-0.3649,North_depth,North_velocity
2025-10-28 11:00:00,-0.3621,North_depth,North_velocity
2025-10-28 12:00:00,-0.3629,North_depth,North_velocity
2025-10-28 13:00:00,-0.3614,North_depth,North_velocity
2025-10-28 14:00:00,-0.3608,North_depth,North_velocity
2025-10-28 15:00:00,-0.3216,North_depth,North_velocity
2025-10-28 16:00:00,-0.3213,North_depth,North_velocity
2025-10-28 17:00:00,-0.3308,North_depth,North_velocity
2025-10-28 18:00:00,-0.3241,North_depth,North_velocity
2025-10-29 10:00:00,-0.3249,North_depth,North_velocity
2025-10-29 11:00:00,-0.257,North_depth,North_velocity
2025-10-29 12:00:00,-0.2391,North_depth,North_velocity
2025-10-29 13:00:00,-0.2476,North_depth,North_velocity
2025-10-29 14:00:00,-0.2406,North_depth,North_velocity
2025-10-29 15:00:00,-0.2348,North_depth,North_velocity
2025-10-29 16:00:00,-0.2062,North_depth,North_velocity
2025-10-29 17:00:00,-0.2073,North_depth,North_velocity
2025-10-29 18:00:00,-0.1708,North_depth,North_velocity
2025-10-30 10:00:00,-0.1737,North_depth,North_velocity
2025-10-30 11:00:00,-0.1843,North_depth,North_velocity
2025-10-30 12:00:00,-0.182,North_depth,North_velocity
2025-10-30 13:00:00,-0.1843,North_depth,North_velocity
2025-10-30 14:00:00,-0.1857,North_depth,North_velocity
2025-10-30 15:00:00,-0.1928,North_depth,North_velocity
2025-10-30 16:00:00,-0.191,North_depth,North_velocity
2025-10-30 17:00:00,-0.203,North_depth,North_velocity
2025-10-31 10:00:00,-0.0535,North_depth,North_velocity
2025-10-31 11:00:00,-0.0485,North_depth,North_velocity
2025-10-31 12:00:00,-0.0335,North_depth,North_velocity
2025-10-31 13:00:00,-0.0365,North_depth,North_velocity
2025-10-31 14:00:00,-0.041,North_depth,North_velocity
2025-10-31 15:00:00,-0.0685,North_depth,North_velocity
2025-10-31 16:00:00,-0.0813,North_depth,North_velocity
2025-10-31 17:00:00,-0.0818,North_depth,North_velocity
2025-11-01 10:00:00,-0.01,North_depth,North_velocity
2025-11-01 11:00:00,-0.01,North_depth,North_velocity
2025-11-01 12:00:00,-0.026,North_depth,North_velocity
2025-11-01 13:00:00,-0.0222,North_depth,North_velocity
2025-11-01 14:00:00,-0.015,North_depth,North_velocity
2025-11-01 15:00:00,-0.0081,North_depth,North_velocity
2025-11-01 16:00:00,0.0067,North_depth,North_velocity
2025-11-01 17:00:00,0.0285,North_depth,North_velocity
2025-11-01 18:00:00,0.0995,North_depth,North_velocity
2025-11-02 10:00:00,0.095,North_depth,North_velocity
2025-11-02 11:00:00,0.0785,North_depth,North_velocity
2025-11-02 12:00:00,0.0511,North_depth,North_velocity
2025-11-02 13:00:00,0.05,North_depth,North_velocity
2025-11-02 14:00:00,0.0516,North_depth,North_velocity
2025-11-02 15:00:00,0.0635,North_depth,North_velocity
2025-11-02 16:00:00,0.067,North_depth,North_velocity
2025-11-02 17:00:00,0.0653,North_depth,North_velocity
2025-11-03 10:00:00,0.1543,North_depth,North_velocity
2025-11-03 11:00:00,0.1632,North_depth,North_velocity
2025-11-03 12:00:00,0.1437,North_depth,North_velocity
2025-11-03 13:00:00,0.1573,North_depth,North_velocity
2025-11-03 14:00:00,0.152,North_depth,North_velocity
2025-11-03 15:00:00,0.1301,North_depth,North_velocity
2025-11-03 16:00:00,0.1472,North_depth,North_velocity
2025-11-03 17:00:00,0.1313,North_depth,North_velocity
2025-11-03 18:00:00,0.1414,North_depth,North_velocity
2025-11-04 10:00:00,0.1188,North_depth,North_velocity
2025-11-04 11:00:00,0.1054,North_depth,North_velocity
2025-11-04 12:00:00,0.1403,North_depth,North_velocity
2025-11-04 13:00:00,0.1469,North_depth,North_velocity
2025-11-04 14:00:00,0.1468,North_depth,North_velocity
2025-11-04 15:00:00,0.1439,North_depth,North_velocity
2025-11-04 16:00:00,0.1344,North_depth,North_velocity
2025-11-04 17:00:00,0.151,North_depth,North_velocity
2025-11-05 10:00:00,0.1504,North_depth,North_velocity
2025-11-05 11:00:00,0.1405,North_depth,North_velocity
2025-11-05 12:00:00,0.0942,North_depth,North_velocity
2025-11-05 13:00:00,0.1122,North_depth,North_velocity
2025-11-05 14:00:00,0.0833,North_depth,North_velocity
2025-11-05 15:00:00,0.0878,North_depth,North_velocity
2025-11-05 16:00:00,0.0731,North_depth,North_velocity
2025-11-05 17:00:00,0.1388,North_depth,North_velocity
2025-11-05 18:00:00,0.143,North_depth,North_velocity
2025-11-06 10:00:00,0.1442,North_depth,North_velocity
2025-11-06 11:00:00,0.1708,North_depth,North_velocity
2025-11-06 12:00:00,0.1829,North_depth,North_velocity
2025-11-06 13:00:00,0.206,North_depth,North_velocity
2025-11-06 14:00:00,0.2197,North_depth,North_velocity
2025-11-06 15:00:00,0.1983,North_depth,North_velocity
2025-11-06 16:00:00,0.2014,North_depth,North_velocity
2025-11-06 17:00:00,0.2326,North_depth,North_velocity
2025-11-06 18:00:00,0.1528,North_depth,North_velocity
2025-11-07 10:00:00,0.1523,North_depth,North_velocity
2025-11-07 11:00:00,0.1628,North_depth,North_velocity
2025-11-07 12:00:00,0.1551,North_depth,North_velocity
2025-11-07 13:00:00,0.1519,North_depth,North_velocity
2025-11-07 14:00:00,0.1338,North_depth,North_velocity
2025-11-07 15:00:00,0.1334,North_depth,North_velocity
2025-11-07 16:00:00,0.1283,North_depth,North_velocity
2025-11-07 17:00:00,0.1406,North_depth,North_velocity
2025-11-08 10:00:00,0.1372,North_depth,North_velocity
2025-11-08 11:00:00,0.1456,North_depth,North_velocity
2025-11-08 12:00:00,0.1252,North_depth,North_velocity
2025-11-08 13:00:00,0.1241,North_depth,North_velocity
2025-11-08 14:00:00,0.125,North_depth,North_velocity
2025-11-08 15:00:00,0.1336,North_depth,North_velocity
2025-11-08 16:00:00,0.1413,North_depth,North_velocity
2025-11-08 17:00:00,0.1331,North_depth,North_velocity
2025-11-09 10:00:00,0.1089,North_depth,North_velocity
2025-11-09 11:00:00,0.106,North_depth,North_velocity
2025-11-09 12:00:00,0.0927,North_depth,North_velocity
2025-11-09 13:00:00,0.0916,North_depth,North_velocity
2025-11-09 14:00:00,0.0849,North_depth,North_velocity
2025-11-09 15:00:00,0.0649,North_depth,North_velocity
2025-11-09 16:00:00,0.0527,North_depth,North_velocity
2025-11-09 17:00:00,0.0346,North_depth,North_velocity
2025-11-10 10:00:00,0.0237,North_depth,North_velocity
2025-11-10 11:00:00,-0.0057,North_depth,North_velocity
2025-11-10 12:00:00,-0.0152,North_depth,North_velocity
2025-11-10 13:00:00,-0.0146,North_depth,North_velocity
2025-11-10 14:00:00,-0.0157,North_depth,North_velocity
2025-11-10 15:00:00,-0.0271,North_depth,North_velocity
2025-11-10 16:00:00,-0.026,North_depth,North_velocity
2025-11-10 17:00:00,-0.0357,North_depth,North_velocity
2025-11-11 10:00:00,-0.0425,North_depth,North_velocity
2025-11-11 11:00:00,-0.0476,North_depth,North_velocity
2025-11-11 12:00:00,-0.0482,North_depth,North_velocity
2025-11-11 13:00:00,-0.0354,North_depth,North_velocity
2025-11-11 14:00:00,-0.038,North_depth,North_velocity
2025-11-11 15:00:00,-0.0638,North_depth,North_velocity
2025-11-11 16:00:00,-0.0678,North_depth,North_velocity
2025-11-11 17:00:00,-0.0611,North_depth,North_velocity
2025-11-11 18:00:00,-0.0386,North_depth,North_velocity
2025-11-12 10:00:00,-0.0546,North_depth,North_velocity
2025-11-12 11:00:00,-0.0605,North_depth,North_velocity
2025-11-12 12:00:00,-0.0575,North_depth,North_velocity
2025-11-12 13:00:00,-0.0788,North_depth,North_velocity
2025-11-12 14:00:00,-0.0643,North_depth,North_velocity
2025-11-12 15:00:00,-0.09,North_depth,North_velocity
2025-11-12 16:00:00,-0.0856,North_depth,North_velocity
2025-11-12 17:00:00,-0.1265,North_depth,North_velocity
2025-11-13 10:00:00,-0.1073,North_depth,North_velocity
2025-11-13 11:00:00,-0.1242,North_depth,North_velocity
2025-11-13 12:00:00,-0.2526,North_depth,North_velocity
2025-11-13 13:00:00,-0.243,North_depth,North_velocity
2025-11-13 14:00:00,-0.2551,North_depth,North_velocity
2025-11-13 15:00:00,-0.2501,North_depth,North_velocity
2025-11-13 16:00:00,-0.2032,North_depth,North_velocity
2025-11-13 17:00:00,-0.2255,North_depth,North_velocity
2025-11-13 18:00:00,-0.175,North_depth,North_velocity
2025-11-14 10:00:00,-0.1741,North_depth,North_velocity
2025-11-14 11:00:00,-0.1849,North_depth,North_velocity
2025-11-14 12:00:00,-0.1745,North_depth,North_velocity
2025-11-14 13:00:00,-0.1696,North_depth,North_velocity
2025-11-14 14:00:00,-0.1607,North_depth,North_velocity
2025-11-14 15:00:00,-0.1676,North_depth,North_velocity
2025-11-14 16:00:00,-0.1829,North_depth,North_velocity
2025-11-14 17:00:00,-0.1858,North_depth,North_velocity
2025-11-14 18:00:00,-0.1818,North_depth,North_velocity
2025-11-15 10:00:00,-0.1775,North_depth,North_velocity
2025-11-15 11:00:00,-0.2074,North_depth,North_velocity
2025-11-15 12:00:00,-0.2134,North_depth,North_velocity
2025-11-15 13:00:00,-0.2171,North_depth,North_velocity
2025-11-15 14:00:00,-0.2258,North_depth,North_velocity
2025-11-15 15:00:00,-0.2515,North_depth,North_velocity
2025-11-15 16:00:00,-0.2591,North_depth,North_velocity
2025-11-15 17:00:00,-0.2211,North_depth,North_velocity
2025-11-15 18:00:00,-0.1875,North_depth,North_velocity
2025-11-16 10:00:00,-0.1862,North_depth,North_velocity
2025-11-16 11:00:00,-0.1841,North_depth,North_velocity
2025-11-16 12:00:00,-0.2092,North_depth,North_velocity
2025-11-16 13:00:00,-0.2056,North_depth,North_velocity
2025-11-16 14:00:00,-0.1928,North_depth,North_velocity
2025-11-16 15:00:00,-0.1596,North_depth,North_velocity
2025-11-16 16:00:00,-0.1209,North_depth,North_velocity
2025-11-16 17:00:00,-0.1164,North_depth,North_velocity
2025-11-17 10:00:00,-0.1137,North_depth,North_velocity
2025-11-17 11:00:00,-0.1077,North_depth,North_velocity
2025-11-17 12:00:00,-0.1097,North_depth,North_velocity
2025-11-17 13:00:00,-0.1116,North_depth,North_velocity
2025-11-17 14:00:00,-0.1097,North_depth,North_velocity
2025-11-17 15:00:00,-0.116,North_depth,North_velocity
2025-11-17 16:00:00,-0.1212,North_depth,North_velocity
2025-11-17 17:00:00,-0.0581,North_depth,North_velocity
2025-11-18 10:00:00,-0.0421,North_depth,North_velocity
2025-11-18 11:00:00,-0.0586,North_depth,North_velocity
2025-11-18 12:00:00,-0.0691,North_depth,North_velocity
2025-11-18 13:00:00,-0.0675,North_depth,North_velocity
2025-11-18 14:00:00,-0.0657,North_depth,North_velocity
2025-11-18 15:00:00,-0.0694,North_depth,North_velocity
2025-11-18 16:00:00,-0.0787,North_depth,North_velocity
2025-11-18 17:00:00,-0.0848,North_depth,North_velocity
2025-11-19 10:00:00,-0.0749,North_depth,North_velocity
2025-11-19 11:00:00,-0.1322,North_depth,North_velocity
2025-11-19 12:00:00,-0.1468,North_depth,North_velocity
2025-11-19 13:00:00,-0.1269,North_depth,North_velocity
2025-11-19 14:00:00,-0.1231,North_depth,North_velocity
2025-11-19 15:00:00,-0.1276,North_depth,North_velocity
2025-11-19 16:00:00,-0.1396,North_depth,North_velocity
2025-11-19 17:00:00,-0.0537,North_depth,North_velocity
2025-11-20 10:00:00,-0.0479,North_depth,North_velocity
2025-11-20 11:00:00,-0.0244,North_depth,North_velocity
2025-11-20 12:00:00,0.1117,North_depth,North_velocity
2025-11-20 13:00:00,0.1113,North_depth,North_velocity
2025-11-20 14:00:00,0.1428,North_depth,North_velocity
2025-11-20 15:00:00,0.1449,North_depth,North_velocity
2025-11-20 16:00:00,0.1137,North_depth,North_velocity
2025-11-20 17:00:00,0.1332,North_depth,North_velocity
2025-11-21 10:00:00,0.2627,North_depth,North_velocity
2025-11-21 11:00:00,0.2488,North_depth,North_velocity
2025-11-21 12:00:00,0.2532,North_depth,North_velocity
2025-11-21 13:00:00,0.2542,North_depth,North_velocity
2025-11-21 14:00:00,0.2358,North_depth,North_velocity
2025-11-21 15:00:00,0.2269,North_depth,North_velocity
2025-11-21 16:00:00,0.2313,North_depth,North_velocity
2025-11-21 17:00:00,0.2321,North_depth,North_velocity
2025-11-22 10:00:00,0.2436,North_depth,North_velocity
2025-11-22 11:00:00,0.2298,North_depth,North_velocity
2025-11-22 12:00:00,0.1898,North_depth,North_velocity
2025-11-22 13:00:00,0.1811,North_depth,North_velocity
2025-11-22 14:00:00,0.1793,North_depth,North_velocity
2025-11-22 15:00:00,0.1712,North_depth,North_velocity
2025-11-22 16:00:00,0.1601,North_depth,North_velocity
2025-11-22 17:00:00,0.161,North_depth,North_velocity
2025-11-23 10:00:00,0.2404,North_depth,North_velocity
2025-11-23 11:00:00,0.2606,North_depth,North_velocity
2025-11-23 12:00:00,0.2854,North_depth,North_velocity
2025-11-23 13:00:00,0.289,North_depth,North_velocity
2025-11-23 14:00:00,0.3304,North_depth,North_velocity
2025-11-23 15:00:00,0.298,North_depth,North_velocity
2025-11-23 16:00:00,0.2581,North_depth,North_velocity
2025-11-23 17:00:00,0.2378,North_depth,North_velocity
2025-11-24 10:00:00,0.2379,North_depth,North_velocity
2025-11-24 11:00:00,0.2243,North_depth,North_velocity
2025-11-24 12:00:00,0.2185,North_depth,North_velocity
2025-11-24 13:00:00,0.2029,North_depth,North_velocity
2025-11-24 14:00:00,0.1927,North_depth,North_velocity
2025-11-24 15:00:00,0.1979,North_depth,North_velocity
2025-11-24 16:00:00,0.1808,North_depth,North_velocity
2025-11-24 17:00:00,0.1239,North_depth,North_velocity
2025-11-25 10:00:00,0.1243,North_depth,North_velocity
2025-11-25 11:00:00,0.0999,North_depth,North_velocity
2025-11-25 12:00:00,0.1184,North_depth,North_velocity
2025-11-25 13:00:00,0.1185,North_depth,North_velocity
2025-11-25 14:00:00,0.1152,North_depth,North_velocity
2025-11-25 15:00:00,0.116,North_depth,North_velocity
2025-11-25 16:00:00,0.1228,North_depth,North_velocity
2025-11-25 17:00:00,0.1394,North_depth,North_velocity
2025-11-26 10:00:00,0.1364,North_depth,North_velocity
2025-11-26 11:00:00,0.1448,North_depth,North_velocity
2025-11-26 12:00:00,0.1261,North_depth,North_velocity
2025-11-26 13:00:00,0.1314,North_depth,North_velocity
2025-11-26 14:00:00,0.1374,North_depth,North_velocity
2025-11-26 15:00:00,0.1279,North_depth,North_velocity
2025-11-26 16:00:00,0.1177,North_depth,North_velocity
2025-11-26 17:00:00,-0.1067,North_depth,North_velocity
2025-11-27 10:00:00,-0.1045,North_depth,North_velocity
2025-11-27 11:00:00,-0.1342,North_depth,North_velocity
2025-11-27 12:00:00,-0.1321,North_depth,North_velocity
2025-11-27 13:00:00,-0.1199,North_depth,North_velocity
2025-11-27 14:00:00,-0.1068,North_depth,North_velocity
2025-11-27 15:00:00,-0.1172,North_depth,North_velocity
2025-11-27 16:00:00,-0.1155,North_depth,North_velocity
2025-11-27 17:00:00,-0.0865,North_depth,North_velocity
2025-11-28 10:00:00,-0.0899,North_depth,North_velocity
2025-11-28 11:00:00,-0.0911,North_depth,North_velocity
2025-11-28 12:00:00,-0.0952,North_depth,North_velocity
2025-11-28 13:00:00,-0.0869,North_depth,North_velocity
2025-11-28 14:00:00,-0.0612,North_depth,North_velocity
2025-11-28 15:00:00,-0.0387,North_depth,North_velocity
2025-11-28 16:00:00,-0.0377,North_depth,North_velocity
2025-11-28 17:00:00,-0.017,North_depth,North_velocity
2025-11-29 10:00:00,-0.0473,North_depth,North_velocity
2025-11-29 11:00:00,-0.069,North_depth,North_velocity
2025-11-29 12:00:00,-0.0707,North_depth,North_velocity
2025-11-29 13:00:00,-0.0654,North_depth,North_velocity
2025-11-29 14:00:00,-0.0925,North_depth,North_velocity
2025-11-29 15:00:00,-0.0966,North_depth,North_velocity
2025-11-29 16:00:00,-0.0931,North_depth,North_velocity
2025-11-29 17:00:00,-0.1582,North_depth,North_velocity
2025-11-30 10:00:00,-0.1806,North_depth,North_velocity
2025-11-30 11:00:00,-0.2351,North_depth,North_velocity
2025-11-30 12:00:00,-0.2498,North_depth,North_velocity
2025-11-30 13:00:00,-0.2244,North_depth,North_velocity
2025-11-30 14:00:00,-0.2232,North_depth,North_velocity
2025-11-30 15:00:00,-0.229,North_depth,North_velocity
2025-11-30 16:00:00,-0.2422,North_depth,North_velocity
2025-11-30 17:00:00,-0.223,North_depth,North_velocity
2025-12-01 10:00:00,-0.2365,North_depth,North_velocity
2025-12-01 11:00:00,-0.2459,North_depth,North_velocity
2025-12-01 12:00:00,-0.2084,North_depth,North_velocity
2025-12-01 13:00:00,-0.1909,North_depth,North_velocity
2025-12-01 14:00:00,-0.1548,North_depth,North_velocity
2025-12-01 15:00:00,-0.1609,North_depth,North_velocity
2025-12-01 16:00:00,-0.1572,North_depth,North_velocity
2025-12-01 17:00:00,-0.0867,North_depth,North_velocity
2025-12-02 10:00:00,-0.091,North_depth,North_velocity
2025-12-02 11:00:00,-0.1123,North_depth,North_velocity
2025-12-02 12:00:00,-0.115,North_depth,North_velocity
2025-12-02 13:00:00,-0.1184,North_depth,North_velocity
2025-12-02 14:00:00,-0.1142,North_depth,North_velocity
2025-12-02 15:00:00,-0.1247,North_depth,North_velocity
2025-12-02 16:00:00,-0.1227,North_depth,North_velocity
2025-12-02 17:00:00,-0.1135,North_depth,North_velocity
2025-12-03 10:00:00,-0.1178,North_depth,North_velocity
2025-12-03 11:00:00,-0.1286,North_depth,North_velocity
2025-12-03 12:00:00,-0.1333,North_depth,North_velocity
2025-12-03 13:00:00,-0.1324,North_depth,North_velocity
2025-12-03 14:00:00,-0.1289,North_depth,North_velocity
2025-12-03 15:00:00,-0.1394,North_depth,North_velocity
2025-12-03 16:00:00,-0.1449,North_depth,North_velocity
2025-12-03 17:00:00,-0.0686,North_depth,North_velocity
2025-12-04 10:00:00,-0.0725,North_depth,North_velocity
2025-12-04 11:00:00,-0.0683,North_depth,North_velocity
2025-12-04 12:00:00,-0.0718,North_depth,North_velocity
2025-12-04 13:00:00,-0.0683,North_depth,North_velocity
2025-12-04 14:00:00,-0.0659,North_depth,North_velocity
2025-12-04 15:00:00,-0.0674,North_depth,North_velocity
2025-12-04 16:00:00,-0.0702,North_depth,North_velocity
2025-12-04 17:00:00,-0.0675,North_depth,North_velocity
2025-12-06 10:00:00,-0.0543,North_depth,North_velocity
2025-12-06 11:00:00,-0.0342,North_depth,North_velocity
2025-12-06 12:00:00,-0.0207,North_depth,North_velocity
2025-12-06 13:00:00,-0.0162,North_depth,North_velocity
2025-12-06 14:00:00,-0.0235,North_depth,North_velocity
2025-12-06 15:00:00,-0.0246,North_depth,North_velocity
2025-12-06 16:00:00,-0.0304,North_depth,North_velocity
2025-12-06 17:00:00,0.1015,North_depth,North_velocity
2025-12-07 10:00:00,0.11,North_depth,North_velocity
2025-12-07 11:00:00,0.0937,North_depth,North_velocity
2025-12-07 12:00:00,0.0806,North_depth,North_velocity
2025-12-07 13:00:00,0.0566,North_depth,North_velocity
2025-12-07 14:00:00,0.0524,North_depth,North_velocity
2025-12-07 15:00:00,0.0765,North_depth,North_velocity
2025-12-07 16:00:00,0.0727,North_depth,North_velocity
2025-12-07 17:00:00,0.0828,North_depth,North_velocity
2025-12-08 10:00:00,0.0611,North_depth,North_velocity
2025-12-08 11:00:00,0.077,North_depth,North_velocity
2025-12-08 12:00:00,0.0406,North_depth,North_velocity
2025-12-08 13:00:00,0.0572,North_depth,North_velocity
2025-12-08 14:00:00,0.017,North_depth,North_velocity
2025-12-08 15:00:00,-0.0039,North_depth,North_velocity
2025-12-08 16:00:00,-0.0042,North_depth,North_velocity
2025-12-08 17:00:00,-0.0723,North_depth,North_velocity
2025-12-09 10:00:00,-0.071,North_depth,North_velocity
2025-12-09 11:00:00,-0.0607,North_depth,North_velocity
2025-12-09 12:00:00,-0.0395,North_depth,North_velocity
2025-12-09 13:00:00,-0.0215,North_depth,North_velocity
2025-12-09 14:00:00,-0.0221,North_depth,North_velocity
2025-12-09 15:00:00,0.0107,North_depth,North_velocity
2025-12-09 16:00:00,0.0334,North_depth,North_velocity
2025-12-09 17:00:00,-0.0371,North_depth,North_velocity
2025-12-10 10:00:00,-0.0474,North_depth,North_velocity
2025-12-10 11:00:00,-0.0194,North_depth,North_velocity
2025-12-10 12:00:00,-0.0233,North_depth,North_velocity
2025-12-10 13:00:00,-0.0028,North_depth,North_velocity
2025-12-10 14:00:00,0.0006,North_depth,North_velocity
2025-12-10 15:00:00,0.0059,North_depth,North_velocity
2025-12-10 16:00:00,0.0894,North_depth,North_velocity
2025-12-10 17:00:00,0.0641,North_depth,North_velocity
2025-12-11 10:00:00,0.0727,North_depth,North_velocity
2025-12-11 11:00:00,0.0691,North_depth,North_velocity
2025-12-11 12:00:00,0.071,North_depth,North_velocity
2025-12-11 13:00:00,0.0866,North_depth,North_velocity
2025-12-11 14:00:00,0.0795,North_depth,North_velocity
2025-12-11 15:00:00,0.0923,North_depth,North_velocity
2025-12-11 16:00:00,0.0771,North_depth,North_velocity
2025-12-11 17:00:00,0.0705,North_depth,North_velocity
2025-12-12 10:00:00,0.0749,North_depth,North_velocity
2025-12-12 11:00:00,0.0761,North_depth,North_velocity
2025-12-12 12:00:00,0.0684,North_depth,North_velocity
2025-12-12 13:00:00,0.0614,North_depth,North_velocity
2025-12-12 14:00:00,0.0984,North_depth,North_velocity
2025-12-12 15:00:00,0.0867,North_depth,North_velocity
2025-12-12 16:00:00,0.0748,North_depth,North_velocity
2025-12-12 17:00:00,0.138,North_depth,North_velocity
2025-12-13 10:00:00,0.13,North_depth,North_velocity
2025-12-13 11:00:00,0.1329,North_depth,North_velocity
2025-12-13 12:00:00,0.1198,North_depth,North_velocity
2025-12-13 13:00:00,0.1317,North_depth,North_velocity
2025-12-13 14:00:00,0.0892,North_depth,North_velocity
2025-12-13 15:00:00,0.0711,North_depth,North_velocity
2025-12-13 16:00:00,0.0948,North_depth,North_velocity
2025-12-13 17:00:00,0.0619,North_depth,North_velocity
2025-12-14 10:00:00,0.0714,North_depth,North_velocity
2025-12-14 11:00:00,0.0893,North_depth,North_velocity
2025-12-14 12:00:00,0.0813,North_depth,North_velocity
2025-12-14 13:00:00,0.0989,North_depth,North_velocity
2025-12-14 14:00:00,0.0887,North_depth,North_velocity
2025-12-14 15:00:00,0.0772,North_depth,North_velocity
2025-12-14 16:00:00,0.0405,North_depth,North_velocity
2025-12-14 17:00:00,0.0056,North_depth,North_velocity
2025-12-15 10:00:00,-0.0125,North_depth,North_velocity
2025-12-15 11:00:00,-0.0226,North_depth,North_velocity
2025-12-15 12:00:00,-0.0259,North_depth,North_velocity
2025-12-15 13:00:00,-0.0291,North_depth,North_velocity
2025-12-15 14:00:00,-0.0374,North_depth,North_velocity
2025-12-15 15:00:00,-0.0305,North_depth,North_velocity
2025-12-15 16:00:00,-0.0367,North_depth,North_velocity
2025-12-15 17:00:00,-0.022,North_depth,North_velocity
2025-12-16 10:00:00,-0.0234,North_depth,North_velocity
2025-12-16 11:00:00,-0.0495,North_depth,North_velocity
2025-12-16 12:00:00,-0.06,North_depth,North_velocity
2025-12-16 13:00:00,-0.0362,North_depth,North_velocity
2025-12-16 14:00:00,-0.0133,North_depth,North_velocity
2025-12-16 15:00:00,0.0314,North_depth,North_velocity
2025-12-16 16:00:00,0.0336,North_depth,North_velocity
2025-12-16 17:00:00,0.117,North_depth,North_velocity
2025-12-17 11:00:00,0.119,North_depth,North_velocity
2025-12-17 12:00:00,0.1207,North_depth,North_velocity
2025-12-17 13:00:00,0.1186,North_depth,North_velocity
2025-12-17 14:00:00,0.1179,North_depth,North_velocity
2025-12-17 15:00:00,0.1137,North_depth,North_velocity
2025-12-17 16:00:00,0.0932,North_depth,North_velocity
2025-12-17 17:00:00,0.1593,North_depth,North_velocity
2025-12-23 15:00:00,0.5654,North_depth,North_velocity
2025-12-23 16:00:00,0.5563,North_depth,North_velocity
2025-12-23 17:00:00,0.3691,North_depth,North_velocity
2025-12-24 10:00:00,0.3632,North_depth,North_velocity
2025-12-24 11:00:00,0.3152,North_depth,North_velocity
2025-12-24 12:00:00,0.2492,North_depth,North_velocity
2025-12-24 13:00:00,0.1832,North_depth,North_velocity
2025-12-24 14:00:00,0.1433,North_depth,North_velocity
2025-12-24 15:00:00,0.1441,North_depth,North_velocity
2025-12-24 16:00:00,0.1337,North_depth,North_velocity
2025-12-24 17:00:00,0.1466,North_depth,North_velocity
2025-12-24 18:00:00,0.112,North_depth,North_velocity
2025-12-25 10:00:00,0.1105,North_depth,North_velocity
2025-12-25 11:00:00,0.0849,North_depth,North_velocity
2025-12-25 12:00:00,0.0557,North_depth,North_velocity
2025-12-25 13:00:00,0.058,North_depth,North_velocity
2025-12-25 14:00:00,0.0438,North_depth,North_velocity
2025-12-25 15:00:00,0.0582,North_depth,North_velocity
2025-12-25 16:00:00,0.0564,North_depth,North_velocity
2025-12-25 17:00:00,0.0717,North_depth,North_velocity
2025-12-26 10:00:00,0.095,North_depth,North_velocity
2025-12-26 11:00:00,0.1565,North_depth,North_velocity
2025-12-26 12:00:00,0.2025,North_depth,North_velocity
2025-12-26 13:00:00,0.2231,North_depth,North_velocity
2025-12-26 14:00:00,0.2202,North_depth,North_velocity
2025-12-26 15:00:00,0.2183,North_depth,North_velocity
2025-12-26 16:00:00,0.2159,North_depth,North_velocity
2025-12-26 17:00:00,0.1776,North_depth,North_velocity
2025-12-27 10:00:00,0.1751,North_depth,North_velocity
2025-12-27 11:00:00,0.1854,North_depth,North_velocity
2025-12-27 12:00:00,0.1389,North_depth,North_velocity
2025-12-27 13:00:00,0.1432,North_depth,North_velocity
2025-12-27 14:00:00,0.1369,North_depth,North_velocity
2025-12-27 15:00:00,0.1373,North_depth,North_velocity
2025-12-27 16:00:00,0.1494,North_depth,North_velocity
2025-12-27 17:00:00,0.1399,North_depth,North_velocity
2025-12-28 10:00:00,0.1396,North_depth,North_velocity
2025-12-28 11:00:00,0.14,North_depth,North_velocity
2025-12-28 12:00:00,0.1321,North_depth,North_velocity
2025-12-28 13:00:00,0.1277,North_depth,North_velocity
2025-12-28 14:00:00,0.1326,North_depth,North_velocity
2025-12-28 15:00:00,0.1459,North_depth,North_velocity
2025-12-28 16:00:00,0.163,North_depth,North_velocity
2025-12-28 17:00:00,0.116,North_depth,North_velocity
2025-12-28 18:00:00,0.1405,North_depth,North_velocity
2025-12-29 10:00:00,0.1422,North_depth,North_velocity
2025-12-29 11:00:00,0.1417,North_depth,North_velocity
2025-12-29 12:00:00,0.148,North_depth,North_velocity
2025-12-29 13:00:00,0.1462,North_depth,North_velocity
2025-12-29 14:00:00,0.1554,North_depth,North_velocity
2025-12-29 15:00:00,0.1563,North_depth,North_velocity
2025-12-29 16:00:00,0.1504,North_depth,North_velocity
2025-12-29 17:00:00,0.15,North_depth,North_velocity
2025-12-29 18:00:00,0.1151,North_depth,North_velocity
2026-01-16 16:00:00,1.0,North_depth,North_velocity
2026-01-16 17:00:00,0.399,North_depth,North_velocity
2026-01-16 18:00:00,0.4994,North_depth,North_velocity
2026-01-16 19:00:00,0.3933,North_depth,North_velocity
2026-01-17 10:00:00,0.0372,North_depth,North_velocity
2026-01-17 11:00:00,0.2318,North_depth,North_velocity
2026-01-17 12:00:00,0.3002,North_depth,North_velocity
2026-01-17 13:00:00,0.3713,North_depth,North_velocity
2026-01-17 14:00:00,0.2689,North_depth,North_velocity
2026-01-17 15:00:00,0.0891,North_depth,North_velocity
2026-01-17 16:00:00,0.0671,North_depth,North_velocity
2026-01-17 17:00:00,0.095,North_depth,North_velocity
2026-01-17 18:00:00,0.2263,North_depth,North_velocity
2026-01-18 10:00:00,0.2906,North_depth,North_velocity
2026-01-18 11:00:00,0.2778,North_depth,North_velocity
2026-01-18 12:00:00,0.3434,North_depth,North_velocity
2026-01-18 13:00:00,0.3627,North_depth,North_velocity
2026-01-18 14:00:00,0.2266,North_depth,North_velocity
2026-01-18 15:00:00,0.2211,North_depth,North_velocity
2026-01-18 16:00:00,0.2206,North_depth,North_velocity
2026-01-18 17:00:00,0.2419,North_depth,North_velocity
2026-01-18 18:00:00,0.218,North_depth,North_velocity
2026-01-19 10:00:00,0.2463,North_depth,North_velocity
2026-01-19 11:00:00,0.2368,North_depth,North_velocity
2026-01-19 12:00:00,0.1763,North_depth,North_velocity
2026-01-19 13:00:00,0.1737,North_depth,North_velocity
2026-01-19 14:00:00,0.1856,North_depth,North_velocity
2026-01-19 15:00:00,0.1827,North_depth,North_velocity
2026-01-19 16:00:00,0.1826,North_depth,North_velocity
2026-01-19 17:00:00,0.1163,North_depth,North_velocity
2026-01-19 18:00:00,-0.0251,North_depth,North_velocity
2026-01-20 10:00:00,-0.0405,North_depth,North_velocity
2026-01-20 11:00:00,-0.0411,North_depth,North_velocity
2026-01-20 12:00:00,-0.0372,North_depth,North_velocity
2026-01-20 13:00:00,-0.0359,North_depth,North_velocity
2026-01-20 14:00:00,-0.0519,North_depth,North_velocity
2026-01-20 15:00:00,-0.0517,North_depth,North_velocity
2026-01-20 16:00:00,-0.0512,North_depth,North_velocity
2026-01-20 17:00:00,-0.0338,North_depth,North_velocity
2026-01-20 18:00:00,-0.0022,North_depth,North_velocity
2026-01-21 10:00:00,0.0403,North_depth,North_velocity
2026-01-21 11:00:00,0.0449,North_depth,North_velocity
2026-01-21 12:00:00,0.047,North_depth,North_velocity
2026-01-21 13:00:00,0.0449,North_depth,North_velocity
2026-01-21 14:00:00,0.0708,North_depth,North_velocity
2026-01-21 15:00:00,0.0787,North_depth,North_velocity
2026-01-21 16:00:00,0.0792,North_depth,North_velocity
2026-01-21 17:00:00,0.0668,North_depth,North_velocity
2026-01-21 18:00:00,0.0292,North_depth,North_velocity
2026-01-22 10:00:00,0.035,North_depth,North_velocity
2026-01-22 11:00:00,0.0245,North_depth,North_velocity
2026-01-22 12:00:00,0.026,North_depth,North_velocity
2026-01-22 13:00:00,0.0217,North_depth,North_velocity
2026-01-22 14:00:00,0.014,North_depth,North_velocity
2026-01-22 15:00:00,0.0045,North_depth,North_velocity
2026-01-22 16:00:00,0.0123,North_depth,North_velocity
2026-01-22 17:00:00,0.0046,North_depth,North_velocity
2026-01-22 18:00:00,0.0032,North_depth,North_velocity
2026-01-23 10:00:00,0.0219,North_depth,North_velocity
2026-01-23 11:00:00,0.0251,North_depth,North_velocity
2026-01-23 12:00:00,0.0302,North_depth,North_velocity
2026-01-23 13:00:00,0.06,North_depth,North_velocity
2026-01-23 14:00:00,0.0431,North_depth,North_velocity
2026-01-23 15:00:00,0.047,North_depth,North_velocity
2026-01-23 16:00:00,0.0099,North_depth,North_velocity
2026-01-23 17:00:00,0.0242,North_depth,North_velocity
2026-01-23 18:00:00,-0.0639,North_depth,North_velocity
2026-01-24 10:00:00,-0.0263,North_depth,North_velocity
2026-01-24 11:00:00,-0.0061,North_depth,North_velocity
2026-01-24 12:00:00,-0.0031,North_depth,North_velocity
2026-01-24 13:00:00,0.0281,North_depth,North_velocity
2026-01-24 14:00:00,0.027,North_depth,North_velocity
2026-01-24 15:00:00,0.046,North_depth,North_velocity
2026-01-24 16:00:00,0.0215,North_depth,North_velocity
2026-01-24 17:00:00,0.0195,North_depth,North_velocity
2026-01-24 18:00:00,-0.0458,North_depth,North_velocity
2026-01-25 10:00:00,-0.0461,North_depth,North_velocity
2026-01-25 11:00:00,-0.0411,North_depth,North_velocity
2026-01-25 12:00:00,-0.0457,North_depth,North_velocity
2026-01-25 13:00:00,-0.0411,North_depth,North_velocity
2026-01-25 14:00:00,-0.0081,North_depth,North_velocity
2026-01-25 15:00:00,-0.0081,North_depth,North_velocity
2026-01-25 16:00:00,-0.0148,North_depth,North_velocity
2026-01-25 17:00:00,-0.0323,North_depth,North_velocity
2026-01-25 18:00:00,-0.0689,North_depth,North_velocity
2026-01-26 10:00:00,-0.0681,North_depth,North_velocity
2026-01-26 11:00:00,-0.0728,North_depth,North_velocity
2026-01-26 12:00:00,-0.0751,North_depth,North_velocity
2026-01-26 13:00:00,-0.1002,North_depth,North_velocity
2026-01-26 14:00:00,-0.1074,North_depth,North_velocity
2026-01-26 15:00:00,-0.1211,North_depth,North_velocity
2026-01-26 16:00:00,-0.1275,North_depth,North_velocity
2026-01-26 17:00:00,-0.1294,North_depth,North_velocity
2026-01-26 18:00:00,-0.0818,North_depth,North_velocity
2026-01-27 10:00:00,-0.0784,North_depth,North_velocity
2026-01-27 11:00:00,-0.09,North_depth,North_velocity
2026-01-27 12:00:00,-0.0879,North_depth,North_velocity
2026-01-27 13:00:00,-0.1178,North_depth,North_velocity
2026-01-27 14:00:00,-0.1466,North_depth,North_velocity
2026-01-27 15:00:00,-0.1394,North_depth,North_velocity
2026-01-27 16:00:00,-0.1433,North_depth,North_velocity
2026-01-27 17:00:00,-0.153,North_depth,North_velocity
2026-01-28 10:00:00,-0.1618,North_depth,North_velocity
2026-01-28 11:00:00,-0.1556,North_depth,North_velocity
2026-01-28 12:00:00,-0.1142,North_depth,North_velocity
2026-01-28 13:00:00,-0.0849,North_depth,North_velocity
2026-01-28 14:00:00,-0.0854,North_depth,North_velocity
2026-01-28 15:00:00,-0.099,North_depth,North_velocity
2026-01-28 16:00:00,-0.1137,North_depth,North_velocity
2026-01-28 17:00:00,-0.1184,North_depth,North_velocity
2026-01-28 18:00:00,-0.1373,North_depth,North_velocity
2026-01-29 10:00:00,-0.1338,North_depth,North_velocity
2026-01-29 11:00:00,-0.1268,North_depth,North_velocity
2026-01-29 12:00:00,-0.1117,North_depth,North_velocity
2026-01-29 13:00:00,-0.1178,North_depth,North_velocity
2026-01-29 14:00:00,-0.1145,North_depth,North_velocity
2026-01-29 15:00:00,-0.1091,North_depth,North_velocity
2026-01-29 16:00:00,-0.1032,North_depth,North_velocity
2026-01-29 17:00:00,-0.0975,North_depth,North_velocity
2026-01-29 18:00:00,-0.0757,North_depth,North_velocity
2026-01-30 10:00:00,-0.0723,North_depth,North_velocity
2026-01-30 11:00:00,-0.0739,North_depth,North_velocity
2026-01-30 12:00:00,-0.0644,North_depth,North_velocity
2026-01-30 13:00:00,-0.0723,North_depth,North_velocity
2026-01-30 14:00:00,-0.0298,North_depth,North_velocity
2026-01-30 15:00:00,-0.0366,North_depth,North_velocity
2026-01-30 16:00:00,-0.0076,North_depth,North_velocity
2026-01-30 17:00:00,-0.0016,North_depth,North_velocity
2026-01-30 18:00:00,-0.0022,North_depth,North_velocity
2026-01-31 10:00:00,-0.0087,North_depth,North_velocity
2026-01-31 11:00:00,-0.0116,North_depth,North_velocity
2026-01-31 12:00:00,-0.0131,North_depth,North_velocity
2026-01-31 13:00:00,-0.0223,North_depth,North_velocity
2026-01-31 14:00:00,-0.012,North_depth,North_velocity
2026-01-31 15:00:00,0.0081,North_depth,North_velocity
2026-01-31 16:00:00,0.0195,North_depth,North_velocity
2026-01-31 17:00:00,0.0713,North_depth,North_velocity
2026-01-31 18:00:00,0.0534,North_depth,North_velocity
2026-02-01 10:00:00,0.055,North_depth,North_velocity
2026-02-01 11:00:00,0.028,North_depth,North_velocity
2026-02-01 12:00:00,0.0197,North_depth,North_velocity
2026-02-01 13:00:00,-0.0121,North_depth,North_velocity
2026-02-01 14:00:00,-0.0123,North_depth,North_velocity
2026-02-01 15:00:00,-0.0055,North_depth,North_velocity
2026-02-01 16:00:00,0.0044,North_depth,North_velocity
2026-02-01 17:00:00,0.0076,North_depth,North_velocity
2026-02-01 18:00:00,0.0147,North_depth,North_velocity
2026-02-02 10:00:00,0.0104,North_depth,North_velocity
2026-02-02 11:00:00,0.0111,North_depth,North_velocity
2026-02-02 12:00:00,0.0235,North_depth,North_velocity
2026-02-02 13:00:00,0.0399,North_depth,North_velocity
2026-02-02 14:00:00,0.0456,North_depth,North_velocity
2026-02-02 15:00:00,0.0544,North_depth,North_velocity
2026-02-02 16:00:00,0.0537,North_depth,North_velocity
2026-02-02 17:00:00,0.0581,North_depth,North_velocity
2026-02-02 18:00:00,0.0011,North_depth,North_velocity
2026-02-08 18:00:00,0.096,North_depth,North_velocity
