site,parameter,regime,timestamp,value,source_file,issue_type
Kamand,depth,K_depth_A,2025-07-29 05:27:43,12.49878665590956,depth_measurements_K.csv,sudden_jump
Kamand,depth,K_depth_A,2025-07-30 03:06:30,11.355058033880912,depth_measurements_K.csv,sudden_jump
Kamand,depth,K_depth_A,2025-07-30 04:05:35,10.99071279516405,depth_measurements_K.csv,sudden_jump
Kamand,depth,K_depth_A,2025-07-30 06:13:35,11.426292872889883,depth_measurements_K.csv,sudden_jump
Kamand,depth,K_depth_A,2025-07-30 10:30:46,11.700076975250813,depth_measurements_K.csv,sudden_jump
Kamand,depth,K_depth_A,2025-07-30 17:36:53,12.00831864288002,depth_measurements_K.csv,sudden_jump
Kamand,depth,K_depth_A,2025-08-01 15:48:15,11.83818889586101,depth_measurements_K.csv,sudden_jump
Kamand,depth,K_depth_A,2025-08-01 18:10:30,11.345261603909048,depth_measurements_K.csv,sudden_jump
Kamand,depth,K_depth_A,2025-08-02 21:10:13,12.041073467518911,depth_measurements_K.csv,sudden_jump
Kamand,depth,K_depth_A,2025-08-03 04:38:22,12.249029771302697,depth_measurements_K.csv,sudden_jump
Kamand,depth,K_depth_A,2025-08-16 13:47:12,12.567152029847684,depth_measurements_K.csv,sudden_jump
Kamand,depth,K_depth_A,2025-08-17 09:42:50,11.395251299081336,depth_measurements_K.csv,sudden_jump
Kamand,depth,K_depth_A,2025-08-17 10:59:30,11.666469852543942,depth_measurements_K.csv,sudden_jump
Kamand,depth,K_depth_A,2025-08-20 05:17:34,11.904287034855544,depth_measurements_K.csv,sudden_jump
Kamand,depth,K_depth_A,2025-08-22 13:05:00,12.503614544962025,depth_measurements_K.csv,sudden_jump
Kamand,depth,K_depth_A,2025-08-24 17:59:33,12.234515745346352,depth_measurements_K.csv,sudden_jump
Kamand,depth,K_depth_A,2025-08-25 13:21:50,11.4421344149397,depth_measurements_K.csv,sudden_jump
Kamand,depth,K_depth_A,2025-08-25 14:14:28,11.111481092483473,depth_measurements_K.csv,sudden_jump
Kamand,depth,K_depth_A,2025-08-25 16:34:17,10.432904416880632,depth_measurements_K.csv,sudden_jump
Kamand,depth,K_depth_A,2025-08-25 18:52:37,10.5293624556072,depth_measurements_K.csv,sudden_jump
Kamand,depth,K_depth_A,2025-08-25 19:09:34,10.280281615300757,depth_measurements_K.csv,sudden_jump
Kamand,depth,K_depth_A,2025-08-25 19:26:03,10.461879941506195,depth_measurements_K.csv,sudden_jump
Kamand,depth,K_depth_A,2025-08-25 22:10:28,10.16331944786076,depth_measurements_K.csv,sudden_jump
Kamand,depth,K_depth_A,2025-08-26 00:05:20,10.501328201532187,depth_measurements_K.csv,sudden_jump
Kamand,depth,K_depth_A,2025-08-26 00:21:44,10.3029309051789,depth_measurements_K.csv,sudden_jump
Kamand,depth,K_depth_A,2025-08-26 04:11:25,10.29445957834553,depth_measurements_K.csv,sudden_jump
Kamand,depth,K_depth_A,2025-08-26 04:27:46,10.56806077975058,depth_measurements_K.csv,sudden_jump
Kamand,depth,K_depth_A,2025-08-26 04:44:15,10.2838597170205,depth_measurements_K.csv,sudden_jump
Kamand,depth,K_depth_A,2025-08-26 05:51:19,10.657692834034169,depth_measurements_K.csv,sudden_jump
Kamand,depth,K_depth_A,2025-08-26 06:25:10,10.410424206272513,depth_measurements_K.csv,sudden_jump
Kamand,depth,K_depth_A,2025-08-26 08:23:48,10.463843709542576,depth_measurements_K.csv,sudden_jump
Kamand,depth,K_depth_A,2025-08-26 08:40:44,10.207700465622404,depth_measurements_K.csv,sudden_jump
Kamand,depth,K_depth_A,2025-08-26 08:57:40,10.493521554090536,depth_measurements_K.csv,sudden_jump
Kamand,depth,K_depth_A,2025-08-26 09:31:37,10.186580000607483,depth_measurements_K.csv,sudden_jump
Kamand,depth,K_depth_A,2025-08-26 10:05:23,10.01566551176234,depth_measurements_K.csv,sudden_jump
Kamand,depth,K_depth_A,2025-08-26 10:39:20,9.641713593532316,depth_measurements_K.csv,sudden_jump
Kamand,depth,K_depth_A,2025-08-26 10:56:17,10.03629141201437,depth_measurements_K.csv,sudden_jump
Kamand,depth,K_depth_A,2025-08-26 13:12:40,10.159330927129494,depth_measurements_K.csv,sudden_jump
Kamand,depth,K_depth_A,2025-08-26 13:47:57,10.23589100705483,depth_measurements_K.csv,sudden_jump
Kamand,depth,K_depth_A,2025-08-26 16:53:23,10.173902306285052,depth_measurements_K.csv,sudden_jump
Kamand,depth,K_depth_A,2025-08-26 17:59:49,10.409277160691111,depth_measurements_K.csv,sudden_jump
Kamand,depth,K_depth_A,2025-08-26 19:19:50,10.203379550318717,depth_measurements_K.csv,sudden_jump
Kamand,depth,K_depth_A,2025-08-26 19:36:13,10.510473150300149,depth_measurements_K.csv,sudden_jump
Kamand,depth,K_depth_A,2025-08-26 19:52:42,10.750343184031186,depth_measurements_K.csv,sudden_jump
Kamand,depth,K_depth_A,2025-08-26 22:37:29,11.22637727374048,depth_measurements_K.csv,sudden_jump
Kamand,depth,K_depth_A,2025-08-26 23:59:59,11.363090659673226,depth_measurements_K.csv,sudden_jump
Kamand,depth,K_depth_A,2025-08-27 09:22:51,11.971938345416904,depth_measurements_K.csv,sudden_jump
Kamand,depth,K_depth_A,2025-08-28 15:30:41,12.438807424332785,depth_measurements_K.csv,sudden_jump
Kamand,depth,K_depth_A,2025-08-29 11:27:45,12.223495419166223,depth_measurements_K.csv,sudden_jump
Kamand,depth,K_depth_A,2025-08-30 10:40:25,12.233348322942131,depth_measurements_K.csv,sudden_jump
Kamand,depth,K_depth_A,2025-08-30 19:43:24,12.29764469033152,depth_measurements_K.csv,sudden_jump
Kamand,depth,K_depth_A,2025-09-02 12:11:33,10.697106364912427,depth_measurements_K.csv,sudden_jump
Kamand,depth,K_depth_A,2025-09-02 12:46:57,10.459075978866444,depth_measurements_K.csv,sudden_jump
Kamand,depth,K_depth_A,2025-09-02 13:56:42,10.283334249043266,depth_measurements_K.csv,sudden_jump
Kamand,depth,K_depth_A,2025-09-02 14:31:55,10.111436252877246,depth_measurements_K.csv,sudden_jump
Kamand,depth,K_depth_A,2025-09-02 14:49:27,10.45129234128191,depth_measurements_K.csv,sudden_jump
Kamand,depth,K_depth_A,2025-09-02 15:42:37,10.14101360933546,depth_measurements_K.csv,sudden_jump
Kamand,depth,K_depth_A,2025-09-02 16:17:48,10.181535416749975,depth_measurements_K.csv,sudden_jump
Kamand,depth,K_depth_A,2025-09-02 16:35:18,10.478182924351412,depth_measurements_K.csv,sudden_jump
Kamand,depth,K_depth_A,2025-09-02 19:28:59,10.150731571729166,depth_measurements_K.csv,sudden_jump
Kamand,depth,K_depth_A,2025-09-02 20:34:43,10.56619805516276,depth_measurements_K.csv,sudden_jump
Kamand,depth,K_depth_A,2025-09-02 20:51:09,10.149786312067771,depth_measurements_K.csv,sudden_jump
Kamand,depth,K_depth_A,2025-09-02 21:07:36,10.475309188686737,depth_measurements_K.csv,sudden_jump
Kamand,depth,K_depth_A,2025-09-02 22:46:39,10.624262018446148,depth_measurements_K.csv,sudden_jump
Kamand,depth,K_depth_A,2025-09-02 23:19:00,10.8651479980811,depth_measurements_K.csv,sudden_jump
Kamand,depth,K_depth_A,2025-09-03 00:24:22,10.63755379618423,depth_measurements_K.csv,sudden_jump
Kamand,depth,K_depth_A,2025-09-03 01:14:24,10.536587633689663,depth_measurements_K.csv,sudden_jump
Kamand,depth,K_depth_A,2025-09-03 06:11:45,11.051564460067189,depth_measurements_K.csv,sudden_jump
Kamand,depth,K_depth_A,2025-09-03 08:24:12,11.246590602200028,depth_measurements_K.csv,sudden_jump
Kamand,depth,K_depth_A,2025-09-03 17:35:10,11.1782108028365,depth_measurements_K.csv,sudden_jump
Kamand,depth,K_depth_A,2025-09-05 00:09:49,11.75921581184905,depth_measurements_K.csv,sudden_jump
Kamand,depth,K_depth_A,2025-09-06 00:10:51,12.219238899202534,depth_measurements_K.csv,sudden_jump
Kamand,depth,K_depth_B,2025-11-02 03:39:00,13.56,depth_measurements_K.csv,frozen_run_len_5_until_2025-11-02 04:40:00
Kamand,depth,K_depth_B,2025-11-02 10:10:00,13.51,depth_measurements_K.csv,frozen_run_len_5_until_2025-11-02 11:10:00
Kamand,depth,K_depth_B,2025-11-02 15:10:00,13.52,depth_measurements_K.csv,frozen_run_len_7_until_2025-11-02 17:55:00
Kamand,depth,K_depth_B,2025-11-03 00:11:00,13.54,depth_measurements_K.csv,frozen_run_len_5_until_2025-11-03 01:11:00
Kamand,depth,K_depth_B,2025-11-05 02:30:00,13.54,depth_measurements_K.csv,frozen_run_len_6_until_2025-11-05 03:45:00
Kamand,depth,K_depth_B,2025-11-07 04:47:00,13.54,depth_measurements_K.csv,frozen_run_len_5_until_2025-11-07 05:47:00
Kamand,depth,K_depth_B,2025-11-09 20:46:00,13.54,depth_measurements_K.csv,frozen_run_len_6_until_2025-11-09 22:02:00
Kamand,depth,K_depth_B,2025-11-09 23:17:00,13.55,depth_measurements_K.csv,frozen_run_len_6_until_2025-11-10 00:32:00
Kamand,depth,K_depth_B,2025-11-10 04:47:00,13.55,depth_measurements_K.csv,frozen_run_len_9_until_2025-11-10 06:47:00
Kamand,depth,K_depth_B,2025-11-10 12:02:00,13.55,depth_measurements_K.csv,frozen_run_len_5_until_2025-11-10 13:03:00
Kamand,depth,K_depth_B,2025-11-12 18:21:00,13.55,depth_measurements_K.csv,frozen_run_len_5_until_2025-11-12 19:21:00
Kamand,depth,K_depth_B,2025-11-13 09:40:00,13.55,depth_measurements_K.csv,frozen_run_len_7_until_2025-11-13 11:10:00
Kamand,depth,K_depth_B,2025-11-03 07:11:00,13.54,depth_measurements_K.csv,sudden_jump
Kamand,depth_stage_burst,Kamand_depth_stage_burst,2025-08-30 16:34:11,0.860923,depth_K.csv,sudden_jump
Kamand,depth_stage_burst,Kamand_depth_stage_burst,2025-08-30 16:35:42,0.8602215,depth_K.csv,sudden_jump
Kamand,depth_stage_burst,Kamand_depth_stage_burst,2025-08-30 16:37:13,0.861177,depth_K.csv,sudden_jump
Kamand,depth_stage_burst,Kamand_depth_stage_burst,2025-08-30 16:38:45,0.860419,depth_K.csv,sudden_jump
Kamand,depth_stage_burst,Kamand_depth_stage_burst,2025-08-30 16:43:20,0.8610869999999999,depth_K.csv,sudden_jump
Kamand,depth_stage_burst,Kamand_depth_stage_burst,2025-08-30 16:44:50,0.8603075,depth_K.csv,sudden_jump
Kamand,depth_stage_burst,Kamand_depth_stage_burst,2025-08-30 16:58:13,0.319261,depth_K.csv,sudden_jump
Kamand,depth_stage_burst,Kamand_depth_stage_burst,2025-08-30 16:59:34,0.318501,depth_K.csv,sudden_jump
Kamand,depth_stage_burst,Kamand_depth_stage_burst,2025-08-30 17:00:45,0.316028,depth_K.csv,sudden_jump
Kamand,depth_stage_burst,Kamand_depth_stage_burst,2025-08-30 17:08:02,0.3165375,depth_K.csv,sudden_jump
Kamand,depth_stage_burst,Kamand_depth_stage_burst,2025-08-30 17:38:35,1.485313,depth_K.csv,sudden_jump
Kamand,velocity,Kamand_velocity,2025-07-30 10:55:51,8.648558,velocity_K.csv,outside_plausible_bounds
Kamand,velocity,Kamand_velocity,2025-07-30 11:12:35,8.675018,velocity_K.csv,outside_plausible_bounds
Kamand,velocity,Kamand_velocity,2025-07-30 11:28:22,8.0569975,velocity_K.csv,outside_plausible_bounds
Kamand,velocity,Kamand_velocity,2025-07-30 11:35:51,8.461549999999999,velocity_K.csv,outside_plausible_bounds
Kamand,velocity,Kamand_velocity,2025-07-30 11:58:09,12.51408925,velocity_K.csv,outside_plausible_bounds
Kamand,velocity,Kamand_velocity,2025-07-30 12:12:45,12.539654,velocity_K.csv,outside_plausible_bounds
Kamand,velocity,Kamand_velocity,2025-07-30 12:27:58,12.737907,velocity_K.csv,outside_plausible_bounds
Kamand,velocity,Kamand_velocity,2025-07-30 12:43:00,12.737907,velocity_K.csv,outside_plausible_bounds
Kamand,velocity,Kamand_velocity,2025-07-30 12:51:25,8.0727775,velocity_K.csv,outside_plausible_bounds
Kamand,velocity,Kamand_velocity,2025-07-30 13:13:09,8.07996575,velocity_K.csv,outside_plausible_bounds
Kamand,velocity,Kamand_velocity,2025-07-30 13:27:50,11.364472,velocity_K.csv,outside_plausible_bounds
Kamand,velocity,Kamand_velocity,2025-07-30 13:57:48,9.007107999999999,velocity_K.csv,outside_plausible_bounds
Kamand,velocity,Kamand_velocity,2025-07-30 14:46:10,9.921126,velocity_K.csv,outside_plausible_bounds
Kamand,velocity,Kamand_velocity,2025-07-30 15:33:31,8.186036999999999,velocity_K.csv,outside_plausible_bounds
Kamand,velocity,Kamand_velocity,2025-07-31 14:40:10,8.5635415,velocity_K.csv,outside_plausible_bounds
Kamand,velocity,Kamand_velocity,2025-08-02 11:12:13,9.0884025,velocity_K.csv,outside_plausible_bounds
Kamand,velocity,Kamand_velocity,2025-08-02 12:35:59,11.343863,velocity_K.csv,outside_plausible_bounds
Kamand,velocity,Kamand_velocity,2025-08-02 12:56:52,11.5836525,velocity_K.csv,outside_plausible_bounds
Kamand,velocity,Kamand_velocity,2025-08-02 13:17:20,11.6763795,velocity_K.csv,outside_plausible_bounds
Kamand,velocity,Kamand_velocity,2025-08-02 13:48:20,11.44579475,velocity_K.csv,outside_plausible_bounds
Kamand,velocity,Kamand_velocity,2025-08-02 14:27:27,11.055539,velocity_K.csv,outside_plausible_bounds
Kamand,velocity,Kamand_velocity,2025-08-02 14:45:29,11.00883,velocity_K.csv,outside_plausible_bounds
Kamand,velocity,Kamand_velocity,2025-08-02 15:21:43,11.6383185,velocity_K.csv,outside_plausible_bounds
Kamand,velocity,Kamand_velocity,2025-08-02 15:36:33,9.7239805,velocity_K.csv,outside_plausible_bounds
Kamand,velocity,Kamand_velocity,2025-08-02 16:01:38,9.0602625,velocity_K.csv,outside_plausible_bounds
Kamand,velocity,Kamand_velocity,2025-08-02 16:39:46,9.110879,velocity_K.csv,outside_plausible_bounds
Kamand,velocity,Kamand_velocity,2025-08-02 17:01:15,8.329291,velocity_K.csv,outside_plausible_bounds
Kamand,velocity,Kamand_velocity,2025-08-17 10:58:58,11.4421535,velocity_K.csv,outside_plausible_bounds
Kamand,velocity,Kamand_velocity,2025-08-17 11:21:37,12.308502,velocity_K.csv,outside_plausible_bounds
Kamand,velocity,Kamand_velocity,2025-08-17 11:38:39,11.374046,velocity_K.csv,outside_plausible_bounds
Kamand,velocity,Kamand_velocity,2025-08-17 11:55:50,10.3527305,velocity_K.csv,outside_plausible_bounds
Kamand,velocity,Kamand_velocity,2025-08-17 12:13:08,10.9769705,velocity_K.csv,outside_plausible_bounds
Kamand,velocity,Kamand_velocity,2025-08-17 12:26:33,10.9030925,velocity_K.csv,outside_plausible_bounds
Kamand,velocity,Kamand_velocity,2025-08-17 12:54:34,11.014169,velocity_K.csv,outside_plausible_bounds
Kamand,velocity,Kamand_velocity,2025-08-17 13:22:38,9.82338,velocity_K.csv,outside_plausible_bounds
Kamand,velocity,Kamand_velocity,2025-08-17 13:46:54,9.4881045,velocity_K.csv,outside_plausible_bounds
Kamand,velocity,Kamand_velocity,2025-08-17 14:22:10,8.55811,velocity_K.csv,outside_plausible_bounds
Kamand,velocity,Kamand_velocity,2025-08-17 14:58:00,8.8679645,velocity_K.csv,outside_plausible_bounds
Kamand,velocity,Kamand_velocity,2025-08-17 15:15:36,8.511207500000001,velocity_K.csv,outside_plausible_bounds
Kamand,velocity,Kamand_velocity,2025-08-17 16:24:19,8.087557499999999,velocity_K.csv,outside_plausible_bounds
Kamand,velocity,Kamand_velocity,2025-08-17 16:51:18,8.315946499999999,velocity_K.csv,outside_plausible_bounds
Kamand,velocity,Kamand_velocity,2025-08-19 14:01:33,10.0249075,velocity_K.csv,outside_plausible_bounds
Kamand,velocity,Kamand_velocity,2025-08-19 14:36:11,9.834263,velocity_K.csv,outside_plausible_bounds
Kamand,velocity,Kamand_velocity,2025-08-19 15:12:18,9.478875,velocity_K.csv,outside_plausible_bounds
Kamand,velocity,Kamand_velocity,2025-08-19 15:30:03,9.2707455,velocity_K.csv,outside_plausible_bounds
Kamand,velocity,Kamand_velocity,2025-08-19 16:06:21,9.161949,velocity_K.csv,outside_plausible_bounds
Kamand,velocity,Kamand_velocity,2025-08-19 16:41:52,8.319906,velocity_K.csv,outside_plausible_bounds
Kamand,velocity,Kamand_velocity,2025-08-19 16:59:42,8.534731,velocity_K.csv,outside_plausible_bounds
Kamand,velocity,Kamand_velocity,2025-08-19 17:16:59,8.510996,velocity_K.csv,outside_plausible_bounds
Kamand,velocity,Kamand_velocity,2025-08-19 17:53:06,9.263882,velocity_K.csv,outside_plausible_bounds
Kamand,velocity,Kamand_velocity,2025-08-19 18:31:29,8.08508785,velocity_K.csv,outside_plausible_bounds
Kamand,velocity,Kamand_velocity,2025-08-20 06:30:13,8.7976525,velocity_K.csv,outside_plausible_bounds
Kamand,velocity,Kamand_velocity,2025-08-20 07:42:38,8.2545775,velocity_K.csv,outside_plausible_bounds
Kamand,velocity,Kamand_velocity,2025-08-20 07:56:45,8.2717995,velocity_K.csv,outside_plausible_bounds
Kamand,velocity,Kamand_velocity,2025-08-20 08:14:00,8.1285938,velocity_K.csv,outside_plausible_bounds
Kamand,velocity,Kamand_velocity,2025-08-20 08:37:04,8.3608405,velocity_K.csv,outside_plausible_bounds
Kamand,velocity,Kamand_velocity,2025-08-25 12:02:01,8.538671,velocity_K.csv,outside_plausible_bounds
Kamand,velocity,Kamand_velocity,2025-08-25 13:01:59,8.156973,velocity_K.csv,outside_plausible_bounds
Kamand,velocity,Kamand_velocity,2025-08-25 13:17:01,9.13952,velocity_K.csv,outside_plausible_bounds
Kamand,velocity,Kamand_velocity,2025-08-25 13:32:01,9.584139,velocity_K.csv,outside_plausible_bounds
Kamand,velocity,Kamand_velocity,2025-08-25 13:46:55,9.8417365,velocity_K.csv,outside_plausible_bounds
Kamand,velocity,Kamand_velocity,2025-08-25 14:01:57,9.2311425,velocity_K.csv,outside_plausible_bounds
Kamand,velocity,Kamand_velocity,2025-08-25 14:17:00,12.70341125,velocity_K.csv,outside_plausible_bounds
Kamand,velocity,Kamand_velocity,2025-08-25 14:32:04,12.70341125,velocity_K.csv,outside_plausible_bounds
Kamand,velocity,Kamand_velocity,2025-08-25 14:47:00,11.67844,velocity_K.csv,outside_plausible_bounds
Kamand,velocity,Kamand_velocity,2025-08-25 15:02:01,10.4622005,velocity_K.csv,outside_plausible_bounds
Kamand,velocity,Kamand_velocity,2025-08-25 15:17:01,12.259739,velocity_K.csv,outside_plausible_bounds
Kamand,velocity,Kamand_velocity,2025-08-25 15:31:58,11.094685,velocity_K.csv,outside_plausible_bounds
Kamand,velocity,Kamand_velocity,2025-08-25 15:47:00,9.8096595,velocity_K.csv,outside_plausible_bounds
Kamand,velocity,Kamand_velocity,2025-08-25 16:02:01,12.097859,velocity_K.csv,outside_plausible_bounds
Kamand,velocity,Kamand_velocity,2025-08-25 16:32:06,8.9834815,velocity_K.csv,outside_plausible_bounds
Kamand,velocity,Kamand_velocity,2025-08-25 16:47:05,10.6546475,velocity_K.csv,outside_plausible_bounds
Kamand,velocity,Kamand_velocity,2025-08-25 18:01:59,10.02695025,velocity_K.csv,outside_plausible_bounds
Kamand,velocity,Kamand_velocity,2025-08-26 15:46:59,15.536585,velocity_K.csv,outside_plausible_bounds
Kamand,velocity,Kamand_velocity,2025-08-26 16:02:06,15.9773115,velocity_K.csv,outside_plausible_bounds
Kamand,velocity,Kamand_velocity,2025-08-26 16:17:03,15.9773115,velocity_K.csv,outside_plausible_bounds
Kamand,velocity,Kamand_velocity,2025-08-26 16:32:08,15.9773115,velocity_K.csv,outside_plausible_bounds
Kamand,velocity,Kamand_velocity,2025-08-27 10:16:53,10.8787595,velocity_K.csv,outside_plausible_bounds
Kamand,velocity,Kamand_velocity,2025-08-27 10:46:51,11.448451,velocity_K.csv,outside_plausible_bounds
Kamand,velocity,Kamand_velocity,2025-08-27 11:01:50,11.2420805,velocity_K.csv,outside_plausible_bounds
Kamand,velocity,Kamand_velocity,2025-08-27 11:16:51,11.710413,velocity_K.csv,outside_plausible_bounds
Kamand,velocity,Kamand_velocity,2025-08-27 11:31:56,10.7476335,velocity_K.csv,outside_plausible_bounds
Kamand,velocity,Kamand_velocity,2025-08-27 12:01:50,10.878449,velocity_K.csv,outside_plausible_bounds
Kamand,velocity,Kamand_velocity,2025-08-27 12:16:51,11.592125,velocity_K.csv,outside_plausible_bounds
Kamand,velocity,Kamand_velocity,2025-08-27 12:31:58,11.455192,velocity_K.csv,outside_plausible_bounds
Kamand,velocity,Kamand_velocity,2025-08-27 12:46:53,11.43083,velocity_K.csv,outside_plausible_bounds
Kamand,velocity,Kamand_velocity,2025-08-27 13:16:52,11.3090985,velocity_K.csv,outside_plausible_bounds
Kamand,velocity,Kamand_velocity,2025-08-27 16:47:06,9.9649215,velocity_K.csv,outside_plausible_bounds
Kamand,velocity,Kamand_velocity,2025-08-27 17:02:08,9.903014,velocity_K.csv,outside_plausible_bounds
Kamand,velocity,Kamand_velocity,2025-08-27 17:32:12,10.217469,velocity_K.csv,outside_plausible_bounds
Kamand,velocity,Kamand_velocity,2025-08-27 17:47:08,10.0278945,velocity_K.csv,outside_plausible_bounds
Kamand,velocity,Kamand_velocity,2025-08-27 18:02:07,10.372884,velocity_K.csv,outside_plausible_bounds
Kamand,velocity,Kamand_velocity,2025-08-27 18:17:08,9.73784325,velocity_K.csv,outside_plausible_bounds
Kamand,velocity,Kamand_velocity,2025-08-27 18:32:12,9.4711625,velocity_K.csv,outside_plausible_bounds
Kamand,velocity,Kamand_velocity,2025-08-27 18:47:04,8.082956,velocity_K.csv,outside_plausible_bounds
Kamand,velocity,Kamand_velocity,2025-08-28 10:32:05,8.35793675,velocity_K.csv,outside_plausible_bounds
Kamand,velocity,Kamand_velocity,2025-08-28 10:46:50,9.185892,velocity_K.csv,outside_plausible_bounds
Kamand,velocity,Kamand_velocity,2025-08-28 11:01:52,8.5724225,velocity_K.csv,outside_plausible_bounds
Kamand,velocity,Kamand_velocity,2025-08-28 11:16:56,8.3864295,velocity_K.csv,outside_plausible_bounds
Kamand,velocity,Kamand_velocity,2025-08-28 11:31:51,8.3496035,velocity_K.csv,outside_plausible_bounds
Kamand,velocity,Kamand_velocity,2025-08-28 11:46:56,8.363060999999998,velocity_K.csv,outside_plausible_bounds
Kamand,velocity,Kamand_velocity,2025-08-28 12:16:48,8.4459165,velocity_K.csv,outside_plausible_bounds
Kamand,velocity,Kamand_velocity,2025-08-28 12:31:50,8.566983,velocity_K.csv,outside_plausible_bounds
Kamand,velocity,Kamand_velocity,2025-08-28 12:46:43,8.493725000000001,velocity_K.csv,outside_plausible_bounds
Kamand,velocity,Kamand_velocity,2025-08-28 13:16:58,8.396808499999999,velocity_K.csv,outside_plausible_bounds
Kamand,velocity,Kamand_velocity,2025-08-28 13:31:49,8.6544445,velocity_K.csv,outside_plausible_bounds
Kamand,velocity,Kamand_velocity,2025-08-28 14:01:48,9.068883499999998,velocity_K.csv,outside_plausible_bounds
Kamand,velocity,Kamand_velocity,2025-08-28 14:17:00,9.0471765,velocity_K.csv,outside_plausible_bounds
Kamand,velocity,Kamand_velocity,2025-08-28 14:32:01,9.0137155,velocity_K.csv,outside_plausible_bounds
Kamand,velocity,Kamand_velocity,2025-08-28 14:47:03,8.8047025,velocity_K.csv,outside_plausible_bounds
Kamand,velocity,Kamand_velocity,2025-08-28 15:02:05,8.6209365,velocity_K.csv,outside_plausible_bounds
Kamand,velocity,Kamand_velocity,2025-08-28 15:16:58,9.061659,velocity_K.csv,outside_plausible_bounds
Kamand,velocity,Kamand_velocity,2025-08-28 15:47:01,8.594628499999999,velocity_K.csv,outside_plausible_bounds
Kamand,velocity,Kamand_velocity,2025-08-28 16:01:53,8.4064985,velocity_K.csv,outside_plausible_bounds
Kamand,velocity,Kamand_velocity,2025-08-28 16:17:03,8.153238,velocity_K.csv,outside_plausible_bounds
Kamand,velocity,Kamand_velocity,2025-08-28 16:32:11,8.326636,velocity_K.csv,outside_plausible_bounds
Kamand,velocity,Kamand_velocity,2025-08-28 17:02:00,8.11303525,velocity_K.csv,outside_plausible_bounds
Kamand,velocity,Kamand_velocity,2025-08-29 11:32:02,8.289035,velocity_K.csv,outside_plausible_bounds
Kamand,velocity,Kamand_velocity,2025-08-29 11:46:59,8.289035,velocity_K.csv,outside_plausible_bounds
Kamand,velocity,Kamand_velocity,2025-08-29 12:32:03,8.881998750000001,velocity_K.csv,outside_plausible_bounds
Kamand,velocity,Kamand_velocity,2025-08-29 12:46:56,8.881998750000001,velocity_K.csv,outside_plausible_bounds
Kamand,velocity,Kamand_velocity,2025-08-29 13:16:45,8.97527425,velocity_K.csv,outside_plausible_bounds
Kamand,velocity,Kamand_velocity,2025-08-29 13:31:52,8.859860000000001,velocity_K.csv,outside_plausible_bounds
Kamand,velocity,Kamand_velocity,2025-08-29 14:02:05,8.395472,velocity_K.csv,outside_plausible_bounds
Kamand,velocity,Kamand_velocity,2025-08-29 14:16:52,8.63636125,velocity_K.csv,outside_plausible_bounds
Kamand,velocity,Kamand_velocity,2025-08-29 14:32:10,8.7729335,velocity_K.csv,outside_plausible_bounds
Kamand,velocity,Kamand_velocity,2025-08-29 15:02:06,8.094387999999999,velocity_K.csv,outside_plausible_bounds
Kamand,velocity,Kamand_velocity,2025-08-29 15:16:59,8.474982,velocity_K.csv,outside_plausible_bounds
Kamand,velocity,Kamand_velocity,2025-08-29 15:32:05,8.474982,velocity_K.csv,outside_plausible_bounds
Kamand,velocity,Kamand_velocity,2025-08-29 15:47:00,8.191887999999999,velocity_K.csv,outside_plausible_bounds
Kamand,velocity,Kamand_velocity,2025-08-30 10:31:44,8.030811700000001,velocity_K.csv,outside_plausible_bounds
Kamand,velocity,Kamand_velocity,2025-08-30 10:46:44,9.0322725,velocity_K.csv,outside_plausible_bounds
Kamand,velocity,Kamand_velocity,2025-08-30 11:01:47,8.578784,velocity_K.csv,outside_plausible_bounds
Kamand,velocity,Kamand_velocity,2025-08-30 11:31:49,8.1717725,velocity_K.csv,outside_plausible_bounds
Kamand,velocity,Kamand_velocity,2025-08-30 12:16:43,8.210958999999999,velocity_K.csv,outside_plausible_bounds
Kamand,velocity,Kamand_velocity,2025-08-30 13:16:41,8.153374,velocity_K.csv,outside_plausible_bounds
Kamand,velocity,Kamand_velocity,2025-08-30 13:31:48,8.237989500000001,velocity_K.csv,outside_plausible_bounds
Kamand,velocity,Kamand_velocity,2025-08-30 13:46:42,8.1760195,velocity_K.csv,outside_plausible_bounds
Kamand,velocity,Kamand_velocity,2025-08-30 14:01:45,8.0315394,velocity_K.csv,outside_plausible_bounds
Kamand,velocity,Kamand_velocity,2025-08-30 14:16:44,8.1292305,velocity_K.csv,outside_plausible_bounds
Kamand,velocity,Kamand_velocity,2025-09-01 12:02:03,8.333688,velocity_K.csv,outside_plausible_bounds
Kamand,velocity,Kamand_velocity,2025-09-01 12:17:04,8.333688,velocity_K.csv,outside_plausible_bounds
Kamand,velocity,Kamand_velocity,2025-09-01 12:32:09,8.333688,velocity_K.csv,outside_plausible_bounds
Kamand,velocity,Kamand_velocity,2025-09-01 13:02:04,8.08174675,velocity_K.csv,outside_plausible_bounds
Kamand,velocity,Kamand_velocity,2025-09-01 13:16:59,8.08174675,velocity_K.csv,outside_plausible_bounds
Kamand,velocity,Kamand_velocity,2025-09-01 14:17:00,8.760431,velocity_K.csv,outside_plausible_bounds
Kamand,velocity,Kamand_velocity,2025-09-01 14:32:07,8.760431,velocity_K.csv,outside_plausible_bounds
Kamand,velocity,Kamand_velocity,2025-09-01 15:02:02,9.298969,velocity_K.csv,outside_plausible_bounds
Kamand,velocity,Kamand_velocity,2025-09-01 15:17:01,9.298969,velocity_K.csv,outside_plausible_bounds
Kamand,velocity,Kamand_velocity,2025-09-01 15:32:06,9.298969,velocity_K.csv,outside_plausible_bounds
Kamand,velocity,Kamand_velocity,2025-09-01 16:01:58,8.675821,velocity_K.csv,outside_plausible_bounds
Kamand,velocity,Kamand_velocity,2025-09-01 16:32:06,8.789412,velocity_K.csv,outside_plausible_bounds
Kamand,velocity,Kamand_velocity,2025-09-02 12:17:01,9.6128505,velocity_K.csv,outside_plausible_bounds
Kamand,velocity,Kamand_velocity,2025-09-02 12:32:09,8.288993000000001,velocity_K.csv,outside_plausible_bounds
Kamand,velocity,Kamand_velocity,2025-09-02 13:01:58,8.737461249999999,velocity_K.csv,outside_plausible_bounds
Kamand,velocity,Kamand_velocity,2025-09-02 13:16:57,11.778288,velocity_K.csv,outside_plausible_bounds
Kamand,velocity,Kamand_velocity,2025-09-02 13:46:59,14.017988,velocity_K.csv,outside_plausible_bounds
Kamand,velocity,Kamand_velocity,2025-09-02 14:01:59,15.309928,velocity_K.csv,outside_plausible_bounds
Kamand,velocity,Kamand_velocity,2025-09-02 14:17:06,12.6455435,velocity_K.csv,outside_plausible_bounds
Kamand,velocity,Kamand_velocity,2025-09-02 14:47:01,15.0918385,velocity_K.csv,outside_plausible_bounds
Kamand,velocity,Kamand_velocity,2025-09-02 15:02:01,12.306715,velocity_K.csv,outside_plausible_bounds
Kamand,velocity,Kamand_velocity,2025-09-02 15:17:00,12.3203765,velocity_K.csv,outside_plausible_bounds
Kamand,velocity,Kamand_velocity,2025-09-02 15:46:57,14.5619995,velocity_K.csv,outside_plausible_bounds
Kamand,velocity,Kamand_velocity,2025-09-02 16:16:55,9.3634695,velocity_K.csv,outside_plausible_bounds
Kamand,velocity,Kamand_velocity,2025-09-02 16:32:06,13.5766395,velocity_K.csv,outside_plausible_bounds
Kamand,velocity,Kamand_velocity,2025-09-02 16:47:00,11.547845,velocity_K.csv,outside_plausible_bounds
Kamand,velocity,Kamand_velocity,2025-09-05 10:46:57,9.2004285,velocity_K.csv,outside_plausible_bounds
Kamand,velocity,Kamand_velocity,2025-09-05 11:01:58,9.2004285,velocity_K.csv,outside_plausible_bounds
Kamand,velocity,Kamand_velocity,2025-09-05 11:16:58,9.2004285,velocity_K.csv,outside_plausible_bounds
Kamand,velocity,Kamand_velocity,2025-09-05 11:32:04,8.910829,velocity_K.csv,outside_plausible_bounds
Kamand,velocity,Kamand_velocity,2025-10-31 14:31:46,10.057718,velocity_K.csv,outside_plausible_bounds
Kamand,velocity,Kamand_velocity,2025-07-26 10:25:47,2.6763431,velocity_K.csv,frozen_run_len_16_until_2025-07-26 14:10:57
Kamand,velocity,Kamand_velocity,2025-07-31 06:13:32,0.1657499999999999,velocity_K.csv,frozen_run_len_5_until_2025-07-31 07:29:44
Kamand,velocity,Kamand_velocity,2025-08-01 19:52:51,3.5775374,velocity_K.csv,frozen_run_len_9_until_2025-08-02 08:44:59
Kamand,velocity,Kamand_velocity,2025-08-02 19:52:42,1.3634737,velocity_K.csv,frozen_run_len_358_until_2025-08-15 15:46:01
Kamand,velocity,Kamand_velocity,2025-08-15 17:57:38,0.90594615,velocity_K.csv,frozen_run_len_31_until_2025-08-16 13:04:00
Kamand,velocity,Kamand_velocity,2025-08-16 19:46:43,0.43392989,velocity_K.csv,frozen_run_len_15_until_2025-08-17 09:44:45
Kamand,velocity,Kamand_velocity,2025-08-17 18:19:39,7.52049135,velocity_K.csv,frozen_run_len_56_until_2025-08-19 13:18:25
Kamand,velocity,Kamand_velocity,2025-08-20 09:43:58,7.68669215,velocity_K.csv,frozen_run_len_73_until_2025-08-22 12:26:52
Kamand,velocity,Kamand_velocity,2025-07-30 11:58:09,12.51408925,velocity_K.csv,statistical_outlier_iqr
Kamand,velocity,Kamand_velocity,2025-07-30 12:12:45,12.539654,velocity_K.csv,statistical_outlier_iqr
Kamand,velocity,Kamand_velocity,2025-07-30 12:27:58,12.737907,velocity_K.csv,statistical_outlier_iqr
Kamand,velocity,Kamand_velocity,2025-07-30 12:43:00,12.737907,velocity_K.csv,statistical_outlier_iqr
Kamand,velocity,Kamand_velocity,2025-07-30 13:27:50,11.364472,velocity_K.csv,statistical_outlier_iqr
Kamand,velocity,Kamand_velocity,2025-07-30 14:46:10,9.921126,velocity_K.csv,statistical_outlier_iqr
Kamand,velocity,Kamand_velocity,2025-08-02 12:35:59,11.343863,velocity_K.csv,statistical_outlier_iqr
Kamand,velocity,Kamand_velocity,2025-08-02 12:56:52,11.5836525,velocity_K.csv,statistical_outlier_iqr
Kamand,velocity,Kamand_velocity,2025-08-02 13:17:20,11.6763795,velocity_K.csv,statistical_outlier_iqr
Kamand,velocity,Kamand_velocity,2025-08-02 13:48:20,11.44579475,velocity_K.csv,statistical_outlier_iqr
Kamand,velocity,Kamand_velocity,2025-08-02 14:27:27,11.055539,velocity_K.csv,statistical_outlier_iqr
Kamand,velocity,Kamand_velocity,2025-08-02 14:45:29,11.00883,velocity_K.csv,statistical_outlier_iqr
Kamand,velocity,Kamand_velocity,2025-08-02 15:21:43,11.6383185,velocity_K.csv,statistical_outlier_iqr
Kamand,velocity,Kamand_velocity,2025-08-02 15:36:33,9.7239805,velocity_K.csv,statistical_outlier_iqr
Kamand,velocity,Kamand_velocity,2025-08-17 10:58:58,11.4421535,velocity_K.csv,statistical_outlier_iqr
Kamand,velocity,Kamand_velocity,2025-08-17 11:21:37,12.308502,velocity_K.csv,statistical_outlier_iqr
Kamand,velocity,Kamand_velocity,2025-08-17 11:38:39,11.374046,velocity_K.csv,statistical_outlier_iqr
Kamand,velocity,Kamand_velocity,2025-08-17 11:55:50,10.3527305,velocity_K.csv,statistical_outlier_iqr
Kamand,velocity,Kamand_velocity,2025-08-17 12:13:08,10.9769705,velocity_K.csv,statistical_outlier_iqr
Kamand,velocity,Kamand_velocity,2025-08-17 12:26:33,10.9030925,velocity_K.csv,statistical_outlier_iqr
Kamand,velocity,Kamand_velocity,2025-08-17 12:54:34,11.014169,velocity_K.csv,statistical_outlier_iqr
Kamand,velocity,Kamand_velocity,2025-08-17 13:22:38,9.82338,velocity_K.csv,statistical_outlier_iqr
Kamand,velocity,Kamand_velocity,2025-08-17 13:46:54,9.4881045,velocity_K.csv,statistical_outlier_iqr
Kamand,velocity,Kamand_velocity,2025-08-19 14:01:33,10.0249075,velocity_K.csv,statistical_outlier_iqr
Kamand,velocity,Kamand_velocity,2025-08-19 14:36:11,9.834263,velocity_K.csv,statistical_outlier_iqr
Kamand,velocity,Kamand_velocity,2025-08-19 15:12:18,9.478875,velocity_K.csv,statistical_outlier_iqr
Kamand,velocity,Kamand_velocity,2025-08-25 13:32:01,9.584139,velocity_K.csv,statistical_outlier_iqr
Kamand,velocity,Kamand_velocity,2025-08-25 13:46:55,9.8417365,velocity_K.csv,statistical_outlier_iqr
Kamand,velocity,Kamand_velocity,2025-08-25 14:17:00,12.70341125,velocity_K.csv,statistical_outlier_iqr
Kamand,velocity,Kamand_velocity,2025-08-25 14:32:04,12.70341125,velocity_K.csv,statistical_outlier_iqr
Kamand,velocity,Kamand_velocity,2025-08-25 14:47:00,11.67844,velocity_K.csv,statistical_outlier_iqr
Kamand,velocity,Kamand_velocity,2025-08-25 15:02:01,10.4622005,velocity_K.csv,statistical_outlier_iqr
Kamand,velocity,Kamand_velocity,2025-08-25 15:17:01,12.259739,velocity_K.csv,statistical_outlier_iqr
Kamand,velocity,Kamand_velocity,2025-08-25 15:31:58,11.094685,velocity_K.csv,statistical_outlier_iqr
Kamand,velocity,Kamand_velocity,2025-08-25 15:47:00,9.8096595,velocity_K.csv,statistical_outlier_iqr
Kamand,velocity,Kamand_velocity,2025-08-25 16:02:01,12.097859,velocity_K.csv,statistical_outlier_iqr
Kamand,velocity,Kamand_velocity,2025-08-25 16:47:05,10.6546475,velocity_K.csv,statistical_outlier_iqr
Kamand,velocity,Kamand_velocity,2025-08-25 18:01:59,10.02695025,velocity_K.csv,statistical_outlier_iqr
Kamand,velocity,Kamand_velocity,2025-08-26 15:46:59,15.536585,velocity_K.csv,statistical_outlier_iqr
Kamand,velocity,Kamand_velocity,2025-08-26 16:02:06,15.9773115,velocity_K.csv,statistical_outlier_iqr
Kamand,velocity,Kamand_velocity,2025-08-26 16:17:03,15.9773115,velocity_K.csv,statistical_outlier_iqr
Kamand,velocity,Kamand_velocity,2025-08-26 16:32:08,15.9773115,velocity_K.csv,statistical_outlier_iqr
Kamand,velocity,Kamand_velocity,2025-08-27 10:16:53,10.8787595,velocity_K.csv,statistical_outlier_iqr
Kamand,velocity,Kamand_velocity,2025-08-27 10:46:51,11.448451,velocity_K.csv,statistical_outlier_iqr
Kamand,velocity,Kamand_velocity,2025-08-27 11:01:50,11.2420805,velocity_K.csv,statistical_outlier_iqr
Kamand,velocity,Kamand_velocity,2025-08-27 11:16:51,11.710413,velocity_K.csv,statistical_outlier_iqr
Kamand,velocity,Kamand_velocity,2025-08-27 11:31:56,10.7476335,velocity_K.csv,statistical_outlier_iqr
Kamand,velocity,Kamand_velocity,2025-08-27 12:01:50,10.878449,velocity_K.csv,statistical_outlier_iqr
Kamand,velocity,Kamand_velocity,2025-08-27 12:16:51,11.592125,velocity_K.csv,statistical_outlier_iqr
Kamand,velocity,Kamand_velocity,2025-08-27 12:31:58,11.455192,velocity_K.csv,statistical_outlier_iqr
Kamand,velocity,Kamand_velocity,2025-08-27 12:46:53,11.43083,velocity_K.csv,statistical_outlier_iqr
Kamand,velocity,Kamand_velocity,2025-08-27 13:16:52,11.3090985,velocity_K.csv,statistical_outlier_iqr
Kamand,velocity,Kamand_velocity,2025-08-27 16:47:06,9.9649215,velocity_K.csv,statistical_outlier_iqr
Kamand,velocity,Kamand_velocity,2025-08-27 17:02:08,9.903014,velocity_K.csv,statistical_outlier_iqr
Kamand,velocity,Kamand_velocity,2025-08-27 17:32:12,10.217469,velocity_K.csv,statistical_outlier_iqr
Kamand,velocity,Kamand_velocity,2025-08-27 17:47:08,10.0278945,velocity_K.csv,statistical_outlier_iqr
Kamand,velocity,Kamand_velocity,2025-08-27 18:02:07,10.372884,velocity_K.csv,statistical_outlier_iqr
Kamand,velocity,Kamand_velocity,2025-08-27 18:17:08,9.73784325,velocity_K.csv,statistical_outlier_iqr
Kamand,velocity,Kamand_velocity,2025-08-27 18:32:12,9.4711625,velocity_K.csv,statistical_outlier_iqr
Kamand,velocity,Kamand_velocity,2025-09-02 12:17:01,9.6128505,velocity_K.csv,statistical_outlier_iqr
Kamand,velocity,Kamand_velocity,2025-09-02 13:16:57,11.778288,velocity_K.csv,statistical_outlier_iqr
Kamand,velocity,Kamand_velocity,2025-09-02 13:46:59,14.017988,velocity_K.csv,statistical_outlier_iqr
Kamand,velocity,Kamand_velocity,2025-09-02 14:01:59,15.309928,velocity_K.csv,statistical_outlier_iqr
Kamand,velocity,Kamand_velocity,2025-09-02 14:17:06,12.6455435,velocity_K.csv,statistical_outlier_iqr
Kamand,velocity,Kamand_velocity,2025-09-02 14:47:01,15.0918385,velocity_K.csv,statistical_outlier_iqr
Kamand,velocity,Kamand_velocity,2025-09-02 15:02:01,12.306715,velocity_K.csv,statistical_outlier_iqr
Kamand,velocity,Kamand_velocity,2025-09-02 15:17:00,12.3203765,velocity_K.csv,statistical_outlier_iqr
Kamand,velocity,Kamand_velocity,2025-09-02 15:46:57,14.5619995,velocity_K.csv,statistical_outlier_iqr
Kamand,velocity,Kamand_velocity,2025-09-02 16:32:06,13.5766395,velocity_K.csv,statistical_outlier_iqr
Kamand,velocity,Kamand_velocity,2025-09-02 16:47:00,11.547845,velocity_K.csv,statistical_outlier_iqr
Kamand,velocity,Kamand_velocity,2025-10-31 14:31:46,10.057718,velocity_K.csv,statistical_outlier_iqr
Kamand,velocity,Kamand_velocity,2025-07-01 00:00:00,1.2639114376436502,velocity_K.csv,sudden_jump
Kamand,velocity,Kamand_velocity,2025-07-06 08:00:00,1.340234283180706,velocity_K.csv,sudden_jump
Kamand,velocity,Kamand_velocity,2025-07-24 18:06:11,0.774695065,velocity_K.csv,sudden_jump
Kamand,velocity,Kamand_velocity,2025-07-24 18:32:52,0.1657499999999999,velocity_K.csv,sudden_jump
Kamand,velocity,Kamand_velocity,2025-07-24 19:02:09,0.596905,velocity_K.csv,sudden_jump
Kamand,velocity,Kamand_velocity,2025-07-25 06:12:03,0.9507391,velocity_K.csv,sudden_jump
Kamand,velocity,Kamand_velocity,2025-07-25 07:08:12,0.1657499999999999,velocity_K.csv,sudden_jump
Kamand,velocity,Kamand_velocity,2025-07-25 07:26:41,1.26749775,velocity_K.csv,sudden_jump
Kamand,velocity,Kamand_velocity,2025-07-25 08:25:52,1.8003871,velocity_K.csv,sudden_jump
Kamand,velocity,Kamand_velocity,2025-07-25 09:19:02,0.1657499999999999,velocity_K.csv,sudden_jump
Kamand,velocity,Kamand_velocity,2025-07-25 09:55:28,3.23797845,velocity_K.csv,sudden_jump
Kamand,velocity,Kamand_velocity,2025-07-25 10:19:55,4.4511970000000005,velocity_K.csv,sudden_jump
Kamand,velocity,Kamand_velocity,2025-07-25 10:36:12,0.1657499999999999,velocity_K.csv,sudden_jump
Kamand,velocity,Kamand_velocity,2025-07-25 10:55:22,3.9031361,velocity_K.csv,sudden_jump
Kamand,velocity,Kamand_velocity,2025-07-25 11:10:28,4.799947749999999,velocity_K.csv,sudden_jump
Kamand,velocity,Kamand_velocity,2025-07-25 11:55:59,5.732784649999999,velocity_K.csv,sudden_jump
Kamand,velocity,Kamand_velocity,2025-07-25 12:10:30,4.9557321000000005,velocity_K.csv,sudden_jump
Kamand,velocity,Kamand_velocity,2025-07-25 12:40:57,5.2236452,velocity_K.csv,sudden_jump
Kamand,velocity,Kamand_velocity,2025-07-25 13:55:24,4.2562014999999995,velocity_K.csv,sudden_jump
Kamand,velocity,Kamand_velocity,2025-07-25 14:11:16,5.1474774,velocity_K.csv,sudden_jump
Kamand,velocity,Kamand_velocity,2025-07-25 14:26:04,4.03773165,velocity_K.csv,sudden_jump
Kamand,velocity,Kamand_velocity,2025-07-25 14:41:21,3.4425353,velocity_K.csv,sudden_jump
Kamand,velocity,Kamand_velocity,2025-07-25 14:48:24,0.1657499999999999,velocity_K.csv,sudden_jump
Kamand,velocity,Kamand_velocity,2025-07-25 15:10:39,3.7146715,velocity_K.csv,sudden_jump
Kamand,velocity,Kamand_velocity,2025-07-25 15:56:20,2.2089029499999997,velocity_K.csv,sudden_jump
Kamand,velocity,Kamand_velocity,2025-07-25 16:07:35,2.8238851,velocity_K.csv,sudden_jump
Kamand,velocity,Kamand_velocity,2025-07-25 16:25:15,2.09728935,velocity_K.csv,sudden_jump
Kamand,velocity,Kamand_velocity,2025-07-25 16:41:52,2.867364,velocity_K.csv,sudden_jump
Kamand,velocity,Kamand_velocity,2025-07-25 16:56:51,0.682600985,velocity_K.csv,sudden_jump
Kamand,velocity,Kamand_velocity,2025-07-25 17:31:57,1.26842945,velocity_K.csv,sudden_jump
Kamand,velocity,Kamand_velocity,2025-07-25 18:03:28,0.674690035,velocity_K.csv,sudden_jump
Kamand,velocity,Kamand_velocity,2025-07-25 18:40:30,3.79860805,velocity_K.csv,sudden_jump
Kamand,velocity,Kamand_velocity,2025-07-25 19:02:36,1.3033855,velocity_K.csv,sudden_jump
Kamand,velocity,Kamand_velocity,2025-07-26 06:15:02,0.45590886,velocity_K.csv,sudden_jump
Kamand,velocity,Kamand_velocity,2025-07-26 07:28:22,0.65889481,velocity_K.csv,sudden_jump
Kamand,velocity,Kamand_velocity,2025-07-26 08:08:49,0.1657499999999999,velocity_K.csv,sudden_jump
Kamand,velocity,Kamand_velocity,2025-07-26 08:26:57,1.0623486999999998,velocity_K.csv,sudden_jump
Kamand,velocity,Kamand_velocity,2025-07-26 09:23:53,0.1657499999999999,velocity_K.csv,sudden_jump
Kamand,velocity,Kamand_velocity,2025-07-26 09:41:31,0.6684369450000001,velocity_K.csv,sudden_jump
Kamand,velocity,Kamand_velocity,2025-07-26 09:56:22,1.596311935,velocity_K.csv,sudden_jump
Kamand,velocity,Kamand_velocity,2025-07-26 10:02:25,0.1657499999999999,velocity_K.csv,sudden_jump
Kamand,velocity,Kamand_velocity,2025-07-26 10:25:47,2.6763431,velocity_K.csv,sudden_jump
Kamand,velocity,Kamand_velocity,2025-07-26 14:42:34,1.98092725,velocity_K.csv,sudden_jump
Kamand,velocity,Kamand_velocity,2025-07-26 14:48:49,0.50446446,velocity_K.csv,sudden_jump
Kamand,velocity,Kamand_velocity,2025-07-26 15:39:30,0.1657499999999999,velocity_K.csv,sudden_jump
Kamand,velocity,Kamand_velocity,2025-07-26 16:03:40,2.30511605,velocity_K.csv,sudden_jump
Kamand,velocity,Kamand_velocity,2025-07-26 16:49:40,2.9008701,velocity_K.csv,sudden_jump
Kamand,velocity,Kamand_velocity,2025-07-26 17:15:23,4.2441895,velocity_K.csv,sudden_jump
Kamand,velocity,Kamand_velocity,2025-07-26 17:52:15,3.7393012,velocity_K.csv,sudden_jump
Kamand,velocity,Kamand_velocity,2025-07-27 06:12:53,0.866191675,velocity_K.csv,sudden_jump
Kamand,velocity,Kamand_velocity,2025-07-27 06:28:45,1.28740185,velocity_K.csv,sudden_jump
Kamand,velocity,Kamand_velocity,2025-07-27 06:34:52,2.4332965499999997,velocity_K.csv,sudden_jump
Kamand,velocity,Kamand_velocity,2025-07-27 06:53:17,2.76441775,velocity_K.csv,sudden_jump
Kamand,velocity,Kamand_velocity,2025-07-27 07:12:12,3.2933505,velocity_K.csv,sudden_jump
Kamand,velocity,Kamand_velocity,2025-07-27 09:21:51,4.0921213000000005,velocity_K.csv,sudden_jump
Kamand,velocity,Kamand_velocity,2025-07-27 10:56:51,4.683310499999999,velocity_K.csv,sudden_jump
Kamand,velocity,Kamand_velocity,2025-07-27 12:11:53,5.1809484999999995,velocity_K.csv,sudden_jump
Kamand,velocity,Kamand_velocity,2025-07-27 12:24:04,4.39415195,velocity_K.csv,sudden_jump
Kamand,velocity,Kamand_velocity,2025-07-27 12:42:52,5.0667955,velocity_K.csv,sudden_jump
Kamand,velocity,Kamand_velocity,2025-07-27 13:13:27,4.07650045,velocity_K.csv,sudden_jump
Kamand,velocity,Kamand_velocity,2025-07-27 15:15:21,3.5016849,velocity_K.csv,sudden_jump
Kamand,velocity,Kamand_velocity,2025-07-27 15:53:54,3.962696,velocity_K.csv,sudden_jump
Kamand,velocity,Kamand_velocity,2025-07-27 16:18:29,3.4769892,velocity_K.csv,sudden_jump
Kamand,velocity,Kamand_velocity,2025-07-28 06:14:27,0.3496436349999999,velocity_K.csv,sudden_jump
Kamand,velocity,Kamand_velocity,2025-07-28 08:14:24,2.5558896,velocity_K.csv,sudden_jump
Kamand,velocity,Kamand_velocity,2025-07-28 08:38:33,3.2571233,velocity_K.csv,sudden_jump
Kamand,velocity,Kamand_velocity,2025-07-28 09:13:19,3.659973,velocity_K.csv,sudden_jump
Kamand,velocity,Kamand_velocity,2025-07-28 10:28:10,4.251991,velocity_K.csv,sudden_jump
Kamand,velocity,Kamand_velocity,2025-07-28 10:40:40,3.89363165,velocity_K.csv,sudden_jump
Kamand,velocity,Kamand_velocity,2025-07-28 11:20:54,4.4087027,velocity_K.csv,sudden_jump
Kamand,velocity,Kamand_velocity,2025-07-28 11:43:14,4.085497,velocity_K.csv,sudden_jump
Kamand,velocity,Kamand_velocity,2025-07-28 12:13:09,4.89600535,velocity_K.csv,sudden_jump
Kamand,velocity,Kamand_velocity,2025-07-28 12:29:02,4.57188395,velocity_K.csv,sudden_jump
Kamand,velocity,Kamand_velocity,2025-07-28 12:49:40,5.3871785,velocity_K.csv,sudden_jump
Kamand,velocity,Kamand_velocity,2025-07-28 13:28:33,3.98620585,velocity_K.csv,sudden_jump
Kamand,velocity,Kamand_velocity,2025-07-28 16:48:23,3.9156543,velocity_K.csv,sudden_jump
Kamand,velocity,Kamand_velocity,2025-07-28 18:10:11,3.6130723,velocity_K.csv,sudden_jump
Kamand,velocity,Kamand_velocity,2025-07-28 19:18:00,2.56114605,velocity_K.csv,sudden_jump
Kamand,velocity,Kamand_velocity,2025-07-29 06:13:44,0.426091655,velocity_K.csv,sudden_jump
Kamand,velocity,Kamand_velocity,2025-07-29 06:54:43,1.25041865,velocity_K.csv,sudden_jump
Kamand,velocity,Kamand_velocity,2025-07-29 07:38:04,0.85290965,velocity_K.csv,sudden_jump
Kamand,velocity,Kamand_velocity,2025-07-29 07:58:08,1.79287185,velocity_K.csv,sudden_jump
Kamand,velocity,Kamand_velocity,2025-07-29 09:44:26,2.88513805,velocity_K.csv,sudden_jump
Kamand,velocity,Kamand_velocity,2025-07-29 10:43:48,3.2217078,velocity_K.csv,sudden_jump
Kamand,velocity,Kamand_velocity,2025-07-29 11:05:36,4.332356000000001,velocity_K.csv,sudden_jump
Kamand,velocity,Kamand_velocity,2025-07-29 11:25:17,4.6433809,velocity_K.csv,sudden_jump
Kamand,velocity,Kamand_velocity,2025-07-29 11:58:33,4.2098417,velocity_K.csv,sudden_jump
Kamand,velocity,Kamand_velocity,2025-07-29 12:40:56,4.61631665,velocity_K.csv,sudden_jump
Kamand,velocity,Kamand_velocity,2025-07-29 13:13:23,4.0031818,velocity_K.csv,sudden_jump
Kamand,velocity,Kamand_velocity,2025-07-29 13:39:22,3.3762236999999997,velocity_K.csv,sudden_jump
Kamand,velocity,Kamand_velocity,2025-07-29 14:28:43,3.6645147,velocity_K.csv,sudden_jump
Kamand,velocity,Kamand_velocity,2025-07-29 14:37:54,4.2023847,velocity_K.csv,sudden_jump
Kamand,velocity,Kamand_velocity,2025-07-29 16:03:13,4.52909945,velocity_K.csv,sudden_jump
Kamand,velocity,Kamand_velocity,2025-07-29 18:13:08,3.9716878,velocity_K.csv,sudden_jump
Kamand,velocity,Kamand_velocity,2025-07-29 18:36:42,3.3391050499999997,velocity_K.csv,sudden_jump
Kamand,velocity,Kamand_velocity,2025-07-30 06:14:44,0.1657499999999999,velocity_K.csv,sudden_jump
Kamand,velocity,Kamand_velocity,2025-07-30 06:41:22,1.2175554,velocity_K.csv,sudden_jump
Kamand,velocity,Kamand_velocity,2025-07-30 07:22:31,1.8494638,velocity_K.csv,sudden_jump
Kamand,velocity,Kamand_velocity,2025-07-30 07:43:37,0.7275736,velocity_K.csv,sudden_jump
Kamand,velocity,Kamand_velocity,2025-07-30 08:01:45,1.9532269,velocity_K.csv,sudden_jump
Kamand,velocity,Kamand_velocity,2025-07-30 08:59:52,2.6623392,velocity_K.csv,sudden_jump
Kamand,velocity,Kamand_velocity,2025-07-30 09:57:15,1.05199562,velocity_K.csv,sudden_jump
Kamand,velocity,Kamand_velocity,2025-07-30 10:16:48,5.8446727,velocity_K.csv,sudden_jump
Kamand,velocity,Kamand_velocity,2025-07-30 10:36:24,7.92404185,velocity_K.csv,sudden_jump
Kamand,velocity,Kamand_velocity,2025-07-30 10:55:51,8.648558,velocity_K.csv,sudden_jump
Kamand,velocity,Kamand_velocity,2025-07-30 11:28:22,8.0569975,velocity_K.csv,sudden_jump
Kamand,velocity,Kamand_velocity,2025-07-30 11:35:51,8.461549999999999,velocity_K.csv,sudden_jump
Kamand,velocity,Kamand_velocity,2025-07-30 11:58:09,12.51408925,velocity_K.csv,sudden_jump
Kamand,velocity,Kamand_velocity,2025-07-30 12:51:25,8.0727775,velocity_K.csv,sudden_jump
Kamand,velocity,Kamand_velocity,2025-07-30 13:27:50,11.364472,velocity_K.csv,sudden_jump
Kamand,velocity,Kamand_velocity,2025-07-30 13:38:56,7.62238785,velocity_K.csv,sudden_jump
Kamand,velocity,Kamand_velocity,2025-07-30 13:57:48,9.007107999999999,velocity_K.csv,sudden_jump
Kamand,velocity,Kamand_velocity,2025-07-30 14:14:47,0.1657499999999999,velocity_K.csv,sudden_jump
Kamand,velocity,Kamand_velocity,2025-07-30 14:46:10,9.921126,velocity_K.csv,sudden_jump
Kamand,velocity,Kamand_velocity,2025-07-30 15:10:29,7.8124982,velocity_K.csv,sudden_jump
Kamand,velocity,Kamand_velocity,2025-07-30 15:33:31,8.186036999999999,velocity_K.csv,sudden_jump
Kamand,velocity,Kamand_velocity,2025-07-30 16:12:46,7.056452999999999,velocity_K.csv,sudden_jump
Kamand,velocity,Kamand_velocity,2025-07-30 16:32:32,7.5255635,velocity_K.csv,sudden_jump
Kamand,velocity,Kamand_velocity,2025-07-30 17:11:53,6.948558,velocity_K.csv,sudden_jump
Kamand,velocity,Kamand_velocity,2025-07-30 17:30:42,6.25962425,velocity_K.csv,sudden_jump
Kamand,velocity,Kamand_velocity,2025-07-30 18:08:40,5.7620983500000005,velocity_K.csv,sudden_jump
Kamand,velocity,Kamand_velocity,2025-07-30 18:46:18,3.83122385,velocity_K.csv,sudden_jump
Kamand,velocity,Kamand_velocity,2025-07-30 19:33:33,4.4674508500000005,velocity_K.csv,sudden_jump
Kamand,velocity,Kamand_velocity,2025-07-31 06:13:32,0.1657499999999999,velocity_K.csv,sudden_jump
Kamand,velocity,Kamand_velocity,2025-07-31 07:46:35,0.5236073,velocity_K.csv,sudden_jump
Kamand,velocity,Kamand_velocity,2025-07-31 09:10:10,2.5418023,velocity_K.csv,sudden_jump
Kamand,velocity,Kamand_velocity,2025-07-31 10:29:56,4.04998755,velocity_K.csv,sudden_jump
Kamand,velocity,Kamand_velocity,2025-07-31 10:43:18,4.5608113,velocity_K.csv,sudden_jump
Kamand,velocity,Kamand_velocity,2025-07-31 10:55:51,5.430911,velocity_K.csv,sudden_jump
Kamand,velocity,Kamand_velocity,2025-07-31 11:53:21,6.766599,velocity_K.csv,sudden_jump
Kamand,velocity,Kamand_velocity,2025-07-31 12:11:38,5.801380699999999,velocity_K.csv,sudden_jump
Kamand,velocity,Kamand_velocity,2025-07-31 13:28:21,5.4321294,velocity_K.csv,sudden_jump
Kamand,velocity,Kamand_velocity,2025-07-31 14:40:10,8.5635415,velocity_K.csv,sudden_jump
Kamand,velocity,Kamand_velocity,2025-07-31 15:00:14,7.726113,velocity_K.csv,sudden_jump
Kamand,velocity,Kamand_velocity,2025-07-31 15:39:09,6.87824415,velocity_K.csv,sudden_jump
Kamand,velocity,Kamand_velocity,2025-07-31 15:59:15,5.874028,velocity_K.csv,sudden_jump
Kamand,velocity,Kamand_velocity,2025-07-31 16:20:27,4.7723445,velocity_K.csv,sudden_jump
Kamand,velocity,Kamand_velocity,2025-07-31 16:51:40,5.08488895,velocity_K.csv,sudden_jump
Kamand,velocity,Kamand_velocity,2025-07-31 17:34:37,4.86762835,velocity_K.csv,sudden_jump
Kamand,velocity,Kamand_velocity,2025-07-31 18:16:56,3.0926382500000003,velocity_K.csv,sudden_jump
Kamand,velocity,Kamand_velocity,2025-07-31 18:45:35,2.40985075,velocity_K.csv,sudden_jump
Kamand,velocity,Kamand_velocity,2025-07-31 19:35:24,1.6582388,velocity_K.csv,sudden_jump
Kamand,velocity,Kamand_velocity,2025-08-01 06:15:31,0.39375895,velocity_K.csv,sudden_jump
Kamand,velocity,Kamand_velocity,2025-08-01 07:54:53,1.1858544,velocity_K.csv,sudden_jump
Kamand,velocity,Kamand_velocity,2025-08-01 08:13:26,1.6140021,velocity_K.csv,sudden_jump
Kamand,velocity,Kamand_velocity,2025-08-01 09:11:26,2.04591675,velocity_K.csv,sudden_jump
Kamand,velocity,Kamand_velocity,2025-08-01 10:29:14,4.0377852,velocity_K.csv,sudden_jump
Kamand,velocity,Kamand_velocity,2025-08-01 10:43:30,6.3077178,velocity_K.csv,sudden_jump
Kamand,velocity,Kamand_velocity,2025-08-01 10:54:29,7.83597365,velocity_K.csv,sudden_jump
Kamand,velocity,Kamand_velocity,2025-08-01 11:28:19,6.1860557499999995,velocity_K.csv,sudden_jump
Kamand,velocity,Kamand_velocity,2025-08-01 11:40:52,5.81901985,velocity_K.csv,sudden_jump
Kamand,velocity,Kamand_velocity,2025-08-01 12:13:28,5.21126765,velocity_K.csv,sudden_jump
Kamand,velocity,Kamand_velocity,2025-08-01 13:10:46,2.777125,velocity_K.csv,sudden_jump
Kamand,velocity,Kamand_velocity,2025-08-01 13:55:43,3.49846245,velocity_K.csv,sudden_jump
Kamand,velocity,Kamand_velocity,2025-08-01 14:24:11,4.2572155,velocity_K.csv,sudden_jump
Kamand,velocity,Kamand_velocity,2025-08-01 14:44:58,5.292991000000001,velocity_K.csv,sudden_jump
Kamand,velocity,Kamand_velocity,2025-08-01 15:03:49,6.36526635,velocity_K.csv,sudden_jump
Kamand,velocity,Kamand_velocity,2025-08-01 15:41:01,4.3961043,velocity_K.csv,sudden_jump
Kamand,velocity,Kamand_velocity,2025-08-01 16:45:29,6.56670715,velocity_K.csv,sudden_jump
Kamand,velocity,Kamand_velocity,2025-08-01 17:39:32,5.77122715,velocity_K.csv,sudden_jump
Kamand,velocity,Kamand_velocity,2025-08-01 18:03:10,3.107473,velocity_K.csv,sudden_jump
Kamand,velocity,Kamand_velocity,2025-08-01 18:42:00,1.9716842,velocity_K.csv,sudden_jump
Kamand,velocity,Kamand_velocity,2025-08-01 19:02:22,3.30246585,velocity_K.csv,sudden_jump
Kamand,velocity,Kamand_velocity,2025-08-02 08:58:19,2.9960325,velocity_K.csv,sudden_jump
Kamand,velocity,Kamand_velocity,2025-08-02 09:18:17,0.9394703,velocity_K.csv,sudden_jump
Kamand,velocity,Kamand_velocity,2025-08-02 09:59:12,2.3124829499999997,velocity_K.csv,sudden_jump
Kamand,velocity,Kamand_velocity,2025-08-02 10:15:37,3.4813343,velocity_K.csv,sudden_jump
Kamand,velocity,Kamand_velocity,2025-08-02 10:40:52,5.53455335,velocity_K.csv,sudden_jump
Kamand,velocity,Kamand_velocity,2025-08-02 11:12:13,9.0884025,velocity_K.csv,sudden_jump
Kamand,velocity,Kamand_velocity,2025-08-02 11:20:03,6.94849945,velocity_K.csv,sudden_jump
Kamand,velocity,Kamand_velocity,2025-08-02 12:28:19,7.2680316,velocity_K.csv,sudden_jump
Kamand,velocity,Kamand_velocity,2025-08-02 12:35:59,11.343863,velocity_K.csv,sudden_jump
Kamand,velocity,Kamand_velocity,2025-08-02 14:27:27,11.055539,velocity_K.csv,sudden_jump
Kamand,velocity,Kamand_velocity,2025-08-02 15:21:43,11.6383185,velocity_K.csv,sudden_jump
Kamand,velocity,Kamand_velocity,2025-08-02 15:36:33,9.7239805,velocity_K.csv,sudden_jump
Kamand,velocity,Kamand_velocity,2025-08-02 16:01:38,9.0602625,velocity_K.csv,sudden_jump
Kamand,velocity,Kamand_velocity,2025-08-02 17:01:15,8.329291,velocity_K.csv,sudden_jump
Kamand,velocity,Kamand_velocity,2025-08-02 17:41:33,6.2036370000000005,velocity_K.csv,sudden_jump
Kamand,velocity,Kamand_velocity,2025-08-02 18:02:09,4.3233035,velocity_K.csv,sudden_jump
Kamand,velocity,Kamand_velocity,2025-08-02 18:43:00,2.27663925,velocity_K.csv,sudden_jump
Kamand,velocity,Kamand_velocity,2025-08-02 19:02:19,1.235392315,velocity_K.csv,sudden_jump
Kamand,velocity,Kamand_velocity,2025-08-15 16:08:20,0.6902798699999999,velocity_K.csv,sudden_jump
Kamand,velocity,Kamand_velocity,2025-08-15 17:32:31,0.38231318,velocity_K.csv,sudden_jump
Kamand,velocity,Kamand_velocity,2025-08-15 17:57:38,0.90594615,velocity_K.csv,sudden_jump
Kamand,velocity,Kamand_velocity,2025-08-16 13:46:50,0.414241565,velocity_K.csv,sudden_jump
Kamand,velocity,Kamand_velocity,2025-08-16 14:23:09,2.6994119999999997,velocity_K.csv,sudden_jump
Kamand,velocity,Kamand_velocity,2025-08-16 14:52:40,2.11591565,velocity_K.csv,sudden_jump
Kamand,velocity,Kamand_velocity,2025-08-16 15:54:59,0.7424686300000001,velocity_K.csv,sudden_jump
Kamand,velocity,Kamand_velocity,2025-08-16 17:27:41,0.5134961250000001,velocity_K.csv,sudden_jump
Kamand,velocity,Kamand_velocity,2025-08-17 10:58:58,11.4421535,velocity_K.csv,sudden_jump
Kamand,velocity,Kamand_velocity,2025-08-17 11:21:37,12.308502,velocity_K.csv,sudden_jump
Kamand,velocity,Kamand_velocity,2025-08-17 11:38:39,11.374046,velocity_K.csv,sudden_jump
Kamand,velocity,Kamand_velocity,2025-08-17 11:55:50,10.3527305,velocity_K.csv,sudden_jump
Kamand,velocity,Kamand_velocity,2025-08-17 12:13:08,10.9769705,velocity_K.csv,sudden_jump
Kamand,velocity,Kamand_velocity,2025-08-17 13:22:38,9.82338,velocity_K.csv,sudden_jump
Kamand,velocity,Kamand_velocity,2025-08-17 13:46:54,9.4881045,velocity_K.csv,sudden_jump
Kamand,velocity,Kamand_velocity,2025-08-17 14:22:10,8.55811,velocity_K.csv,sudden_jump
Kamand,velocity,Kamand_velocity,2025-08-17 14:58:00,8.8679645,velocity_K.csv,sudden_jump
Kamand,velocity,Kamand_velocity,2025-08-17 15:15:36,8.511207500000001,velocity_K.csv,sudden_jump
Kamand,velocity,Kamand_velocity,2025-08-17 15:49:59,7.9882847,velocity_K.csv,sudden_jump
Kamand,velocity,Kamand_velocity,2025-08-17 17:11:18,7.73371185,velocity_K.csv,sudden_jump
Kamand,velocity,Kamand_velocity,2025-08-19 14:01:33,10.0249075,velocity_K.csv,sudden_jump
Kamand,velocity,Kamand_velocity,2025-08-19 15:12:18,9.478875,velocity_K.csv,sudden_jump
Kamand,velocity,Kamand_velocity,2025-08-19 16:41:52,8.319906,velocity_K.csv,sudden_jump
Kamand,velocity,Kamand_velocity,2025-08-19 17:53:06,9.263882,velocity_K.csv,sudden_jump
Kamand,velocity,Kamand_velocity,2025-08-19 18:31:29,8.08508785,velocity_K.csv,sudden_jump
Kamand,velocity,Kamand_velocity,2025-08-19 19:06:18,7.19296525,velocity_K.csv,sudden_jump
Kamand,velocity,Kamand_velocity,2025-08-20 06:30:13,8.7976525,velocity_K.csv,sudden_jump
Kamand,velocity,Kamand_velocity,2025-08-20 07:06:16,7.1070632499999995,velocity_K.csv,sudden_jump
Kamand,velocity,Kamand_velocity,2025-08-20 07:24:23,6.765097600000001,velocity_K.csv,sudden_jump
Kamand,velocity,Kamand_velocity,2025-08-20 07:42:38,8.2545775,velocity_K.csv,sudden_jump
Kamand,velocity,Kamand_velocity,2025-08-20 08:29:07,7.67987445,velocity_K.csv,sudden_jump
Kamand,velocity,Kamand_velocity,2025-08-20 08:37:04,8.3608405,velocity_K.csv,sudden_jump
Kamand,velocity,Kamand_velocity,2025-08-20 08:55:19,7.5390911,velocity_K.csv,sudden_jump
Kamand,velocity,Kamand_velocity,2025-08-22 13:32:49,6.725042800000001,velocity_K.csv,sudden_jump
Kamand,velocity,Kamand_velocity,2025-08-24 13:32:06,5.33154465,velocity_K.csv,sudden_jump
Kamand,velocity,Kamand_velocity,2025-08-24 14:47:04,5.429347,velocity_K.csv,sudden_jump
Kamand,velocity,Kamand_velocity,2025-08-24 16:02:03,5.06498,velocity_K.csv,sudden_jump
Kamand,velocity,Kamand_velocity,2025-08-24 16:17:00,4.49534835,velocity_K.csv,sudden_jump
Kamand,velocity,Kamand_velocity,2025-08-24 17:16:58,3.74819465,velocity_K.csv,sudden_jump
Kamand,velocity,Kamand_velocity,2025-08-24 17:32:03,4.4701795,velocity_K.csv,sudden_jump
Kamand,velocity,Kamand_velocity,2025-08-24 18:16:59,4.88525295,velocity_K.csv,sudden_jump
Kamand,velocity,Kamand_velocity,2025-08-24 18:47:00,5.2962095,velocity_K.csv,sudden_jump
Kamand,velocity,Kamand_velocity,2025-08-24 19:01:52,2.8510296000000004,velocity_K.csv,sudden_jump
Kamand,velocity,Kamand_velocity,2025-08-25 06:16:59,0.435185825,velocity_K.csv,sudden_jump
Kamand,velocity,Kamand_velocity,2025-08-25 06:46:45,3.7006452,velocity_K.csv,sudden_jump
Kamand,velocity,Kamand_velocity,2025-08-25 07:16:47,1.6117386,velocity_K.csv,sudden_jump
Kamand,velocity,Kamand_velocity,2025-08-25 07:31:41,1.12308495,velocity_K.csv,sudden_jump
Kamand,velocity,Kamand_velocity,2025-08-25 08:01:35,5.478672,velocity_K.csv,sudden_jump
Kamand,velocity,Kamand_velocity,2025-08-25 08:16:40,1.393577,velocity_K.csv,sudden_jump
Kamand,velocity,Kamand_velocity,2025-08-25 08:31:41,3.0552603,velocity_K.csv,sudden_jump
Kamand,velocity,Kamand_velocity,2025-08-25 09:01:30,2.5053400999999997,velocity_K.csv,sudden_jump
Kamand,velocity,Kamand_velocity,2025-08-25 09:31:41,3.1681960499999997,velocity_K.csv,sudden_jump
Kamand,velocity,Kamand_velocity,2025-08-25 09:46:58,4.8484115,velocity_K.csv,sudden_jump
Kamand,velocity,Kamand_velocity,2025-08-25 10:01:56,3.2804959,velocity_K.csv,sudden_jump
Kamand,velocity,Kamand_velocity,2025-08-25 10:16:56,2.72127235,velocity_K.csv,sudden_jump
Kamand,velocity,Kamand_velocity,2025-08-25 10:31:57,3.17805685,velocity_K.csv,sudden_jump
Kamand,velocity,Kamand_velocity,2025-08-25 11:16:59,6.2283425,velocity_K.csv,sudden_jump
Kamand,velocity,Kamand_velocity,2025-08-25 11:31:59,6.5839673,velocity_K.csv,sudden_jump
Kamand,velocity,Kamand_velocity,2025-08-25 11:46:59,7.16047455,velocity_K.csv,sudden_jump
Kamand,velocity,Kamand_velocity,2025-08-25 12:02:01,8.538671,velocity_K.csv,sudden_jump
Kamand,velocity,Kamand_velocity,2025-08-25 12:16:59,7.335675999999999,velocity_K.csv,sudden_jump
Kamand,velocity,Kamand_velocity,2025-08-25 13:01:59,8.156973,velocity_K.csv,sudden_jump
Kamand,velocity,Kamand_velocity,2025-08-25 13:17:01,9.13952,velocity_K.csv,sudden_jump
Kamand,velocity,Kamand_velocity,2025-08-25 13:32:01,9.584139,velocity_K.csv,sudden_jump
Kamand,velocity,Kamand_velocity,2025-08-25 14:01:57,9.2311425,velocity_K.csv,sudden_jump
Kamand,velocity,Kamand_velocity,2025-08-25 14:17:00,12.70341125,velocity_K.csv,sudden_jump
Kamand,velocity,Kamand_velocity,2025-08-25 14:47:00,11.67844,velocity_K.csv,sudden_jump
Kamand,velocity,Kamand_velocity,2025-08-25 15:02:01,10.4622005,velocity_K.csv,sudden_jump
Kamand,velocity,Kamand_velocity,2025-08-25 15:17:01,12.259739,velocity_K.csv,sudden_jump
Kamand,velocity,Kamand_velocity,2025-08-25 15:31:58,11.094685,velocity_K.csv,sudden_jump
Kamand,velocity,Kamand_velocity,2025-08-25 15:47:00,9.8096595,velocity_K.csv,sudden_jump
Kamand,velocity,Kamand_velocity,2025-08-25 16:02:01,12.097859,velocity_K.csv,sudden_jump
Kamand,velocity,Kamand_velocity,2025-08-25 16:32:06,8.9834815,velocity_K.csv,sudden_jump
Kamand,velocity,Kamand_velocity,2025-08-25 16:47:05,10.6546475,velocity_K.csv,sudden_jump
Kamand,velocity,Kamand_velocity,2025-08-25 17:02:03,1.327272565,velocity_K.csv,sudden_jump
Kamand,velocity,Kamand_velocity,2025-08-25 17:16:59,4.23649865,velocity_K.csv,sudden_jump
Kamand,velocity,Kamand_velocity,2025-08-25 17:32:07,6.2257280999999995,velocity_K.csv,sudden_jump
Kamand,velocity,Kamand_velocity,2025-08-25 18:01:59,10.02695025,velocity_K.csv,sudden_jump
Kamand,velocity,Kamand_velocity,2025-08-25 18:16:56,3.7032368,velocity_K.csv,sudden_jump
Kamand,velocity,Kamand_velocity,2025-08-25 18:32:02,3.05339865,velocity_K.csv,sudden_jump
Kamand,velocity,Kamand_velocity,2025-08-25 18:46:58,4.73082975,velocity_K.csv,sudden_jump
Kamand,velocity,Kamand_velocity,2025-08-25 19:01:59,0.78919375,velocity_K.csv,sudden_jump
Kamand,velocity,Kamand_velocity,2025-08-26 06:16:48,0.41956884,velocity_K.csv,sudden_jump
Kamand,velocity,Kamand_velocity,2025-08-26 10:01:43,0.64533585,velocity_K.csv,sudden_jump
Kamand,velocity,Kamand_velocity,2025-08-26 10:16:43,0.30691567,velocity_K.csv,sudden_jump
Kamand,velocity,Kamand_velocity,2025-08-26 10:31:45,0.85044765,velocity_K.csv,sudden_jump
Kamand,velocity,Kamand_velocity,2025-08-26 11:01:40,2.52153265,velocity_K.csv,sudden_jump
Kamand,velocity,Kamand_velocity,2025-08-26 11:16:42,1.2073839,velocity_K.csv,sudden_jump
Kamand,velocity,Kamand_velocity,2025-08-26 12:01:43,2.1190649,velocity_K.csv,sudden_jump
Kamand,velocity,Kamand_velocity,2025-08-26 12:16:43,2.429957,velocity_K.csv,sudden_jump
Kamand,velocity,Kamand_velocity,2025-08-26 12:31:41,1.4956562,velocity_K.csv,sudden_jump
Kamand,velocity,Kamand_velocity,2025-08-26 13:01:48,5.2866003500000005,velocity_K.csv,sudden_jump
Kamand,velocity,Kamand_velocity,2025-08-26 13:16:43,4.27038145,velocity_K.csv,sudden_jump
Kamand,velocity,Kamand_velocity,2025-08-26 14:01:50,5.394703,velocity_K.csv,sudden_jump
Kamand,velocity,Kamand_velocity,2025-08-26 14:16:56,4.1311576500000005,velocity_K.csv,sudden_jump
Kamand,velocity,Kamand_velocity,2025-08-26 14:31:32,1.93804135,velocity_K.csv,sudden_jump
Kamand,velocity,Kamand_velocity,2025-08-26 14:46:45,6.8882355,velocity_K.csv,sudden_jump
Kamand,velocity,Kamand_velocity,2025-08-26 15:46:59,15.536585,velocity_K.csv,sudden_jump
Kamand,velocity,Kamand_velocity,2025-08-26 16:02:06,15.9773115,velocity_K.csv,sudden_jump
Kamand,velocity,Kamand_velocity,2025-08-26 17:17:00,7.162954,velocity_K.csv,sudden_jump
Kamand,velocity,Kamand_velocity,2025-08-26 18:16:58,4.3316364499999995,velocity_K.csv,sudden_jump
Kamand,velocity,Kamand_velocity,2025-08-26 18:46:58,5.022986749999999,velocity_K.csv,sudden_jump
Kamand,velocity,Kamand_velocity,2025-08-27 10:16:53,10.8787595,velocity_K.csv,sudden_jump
Kamand,velocity,Kamand_velocity,2025-08-27 10:46:51,11.448451,velocity_K.csv,sudden_jump
Kamand,velocity,Kamand_velocity,2025-08-27 11:16:51,11.710413,velocity_K.csv,sudden_jump
Kamand,velocity,Kamand_velocity,2025-08-27 11:31:56,10.7476335,velocity_K.csv,sudden_jump
Kamand,velocity,Kamand_velocity,2025-08-27 12:16:51,11.592125,velocity_K.csv,sudden_jump
Kamand,velocity,Kamand_velocity,2025-08-27 16:47:06,9.9649215,velocity_K.csv,sudden_jump
Kamand,velocity,Kamand_velocity,2025-08-27 17:32:12,10.217469,velocity_K.csv,sudden_jump
Kamand,velocity,Kamand_velocity,2025-08-27 18:02:07,10.372884,velocity_K.csv,sudden_jump
Kamand,velocity,Kamand_velocity,2025-08-27 18:17:08,9.73784325,velocity_K.csv,sudden_jump
Kamand,velocity,Kamand_velocity,2025-08-27 18:47:04,8.082956,velocity_K.csv,sudden_jump
Kamand,velocity,Kamand_velocity,2025-08-28 10:46:50,9.185892,velocity_K.csv,sudden_jump
Kamand,velocity,Kamand_velocity,2025-08-28 11:01:52,8.5724225,velocity_K.csv,sudden_jump
Kamand,velocity,Kamand_velocity,2025-08-28 13:02:07,7.771154,velocity_K.csv,sudden_jump
Kamand,velocity,Kamand_velocity,2025-08-28 13:16:58,8.396808499999999,velocity_K.csv,sudden_jump
Kamand,velocity,Kamand_velocity,2025-08-28 14:01:48,9.068883499999998,velocity_K.csv,sudden_jump
Kamand,velocity,Kamand_velocity,2025-08-28 15:16:58,9.061659,velocity_K.csv,sudden_jump
Kamand,velocity,Kamand_velocity,2025-08-28 15:47:01,8.594628499999999,velocity_K.csv,sudden_jump
Kamand,velocity,Kamand_velocity,2025-08-28 16:47:01,7.72010015,velocity_K.csv,sudden_jump
Kamand,velocity,Kamand_velocity,2025-08-28 17:02:00,8.11303525,velocity_K.csv,sudden_jump
Kamand,velocity,Kamand_velocity,2025-08-28 17:16:58,7.6825303,velocity_K.csv,sudden_jump
Kamand,velocity,Kamand_velocity,2025-08-28 18:46:57,6.1559532,velocity_K.csv,sudden_jump
Kamand,velocity,Kamand_velocity,2025-08-28 19:02:00,5.32076375,velocity_K.csv,sudden_jump
Kamand,velocity,Kamand_velocity,2025-08-29 10:16:54,4.05141675,velocity_K.csv,sudden_jump
Kamand,velocity,Kamand_velocity,2025-08-29 10:46:46,6.96337535,velocity_K.csv,sudden_jump
Kamand,velocity,Kamand_velocity,2025-08-29 11:32:02,8.289035,velocity_K.csv,sudden_jump
Kamand,velocity,Kamand_velocity,2025-08-29 12:32:03,8.881998750000001,velocity_K.csv,sudden_jump
Kamand,velocity,Kamand_velocity,2025-08-29 14:02:05,8.395472,velocity_K.csv,sudden_jump
Kamand,velocity,Kamand_velocity,2025-08-29 14:47:05,7.956125999999999,velocity_K.csv,sudden_jump
Kamand,velocity,Kamand_velocity,2025-08-29 15:16:59,8.474982,velocity_K.csv,sudden_jump
Kamand,velocity,Kamand_velocity,2025-08-29 16:32:06,7.44665285,velocity_K.csv,sudden_jump
Kamand,velocity,Kamand_velocity,2025-08-29 17:32:06,7.050385,velocity_K.csv,sudden_jump
Kamand,velocity,Kamand_velocity,2025-08-29 17:47:05,7.524347000000001,velocity_K.csv,sudden_jump
Kamand,velocity,Kamand_velocity,2025-08-29 18:17:02,7.0653752,velocity_K.csv,sudden_jump
Kamand,velocity,Kamand_velocity,2025-08-29 18:46:59,4.66557375,velocity_K.csv,sudden_jump
Kamand,velocity,Kamand_velocity,2025-08-30 10:16:38,7.849973,velocity_K.csv,sudden_jump
Kamand,velocity,Kamand_velocity,2025-08-30 10:46:44,9.0322725,velocity_K.csv,sudden_jump
Kamand,velocity,Kamand_velocity,2025-08-30 11:01:47,8.578784,velocity_K.csv,sudden_jump
Kamand,velocity,Kamand_velocity,2025-08-30 11:31:49,8.1717725,velocity_K.csv,sudden_jump
Kamand,velocity,Kamand_velocity,2025-08-30 12:02:05,7.4110293,velocity_K.csv,sudden_jump
Kamand,velocity,Kamand_velocity,2025-08-30 12:16:43,8.210958999999999,velocity_K.csv,sudden_jump
Kamand,velocity,Kamand_velocity,2025-08-30 12:32:07,7.544336299999999,velocity_K.csv,sudden_jump
Kamand,velocity,Kamand_velocity,2025-08-30 12:46:45,7.9372595,velocity_K.csv,sudden_jump
Kamand,velocity,Kamand_velocity,2025-08-30 14:46:48,7.77715425,velocity_K.csv,sudden_jump
Kamand,velocity,Kamand_velocity,2025-08-30 15:16:58,7.3077608,velocity_K.csv,sudden_jump
Kamand,velocity,Kamand_velocity,2025-08-30 17:02:05,6.895079900000001,velocity_K.csv,sudden_jump
Kamand,velocity,Kamand_velocity,2025-08-30 17:32:08,7.260899650000001,velocity_K.csv,sudden_jump
Kamand,velocity,Kamand_velocity,2025-08-30 18:16:58,6.59856825,velocity_K.csv,sudden_jump
Kamand,velocity,Kamand_velocity,2025-08-30 18:32:01,5.70267415,velocity_K.csv,sudden_jump
Kamand,velocity,Kamand_velocity,2025-08-30 19:01:23,2.7645452,velocity_K.csv,sudden_jump
Kamand,velocity,Kamand_velocity,2025-08-31 10:16:22,0.9095776,velocity_K.csv,sudden_jump
Kamand,velocity,Kamand_velocity,2025-08-31 11:01:29,1.2703806,velocity_K.csv,sudden_jump
Kamand,velocity,Kamand_velocity,2025-08-31 12:01:37,1.3703951,velocity_K.csv,sudden_jump
Kamand,velocity,Kamand_velocity,2025-08-31 12:31:40,2.4193697,velocity_K.csv,sudden_jump
Kamand,velocity,Kamand_velocity,2025-08-31 12:46:38,0.92574175,velocity_K.csv,sudden_jump
Kamand,velocity,Kamand_velocity,2025-08-31 13:01:37,1.4417175,velocity_K.csv,sudden_jump
Kamand,velocity,Kamand_velocity,2025-08-31 13:16:46,1.9990171,velocity_K.csv,sudden_jump
Kamand,velocity,Kamand_velocity,2025-08-31 13:31:55,3.43611095,velocity_K.csv,sudden_jump
Kamand,velocity,Kamand_velocity,2025-08-31 13:46:59,6.23030475,velocity_K.csv,sudden_jump
Kamand,velocity,Kamand_velocity,2025-08-31 14:47:00,6.39894985,velocity_K.csv,sudden_jump
Kamand,velocity,Kamand_velocity,2025-08-31 15:46:56,6.11075165,velocity_K.csv,sudden_jump
Kamand,velocity,Kamand_velocity,2025-08-31 16:16:59,6.79721785,velocity_K.csv,sudden_jump
Kamand,velocity,Kamand_velocity,2025-08-31 16:32:04,6.1807175,velocity_K.csv,sudden_jump
Kamand,velocity,Kamand_velocity,2025-08-31 16:46:50,5.82844075,velocity_K.csv,sudden_jump
Kamand,velocity,Kamand_velocity,2025-08-31 18:31:58,5.1763092,velocity_K.csv,sudden_jump
Kamand,velocity,Kamand_velocity,2025-08-31 18:46:55,3.91343185,velocity_K.csv,sudden_jump
Kamand,velocity,Kamand_velocity,2025-09-01 11:01:58,7.578776599999999,velocity_K.csv,sudden_jump
Kamand,velocity,Kamand_velocity,2025-09-01 12:02:03,8.333688,velocity_K.csv,sudden_jump
Kamand,velocity,Kamand_velocity,2025-09-01 13:46:54,6.852237000000001,velocity_K.csv,sudden_jump
Kamand,velocity,Kamand_velocity,2025-09-01 14:17:00,8.760431,velocity_K.csv,sudden_jump
Kamand,velocity,Kamand_velocity,2025-09-01 15:02:02,9.298969,velocity_K.csv,sudden_jump
Kamand,velocity,Kamand_velocity,2025-09-01 16:01:58,8.675821,velocity_K.csv,sudden_jump
Kamand,velocity,Kamand_velocity,2025-09-01 16:47:00,7.808223849999999,velocity_K.csv,sudden_jump
Kamand,velocity,Kamand_velocity,2025-09-01 17:16:58,7.00186085,velocity_K.csv,sudden_jump
Kamand,velocity,Kamand_velocity,2025-09-01 17:46:55,6.412745,velocity_K.csv,sudden_jump
Kamand,velocity,Kamand_velocity,2025-09-01 18:32:06,7.204436299999999,velocity_K.csv,sudden_jump
Kamand,velocity,Kamand_velocity,2025-09-01 18:46:55,6.6876638,velocity_K.csv,sudden_jump
Kamand,velocity,Kamand_velocity,2025-09-01 19:01:44,2.3102584,velocity_K.csv,sudden_jump
Kamand,velocity,Kamand_velocity,2025-09-02 10:16:53,2.66505715,velocity_K.csv,sudden_jump
Kamand,velocity,Kamand_velocity,2025-09-02 10:32:02,1.94289285,velocity_K.csv,sudden_jump
Kamand,velocity,Kamand_velocity,2025-09-02 10:46:56,7.298899,velocity_K.csv,sudden_jump
Kamand,velocity,Kamand_velocity,2025-09-02 11:16:56,1.591236575,velocity_K.csv,sudden_jump
Kamand,velocity,Kamand_velocity,2025-09-02 11:32:05,5.79889895,velocity_K.csv,sudden_jump
Kamand,velocity,Kamand_velocity,2025-09-02 11:46:58,6.5138682,velocity_K.csv,sudden_jump
Kamand,velocity,Kamand_velocity,2025-09-02 12:01:59,3.67216565,velocity_K.csv,sudden_jump
Kamand,velocity,Kamand_velocity,2025-09-02 12:17:01,9.6128505,velocity_K.csv,sudden_jump
Kamand,velocity,Kamand_velocity,2025-09-02 12:32:09,8.288993000000001,velocity_K.csv,sudden_jump
Kamand,velocity,Kamand_velocity,2025-09-02 13:01:58,8.737461249999999,velocity_K.csv,sudden_jump
Kamand,velocity,Kamand_velocity,2025-09-02 13:16:57,11.778288,velocity_K.csv,sudden_jump
Kamand,velocity,Kamand_velocity,2025-09-02 13:46:59,14.017988,velocity_K.csv,sudden_jump
Kamand,velocity,Kamand_velocity,2025-09-02 14:01:59,15.309928,velocity_K.csv,sudden_jump
Kamand,velocity,Kamand_velocity,2025-09-02 14:17:06,12.6455435,velocity_K.csv,sudden_jump
Kamand,velocity,Kamand_velocity,2025-09-02 14:47:01,15.0918385,velocity_K.csv,sudden_jump
Kamand,velocity,Kamand_velocity,2025-09-02 15:02:01,12.306715,velocity_K.csv,sudden_jump
Kamand,velocity,Kamand_velocity,2025-09-02 15:32:03,6.8040377,velocity_K.csv,sudden_jump
Kamand,velocity,Kamand_velocity,2025-09-02 15:46:57,14.5619995,velocity_K.csv,sudden_jump
Kamand,velocity,Kamand_velocity,2025-09-02 16:16:55,9.3634695,velocity_K.csv,sudden_jump
Kamand,velocity,Kamand_velocity,2025-09-02 16:32:06,13.5766395,velocity_K.csv,sudden_jump
Kamand,velocity,Kamand_velocity,2025-09-02 16:47:00,11.547845,velocity_K.csv,sudden_jump
Kamand,velocity,Kamand_velocity,2025-09-02 17:01:56,4.56522275,velocity_K.csv,sudden_jump
Kamand,velocity,Kamand_velocity,2025-09-02 17:16:59,2.62468135,velocity_K.csv,sudden_jump
Kamand,velocity,Kamand_velocity,2025-09-03 10:16:39,1.2341031,velocity_K.csv,sudden_jump
Kamand,velocity,Kamand_velocity,2025-09-03 10:31:50,0.1657499999999999,velocity_K.csv,sudden_jump
Kamand,velocity,Kamand_velocity,2025-09-03 10:46:40,0.66564757,velocity_K.csv,sudden_jump
Kamand,velocity,Kamand_velocity,2025-09-03 11:01:45,1.0525616,velocity_K.csv,sudden_jump
Kamand,velocity,Kamand_velocity,2025-09-03 11:16:43,1.8230656,velocity_K.csv,sudden_jump
Kamand,velocity,Kamand_velocity,2025-09-03 11:31:51,1.4086667,velocity_K.csv,sudden_jump
Kamand,velocity,Kamand_velocity,2025-09-03 12:01:49,0.1657499999999999,velocity_K.csv,sudden_jump
Kamand,velocity,Kamand_velocity,2025-09-03 12:16:45,0.8210606300000001,velocity_K.csv,sudden_jump
Kamand,velocity,Kamand_velocity,2025-09-03 12:31:55,1.1511774,velocity_K.csv,sudden_jump
Kamand,velocity,Kamand_velocity,2025-09-04 13:55:41,2.71014585,velocity_K.csv,sudden_jump
Kamand,velocity,Kamand_velocity,2025-09-04 14:16:56,3.1182356999999996,velocity_K.csv,sudden_jump
Kamand,velocity,Kamand_velocity,2025-09-04 14:46:52,2.3203025,velocity_K.csv,sudden_jump
Kamand,velocity,Kamand_velocity,2025-09-04 15:01:56,2.9637252,velocity_K.csv,sudden_jump
Kamand,velocity,Kamand_velocity,2025-09-04 15:16:55,2.3000434,velocity_K.csv,sudden_jump
Kamand,velocity,Kamand_velocity,2025-09-04 15:32:01,3.48495995,velocity_K.csv,sudden_jump
Kamand,velocity,Kamand_velocity,2025-09-05 10:16:53,4.400763749999999,velocity_K.csv,sudden_jump
Kamand,velocity,Kamand_velocity,2025-09-05 10:46:57,9.2004285,velocity_K.csv,sudden_jump
Kamand,velocity,Kamand_velocity,2025-09-08 19:00:55,0.1657499999999999,velocity_K.csv,sudden_jump
Kamand,velocity,Kamand_velocity,2025-09-09 10:31:44,6.3449995,velocity_K.csv,sudden_jump
Kamand,velocity,Kamand_velocity,2025-09-09 11:01:40,6.76672835,velocity_K.csv,sudden_jump
Kamand,velocity,Kamand_velocity,2025-09-09 11:46:44,7.151858799999999,velocity_K.csv,sudden_jump
Kamand,velocity,Kamand_velocity,2025-09-09 15:46:56,6.37969545,velocity_K.csv,sudden_jump
Kamand,velocity,Kamand_velocity,2025-09-09 16:32:05,5.354479100000001,velocity_K.csv,sudden_jump
Kamand,velocity,Kamand_velocity,2025-09-09 16:46:54,5.93842635,velocity_K.csv,sudden_jump
Kamand,velocity,Kamand_velocity,2025-09-09 17:16:56,5.36765385,velocity_K.csv,sudden_jump
Kamand,velocity,Kamand_velocity,2025-09-09 17:31:58,5.94100225,velocity_K.csv,sudden_jump
Kamand,velocity,Kamand_velocity,2025-09-09 17:46:56,5.37603315,velocity_K.csv,sudden_jump
Kamand,velocity,Kamand_velocity,2025-09-09 18:01:56,4.9683771,velocity_K.csv,sudden_jump
Kamand,velocity,Kamand_velocity,2025-09-09 18:16:53,5.60922865,velocity_K.csv,sudden_jump
Kamand,velocity,Kamand_velocity,2025-09-09 18:47:00,5.016309700000001,velocity_K.csv,sudden_jump
Kamand,velocity,Kamand_velocity,2025-09-09 19:01:17,2.94261895,velocity_K.csv,sudden_jump
Kamand,velocity,Kamand_velocity,2025-09-10 10:16:52,6.139651499999999,velocity_K.csv,sudden_jump
Kamand,velocity,Kamand_velocity,2025-09-10 10:46:57,5.20869375,velocity_K.csv,sudden_jump
Kamand,velocity,Kamand_velocity,2025-09-10 12:17:00,5.2582117,velocity_K.csv,sudden_jump
Kamand,velocity,Kamand_velocity,2025-09-10 12:31:52,6.62909315,velocity_K.csv,sudden_jump
Kamand,velocity,Kamand_velocity,2025-09-10 13:02:05,5.53524235,velocity_K.csv,sudden_jump
Kamand,velocity,Kamand_velocity,2025-09-10 13:16:58,5.1017937,velocity_K.csv,sudden_jump
Kamand,velocity,Kamand_velocity,2025-09-10 13:31:59,4.759858749999999,velocity_K.csv,sudden_jump
Kamand,velocity,Kamand_velocity,2025-09-10 14:02:00,5.42171385,velocity_K.csv,sudden_jump
Kamand,velocity,Kamand_velocity,2025-09-10 14:32:04,4.95832885,velocity_K.csv,sudden_jump
Kamand,velocity,Kamand_velocity,2025-09-10 15:16:53,4.8272938,velocity_K.csv,sudden_jump
Kamand,velocity,Kamand_velocity,2025-09-10 17:32:02,4.4923575,velocity_K.csv,sudden_jump
Kamand,velocity,Kamand_velocity,2025-09-10 18:32:00,3.790007,velocity_K.csv,sudden_jump
Kamand,velocity,Kamand_velocity,2025-09-10 18:46:56,2.67599345,velocity_K.csv,sudden_jump
Kamand,velocity,Kamand_velocity,2025-09-11 10:16:53,0.92472515,velocity_K.csv,sudden_jump
Kamand,velocity,Kamand_velocity,2025-09-11 10:46:51,1.39393215,velocity_K.csv,sudden_jump
Kamand,velocity,Kamand_velocity,2025-09-11 11:16:52,1.0256052,velocity_K.csv,sudden_jump
Kamand,velocity,Kamand_velocity,2025-09-11 12:16:49,1.7685296,velocity_K.csv,sudden_jump
Kamand,velocity,Kamand_velocity,2025-09-11 12:31:55,1.1870657,velocity_K.csv,sudden_jump
Kamand,velocity,Kamand_velocity,2025-09-11 13:16:50,2.31392,velocity_K.csv,sudden_jump
Kamand,velocity,Kamand_velocity,2025-09-11 14:01:50,0.79591848,velocity_K.csv,sudden_jump
Kamand,velocity,Kamand_velocity,2025-09-11 14:16:50,0.1657499999999999,velocity_K.csv,sudden_jump
Kamand,velocity,Kamand_velocity,2025-09-11 14:32:03,4.67960695,velocity_K.csv,sudden_jump
Kamand,velocity,Kamand_velocity,2025-09-11 18:16:56,3.4010235499999997,velocity_K.csv,sudden_jump
Kamand,velocity,Kamand_velocity,2025-09-11 18:45:53,0.1657499999999999,velocity_K.csv,sudden_jump
Kamand,velocity,Kamand_velocity,2025-09-12 10:16:51,1.7193069,velocity_K.csv,sudden_jump
Kamand,velocity,Kamand_velocity,2025-09-12 10:32:00,3.5104217,velocity_K.csv,sudden_jump
Kamand,velocity,Kamand_velocity,2025-09-12 11:01:47,5.179180799999999,velocity_K.csv,sudden_jump
Kamand,velocity,Kamand_velocity,2025-09-12 11:46:49,5.19002485,velocity_K.csv,sudden_jump
Kamand,velocity,Kamand_velocity,2025-09-12 12:46:57,4.8007294,velocity_K.csv,sudden_jump
Kamand,velocity,Kamand_velocity,2025-09-12 13:01:53,5.385476,velocity_K.csv,sudden_jump
Kamand,velocity,Kamand_velocity,2025-09-12 13:32:03,4.45329775,velocity_K.csv,sudden_jump
Kamand,velocity,Kamand_velocity,2025-09-12 13:46:55,5.025980000000001,velocity_K.csv,sudden_jump
Kamand,velocity,Kamand_velocity,2025-09-12 14:32:05,4.1881728,velocity_K.csv,sudden_jump
Kamand,velocity,Kamand_velocity,2025-09-12 14:46:57,4.70702025,velocity_K.csv,sudden_jump
Kamand,velocity,Kamand_velocity,2025-09-12 15:01:45,5.21217415,velocity_K.csv,sudden_jump
Kamand,velocity,Kamand_velocity,2025-09-12 15:16:58,4.629345799999999,velocity_K.csv,sudden_jump
Kamand,velocity,Kamand_velocity,2025-09-12 15:46:59,4.0294731,velocity_K.csv,sudden_jump
Kamand,velocity,Kamand_velocity,2025-09-12 16:01:57,5.26928115,velocity_K.csv,sudden_jump
Kamand,velocity,Kamand_velocity,2025-09-12 16:16:59,4.21912615,velocity_K.csv,sudden_jump
Kamand,velocity,Kamand_velocity,2025-09-12 17:32:05,4.7606263,velocity_K.csv,sudden_jump
Kamand,velocity,Kamand_velocity,2025-09-12 17:46:56,3.9229648,velocity_K.csv,sudden_jump
Kamand,velocity,Kamand_velocity,2025-09-12 18:16:56,4.3796655,velocity_K.csv,sudden_jump
Kamand,velocity,Kamand_velocity,2025-09-12 18:31:59,3.8511777,velocity_K.csv,sudden_jump
Kamand,velocity,Kamand_velocity,2025-09-12 18:46:52,2.7305914,velocity_K.csv,sudden_jump
Kamand,velocity,Kamand_velocity,2025-09-16 11:31:33,0.1657499999999999,velocity_K.csv,sudden_jump
Kamand,velocity,Kamand_velocity,2025-09-16 11:46:46,1.425849,velocity_K.csv,sudden_jump
Kamand,velocity,Kamand_velocity,2025-09-16 12:01:46,2.37712885,velocity_K.csv,sudden_jump
Kamand,velocity,Kamand_velocity,2025-09-16 12:31:52,1.5944031,velocity_K.csv,sudden_jump
Kamand,velocity,Kamand_velocity,2025-09-16 12:46:56,3.814904,velocity_K.csv,sudden_jump
Kamand,velocity,Kamand_velocity,2025-09-16 13:16:56,4.9960255,velocity_K.csv,sudden_jump
Kamand,velocity,Kamand_velocity,2025-09-16 13:46:57,5.30300325,velocity_K.csv,sudden_jump
Kamand,velocity,Kamand_velocity,2025-09-16 14:01:56,4.5072584,velocity_K.csv,sudden_jump
Kamand,velocity,Kamand_velocity,2025-09-16 14:16:52,5.61220005,velocity_K.csv,sudden_jump
Kamand,velocity,Kamand_velocity,2025-09-16 15:01:58,3.5119365,velocity_K.csv,sudden_jump
Kamand,velocity,Kamand_velocity,2025-09-16 15:16:57,4.00485575,velocity_K.csv,sudden_jump
Kamand,velocity,Kamand_velocity,2025-09-16 16:16:57,3.71501475,velocity_K.csv,sudden_jump
Kamand,velocity,Kamand_velocity,2025-09-16 16:46:54,2.499076,velocity_K.csv,sudden_jump
Kamand,velocity,Kamand_velocity,2025-09-16 17:01:56,3.3083168,velocity_K.csv,sudden_jump
Kamand,velocity,Kamand_velocity,2025-09-16 17:31:55,2.527399,velocity_K.csv,sudden_jump
Kamand,velocity,Kamand_velocity,2025-09-16 17:46:55,1.5857749,velocity_K.csv,sudden_jump
Kamand,velocity,Kamand_velocity,2025-09-16 18:16:56,1.9115555,velocity_K.csv,sudden_jump
Kamand,velocity,Kamand_velocity,2025-09-16 18:46:55,2.2913952,velocity_K.csv,sudden_jump
Kamand,velocity,Kamand_velocity,2025-09-17 10:16:45,5.9328987,velocity_K.csv,sudden_jump
Kamand,velocity,Kamand_velocity,2025-09-17 11:01:46,6.0519678500000005,velocity_K.csv,sudden_jump
Kamand,velocity,Kamand_velocity,2025-09-17 11:46:56,5.492186,velocity_K.csv,sudden_jump
Kamand,velocity,Kamand_velocity,2025-09-17 12:31:52,6.1083035,velocity_K.csv,sudden_jump
Kamand,velocity,Kamand_velocity,2025-09-17 12:46:53,6.488431,velocity_K.csv,sudden_jump
Kamand,velocity,Kamand_velocity,2025-09-17 13:01:56,5.2475269,velocity_K.csv,sudden_jump
Kamand,velocity,Kamand_velocity,2025-09-17 13:16:53,5.6883582,velocity_K.csv,sudden_jump
Kamand,velocity,Kamand_velocity,2025-09-17 16:16:13,1.0521033000000002,velocity_K.csv,sudden_jump
Kamand,velocity,Kamand_velocity,2025-09-18 14:16:55,0.1657499999999999,velocity_K.csv,sudden_jump
Kamand,velocity,Kamand_velocity,2025-09-18 14:31:57,3.3596475000000003,velocity_K.csv,sudden_jump
Kamand,velocity,Kamand_velocity,2025-09-18 15:16:47,3.4575958499999997,velocity_K.csv,sudden_jump
Kamand,velocity,Kamand_velocity,2025-09-18 16:16:46,2.8562066,velocity_K.csv,sudden_jump
Kamand,velocity,Kamand_velocity,2025-09-21 10:16:37,3.6847465,velocity_K.csv,sudden_jump
Kamand,velocity,Kamand_velocity,2025-09-21 12:01:46,3.51850775,velocity_K.csv,sudden_jump
Kamand,velocity,Kamand_velocity,2025-09-21 12:46:47,3.357146,velocity_K.csv,sudden_jump
Kamand,velocity,Kamand_velocity,2025-09-21 13:01:48,3.73322405,velocity_K.csv,sudden_jump
Kamand,velocity,Kamand_velocity,2025-09-21 13:31:49,3.2467562,velocity_K.csv,sudden_jump
Kamand,velocity,Kamand_velocity,2025-09-21 16:01:48,2.32032085,velocity_K.csv,sudden_jump
Kamand,velocity,Kamand_velocity,2025-09-21 17:01:43,2.30672115,velocity_K.csv,sudden_jump
Kamand,velocity,Kamand_velocity,2025-09-21 18:46:14,1.17647975,velocity_K.csv,sudden_jump
Kamand,velocity,Kamand_velocity,2025-09-22 10:16:43,3.40181625,velocity_K.csv,sudden_jump
Kamand,velocity,Kamand_velocity,2025-09-22 11:16:47,3.7486054,velocity_K.csv,sudden_jump
Kamand,velocity,Kamand_velocity,2025-09-22 12:16:34,3.37941575,velocity_K.csv,sudden_jump
Kamand,velocity,Kamand_velocity,2025-09-22 13:01:45,2.95469875,velocity_K.csv,sudden_jump
Kamand,velocity,Kamand_velocity,2025-09-22 16:01:46,2.4543659,velocity_K.csv,sudden_jump
Kamand,velocity,Kamand_velocity,2025-10-11 17:16:43,0.64235895,velocity_K.csv,sudden_jump
Kamand,velocity,Kamand_velocity,2025-10-12 06:01:43,6.28047205,velocity_K.csv,sudden_jump
Kamand,velocity,Kamand_velocity,2025-10-12 11:31:52,0.8695193299999999,velocity_K.csv,sudden_jump
Kamand,velocity,Kamand_velocity,2025-10-12 15:31:54,0.414959525,velocity_K.csv,sudden_jump
Kamand,velocity,Kamand_velocity,2025-10-13 15:01:45,1.1542279,velocity_K.csv,sudden_jump
Kamand,velocity,Kamand_velocity,2025-10-13 18:16:40,0.6751774749999999,velocity_K.csv,sudden_jump
Kamand,velocity,Kamand_velocity,2025-10-13 18:31:04,0.1657499999999999,velocity_K.csv,sudden_jump
Kamand,velocity,Kamand_velocity,2025-10-14 10:16:25,1.9899026,velocity_K.csv,sudden_jump
Kamand,velocity,Kamand_velocity,2025-10-16 19:01:06,0.1657499999999999,velocity_K.csv,sudden_jump
Kamand,velocity,Kamand_velocity,2025-10-17 10:16:19,1.6378705999999998,velocity_K.csv,sudden_jump
Kamand,velocity,Kamand_velocity,2025-10-17 16:16:43,0.70412651,velocity_K.csv,sudden_jump
Kamand,velocity,Kamand_velocity,2025-10-17 18:16:06,0.1657499999999999,velocity_K.csv,sudden_jump
Kamand,velocity,Kamand_velocity,2025-10-18 15:01:34,1.15308265,velocity_K.csv,sudden_jump
Kamand,velocity,Kamand_velocity,2025-10-18 18:31:04,0.1657499999999999,velocity_K.csv,sudden_jump
Kamand,velocity,Kamand_velocity,2025-10-22 17:01:39,0.756518,velocity_K.csv,sudden_jump
Kamand,velocity,Kamand_velocity,2025-10-22 19:01:02,0.1657499999999999,velocity_K.csv,sudden_jump
Kamand,velocity,Kamand_velocity,2025-10-23 11:01:23,1.35542645,velocity_K.csv,sudden_jump
Kamand,velocity,Kamand_velocity,2025-10-23 13:16:32,2.33252015,velocity_K.csv,sudden_jump
Kamand,velocity,Kamand_velocity,2025-10-23 13:46:38,2.6054765,velocity_K.csv,sudden_jump
Kamand,velocity,Kamand_velocity,2025-10-23 14:16:51,0.7575109,velocity_K.csv,sudden_jump
Kamand,velocity,Kamand_velocity,2025-10-23 18:16:02,0.1657499999999999,velocity_K.csv,sudden_jump
Kamand,velocity,Kamand_velocity,2025-10-24 10:16:47,1.52062515,velocity_K.csv,sudden_jump
Kamand,velocity,Kamand_velocity,2025-10-24 14:46:31,2.8999110999999997,velocity_K.csv,sudden_jump
Kamand,velocity,Kamand_velocity,2025-10-24 15:01:34,2.4256983,velocity_K.csv,sudden_jump
Kamand,velocity,Kamand_velocity,2025-10-24 15:46:36,1.9708759,velocity_K.csv,sudden_jump
Kamand,velocity,Kamand_velocity,2025-10-24 18:16:01,0.1657499999999999,velocity_K.csv,sudden_jump
Kamand,velocity,Kamand_velocity,2025-10-25 10:16:42,1.6605327499999998,velocity_K.csv,sudden_jump
Kamand,velocity,Kamand_velocity,2025-10-25 14:31:26,3.0576863,velocity_K.csv,sudden_jump
Kamand,velocity,Kamand_velocity,2025-10-25 14:46:25,2.68417665,velocity_K.csv,sudden_jump
Kamand,velocity,Kamand_velocity,2025-10-25 15:16:29,2.2042973999999997,velocity_K.csv,sudden_jump
Kamand,velocity,Kamand_velocity,2025-10-25 16:01:41,1.6074449,velocity_K.csv,sudden_jump
Kamand,velocity,Kamand_velocity,2025-10-25 17:16:40,1.15941145,velocity_K.csv,sudden_jump
Kamand,velocity,Kamand_velocity,2025-10-25 18:01:53,0.61608427,velocity_K.csv,sudden_jump
Kamand,velocity,Kamand_velocity,2025-10-25 18:16:02,0.1657499999999999,velocity_K.csv,sudden_jump
Kamand,velocity,Kamand_velocity,2025-10-26 10:16:43,1.4765644999999998,velocity_K.csv,sudden_jump
Kamand,velocity,Kamand_velocity,2025-10-26 15:31:37,1.9947252,velocity_K.csv,sudden_jump
Kamand,velocity,Kamand_velocity,2025-10-26 18:01:55,0.61369325,velocity_K.csv,sudden_jump
Kamand,velocity,Kamand_velocity,2025-10-26 18:15:59,0.1657499999999999,velocity_K.csv,sudden_jump
Kamand,velocity,Kamand_velocity,2025-10-27 10:16:44,1.4228683,velocity_K.csv,sudden_jump
Kamand,velocity,Kamand_velocity,2025-10-27 16:16:32,2.35805825,velocity_K.csv,sudden_jump
Kamand,velocity,Kamand_velocity,2025-10-27 18:01:45,0.7417015,velocity_K.csv,sudden_jump
Kamand,velocity,Kamand_velocity,2025-10-28 10:16:36,1.3724365,velocity_K.csv,sudden_jump
Kamand,velocity,Kamand_velocity,2025-10-28 12:01:24,2.2086032500000004,velocity_K.csv,sudden_jump
Kamand,velocity,Kamand_velocity,2025-10-28 17:01:35,1.7203737499999998,velocity_K.csv,sudden_jump
Kamand,velocity,Kamand_velocity,2025-10-28 18:46:03,0.1657499999999999,velocity_K.csv,sudden_jump
Kamand,velocity,Kamand_velocity,2025-10-29 10:16:30,1.5263705,velocity_K.csv,sudden_jump
Kamand,velocity,Kamand_velocity,2025-10-29 12:01:25,2.0572777,velocity_K.csv,sudden_jump
Kamand,velocity,Kamand_velocity,2025-10-29 13:46:26,2.4243601999999997,velocity_K.csv,sudden_jump
Kamand,velocity,Kamand_velocity,2025-10-29 17:01:38,1.5776477,velocity_K.csv,sudden_jump
Kamand,velocity,Kamand_velocity,2025-10-29 18:45:58,0.1657499999999999,velocity_K.csv,sudden_jump
Kamand,velocity,Kamand_velocity,2025-10-30 10:16:31,1.75779745,velocity_K.csv,sudden_jump
Kamand,velocity,Kamand_velocity,2025-10-30 12:01:25,2.5738411,velocity_K.csv,sudden_jump
Kamand,velocity,Kamand_velocity,2025-10-30 15:31:18,2.0008542,velocity_K.csv,sudden_jump
Kamand,velocity,Kamand_velocity,2025-10-30 17:01:31,1.51922105,velocity_K.csv,sudden_jump
Kamand,velocity,Kamand_velocity,2025-10-30 18:46:00,0.1657499999999999,velocity_K.csv,sudden_jump
Kamand,velocity,Kamand_velocity,2025-10-31 10:31:30,1.7747017,velocity_K.csv,sudden_jump
Kamand,velocity,Kamand_velocity,2025-10-31 12:01:23,2.2112987,velocity_K.csv,sudden_jump
Kamand,velocity,Kamand_velocity,2025-10-31 14:16:42,0.87358298,velocity_K.csv,sudden_jump
Kamand,velocity,Kamand_velocity,2025-10-31 14:31:46,10.057718,velocity_K.csv,sudden_jump
Kamand,velocity,Kamand_velocity,2025-11-01 11:32:05,0.62474015,velocity_K.csv,sudden_jump
Kamand,velocity,Kamand_velocity,2025-11-01 14:46:02,0.1657499999999999,velocity_K.csv,sudden_jump
Kamand,velocity,Kamand_velocity,2025-11-01 17:16:52,0.54140393,velocity_K.csv,sudden_jump
Kamand,velocity,Kamand_velocity,2025-11-01 17:46:37,1.0510111,velocity_K.csv,sudden_jump
Kamand,velocity,Kamand_velocity,2025-11-01 18:01:16,0.4474086,velocity_K.csv,sudden_jump
Kamand,velocity,Kamand_velocity,2025-11-06 17:16:19,1.34179415,velocity_K.csv,sudden_jump
Kamand,velocity,Kamand_velocity,2025-11-09 06:00:59,0.6094744,velocity_K.csv,sudden_jump
Kamand,velocity_UNCONFIRMED,Kamand_velocity_UNCONFIRMED,2026-01-06 14:06:54,11.9,vel_K.csv,outside_plausible_bounds
Kamand,velocity_UNCONFIRMED,Kamand_velocity_UNCONFIRMED,2026-01-06 14:06:59,9.078,vel_K.csv,outside_plausible_bounds
Kamand,velocity_UNCONFIRMED,Kamand_velocity_UNCONFIRMED,2026-01-06 14:07:09,8.73,vel_K.csv,outside_plausible_bounds
Kamand,velocity_UNCONFIRMED,Kamand_velocity_UNCONFIRMED,2026-01-06 14:15:30,8.163,vel_K.csv,outside_plausible_bounds
Kamand,velocity_UNCONFIRMED,Kamand_velocity_UNCONFIRMED,2026-01-06 14:15:35,8.892,vel_K.csv,outside_plausible_bounds
Kamand,velocity_UNCONFIRMED,Kamand_velocity_UNCONFIRMED,2026-01-06 14:15:40,9.455,vel_K.csv,outside_plausible_bounds
Kamand,velocity_UNCONFIRMED,Kamand_velocity_UNCONFIRMED,2026-01-06 14:15:48,9.796,vel_K.csv,outside_plausible_bounds
Kamand,velocity_UNCONFIRMED,Kamand_velocity_UNCONFIRMED,2026-01-06 14:15:50,9.796,vel_K.csv,outside_plausible_bounds
Kamand,velocity_UNCONFIRMED,Kamand_velocity_UNCONFIRMED,2026-01-06 14:15:55,9.796,vel_K.csv,outside_plausible_bounds
Kamand,velocity_UNCONFIRMED,Kamand_velocity_UNCONFIRMED,2026-01-06 14:16:00,9.796,vel_K.csv,outside_plausible_bounds
Kamand,velocity_UNCONFIRMED,Kamand_velocity_UNCONFIRMED,2026-01-06 14:16:05,9.771,vel_K.csv,outside_plausible_bounds
Kamand,velocity_UNCONFIRMED,Kamand_velocity_UNCONFIRMED,2026-01-06 14:16:10,9.771,vel_K.csv,outside_plausible_bounds
Kamand,velocity_UNCONFIRMED,Kamand_velocity_UNCONFIRMED,2026-01-06 14:16:15,9.347,vel_K.csv,outside_plausible_bounds
Kamand,velocity_UNCONFIRMED,Kamand_velocity_UNCONFIRMED,2026-01-06 14:16:20,9.347,vel_K.csv,outside_plausible_bounds
Kamand,velocity_UNCONFIRMED,Kamand_velocity_UNCONFIRMED,2026-01-06 14:16:25,9.662,vel_K.csv,outside_plausible_bounds
Kamand,velocity_UNCONFIRMED,Kamand_velocity_UNCONFIRMED,2026-01-06 14:16:30,9.662,vel_K.csv,outside_plausible_bounds
Kamand,velocity_UNCONFIRMED,Kamand_velocity_UNCONFIRMED,2026-01-06 14:16:35,9.264,vel_K.csv,outside_plausible_bounds
Kamand,velocity_UNCONFIRMED,Kamand_velocity_UNCONFIRMED,2026-01-06 14:16:40,9.264,vel_K.csv,outside_plausible_bounds
Kamand,velocity_UNCONFIRMED,Kamand_velocity_UNCONFIRMED,2026-01-06 14:16:45,9.264,vel_K.csv,outside_plausible_bounds
Kamand,velocity_UNCONFIRMED,Kamand_velocity_UNCONFIRMED,2026-01-06 14:16:50,9.393,vel_K.csv,outside_plausible_bounds
Kamand,velocity_UNCONFIRMED,Kamand_velocity_UNCONFIRMED,2026-01-06 14:16:55,9.662,vel_K.csv,outside_plausible_bounds
Kamand,velocity_UNCONFIRMED,Kamand_velocity_UNCONFIRMED,2026-01-06 14:17:00,9.393,vel_K.csv,outside_plausible_bounds
Kamand,velocity_UNCONFIRMED,Kamand_velocity_UNCONFIRMED,2026-01-06 14:17:05,9.077,vel_K.csv,outside_plausible_bounds
Kamand,velocity_UNCONFIRMED,Kamand_velocity_UNCONFIRMED,2026-01-06 14:17:10,9.077,vel_K.csv,outside_plausible_bounds
Kamand,velocity_UNCONFIRMED,Kamand_velocity_UNCONFIRMED,2026-01-06 14:17:15,8.633,vel_K.csv,outside_plausible_bounds
Kamand,velocity_UNCONFIRMED,Kamand_velocity_UNCONFIRMED,2026-01-06 14:17:20,8.633,vel_K.csv,outside_plausible_bounds
Kamand,velocity_UNCONFIRMED,Kamand_velocity_UNCONFIRMED,2026-01-06 15:33:18,8.022,vel_K.csv,outside_plausible_bounds
Kamand,velocity_UNCONFIRMED,Kamand_velocity_UNCONFIRMED,2026-01-06 15:34:28,8.661,vel_K.csv,outside_plausible_bounds
Kamand,velocity_UNCONFIRMED,Kamand_velocity_UNCONFIRMED,2026-01-06 15:34:33,10.613,vel_K.csv,outside_plausible_bounds
Kamand,velocity_UNCONFIRMED,Kamand_velocity_UNCONFIRMED,2026-01-06 15:34:38,11.65,vel_K.csv,outside_plausible_bounds
Kamand,velocity_UNCONFIRMED,Kamand_velocity_UNCONFIRMED,2026-01-06 15:34:43,11.65,vel_K.csv,outside_plausible_bounds
Kamand,velocity_UNCONFIRMED,Kamand_velocity_UNCONFIRMED,2026-01-06 15:34:48,11.114,vel_K.csv,outside_plausible_bounds
Kamand,velocity_UNCONFIRMED,Kamand_velocity_UNCONFIRMED,2026-01-06 15:34:53,11.114,vel_K.csv,outside_plausible_bounds
Kamand,velocity_UNCONFIRMED,Kamand_velocity_UNCONFIRMED,2026-01-06 15:34:58,11.723,vel_K.csv,outside_plausible_bounds
Kamand,velocity_UNCONFIRMED,Kamand_velocity_UNCONFIRMED,2026-01-06 15:35:03,11.114,vel_K.csv,outside_plausible_bounds
Kamand,velocity_UNCONFIRMED,Kamand_velocity_UNCONFIRMED,2026-01-05 15:02:57,5.046,vel_K.csv,frozen_run_len_6_until_2026-01-05 15:03:22
Kamand,velocity_UNCONFIRMED,Kamand_velocity_UNCONFIRMED,2026-01-05 15:04:32,7.013,vel_K.csv,frozen_run_len_5_until_2026-01-05 15:04:52
Kamand,velocity_UNCONFIRMED,Kamand_velocity_UNCONFIRMED,2026-01-05 15:06:02,7.021,vel_K.csv,frozen_run_len_8_until_2026-01-05 15:06:37
Kamand,velocity_UNCONFIRMED,Kamand_velocity_UNCONFIRMED,2026-01-05 15:23:42,1.996,vel_K.csv,frozen_run_len_5_until_2026-01-05 15:24:02
Kamand,velocity_UNCONFIRMED,Kamand_velocity_UNCONFIRMED,2026-01-05 15:27:17,1.884,vel_K.csv,frozen_run_len_6_until_2026-01-05 15:27:42
Kamand,velocity_UNCONFIRMED,Kamand_velocity_UNCONFIRMED,2026-01-05 15:28:27,2.041,vel_K.csv,frozen_run_len_5_until_2026-01-05 15:28:47
Kamand,velocity_UNCONFIRMED,Kamand_velocity_UNCONFIRMED,2026-01-05 15:32:47,1.931,vel_K.csv,frozen_run_len_6_until_2026-01-05 15:33:12
Kamand,velocity_UNCONFIRMED,Kamand_velocity_UNCONFIRMED,2026-01-05 15:34:42,1.768,vel_K.csv,frozen_run_len_5_until_2026-01-05 15:35:02
Kamand,velocity_UNCONFIRMED,Kamand_velocity_UNCONFIRMED,2026-01-05 15:36:12,2.073,vel_K.csv,frozen_run_len_5_until_2026-01-05 15:36:32
Kamand,velocity_UNCONFIRMED,Kamand_velocity_UNCONFIRMED,2026-01-06 15:44:33,4.735,vel_K.csv,frozen_run_len_5_until_2026-01-06 15:44:54
Kamand,velocity_UNCONFIRMED,Kamand_velocity_UNCONFIRMED,2026-01-06 15:50:03,5.648,vel_K.csv,frozen_run_len_6_until_2026-01-06 15:50:28
Kamand,velocity_UNCONFIRMED,Kamand_velocity_UNCONFIRMED,2026-01-06 15:53:09,5.801,vel_K.csv,frozen_run_len_5_until_2026-01-06 15:53:29
Kamand,velocity_UNCONFIRMED,Kamand_velocity_UNCONFIRMED,2026-01-06 16:05:29,5.62,vel_K.csv,frozen_run_len_5_until_2026-01-06 16:05:49
Kamand,velocity_UNCONFIRMED,Kamand_velocity_UNCONFIRMED,2026-01-06 17:43:19,0.701,vel_K.csv,frozen_run_len_6_until_2026-01-06 17:43:44
Kamand,velocity_UNCONFIRMED,Kamand_velocity_UNCONFIRMED,2026-01-06 17:43:49,0.694,vel_K.csv,frozen_run_len_6_until_2026-01-06 17:44:14
Kamand,velocity_UNCONFIRMED,Kamand_velocity_UNCONFIRMED,2026-01-06 17:46:09,0.749,vel_K.csv,frozen_run_len_5_until_2026-01-06 17:46:31
Kamand,velocity_UNCONFIRMED,Kamand_velocity_UNCONFIRMED,2026-01-06 17:50:39,1.047,vel_K.csv,frozen_run_len_5_until_2026-01-06 17:50:59
Kamand,velocity_UNCONFIRMED,Kamand_velocity_UNCONFIRMED,2026-01-06 17:53:49,0.8,vel_K.csv,frozen_run_len_5_until_2026-01-06 17:54:09
Kamand,velocity_UNCONFIRMED,Kamand_velocity_UNCONFIRMED,2026-01-06 18:02:19,0.725,vel_K.csv,frozen_run_len_8_until_2026-01-06 18:02:54
Kamand,velocity_UNCONFIRMED,Kamand_velocity_UNCONFIRMED,2026-01-06 18:06:54,0.823,vel_K.csv,frozen_run_len_7_until_2026-01-06 18:07:24
Kamand,velocity_UNCONFIRMED,Kamand_velocity_UNCONFIRMED,2026-01-06 18:19:29,0.804,vel_K.csv,frozen_run_len_6_until_2026-01-06 18:19:54
Kamand,velocity_UNCONFIRMED,Kamand_velocity_UNCONFIRMED,2026-01-06 18:26:09,0.881,vel_K.csv,frozen_run_len_6_until_2026-01-06 18:26:34
Kamand,velocity_UNCONFIRMED,Kamand_velocity_UNCONFIRMED,2026-01-06 18:28:29,0.736,vel_K.csv,frozen_run_len_5_until_2026-01-06 18:28:49
Kamand,velocity_UNCONFIRMED,Kamand_velocity_UNCONFIRMED,2026-01-06 18:29:29,0.733,vel_K.csv,frozen_run_len_5_until_2026-01-06 18:29:49
Kamand,velocity_UNCONFIRMED,Kamand_velocity_UNCONFIRMED,2026-01-06 18:48:04,0.977,vel_K.csv,frozen_run_len_6_until_2026-01-06 18:48:29
Kamand,velocity_UNCONFIRMED,Kamand_velocity_UNCONFIRMED,2026-01-06 18:52:24,0.806,vel_K.csv,frozen_run_len_5_until_2026-01-06 18:52:44
Kamand,velocity_UNCONFIRMED,Kamand_velocity_UNCONFIRMED,2026-01-06 18:56:59,0.992,vel_K.csv,frozen_run_len_5_until_2026-01-06 18:57:19
Kamand,velocity_UNCONFIRMED,Kamand_velocity_UNCONFIRMED,2026-01-06 19:14:19,0.811,vel_K.csv,frozen_run_len_5_until_2026-01-06 19:14:39
Kamand,velocity_UNCONFIRMED,Kamand_velocity_UNCONFIRMED,2026-01-06 19:15:04,0.92,vel_K.csv,frozen_run_len_5_until_2026-01-06 19:15:24
Kamand,velocity_UNCONFIRMED,Kamand_velocity_UNCONFIRMED,2026-01-06 19:15:44,0.823,vel_K.csv,frozen_run_len_6_until_2026-01-06 19:16:09
Kamand,velocity_UNCONFIRMED,Kamand_velocity_UNCONFIRMED,2026-01-06 19:28:34,0.725,vel_K.csv,frozen_run_len_6_until_2026-01-06 19:28:59
Kamand,velocity_UNCONFIRMED,Kamand_velocity_UNCONFIRMED,2026-01-06 19:48:09,0.91,vel_K.csv,frozen_run_len_5_until_2026-01-06 19:48:29
Kamand,velocity_UNCONFIRMED,Kamand_velocity_UNCONFIRMED,2026-01-06 19:54:24,0.841,vel_K.csv,frozen_run_len_6_until_2026-01-06 19:54:49
Kamand,velocity_UNCONFIRMED,Kamand_velocity_UNCONFIRMED,2026-01-06 19:59:09,0.899,vel_K.csv,frozen_run_len_6_until_2026-01-06 19:59:34
Kamand,velocity_UNCONFIRMED,Kamand_velocity_UNCONFIRMED,2026-01-06 20:03:09,0.857,vel_K.csv,frozen_run_len_5_until_2026-01-06 20:03:29
Kamand,velocity_UNCONFIRMED,Kamand_velocity_UNCONFIRMED,2026-01-06 20:11:04,0.848,vel_K.csv,frozen_run_len_5_until_2026-01-06 20:11:24
Kamand,velocity_UNCONFIRMED,Kamand_velocity_UNCONFIRMED,2026-01-06 20:23:44,0.738,vel_K.csv,frozen_run_len_5_until_2026-01-06 20:24:04
Kamand,velocity_UNCONFIRMED,Kamand_velocity_UNCONFIRMED,2026-01-06 20:39:14,0.729,vel_K.csv,frozen_run_len_5_until_2026-01-06 20:39:34
Kamand,velocity_UNCONFIRMED,Kamand_velocity_UNCONFIRMED,2026-01-06 20:41:34,0.79,vel_K.csv,frozen_run_len_9_until_2026-01-06 20:42:14
Kamand,velocity_UNCONFIRMED,Kamand_velocity_UNCONFIRMED,2026-01-06 20:54:49,0.755,vel_K.csv,frozen_run_len_5_until_2026-01-06 20:55:09
Kamand,velocity_UNCONFIRMED,Kamand_velocity_UNCONFIRMED,2026-01-06 20:57:39,0.739,vel_K.csv,frozen_run_len_7_until_2026-01-06 20:58:09
Kamand,velocity_UNCONFIRMED,Kamand_velocity_UNCONFIRMED,2026-01-06 21:10:14,0.859,vel_K.csv,frozen_run_len_8_until_2026-01-06 21:10:49
Kamand,velocity_UNCONFIRMED,Kamand_velocity_UNCONFIRMED,2026-01-06 21:12:35,0.767,vel_K.csv,frozen_run_len_5_until_2026-01-06 21:12:54
Kamand,velocity_UNCONFIRMED,Kamand_velocity_UNCONFIRMED,2026-01-06 21:15:49,0.85,vel_K.csv,frozen_run_len_5_until_2026-01-06 21:16:09
Kamand,velocity_UNCONFIRMED,Kamand_velocity_UNCONFIRMED,2026-01-06 21:17:49,0.711,vel_K.csv,frozen_run_len_5_until_2026-01-06 21:18:09
Kamand,velocity_UNCONFIRMED,Kamand_velocity_UNCONFIRMED,2026-01-06 21:22:54,1.185,vel_K.csv,frozen_run_len_5_until_2026-01-06 21:23:14
Kamand,velocity_UNCONFIRMED,Kamand_velocity_UNCONFIRMED,2026-01-06 21:34:44,0.749,vel_K.csv,frozen_run_len_5_until_2026-01-06 21:35:04
Kamand,velocity_UNCONFIRMED,Kamand_velocity_UNCONFIRMED,2026-01-06 21:39:09,0.869,vel_K.csv,frozen_run_len_5_until_2026-01-06 21:39:29
Kamand,velocity_UNCONFIRMED,Kamand_velocity_UNCONFIRMED,2026-01-06 21:42:04,0.721,vel_K.csv,frozen_run_len_6_until_2026-01-06 21:42:29
Kamand,velocity_UNCONFIRMED,Kamand_velocity_UNCONFIRMED,2026-01-06 21:44:29,0.725,vel_K.csv,frozen_run_len_5_until_2026-01-06 21:44:49
Kamand,velocity_UNCONFIRMED,Kamand_velocity_UNCONFIRMED,2026-01-06 21:58:14,0.842,vel_K.csv,frozen_run_len_6_until_2026-01-06 21:58:39
Kamand,velocity_UNCONFIRMED,Kamand_velocity_UNCONFIRMED,2026-01-06 22:00:14,0.731,vel_K.csv,frozen_run_len_5_until_2026-01-06 22:00:36
Kamand,velocity_UNCONFIRMED,Kamand_velocity_UNCONFIRMED,2026-01-06 22:03:09,0.762,vel_K.csv,frozen_run_len_5_until_2026-01-06 22:03:29
Kamand,velocity_UNCONFIRMED,Kamand_velocity_UNCONFIRMED,2026-01-06 22:05:14,0.769,vel_K.csv,frozen_run_len_7_until_2026-01-06 22:05:44
Kamand,velocity_UNCONFIRMED,Kamand_velocity_UNCONFIRMED,2026-01-06 22:16:36,0.827,vel_K.csv,frozen_run_len_5_until_2026-01-06 22:16:54
Kamand,velocity_UNCONFIRMED,Kamand_velocity_UNCONFIRMED,2026-01-06 22:29:14,0.868,vel_K.csv,frozen_run_len_6_until_2026-01-06 22:29:39
Kamand,velocity_UNCONFIRMED,Kamand_velocity_UNCONFIRMED,2026-01-06 22:33:44,0.739,vel_K.csv,frozen_run_len_7_until_2026-01-06 22:34:13
Kamand,velocity_UNCONFIRMED,Kamand_velocity_UNCONFIRMED,2026-01-06 22:36:54,0.681,vel_K.csv,frozen_run_len_6_until_2026-01-06 22:37:18
Kamand,velocity_UNCONFIRMED,Kamand_velocity_UNCONFIRMED,2026-01-06 22:37:24,0.707,vel_K.csv,frozen_run_len_5_until_2026-01-06 22:37:43
Kamand,velocity_UNCONFIRMED,Kamand_velocity_UNCONFIRMED,2026-01-06 22:41:28,0.835,vel_K.csv,frozen_run_len_6_until_2026-01-06 22:41:53
Kamand,velocity_UNCONFIRMED,Kamand_velocity_UNCONFIRMED,2026-01-06 22:46:14,0.75,vel_K.csv,frozen_run_len_6_until_2026-01-06 22:46:39
Kamand,velocity_UNCONFIRMED,Kamand_velocity_UNCONFIRMED,2026-01-06 22:58:18,0.77,vel_K.csv,frozen_run_len_6_until_2026-01-06 22:58:43
Kamand,velocity_UNCONFIRMED,Kamand_velocity_UNCONFIRMED,2026-01-06 23:01:29,0.735,vel_K.csv,frozen_run_len_5_until_2026-01-06 23:01:49
Kamand,velocity_UNCONFIRMED,Kamand_velocity_UNCONFIRMED,2026-01-06 23:02:49,0.993,vel_K.csv,frozen_run_len_5_until_2026-01-06 23:03:08
Kamand,velocity_UNCONFIRMED,Kamand_velocity_UNCONFIRMED,2026-01-06 23:03:18,0.813,vel_K.csv,frozen_run_len_5_until_2026-01-06 23:03:39
Kamand,velocity_UNCONFIRMED,Kamand_velocity_UNCONFIRMED,2026-01-06 23:12:19,0.789,vel_K.csv,frozen_run_len_7_until_2026-01-06 23:12:49
Kamand,velocity_UNCONFIRMED,Kamand_velocity_UNCONFIRMED,2026-01-06 23:13:04,0.831,vel_K.csv,frozen_run_len_6_until_2026-01-06 23:13:29
Kamand,velocity_UNCONFIRMED,Kamand_velocity_UNCONFIRMED,2026-01-06 23:13:44,0.735,vel_K.csv,frozen_run_len_5_until_2026-01-06 23:14:04
Kamand,velocity_UNCONFIRMED,Kamand_velocity_UNCONFIRMED,2026-01-06 23:18:39,0.784,vel_K.csv,frozen_run_len_5_until_2026-01-06 23:18:59
Kamand,velocity_UNCONFIRMED,Kamand_velocity_UNCONFIRMED,2026-01-06 23:29:34,0.733,vel_K.csv,frozen_run_len_5_until_2026-01-06 23:29:54
Kamand,velocity_UNCONFIRMED,Kamand_velocity_UNCONFIRMED,2026-01-06 23:31:54,0.822,vel_K.csv,frozen_run_len_6_until_2026-01-06 23:32:19
Kamand,velocity_UNCONFIRMED,Kamand_velocity_UNCONFIRMED,2026-01-06 23:33:43,0.812,vel_K.csv,frozen_run_len_6_until_2026-01-06 23:34:09
Kamand,velocity_UNCONFIRMED,Kamand_velocity_UNCONFIRMED,2026-01-06 23:35:14,0.713,vel_K.csv,frozen_run_len_5_until_2026-01-06 23:35:34
Kamand,velocity_UNCONFIRMED,Kamand_velocity_UNCONFIRMED,2026-01-06 23:38:39,0.816,vel_K.csv,frozen_run_len_5_until_2026-01-06 23:38:58
Kamand,velocity_UNCONFIRMED,Kamand_velocity_UNCONFIRMED,2026-01-06 23:41:49,0.835,vel_K.csv,frozen_run_len_5_until_2026-01-06 23:42:09
Kamand,velocity_UNCONFIRMED,Kamand_velocity_UNCONFIRMED,2026-01-06 23:50:49,0.75,vel_K.csv,frozen_run_len_5_until_2026-01-06 23:51:09
Kamand,velocity_UNCONFIRMED,Kamand_velocity_UNCONFIRMED,2026-01-07 00:15:44,0.794,vel_K.csv,frozen_run_len_9_until_2026-01-07 00:16:24
Kamand,velocity_UNCONFIRMED,Kamand_velocity_UNCONFIRMED,2026-01-07 00:16:40,0.759,vel_K.csv,frozen_run_len_5_until_2026-01-07 00:16:59
Kamand,velocity_UNCONFIRMED,Kamand_velocity_UNCONFIRMED,2026-01-07 00:27:54,0.738,vel_K.csv,frozen_run_len_5_until_2026-01-07 00:28:14
Kamand,velocity_UNCONFIRMED,Kamand_velocity_UNCONFIRMED,2026-01-07 00:35:59,0.774,vel_K.csv,frozen_run_len_5_until_2026-01-07 00:36:19
Kamand,velocity_UNCONFIRMED,Kamand_velocity_UNCONFIRMED,2026-01-07 00:50:49,0.786,vel_K.csv,frozen_run_len_6_until_2026-01-07 00:51:14
Kamand,velocity_UNCONFIRMED,Kamand_velocity_UNCONFIRMED,2026-01-07 00:51:44,0.773,vel_K.csv,frozen_run_len_6_until_2026-01-07 00:52:09
Kamand,velocity_UNCONFIRMED,Kamand_velocity_UNCONFIRMED,2026-01-07 01:07:44,0.68,vel_K.csv,frozen_run_len_7_until_2026-01-07 01:08:14
Kamand,velocity_UNCONFIRMED,Kamand_velocity_UNCONFIRMED,2026-01-07 01:10:24,0.732,vel_K.csv,frozen_run_len_7_until_2026-01-07 01:10:54
Kamand,velocity_UNCONFIRMED,Kamand_velocity_UNCONFIRMED,2026-01-07 01:19:04,0.773,vel_K.csv,frozen_run_len_6_until_2026-01-07 01:19:29
Kamand,velocity_UNCONFIRMED,Kamand_velocity_UNCONFIRMED,2026-01-07 01:19:34,0.758,vel_K.csv,frozen_run_len_5_until_2026-01-07 01:19:54
Kamand,velocity_UNCONFIRMED,Kamand_velocity_UNCONFIRMED,2026-01-07 01:20:44,0.798,vel_K.csv,frozen_run_len_5_until_2026-01-07 01:21:04
Kamand,velocity_UNCONFIRMED,Kamand_velocity_UNCONFIRMED,2026-01-07 01:22:24,0.749,vel_K.csv,frozen_run_len_5_until_2026-01-07 01:22:44
Kamand,velocity_UNCONFIRMED,Kamand_velocity_UNCONFIRMED,2026-01-07 01:28:24,0.785,vel_K.csv,frozen_run_len_5_until_2026-01-07 01:28:44
Kamand,velocity_UNCONFIRMED,Kamand_velocity_UNCONFIRMED,2026-01-07 01:29:04,0.773,vel_K.csv,frozen_run_len_5_until_2026-01-07 01:29:24
Kamand,velocity_UNCONFIRMED,Kamand_velocity_UNCONFIRMED,2026-01-07 01:34:29,0.814,vel_K.csv,frozen_run_len_5_until_2026-01-07 01:34:49
Kamand,velocity_UNCONFIRMED,Kamand_velocity_UNCONFIRMED,2026-01-07 01:36:24,0.737,vel_K.csv,frozen_run_len_5_until_2026-01-07 01:36:44
Kamand,velocity_UNCONFIRMED,Kamand_velocity_UNCONFIRMED,2026-01-07 01:39:34,0.823,vel_K.csv,frozen_run_len_5_until_2026-01-07 01:39:54
Kamand,velocity_UNCONFIRMED,Kamand_velocity_UNCONFIRMED,2026-01-07 01:41:39,0.741,vel_K.csv,frozen_run_len_11_until_2026-01-07 01:42:29
Kamand,velocity_UNCONFIRMED,Kamand_velocity_UNCONFIRMED,2026-01-07 01:44:19,0.788,vel_K.csv,frozen_run_len_6_until_2026-01-07 01:44:44
Kamand,velocity_UNCONFIRMED,Kamand_velocity_UNCONFIRMED,2026-01-07 01:46:39,0.848,vel_K.csv,frozen_run_len_5_until_2026-01-07 01:46:59
Kamand,velocity_UNCONFIRMED,Kamand_velocity_UNCONFIRMED,2026-01-07 01:53:24,0.759,vel_K.csv,frozen_run_len_5_until_2026-01-07 01:53:44
Kamand,velocity_UNCONFIRMED,Kamand_velocity_UNCONFIRMED,2026-01-07 01:53:49,0.73,vel_K.csv,frozen_run_len_5_until_2026-01-07 01:54:09
Kamand,velocity_UNCONFIRMED,Kamand_velocity_UNCONFIRMED,2026-01-07 01:58:19,0.762,vel_K.csv,frozen_run_len_5_until_2026-01-07 01:58:39
Kamand,velocity_UNCONFIRMED,Kamand_velocity_UNCONFIRMED,2026-01-07 02:00:19,0.768,vel_K.csv,frozen_run_len_5_until_2026-01-07 02:00:39
Kamand,velocity_UNCONFIRMED,Kamand_velocity_UNCONFIRMED,2026-01-07 02:01:54,0.815,vel_K.csv,frozen_run_len_5_until_2026-01-07 02:02:14
Kamand,velocity_UNCONFIRMED,Kamand_velocity_UNCONFIRMED,2026-01-07 02:06:19,0.845,vel_K.csv,frozen_run_len_5_until_2026-01-07 02:06:39
Kamand,velocity_UNCONFIRMED,Kamand_velocity_UNCONFIRMED,2026-01-07 02:25:09,0.761,vel_K.csv,frozen_run_len_6_until_2026-01-07 02:25:34
Kamand,velocity_UNCONFIRMED,Kamand_velocity_UNCONFIRMED,2026-01-07 02:27:09,0.74,vel_K.csv,frozen_run_len_6_until_2026-01-07 02:27:34
Kamand,velocity_UNCONFIRMED,Kamand_velocity_UNCONFIRMED,2026-01-07 02:34:44,0.767,vel_K.csv,frozen_run_len_7_until_2026-01-07 02:35:14
Kamand,velocity_UNCONFIRMED,Kamand_velocity_UNCONFIRMED,2026-01-07 03:02:29,0.724,vel_K.csv,frozen_run_len_5_until_2026-01-07 03:02:49
Kamand,velocity_UNCONFIRMED,Kamand_velocity_UNCONFIRMED,2026-01-07 03:08:24,0.755,vel_K.csv,frozen_run_len_5_until_2026-01-07 03:08:44
Kamand,velocity_UNCONFIRMED,Kamand_velocity_UNCONFIRMED,2026-01-07 03:22:54,0.73,vel_K.csv,frozen_run_len_5_until_2026-01-07 03:23:14
Kamand,velocity_UNCONFIRMED,Kamand_velocity_UNCONFIRMED,2026-01-07 03:25:39,0.78,vel_K.csv,frozen_run_len_8_until_2026-01-07 03:26:14
Kamand,velocity_UNCONFIRMED,Kamand_velocity_UNCONFIRMED,2026-01-07 03:31:19,0.717,vel_K.csv,frozen_run_len_7_until_2026-01-07 03:31:49
Kamand,velocity_UNCONFIRMED,Kamand_velocity_UNCONFIRMED,2026-01-07 03:35:04,0.766,vel_K.csv,frozen_run_len_5_until_2026-01-07 03:35:24
Kamand,velocity_UNCONFIRMED,Kamand_velocity_UNCONFIRMED,2026-01-07 03:45:44,0.725,vel_K.csv,frozen_run_len_6_until_2026-01-07 03:46:09
Kamand,velocity_UNCONFIRMED,Kamand_velocity_UNCONFIRMED,2026-01-07 03:51:14,0.816,vel_K.csv,frozen_run_len_5_until_2026-01-07 03:51:34
Kamand,velocity_UNCONFIRMED,Kamand_velocity_UNCONFIRMED,2026-01-07 03:54:44,0.829,vel_K.csv,frozen_run_len_6_until_2026-01-07 03:55:09
Kamand,velocity_UNCONFIRMED,Kamand_velocity_UNCONFIRMED,2026-01-07 03:56:29,0.756,vel_K.csv,frozen_run_len_7_until_2026-01-07 03:56:59
Kamand,velocity_UNCONFIRMED,Kamand_velocity_UNCONFIRMED,2026-01-07 04:06:59,0.752,vel_K.csv,frozen_run_len_5_until_2026-01-07 04:07:19
Kamand,velocity_UNCONFIRMED,Kamand_velocity_UNCONFIRMED,2026-01-07 04:07:59,0.796,vel_K.csv,frozen_run_len_5_until_2026-01-07 04:08:19
Kamand,velocity_UNCONFIRMED,Kamand_velocity_UNCONFIRMED,2026-01-07 04:11:49,0.815,vel_K.csv,frozen_run_len_5_until_2026-01-07 04:12:09
Kamand,velocity_UNCONFIRMED,Kamand_velocity_UNCONFIRMED,2026-01-07 04:30:44,0.736,vel_K.csv,frozen_run_len_5_until_2026-01-07 04:31:04
Kamand,velocity_UNCONFIRMED,Kamand_velocity_UNCONFIRMED,2026-01-07 04:31:44,0.772,vel_K.csv,frozen_run_len_6_until_2026-01-07 04:32:09
Kamand,velocity_UNCONFIRMED,Kamand_velocity_UNCONFIRMED,2026-01-07 04:38:29,0.709,vel_K.csv,frozen_run_len_5_until_2026-01-07 04:38:49
Kamand,velocity_UNCONFIRMED,Kamand_velocity_UNCONFIRMED,2026-01-07 04:45:34,0.83,vel_K.csv,frozen_run_len_6_until_2026-01-07 04:45:59
Kamand,velocity_UNCONFIRMED,Kamand_velocity_UNCONFIRMED,2026-01-07 04:57:24,0.74,vel_K.csv,frozen_run_len_5_until_2026-01-07 04:57:44
Kamand,velocity_UNCONFIRMED,Kamand_velocity_UNCONFIRMED,2026-01-07 05:11:34,0.823,vel_K.csv,frozen_run_len_5_until_2026-01-07 05:11:54
Kamand,velocity_UNCONFIRMED,Kamand_velocity_UNCONFIRMED,2026-01-07 05:14:29,1.096,vel_K.csv,frozen_run_len_5_until_2026-01-07 05:14:49
Kamand,velocity_UNCONFIRMED,Kamand_velocity_UNCONFIRMED,2026-01-07 05:23:14,0.769,vel_K.csv,frozen_run_len_5_until_2026-01-07 05:23:34
Kamand,velocity_UNCONFIRMED,Kamand_velocity_UNCONFIRMED,2026-01-07 05:49:34,0.792,vel_K.csv,frozen_run_len_5_until_2026-01-07 05:49:54
Kamand,velocity_UNCONFIRMED,Kamand_velocity_UNCONFIRMED,2026-01-07 05:54:39,0.787,vel_K.csv,frozen_run_len_5_until_2026-01-07 05:54:59
Kamand,velocity_UNCONFIRMED,Kamand_velocity_UNCONFIRMED,2026-01-07 05:55:49,0.697,vel_K.csv,frozen_run_len_5_until_2026-01-07 05:56:09
Kamand,velocity_UNCONFIRMED,Kamand_velocity_UNCONFIRMED,2026-01-07 05:57:44,0.684,vel_K.csv,frozen_run_len_5_until_2026-01-07 05:58:04
Kamand,velocity_UNCONFIRMED,Kamand_velocity_UNCONFIRMED,2026-01-07 06:04:29,0.832,vel_K.csv,frozen_run_len_5_until_2026-01-07 06:04:49
Kamand,velocity_UNCONFIRMED,Kamand_velocity_UNCONFIRMED,2026-01-07 06:07:09,0.789,vel_K.csv,frozen_run_len_5_until_2026-01-07 06:07:29
Kamand,velocity_UNCONFIRMED,Kamand_velocity_UNCONFIRMED,2026-01-07 06:09:39,0.82,vel_K.csv,frozen_run_len_6_until_2026-01-07 06:10:04
Kamand,velocity_UNCONFIRMED,Kamand_velocity_UNCONFIRMED,2026-01-07 06:19:54,0.742,vel_K.csv,frozen_run_len_6_until_2026-01-07 06:20:19
Kamand,velocity_UNCONFIRMED,Kamand_velocity_UNCONFIRMED,2026-01-07 06:21:19,0.829,vel_K.csv,frozen_run_len_9_until_2026-01-07 06:21:59
Kamand,velocity_UNCONFIRMED,Kamand_velocity_UNCONFIRMED,2026-01-07 06:22:39,0.743,vel_K.csv,frozen_run_len_5_until_2026-01-07 06:22:59
Kamand,velocity_UNCONFIRMED,Kamand_velocity_UNCONFIRMED,2026-01-07 06:29:29,0.806,vel_K.csv,frozen_run_len_5_until_2026-01-07 06:29:49
Kamand,velocity_UNCONFIRMED,Kamand_velocity_UNCONFIRMED,2026-01-07 06:40:29,0.808,vel_K.csv,frozen_run_len_5_until_2026-01-07 06:40:49
Kamand,velocity_UNCONFIRMED,Kamand_velocity_UNCONFIRMED,2026-01-07 06:47:59,0.72,vel_K.csv,frozen_run_len_6_until_2026-01-07 06:48:24
Kamand,velocity_UNCONFIRMED,Kamand_velocity_UNCONFIRMED,2026-01-07 06:54:14,0.746,vel_K.csv,frozen_run_len_5_until_2026-01-07 06:54:34
Kamand,velocity_UNCONFIRMED,Kamand_velocity_UNCONFIRMED,2026-01-07 07:05:09,0.694,vel_K.csv,frozen_run_len_5_until_2026-01-07 07:05:29
Kamand,velocity_UNCONFIRMED,Kamand_velocity_UNCONFIRMED,2026-01-07 07:09:59,0.848,vel_K.csv,frozen_run_len_5_until_2026-01-07 07:10:19
Kamand,velocity_UNCONFIRMED,Kamand_velocity_UNCONFIRMED,2026-01-07 07:13:04,0.834,vel_K.csv,frozen_run_len_6_until_2026-01-07 07:13:29
Kamand,velocity_UNCONFIRMED,Kamand_velocity_UNCONFIRMED,2026-01-07 07:19:19,0.793,vel_K.csv,frozen_run_len_5_until_2026-01-07 07:19:39
Kamand,velocity_UNCONFIRMED,Kamand_velocity_UNCONFIRMED,2026-01-07 07:28:59,0.75,vel_K.csv,frozen_run_len_6_until_2026-01-07 07:29:24
Kamand,velocity_UNCONFIRMED,Kamand_velocity_UNCONFIRMED,2026-01-07 07:30:14,0.773,vel_K.csv,frozen_run_len_6_until_2026-01-07 07:30:39
Kamand,velocity_UNCONFIRMED,Kamand_velocity_UNCONFIRMED,2026-01-07 07:38:39,0.714,vel_K.csv,frozen_run_len_7_until_2026-01-07 07:39:09
Kamand,velocity_UNCONFIRMED,Kamand_velocity_UNCONFIRMED,2026-01-07 07:47:34,0.753,vel_K.csv,frozen_run_len_6_until_2026-01-07 07:47:59
Kamand,velocity_UNCONFIRMED,Kamand_velocity_UNCONFIRMED,2026-01-07 07:49:19,0.722,vel_K.csv,frozen_run_len_5_until_2026-01-07 07:49:39
Kamand,velocity_UNCONFIRMED,Kamand_velocity_UNCONFIRMED,2026-01-07 07:49:44,0.725,vel_K.csv,frozen_run_len_6_until_2026-01-07 07:50:09
Kamand,velocity_UNCONFIRMED,Kamand_velocity_UNCONFIRMED,2026-01-07 07:57:19,0.719,vel_K.csv,frozen_run_len_5_until_2026-01-07 07:57:39
Kamand,velocity_UNCONFIRMED,Kamand_velocity_UNCONFIRMED,2026-01-07 08:04:19,0.745,vel_K.csv,frozen_run_len_5_until_2026-01-07 08:04:39
Kamand,velocity_UNCONFIRMED,Kamand_velocity_UNCONFIRMED,2026-01-07 08:15:49,0.724,vel_K.csv,frozen_run_len_5_until_2026-01-07 08:16:09
Kamand,velocity_UNCONFIRMED,Kamand_velocity_UNCONFIRMED,2026-01-07 08:25:34,0.74,vel_K.csv,frozen_run_len_5_until_2026-01-07 08:25:54
Kamand,velocity_UNCONFIRMED,Kamand_velocity_UNCONFIRMED,2026-01-07 08:28:39,0.797,vel_K.csv,frozen_run_len_5_until_2026-01-07 08:28:59
Kamand,velocity_UNCONFIRMED,Kamand_velocity_UNCONFIRMED,2026-01-07 08:29:14,0.795,vel_K.csv,frozen_run_len_5_until_2026-01-07 08:29:34
Kamand,velocity_UNCONFIRMED,Kamand_velocity_UNCONFIRMED,2026-01-07 08:32:14,0.749,vel_K.csv,frozen_run_len_7_until_2026-01-07 08:32:44
Kamand,velocity_UNCONFIRMED,Kamand_velocity_UNCONFIRMED,2026-01-07 08:37:04,0.703,vel_K.csv,frozen_run_len_7_until_2026-01-07 08:37:34
Kamand,velocity_UNCONFIRMED,Kamand_velocity_UNCONFIRMED,2026-01-07 08:46:14,0.751,vel_K.csv,frozen_run_len_7_until_2026-01-07 08:46:44
Kamand,velocity_UNCONFIRMED,Kamand_velocity_UNCONFIRMED,2026-01-07 08:48:54,0.699,vel_K.csv,frozen_run_len_7_until_2026-01-07 08:49:24
Kamand,velocity_UNCONFIRMED,Kamand_velocity_UNCONFIRMED,2026-01-07 08:56:04,0.741,vel_K.csv,frozen_run_len_5_until_2026-01-07 08:56:24
Kamand,velocity_UNCONFIRMED,Kamand_velocity_UNCONFIRMED,2026-01-07 08:59:24,0.712,vel_K.csv,frozen_run_len_6_until_2026-01-07 08:59:49
Kamand,velocity_UNCONFIRMED,Kamand_velocity_UNCONFIRMED,2026-01-07 09:16:19,0.738,vel_K.csv,frozen_run_len_5_until_2026-01-07 09:16:39
Kamand,velocity_UNCONFIRMED,Kamand_velocity_UNCONFIRMED,2026-01-07 09:31:54,0.73,vel_K.csv,frozen_run_len_7_until_2026-01-07 09:32:24
Kamand,velocity_UNCONFIRMED,Kamand_velocity_UNCONFIRMED,2026-01-07 09:33:14,0.73,vel_K.csv,frozen_run_len_5_until_2026-01-07 09:33:34
Kamand,velocity_UNCONFIRMED,Kamand_velocity_UNCONFIRMED,2026-01-07 09:38:04,0.89,vel_K.csv,frozen_run_len_5_until_2026-01-07 09:38:24
Kamand,velocity_UNCONFIRMED,Kamand_velocity_UNCONFIRMED,2026-01-07 10:08:29,0.805,vel_K.csv,frozen_run_len_5_until_2026-01-07 10:08:49
Kamand,velocity_UNCONFIRMED,Kamand_velocity_UNCONFIRMED,2026-01-07 10:09:09,0.738,vel_K.csv,frozen_run_len_7_until_2026-01-07 10:09:39
Kamand,velocity_UNCONFIRMED,Kamand_velocity_UNCONFIRMED,2026-01-07 10:17:04,0.853,vel_K.csv,frozen_run_len_5_until_2026-01-07 10:17:24
Kamand,velocity_UNCONFIRMED,Kamand_velocity_UNCONFIRMED,2026-01-07 10:20:14,0.765,vel_K.csv,frozen_run_len_6_until_2026-01-07 10:20:39
Kamand,velocity_UNCONFIRMED,Kamand_velocity_UNCONFIRMED,2026-01-07 10:25:29,0.799,vel_K.csv,frozen_run_len_5_until_2026-01-07 10:25:49
Kamand,velocity_UNCONFIRMED,Kamand_velocity_UNCONFIRMED,2026-01-07 10:27:24,0.758,vel_K.csv,frozen_run_len_7_until_2026-01-07 10:27:54
Kamand,velocity_UNCONFIRMED,Kamand_velocity_UNCONFIRMED,2026-01-07 10:28:09,0.72,vel_K.csv,frozen_run_len_5_until_2026-01-07 10:28:29
Kamand,velocity_UNCONFIRMED,Kamand_velocity_UNCONFIRMED,2026-01-07 10:30:24,0.783,vel_K.csv,frozen_run_len_5_until_2026-01-07 10:30:44
Kamand,velocity_UNCONFIRMED,Kamand_velocity_UNCONFIRMED,2026-01-07 10:31:04,0.923,vel_K.csv,frozen_run_len_9_until_2026-01-07 10:31:44
Kamand,velocity_UNCONFIRMED,Kamand_velocity_UNCONFIRMED,2026-01-07 10:37:19,2.381,vel_K.csv,frozen_run_len_6_until_2026-01-07 10:37:44
Kamand,velocity_UNCONFIRMED,Kamand_velocity_UNCONFIRMED,2026-01-07 10:40:34,2.012,vel_K.csv,frozen_run_len_5_until_2026-01-07 10:40:54
Kamand,velocity_UNCONFIRMED,Kamand_velocity_UNCONFIRMED,2026-01-07 10:42:59,3.198,vel_K.csv,frozen_run_len_5_until_2026-01-07 10:43:19
Kamand,velocity_UNCONFIRMED,Kamand_velocity_UNCONFIRMED,2026-01-07 10:49:24,3.149,vel_K.csv,frozen_run_len_5_until_2026-01-07 10:49:44
Kamand,velocity_UNCONFIRMED,Kamand_velocity_UNCONFIRMED,2026-01-07 10:52:14,5.406,vel_K.csv,frozen_run_len_5_until_2026-01-07 10:52:34
Kamand,velocity_UNCONFIRMED,Kamand_velocity_UNCONFIRMED,2026-01-07 10:54:54,3.974,vel_K.csv,frozen_run_len_5_until_2026-01-07 10:55:14
Kamand,velocity_UNCONFIRMED,Kamand_velocity_UNCONFIRMED,2026-01-07 10:55:44,4.306,vel_K.csv,frozen_run_len_5_until_2026-01-07 10:56:04
Kamand,velocity_UNCONFIRMED,Kamand_velocity_UNCONFIRMED,2026-01-07 10:59:19,4.528,vel_K.csv,frozen_run_len_6_until_2026-01-07 10:59:44
Kamand,velocity_UNCONFIRMED,Kamand_velocity_UNCONFIRMED,2026-01-07 11:03:04,0.752,vel_K.csv,frozen_run_len_5_until_2026-01-07 11:03:24
Kamand,velocity_UNCONFIRMED,Kamand_velocity_UNCONFIRMED,2026-01-07 11:04:14,0.782,vel_K.csv,frozen_run_len_5_until_2026-01-07 11:04:34
Kamand,velocity_UNCONFIRMED,Kamand_velocity_UNCONFIRMED,2026-01-07 11:10:24,1.083,vel_K.csv,frozen_run_len_5_until_2026-01-07 11:10:43
Kamand,velocity_UNCONFIRMED,Kamand_velocity_UNCONFIRMED,2026-01-07 11:18:44,2.315,vel_K.csv,frozen_run_len_6_until_2026-01-07 11:19:09
Kamand,velocity_UNCONFIRMED,Kamand_velocity_UNCONFIRMED,2026-01-07 11:29:09,5.431,vel_K.csv,frozen_run_len_5_until_2026-01-07 11:29:29
Kamand,velocity_UNCONFIRMED,Kamand_velocity_UNCONFIRMED,2026-01-07 11:33:38,5.77,vel_K.csv,frozen_run_len_9_until_2026-01-07 11:34:18
Kamand,velocity_UNCONFIRMED,Kamand_velocity_UNCONFIRMED,2026-01-07 11:37:24,5.108,vel_K.csv,frozen_run_len_7_until_2026-01-07 11:37:54
Kamand,velocity_UNCONFIRMED,Kamand_velocity_UNCONFIRMED,2026-01-07 11:46:19,6.465,vel_K.csv,frozen_run_len_5_until_2026-01-07 11:46:39
Kamand,velocity_UNCONFIRMED,Kamand_velocity_UNCONFIRMED,2026-01-07 11:59:09,5.707,vel_K.csv,frozen_run_len_6_until_2026-01-07 11:59:34
Kamand,velocity_UNCONFIRMED,Kamand_velocity_UNCONFIRMED,2026-01-07 12:01:39,5.851,vel_K.csv,frozen_run_len_6_until_2026-01-07 12:02:04
Kamand,velocity_UNCONFIRMED,Kamand_velocity_UNCONFIRMED,2026-01-07 12:03:59,4.46,vel_K.csv,frozen_run_len_6_until_2026-01-07 12:04:24
Kamand,velocity_UNCONFIRMED,Kamand_velocity_UNCONFIRMED,2026-01-07 12:06:34,5.954,vel_K.csv,frozen_run_len_6_until_2026-01-07 12:06:59
Kamand,velocity_UNCONFIRMED,Kamand_velocity_UNCONFIRMED,2026-01-07 12:07:39,5.636,vel_K.csv,frozen_run_len_8_until_2026-01-07 12:08:14
Kamand,velocity_UNCONFIRMED,Kamand_velocity_UNCONFIRMED,2026-01-07 12:08:29,5.456,vel_K.csv,frozen_run_len_6_until_2026-01-07 12:08:54
Kamand,velocity_UNCONFIRMED,Kamand_velocity_UNCONFIRMED,2026-01-07 12:13:24,5.502,vel_K.csv,frozen_run_len_5_until_2026-01-07 12:13:44
Kamand,velocity_UNCONFIRMED,Kamand_velocity_UNCONFIRMED,2026-01-07 12:15:49,6.156,vel_K.csv,frozen_run_len_6_until_2026-01-07 12:16:14
Kamand,velocity_UNCONFIRMED,Kamand_velocity_UNCONFIRMED,2026-01-07 12:30:19,5.892,vel_K.csv,frozen_run_len_5_until_2026-01-07 12:30:39
Kamand,velocity_UNCONFIRMED,Kamand_velocity_UNCONFIRMED,2026-01-07 12:48:54,5.301,vel_K.csv,frozen_run_len_5_until_2026-01-07 12:49:14
Kamand,velocity_UNCONFIRMED,Kamand_velocity_UNCONFIRMED,2026-01-07 13:08:59,6.73,vel_K.csv,frozen_run_len_7_until_2026-01-07 13:09:29
Kamand,velocity_UNCONFIRMED,Kamand_velocity_UNCONFIRMED,2026-01-05 15:02:57,5.046,vel_K.csv,statistical_outlier_iqr
Kamand,velocity_UNCONFIRMED,Kamand_velocity_UNCONFIRMED,2026-01-05 15:03:02,5.046,vel_K.csv,statistical_outlier_iqr
Kamand,velocity_UNCONFIRMED,Kamand_velocity_UNCONFIRMED,2026-01-05 15:03:07,5.046,vel_K.csv,statistical_outlier_iqr
Kamand,velocity_UNCONFIRMED,Kamand_velocity_UNCONFIRMED,2026-01-05 15:03:12,5.046,vel_K.csv,statistical_outlier_iqr
Kamand,velocity_UNCONFIRMED,Kamand_velocity_UNCONFIRMED,2026-01-05 15:03:17,5.046,vel_K.csv,statistical_outlier_iqr
Kamand,velocity_UNCONFIRMED,Kamand_velocity_UNCONFIRMED,2026-01-05 15:03:22,5.046,vel_K.csv,statistical_outlier_iqr
Kamand,velocity_UNCONFIRMED,Kamand_velocity_UNCONFIRMED,2026-01-05 15:03:27,5.645,vel_K.csv,statistical_outlier_iqr
Kamand,velocity_UNCONFIRMED,Kamand_velocity_UNCONFIRMED,2026-01-05 15:03:32,5.978,vel_K.csv,statistical_outlier_iqr
Kamand,velocity_UNCONFIRMED,Kamand_velocity_UNCONFIRMED,2026-01-05 15:03:37,6.273,vel_K.csv,statistical_outlier_iqr
Kamand,velocity_UNCONFIRMED,Kamand_velocity_UNCONFIRMED,2026-01-05 15:03:42,6.326,vel_K.csv,statistical_outlier_iqr
Kamand,velocity_UNCONFIRMED,Kamand_velocity_UNCONFIRMED,2026-01-05 15:03:47,6.401,vel_K.csv,statistical_outlier_iqr
Kamand,velocity_UNCONFIRMED,Kamand_velocity_UNCONFIRMED,2026-01-05 15:03:52,6.401,vel_K.csv,statistical_outlier_iqr
Kamand,velocity_UNCONFIRMED,Kamand_velocity_UNCONFIRMED,2026-01-05 15:03:57,6.559,vel_K.csv,statistical_outlier_iqr
Kamand,velocity_UNCONFIRMED,Kamand_velocity_UNCONFIRMED,2026-01-05 15:04:02,6.681,vel_K.csv,statistical_outlier_iqr
Kamand,velocity_UNCONFIRMED,Kamand_velocity_UNCONFIRMED,2026-01-05 15:04:07,6.681,vel_K.csv,statistical_outlier_iqr
Kamand,velocity_UNCONFIRMED,Kamand_velocity_UNCONFIRMED,2026-01-05 15:04:12,6.817,vel_K.csv,statistical_outlier_iqr
Kamand,velocity_UNCONFIRMED,Kamand_velocity_UNCONFIRMED,2026-01-05 15:04:17,7.013,vel_K.csv,statistical_outlier_iqr
Kamand,velocity_UNCONFIRMED,Kamand_velocity_UNCONFIRMED,2026-01-05 15:04:22,6.817,vel_K.csv,statistical_outlier_iqr
Kamand,velocity_UNCONFIRMED,Kamand_velocity_UNCONFIRMED,2026-01-05 15:04:27,6.81,vel_K.csv,statistical_outlier_iqr
Kamand,velocity_UNCONFIRMED,Kamand_velocity_UNCONFIRMED,2026-01-05 15:04:32,7.013,vel_K.csv,statistical_outlier_iqr
Kamand,velocity_UNCONFIRMED,Kamand_velocity_UNCONFIRMED,2026-01-05 15:04:37,7.013,vel_K.csv,statistical_outlier_iqr
Kamand,velocity_UNCONFIRMED,Kamand_velocity_UNCONFIRMED,2026-01-05 15:04:42,7.013,vel_K.csv,statistical_outlier_iqr
Kamand,velocity_UNCONFIRMED,Kamand_velocity_UNCONFIRMED,2026-01-05 15:04:47,7.013,vel_K.csv,statistical_outlier_iqr
Kamand,velocity_UNCONFIRMED,Kamand_velocity_UNCONFIRMED,2026-01-05 15:04:52,7.013,vel_K.csv,statistical_outlier_iqr
Kamand,velocity_UNCONFIRMED,Kamand_velocity_UNCONFIRMED,2026-01-05 15:04:57,6.943,vel_K.csv,statistical_outlier_iqr
Kamand,velocity_UNCONFIRMED,Kamand_velocity_UNCONFIRMED,2026-01-05 15:05:02,6.906,vel_K.csv,statistical_outlier_iqr
Kamand,velocity_UNCONFIRMED,Kamand_velocity_UNCONFIRMED,2026-01-05 15:05:07,6.63,vel_K.csv,statistical_outlier_iqr
Kamand,velocity_UNCONFIRMED,Kamand_velocity_UNCONFIRMED,2026-01-05 15:05:12,6.381,vel_K.csv,statistical_outlier_iqr
Kamand,velocity_UNCONFIRMED,Kamand_velocity_UNCONFIRMED,2026-01-05 15:05:17,6.381,vel_K.csv,statistical_outlier_iqr
Kamand,velocity_UNCONFIRMED,Kamand_velocity_UNCONFIRMED,2026-01-05 15:05:22,6.63,vel_K.csv,statistical_outlier_iqr
Kamand,velocity_UNCONFIRMED,Kamand_velocity_UNCONFIRMED,2026-01-05 15:05:27,6.63,vel_K.csv,statistical_outlier_iqr
Kamand,velocity_UNCONFIRMED,Kamand_velocity_UNCONFIRMED,2026-01-05 15:05:32,6.446,vel_K.csv,statistical_outlier_iqr
Kamand,velocity_UNCONFIRMED,Kamand_velocity_UNCONFIRMED,2026-01-05 15:05:37,6.446,vel_K.csv,statistical_outlier_iqr
Kamand,velocity_UNCONFIRMED,Kamand_velocity_UNCONFIRMED,2026-01-05 15:05:42,6.446,vel_K.csv,statistical_outlier_iqr
Kamand,velocity_UNCONFIRMED,Kamand_velocity_UNCONFIRMED,2026-01-05 15:05:47,6.605,vel_K.csv,statistical_outlier_iqr
Kamand,velocity_UNCONFIRMED,Kamand_velocity_UNCONFIRMED,2026-01-05 15:05:52,6.788,vel_K.csv,statistical_outlier_iqr
Kamand,velocity_UNCONFIRMED,Kamand_velocity_UNCONFIRMED,2026-01-05 15:05:57,6.965,vel_K.csv,statistical_outlier_iqr
Kamand,velocity_UNCONFIRMED,Kamand_velocity_UNCONFIRMED,2026-01-05 15:06:02,7.021,vel_K.csv,statistical_outlier_iqr
Kamand,velocity_UNCONFIRMED,Kamand_velocity_UNCONFIRMED,2026-01-05 15:06:07,7.021,vel_K.csv,statistical_outlier_iqr
Kamand,velocity_UNCONFIRMED,Kamand_velocity_UNCONFIRMED,2026-01-05 15:06:12,7.021,vel_K.csv,statistical_outlier_iqr
Kamand,velocity_UNCONFIRMED,Kamand_velocity_UNCONFIRMED,2026-01-05 15:06:17,7.021,vel_K.csv,statistical_outlier_iqr
Kamand,velocity_UNCONFIRMED,Kamand_velocity_UNCONFIRMED,2026-01-05 15:06:22,7.021,vel_K.csv,statistical_outlier_iqr
Kamand,velocity_UNCONFIRMED,Kamand_velocity_UNCONFIRMED,2026-01-05 15:06:27,7.021,vel_K.csv,statistical_outlier_iqr
Kamand,velocity_UNCONFIRMED,Kamand_velocity_UNCONFIRMED,2026-01-05 15:06:32,7.021,vel_K.csv,statistical_outlier_iqr
Kamand,velocity_UNCONFIRMED,Kamand_velocity_UNCONFIRMED,2026-01-05 15:06:37,7.021,vel_K.csv,statistical_outlier_iqr
Kamand,velocity_UNCONFIRMED,Kamand_velocity_UNCONFIRMED,2026-01-05 15:06:42,6.887,vel_K.csv,statistical_outlier_iqr
Kamand,velocity_UNCONFIRMED,Kamand_velocity_UNCONFIRMED,2026-01-05 15:06:47,6.78,vel_K.csv,statistical_outlier_iqr
Kamand,velocity_UNCONFIRMED,Kamand_velocity_UNCONFIRMED,2026-01-05 15:10:52,2.22,vel_K.csv,statistical_outlier_iqr
Kamand,velocity_UNCONFIRMED,Kamand_velocity_UNCONFIRMED,2026-01-05 15:10:57,2.428,vel_K.csv,statistical_outlier_iqr
Kamand,velocity_UNCONFIRMED,Kamand_velocity_UNCONFIRMED,2026-01-05 15:11:02,2.428,vel_K.csv,statistical_outlier_iqr
Kamand,velocity_UNCONFIRMED,Kamand_velocity_UNCONFIRMED,2026-01-05 15:11:07,2.428,vel_K.csv,statistical_outlier_iqr
Kamand,velocity_UNCONFIRMED,Kamand_velocity_UNCONFIRMED,2026-01-05 15:11:12,2.486,vel_K.csv,statistical_outlier_iqr
Kamand,velocity_UNCONFIRMED,Kamand_velocity_UNCONFIRMED,2026-01-05 15:11:17,2.428,vel_K.csv,statistical_outlier_iqr
Kamand,velocity_UNCONFIRMED,Kamand_velocity_UNCONFIRMED,2026-01-05 15:11:22,2.444,vel_K.csv,statistical_outlier_iqr
Kamand,velocity_UNCONFIRMED,Kamand_velocity_UNCONFIRMED,2026-01-05 15:11:27,2.497,vel_K.csv,statistical_outlier_iqr
Kamand,velocity_UNCONFIRMED,Kamand_velocity_UNCONFIRMED,2026-01-05 15:11:32,2.497,vel_K.csv,statistical_outlier_iqr
Kamand,velocity_UNCONFIRMED,Kamand_velocity_UNCONFIRMED,2026-01-05 15:11:37,2.497,vel_K.csv,statistical_outlier_iqr
Kamand,velocity_UNCONFIRMED,Kamand_velocity_UNCONFIRMED,2026-01-05 15:11:42,2.497,vel_K.csv,statistical_outlier_iqr
Kamand,velocity_UNCONFIRMED,Kamand_velocity_UNCONFIRMED,2026-01-05 15:11:47,2.444,vel_K.csv,statistical_outlier_iqr
Kamand,velocity_UNCONFIRMED,Kamand_velocity_UNCONFIRMED,2026-01-05 15:11:52,2.278,vel_K.csv,statistical_outlier_iqr
Kamand,velocity_UNCONFIRMED,Kamand_velocity_UNCONFIRMED,2026-01-05 15:11:57,2.102,vel_K.csv,statistical_outlier_iqr
Kamand,velocity_UNCONFIRMED,Kamand_velocity_UNCONFIRMED,2026-01-05 15:12:02,2.019,vel_K.csv,statistical_outlier_iqr
Kamand,velocity_UNCONFIRMED,Kamand_velocity_UNCONFIRMED,2026-01-05 15:12:07,1.946,vel_K.csv,statistical_outlier_iqr
Kamand,velocity_UNCONFIRMED,Kamand_velocity_UNCONFIRMED,2026-01-05 15:12:12,1.946,vel_K.csv,statistical_outlier_iqr
Kamand,velocity_UNCONFIRMED,Kamand_velocity_UNCONFIRMED,2026-01-05 15:12:17,1.946,vel_K.csv,statistical_outlier_iqr
Kamand,velocity_UNCONFIRMED,Kamand_velocity_UNCONFIRMED,2026-01-05 15:12:22,1.824,vel_K.csv,statistical_outlier_iqr
Kamand,velocity_UNCONFIRMED,Kamand_velocity_UNCONFIRMED,2026-01-05 15:12:27,1.699,vel_K.csv,statistical_outlier_iqr
Kamand,velocity_UNCONFIRMED,Kamand_velocity_UNCONFIRMED,2026-01-05 15:12:32,1.702,vel_K.csv,statistical_outlier_iqr
Kamand,velocity_UNCONFIRMED,Kamand_velocity_UNCONFIRMED,2026-01-05 15:12:37,1.702,vel_K.csv,statistical_outlier_iqr
Kamand,velocity_UNCONFIRMED,Kamand_velocity_UNCONFIRMED,2026-01-05 15:12:42,1.69,vel_K.csv,statistical_outlier_iqr
Kamand,velocity_UNCONFIRMED,Kamand_velocity_UNCONFIRMED,2026-01-05 15:12:47,1.69,vel_K.csv,statistical_outlier_iqr
Kamand,velocity_UNCONFIRMED,Kamand_velocity_UNCONFIRMED,2026-01-05 15:12:52,1.69,vel_K.csv,statistical_outlier_iqr
Kamand,velocity_UNCONFIRMED,Kamand_velocity_UNCONFIRMED,2026-01-05 15:12:57,1.69,vel_K.csv,statistical_outlier_iqr
Kamand,velocity_UNCONFIRMED,Kamand_velocity_UNCONFIRMED,2026-01-05 15:13:02,1.605,vel_K.csv,statistical_outlier_iqr
Kamand,velocity_UNCONFIRMED,Kamand_velocity_UNCONFIRMED,2026-01-05 15:13:07,1.605,vel_K.csv,statistical_outlier_iqr
Kamand,velocity_UNCONFIRMED,Kamand_velocity_UNCONFIRMED,2026-01-05 15:13:12,1.484,vel_K.csv,statistical_outlier_iqr
Kamand,velocity_UNCONFIRMED,Kamand_velocity_UNCONFIRMED,2026-01-05 15:13:17,1.484,vel_K.csv,statistical_outlier_iqr
Kamand,velocity_UNCONFIRMED,Kamand_velocity_UNCONFIRMED,2026-01-05 15:15:42,1.435,vel_K.csv,statistical_outlier_iqr
Kamand,velocity_UNCONFIRMED,Kamand_velocity_UNCONFIRMED,2026-01-05 15:15:47,1.456,vel_K.csv,statistical_outlier_iqr
Kamand,velocity_UNCONFIRMED,Kamand_velocity_UNCONFIRMED,2026-01-05 15:15:52,1.522,vel_K.csv,statistical_outlier_iqr
Kamand,velocity_UNCONFIRMED,Kamand_velocity_UNCONFIRMED,2026-01-05 15:15:57,1.601,vel_K.csv,statistical_outlier_iqr
Kamand,velocity_UNCONFIRMED,Kamand_velocity_UNCONFIRMED,2026-01-05 15:16:02,1.682,vel_K.csv,statistical_outlier_iqr
Kamand,velocity_UNCONFIRMED,Kamand_velocity_UNCONFIRMED,2026-01-05 15:16:07,1.94,vel_K.csv,statistical_outlier_iqr
Kamand,velocity_UNCONFIRMED,Kamand_velocity_UNCONFIRMED,2026-01-05 15:16:12,1.735,vel_K.csv,statistical_outlier_iqr
Kamand,velocity_UNCONFIRMED,Kamand_velocity_UNCONFIRMED,2026-01-05 15:16:17,1.94,vel_K.csv,statistical_outlier_iqr
Kamand,velocity_UNCONFIRMED,Kamand_velocity_UNCONFIRMED,2026-01-05 15:16:22,2.198,vel_K.csv,statistical_outlier_iqr
Kamand,velocity_UNCONFIRMED,Kamand_velocity_UNCONFIRMED,2026-01-05 15:16:27,2.198,vel_K.csv,statistical_outlier_iqr
Kamand,velocity_UNCONFIRMED,Kamand_velocity_UNCONFIRMED,2026-01-05 15:16:32,2.327,vel_K.csv,statistical_outlier_iqr
Kamand,velocity_UNCONFIRMED,Kamand_velocity_UNCONFIRMED,2026-01-05 15:16:37,2.405,vel_K.csv,statistical_outlier_iqr
Kamand,velocity_UNCONFIRMED,Kamand_velocity_UNCONFIRMED,2026-01-05 15:16:42,2.332,vel_K.csv,statistical_outlier_iqr
Kamand,velocity_UNCONFIRMED,Kamand_velocity_UNCONFIRMED,2026-01-05 15:16:47,2.422,vel_K.csv,statistical_outlier_iqr
Kamand,velocity_UNCONFIRMED,Kamand_velocity_UNCONFIRMED,2026-01-05 15:16:52,2.332,vel_K.csv,statistical_outlier_iqr
Kamand,velocity_UNCONFIRMED,Kamand_velocity_UNCONFIRMED,2026-01-05 15:16:57,2.198,vel_K.csv,statistical_outlier_iqr
Kamand,velocity_UNCONFIRMED,Kamand_velocity_UNCONFIRMED,2026-01-05 15:17:02,2.276,vel_K.csv,statistical_outlier_iqr
Kamand,velocity_UNCONFIRMED,Kamand_velocity_UNCONFIRMED,2026-01-05 15:17:07,2.302,vel_K.csv,statistical_outlier_iqr
Kamand,velocity_UNCONFIRMED,Kamand_velocity_UNCONFIRMED,2026-01-05 15:17:12,2.422,vel_K.csv,statistical_outlier_iqr
Kamand,velocity_UNCONFIRMED,Kamand_velocity_UNCONFIRMED,2026-01-05 15:17:17,2.422,vel_K.csv,statistical_outlier_iqr
Kamand,velocity_UNCONFIRMED,Kamand_velocity_UNCONFIRMED,2026-01-05 15:17:22,2.302,vel_K.csv,statistical_outlier_iqr
Kamand,velocity_UNCONFIRMED,Kamand_velocity_UNCONFIRMED,2026-01-05 15:17:27,2.422,vel_K.csv,statistical_outlier_iqr
Kamand,velocity_UNCONFIRMED,Kamand_velocity_UNCONFIRMED,2026-01-05 15:17:32,2.327,vel_K.csv,statistical_outlier_iqr
Kamand,velocity_UNCONFIRMED,Kamand_velocity_UNCONFIRMED,2026-01-05 15:17:37,2.206,vel_K.csv,statistical_outlier_iqr
Kamand,velocity_UNCONFIRMED,Kamand_velocity_UNCONFIRMED,2026-01-05 15:17:42,2.358,vel_K.csv,statistical_outlier_iqr
Kamand,velocity_UNCONFIRMED,Kamand_velocity_UNCONFIRMED,2026-01-05 15:17:47,2.206,vel_K.csv,statistical_outlier_iqr
Kamand,velocity_UNCONFIRMED,Kamand_velocity_UNCONFIRMED,2026-01-05 15:17:52,2.206,vel_K.csv,statistical_outlier_iqr
Kamand,velocity_UNCONFIRMED,Kamand_velocity_UNCONFIRMED,2026-01-05 15:17:57,2.358,vel_K.csv,statistical_outlier_iqr
Kamand,velocity_UNCONFIRMED,Kamand_velocity_UNCONFIRMED,2026-01-05 15:18:02,2.358,vel_K.csv,statistical_outlier_iqr
Kamand,velocity_UNCONFIRMED,Kamand_velocity_UNCONFIRMED,2026-01-05 15:18:07,2.454,vel_K.csv,statistical_outlier_iqr
Kamand,velocity_UNCONFIRMED,Kamand_velocity_UNCONFIRMED,2026-01-05 15:18:12,2.315,vel_K.csv,statistical_outlier_iqr
Kamand,velocity_UNCONFIRMED,Kamand_velocity_UNCONFIRMED,2026-01-05 15:18:17,2.156,vel_K.csv,statistical_outlier_iqr
Kamand,velocity_UNCONFIRMED,Kamand_velocity_UNCONFIRMED,2026-01-05 15:18:22,2.315,vel_K.csv,statistical_outlier_iqr
Kamand,velocity_UNCONFIRMED,Kamand_velocity_UNCONFIRMED,2026-01-05 15:18:27,2.315,vel_K.csv,statistical_outlier_iqr
Kamand,velocity_UNCONFIRMED,Kamand_velocity_UNCONFIRMED,2026-01-05 15:18:32,2.605,vel_K.csv,statistical_outlier_iqr
Kamand,velocity_UNCONFIRMED,Kamand_velocity_UNCONFIRMED,2026-01-05 15:18:37,2.605,vel_K.csv,statistical_outlier_iqr
Kamand,velocity_UNCONFIRMED,Kamand_velocity_UNCONFIRMED,2026-01-05 15:18:42,2.201,vel_K.csv,statistical_outlier_iqr
Kamand,velocity_UNCONFIRMED,Kamand_velocity_UNCONFIRMED,2026-01-05 15:18:47,2.475,vel_K.csv,statistical_outlier_iqr
Kamand,velocity_UNCONFIRMED,Kamand_velocity_UNCONFIRMED,2026-01-05 15:18:52,2.59,vel_K.csv,statistical_outlier_iqr
Kamand,velocity_UNCONFIRMED,Kamand_velocity_UNCONFIRMED,2026-01-05 15:18:57,2.475,vel_K.csv,statistical_outlier_iqr
Kamand,velocity_UNCONFIRMED,Kamand_velocity_UNCONFIRMED,2026-01-05 15:19:02,2.158,vel_K.csv,statistical_outlier_iqr
Kamand,velocity_UNCONFIRMED,Kamand_velocity_UNCONFIRMED,2026-01-05 15:19:07,1.916,vel_K.csv,statistical_outlier_iqr
Kamand,velocity_UNCONFIRMED,Kamand_velocity_UNCONFIRMED,2026-01-05 15:19:12,1.934,vel_K.csv,statistical_outlier_iqr
Kamand,velocity_UNCONFIRMED,Kamand_velocity_UNCONFIRMED,2026-01-05 15:19:17,1.934,vel_K.csv,statistical_outlier_iqr
Kamand,velocity_UNCONFIRMED,Kamand_velocity_UNCONFIRMED,2026-01-05 15:19:22,1.934,vel_K.csv,statistical_outlier_iqr
Kamand,velocity_UNCONFIRMED,Kamand_velocity_UNCONFIRMED,2026-01-05 15:19:27,1.934,vel_K.csv,statistical_outlier_iqr
Kamand,velocity_UNCONFIRMED,Kamand_velocity_UNCONFIRMED,2026-01-05 15:19:32,1.906,vel_K.csv,statistical_outlier_iqr
Kamand,velocity_UNCONFIRMED,Kamand_velocity_UNCONFIRMED,2026-01-05 15:19:37,1.934,vel_K.csv,statistical_outlier_iqr
Kamand,velocity_UNCONFIRMED,Kamand_velocity_UNCONFIRMED,2026-01-05 15:19:42,1.954,vel_K.csv,statistical_outlier_iqr
Kamand,velocity_UNCONFIRMED,Kamand_velocity_UNCONFIRMED,2026-01-05 15:19:47,1.954,vel_K.csv,statistical_outlier_iqr
Kamand,velocity_UNCONFIRMED,Kamand_velocity_UNCONFIRMED,2026-01-05 15:19:52,1.934,vel_K.csv,statistical_outlier_iqr
Kamand,velocity_UNCONFIRMED,Kamand_velocity_UNCONFIRMED,2026-01-05 15:19:57,1.954,vel_K.csv,statistical_outlier_iqr
Kamand,velocity_UNCONFIRMED,Kamand_velocity_UNCONFIRMED,2026-01-05 15:20:02,2.136,vel_K.csv,statistical_outlier_iqr
Kamand,velocity_UNCONFIRMED,Kamand_velocity_UNCONFIRMED,2026-01-05 15:20:07,2.382,vel_K.csv,statistical_outlier_iqr
Kamand,velocity_UNCONFIRMED,Kamand_velocity_UNCONFIRMED,2026-01-05 15:20:12,2.482,vel_K.csv,statistical_outlier_iqr
Kamand,velocity_UNCONFIRMED,Kamand_velocity_UNCONFIRMED,2026-01-05 15:20:17,2.482,vel_K.csv,statistical_outlier_iqr
Kamand,velocity_UNCONFIRMED,Kamand_velocity_UNCONFIRMED,2026-01-05 15:20:22,2.382,vel_K.csv,statistical_outlier_iqr
Kamand,velocity_UNCONFIRMED,Kamand_velocity_UNCONFIRMED,2026-01-05 15:20:27,2.233,vel_K.csv,statistical_outlier_iqr
Kamand,velocity_UNCONFIRMED,Kamand_velocity_UNCONFIRMED,2026-01-05 15:20:32,2.382,vel_K.csv,statistical_outlier_iqr
Kamand,velocity_UNCONFIRMED,Kamand_velocity_UNCONFIRMED,2026-01-05 15:20:37,2.382,vel_K.csv,statistical_outlier_iqr
Kamand,velocity_UNCONFIRMED,Kamand_velocity_UNCONFIRMED,2026-01-05 15:20:42,2.382,vel_K.csv,statistical_outlier_iqr
Kamand,velocity_UNCONFIRMED,Kamand_velocity_UNCONFIRMED,2026-01-05 15:20:47,2.233,vel_K.csv,statistical_outlier_iqr
Kamand,velocity_UNCONFIRMED,Kamand_velocity_UNCONFIRMED,2026-01-05 15:20:52,2.233,vel_K.csv,statistical_outlier_iqr
Kamand,velocity_UNCONFIRMED,Kamand_velocity_UNCONFIRMED,2026-01-05 15:20:57,1.964,vel_K.csv,statistical_outlier_iqr
Kamand,velocity_UNCONFIRMED,Kamand_velocity_UNCONFIRMED,2026-01-05 15:21:02,1.964,vel_K.csv,statistical_outlier_iqr
Kamand,velocity_UNCONFIRMED,Kamand_velocity_UNCONFIRMED,2026-01-05 15:21:07,1.964,vel_K.csv,statistical_outlier_iqr
Kamand,velocity_UNCONFIRMED,Kamand_velocity_UNCONFIRMED,2026-01-05 15:21:12,1.964,vel_K.csv,statistical_outlier_iqr
Kamand,velocity_UNCONFIRMED,Kamand_velocity_UNCONFIRMED,2026-01-05 15:21:17,1.75,vel_K.csv,statistical_outlier_iqr
Kamand,velocity_UNCONFIRMED,Kamand_velocity_UNCONFIRMED,2026-01-05 15:21:37,1.458,vel_K.csv,statistical_outlier_iqr
Kamand,velocity_UNCONFIRMED,Kamand_velocity_UNCONFIRMED,2026-01-05 15:21:52,1.458,vel_K.csv,statistical_outlier_iqr
Kamand,velocity_UNCONFIRMED,Kamand_velocity_UNCONFIRMED,2026-01-05 15:21:57,1.601,vel_K.csv,statistical_outlier_iqr
Kamand,velocity_UNCONFIRMED,Kamand_velocity_UNCONFIRMED,2026-01-05 15:22:02,1.601,vel_K.csv,statistical_outlier_iqr
Kamand,velocity_UNCONFIRMED,Kamand_velocity_UNCONFIRMED,2026-01-05 15:22:07,1.458,vel_K.csv,statistical_outlier_iqr
Kamand,velocity_UNCONFIRMED,Kamand_velocity_UNCONFIRMED,2026-01-05 15:22:12,1.458,vel_K.csv,statistical_outlier_iqr
Kamand,velocity_UNCONFIRMED,Kamand_velocity_UNCONFIRMED,2026-01-05 15:22:17,1.563,vel_K.csv,statistical_outlier_iqr
Kamand,velocity_UNCONFIRMED,Kamand_velocity_UNCONFIRMED,2026-01-05 15:22:22,1.563,vel_K.csv,statistical_outlier_iqr
Kamand,velocity_UNCONFIRMED,Kamand_velocity_UNCONFIRMED,2026-01-05 15:22:27,1.563,vel_K.csv,statistical_outlier_iqr
Kamand,velocity_UNCONFIRMED,Kamand_velocity_UNCONFIRMED,2026-01-05 15:22:32,1.411,vel_K.csv,statistical_outlier_iqr
Kamand,velocity_UNCONFIRMED,Kamand_velocity_UNCONFIRMED,2026-01-05 15:22:37,1.421,vel_K.csv,statistical_outlier_iqr
Kamand,velocity_UNCONFIRMED,Kamand_velocity_UNCONFIRMED,2026-01-05 15:22:42,1.858,vel_K.csv,statistical_outlier_iqr
Kamand,velocity_UNCONFIRMED,Kamand_velocity_UNCONFIRMED,2026-01-05 15:22:47,2.263,vel_K.csv,statistical_outlier_iqr
Kamand,velocity_UNCONFIRMED,Kamand_velocity_UNCONFIRMED,2026-01-05 15:22:52,1.993,vel_K.csv,statistical_outlier_iqr
Kamand,velocity_UNCONFIRMED,Kamand_velocity_UNCONFIRMED,2026-01-05 15:22:57,1.708,vel_K.csv,statistical_outlier_iqr
Kamand,velocity_UNCONFIRMED,Kamand_velocity_UNCONFIRMED,2026-01-05 15:23:02,1.541,vel_K.csv,statistical_outlier_iqr
Kamand,velocity_UNCONFIRMED,Kamand_velocity_UNCONFIRMED,2026-01-05 15:23:07,1.708,vel_K.csv,statistical_outlier_iqr
Kamand,velocity_UNCONFIRMED,Kamand_velocity_UNCONFIRMED,2026-01-05 15:23:12,1.798,vel_K.csv,statistical_outlier_iqr
Kamand,velocity_UNCONFIRMED,Kamand_velocity_UNCONFIRMED,2026-01-05 15:23:17,1.798,vel_K.csv,statistical_outlier_iqr
Kamand,velocity_UNCONFIRMED,Kamand_velocity_UNCONFIRMED,2026-01-05 15:23:22,1.916,vel_K.csv,statistical_outlier_iqr
Kamand,velocity_UNCONFIRMED,Kamand_velocity_UNCONFIRMED,2026-01-05 15:23:27,2.006,vel_K.csv,statistical_outlier_iqr
Kamand,velocity_UNCONFIRMED,Kamand_velocity_UNCONFIRMED,2026-01-05 15:23:32,2.082,vel_K.csv,statistical_outlier_iqr
Kamand,velocity_UNCONFIRMED,Kamand_velocity_UNCONFIRMED,2026-01-05 15:23:37,2.013,vel_K.csv,statistical_outlier_iqr
Kamand,velocity_UNCONFIRMED,Kamand_velocity_UNCONFIRMED,2026-01-05 15:23:42,1.996,vel_K.csv,statistical_outlier_iqr
Kamand,velocity_UNCONFIRMED,Kamand_velocity_UNCONFIRMED,2026-01-05 15:23:47,1.996,vel_K.csv,statistical_outlier_iqr
Kamand,velocity_UNCONFIRMED,Kamand_velocity_UNCONFIRMED,2026-01-05 15:23:52,1.996,vel_K.csv,statistical_outlier_iqr
Kamand,velocity_UNCONFIRMED,Kamand_velocity_UNCONFIRMED,2026-01-05 15:23:57,1.996,vel_K.csv,statistical_outlier_iqr
Kamand,velocity_UNCONFIRMED,Kamand_velocity_UNCONFIRMED,2026-01-05 15:24:02,1.996,vel_K.csv,statistical_outlier_iqr
Kamand,velocity_UNCONFIRMED,Kamand_velocity_UNCONFIRMED,2026-01-05 15:24:07,1.871,vel_K.csv,statistical_outlier_iqr
Kamand,velocity_UNCONFIRMED,Kamand_velocity_UNCONFIRMED,2026-01-05 15:24:12,1.808,vel_K.csv,statistical_outlier_iqr
Kamand,velocity_UNCONFIRMED,Kamand_velocity_UNCONFIRMED,2026-01-05 15:24:17,1.815,vel_K.csv,statistical_outlier_iqr
Kamand,velocity_UNCONFIRMED,Kamand_velocity_UNCONFIRMED,2026-01-05 15:25:02,1.407,vel_K.csv,statistical_outlier_iqr
Kamand,velocity_UNCONFIRMED,Kamand_velocity_UNCONFIRMED,2026-01-05 15:25:07,1.407,vel_K.csv,statistical_outlier_iqr
Kamand,velocity_UNCONFIRMED,Kamand_velocity_UNCONFIRMED,2026-01-05 15:26:57,1.426,vel_K.csv,statistical_outlier_iqr
Kamand,velocity_UNCONFIRMED,Kamand_velocity_UNCONFIRMED,2026-01-05 15:27:02,1.543,vel_K.csv,statistical_outlier_iqr
Kamand,velocity_UNCONFIRMED,Kamand_velocity_UNCONFIRMED,2026-01-05 15:27:07,1.543,vel_K.csv,statistical_outlier_iqr
Kamand,velocity_UNCONFIRMED,Kamand_velocity_UNCONFIRMED,2026-01-05 15:27:12,1.689,vel_K.csv,statistical_outlier_iqr
Kamand,velocity_UNCONFIRMED,Kamand_velocity_UNCONFIRMED,2026-01-05 15:27:17,1.884,vel_K.csv,statistical_outlier_iqr
Kamand,velocity_UNCONFIRMED,Kamand_velocity_UNCONFIRMED,2026-01-05 15:27:22,1.884,vel_K.csv,statistical_outlier_iqr
Kamand,velocity_UNCONFIRMED,Kamand_velocity_UNCONFIRMED,2026-01-05 15:27:27,1.884,vel_K.csv,statistical_outlier_iqr
Kamand,velocity_UNCONFIRMED,Kamand_velocity_UNCONFIRMED,2026-01-05 15:27:32,1.884,vel_K.csv,statistical_outlier_iqr
Kamand,velocity_UNCONFIRMED,Kamand_velocity_UNCONFIRMED,2026-01-05 15:27:37,1.884,vel_K.csv,statistical_outlier_iqr
Kamand,velocity_UNCONFIRMED,Kamand_velocity_UNCONFIRMED,2026-01-05 15:27:42,1.884,vel_K.csv,statistical_outlier_iqr
Kamand,velocity_UNCONFIRMED,Kamand_velocity_UNCONFIRMED,2026-01-05 15:27:47,1.813,vel_K.csv,statistical_outlier_iqr
Kamand,velocity_UNCONFIRMED,Kamand_velocity_UNCONFIRMED,2026-01-05 15:27:52,1.813,vel_K.csv,statistical_outlier_iqr
Kamand,velocity_UNCONFIRMED,Kamand_velocity_UNCONFIRMED,2026-01-05 15:27:57,1.813,vel_K.csv,statistical_outlier_iqr
Kamand,velocity_UNCONFIRMED,Kamand_velocity_UNCONFIRMED,2026-01-05 15:28:02,1.813,vel_K.csv,statistical_outlier_iqr
Kamand,velocity_UNCONFIRMED,Kamand_velocity_UNCONFIRMED,2026-01-05 15:28:07,1.857,vel_K.csv,statistical_outlier_iqr
Kamand,velocity_UNCONFIRMED,Kamand_velocity_UNCONFIRMED,2026-01-05 15:28:12,1.851,vel_K.csv,statistical_outlier_iqr
Kamand,velocity_UNCONFIRMED,Kamand_velocity_UNCONFIRMED,2026-01-05 15:28:17,1.738,vel_K.csv,statistical_outlier_iqr
Kamand,velocity_UNCONFIRMED,Kamand_velocity_UNCONFIRMED,2026-01-05 15:28:22,1.851,vel_K.csv,statistical_outlier_iqr
Kamand,velocity_UNCONFIRMED,Kamand_velocity_UNCONFIRMED,2026-01-05 15:28:27,2.041,vel_K.csv,statistical_outlier_iqr
Kamand,velocity_UNCONFIRMED,Kamand_velocity_UNCONFIRMED,2026-01-05 15:28:32,2.041,vel_K.csv,statistical_outlier_iqr
Kamand,velocity_UNCONFIRMED,Kamand_velocity_UNCONFIRMED,2026-01-05 15:28:37,2.041,vel_K.csv,statistical_outlier_iqr
Kamand,velocity_UNCONFIRMED,Kamand_velocity_UNCONFIRMED,2026-01-05 15:28:42,2.041,vel_K.csv,statistical_outlier_iqr
Kamand,velocity_UNCONFIRMED,Kamand_velocity_UNCONFIRMED,2026-01-05 15:28:47,2.041,vel_K.csv,statistical_outlier_iqr
Kamand,velocity_UNCONFIRMED,Kamand_velocity_UNCONFIRMED,2026-01-05 15:28:52,2.228,vel_K.csv,statistical_outlier_iqr
Kamand,velocity_UNCONFIRMED,Kamand_velocity_UNCONFIRMED,2026-01-05 15:28:57,1.927,vel_K.csv,statistical_outlier_iqr
Kamand,velocity_UNCONFIRMED,Kamand_velocity_UNCONFIRMED,2026-01-05 15:29:02,1.689,vel_K.csv,statistical_outlier_iqr
Kamand,velocity_UNCONFIRMED,Kamand_velocity_UNCONFIRMED,2026-01-05 15:29:07,1.689,vel_K.csv,statistical_outlier_iqr
Kamand,velocity_UNCONFIRMED,Kamand_velocity_UNCONFIRMED,2026-01-05 15:29:12,1.751,vel_K.csv,statistical_outlier_iqr
Kamand,velocity_UNCONFIRMED,Kamand_velocity_UNCONFIRMED,2026-01-05 15:29:17,1.916,vel_K.csv,statistical_outlier_iqr
Kamand,velocity_UNCONFIRMED,Kamand_velocity_UNCONFIRMED,2026-01-05 15:29:22,1.916,vel_K.csv,statistical_outlier_iqr
Kamand,velocity_UNCONFIRMED,Kamand_velocity_UNCONFIRMED,2026-01-05 15:29:27,1.751,vel_K.csv,statistical_outlier_iqr
Kamand,velocity_UNCONFIRMED,Kamand_velocity_UNCONFIRMED,2026-01-05 15:29:32,1.916,vel_K.csv,statistical_outlier_iqr
Kamand,velocity_UNCONFIRMED,Kamand_velocity_UNCONFIRMED,2026-01-05 15:29:37,1.916,vel_K.csv,statistical_outlier_iqr
Kamand,velocity_UNCONFIRMED,Kamand_velocity_UNCONFIRMED,2026-01-05 15:29:42,1.766,vel_K.csv,statistical_outlier_iqr
Kamand,velocity_UNCONFIRMED,Kamand_velocity_UNCONFIRMED,2026-01-05 15:29:47,1.766,vel_K.csv,statistical_outlier_iqr
Kamand,velocity_UNCONFIRMED,Kamand_velocity_UNCONFIRMED,2026-01-05 15:29:52,1.724,vel_K.csv,statistical_outlier_iqr
Kamand,velocity_UNCONFIRMED,Kamand_velocity_UNCONFIRMED,2026-01-05 15:29:57,1.766,vel_K.csv,statistical_outlier_iqr
Kamand,velocity_UNCONFIRMED,Kamand_velocity_UNCONFIRMED,2026-01-05 15:30:02,1.889,vel_K.csv,statistical_outlier_iqr
Kamand,velocity_UNCONFIRMED,Kamand_velocity_UNCONFIRMED,2026-01-05 15:30:07,1.943,vel_K.csv,statistical_outlier_iqr
Kamand,velocity_UNCONFIRMED,Kamand_velocity_UNCONFIRMED,2026-01-05 15:30:12,1.943,vel_K.csv,statistical_outlier_iqr
Kamand,velocity_UNCONFIRMED,Kamand_velocity_UNCONFIRMED,2026-01-05 15:30:17,1.822,vel_K.csv,statistical_outlier_iqr
Kamand,velocity_UNCONFIRMED,Kamand_velocity_UNCONFIRMED,2026-01-05 15:30:22,1.697,vel_K.csv,statistical_outlier_iqr
Kamand,velocity_UNCONFIRMED,Kamand_velocity_UNCONFIRMED,2026-01-05 15:30:27,1.697,vel_K.csv,statistical_outlier_iqr
Kamand,velocity_UNCONFIRMED,Kamand_velocity_UNCONFIRMED,2026-01-05 15:30:32,1.697,vel_K.csv,statistical_outlier_iqr
Kamand,velocity_UNCONFIRMED,Kamand_velocity_UNCONFIRMED,2026-01-05 15:30:37,1.697,vel_K.csv,statistical_outlier_iqr
Kamand,velocity_UNCONFIRMED,Kamand_velocity_UNCONFIRMED,2026-01-05 15:30:42,1.78,vel_K.csv,statistical_outlier_iqr
Kamand,velocity_UNCONFIRMED,Kamand_velocity_UNCONFIRMED,2026-01-05 15:30:47,1.811,vel_K.csv,statistical_outlier_iqr
Kamand,velocity_UNCONFIRMED,Kamand_velocity_UNCONFIRMED,2026-01-05 15:30:52,2.026,vel_K.csv,statistical_outlier_iqr
Kamand,velocity_UNCONFIRMED,Kamand_velocity_UNCONFIRMED,2026-01-05 15:30:57,1.813,vel_K.csv,statistical_outlier_iqr
Kamand,velocity_UNCONFIRMED,Kamand_velocity_UNCONFIRMED,2026-01-05 15:31:02,1.778,vel_K.csv,statistical_outlier_iqr
Kamand,velocity_UNCONFIRMED,Kamand_velocity_UNCONFIRMED,2026-01-05 15:31:07,1.733,vel_K.csv,statistical_outlier_iqr
Kamand,velocity_UNCONFIRMED,Kamand_velocity_UNCONFIRMED,2026-01-05 15:31:12,1.733,vel_K.csv,statistical_outlier_iqr
Kamand,velocity_UNCONFIRMED,Kamand_velocity_UNCONFIRMED,2026-01-05 15:31:17,1.733,vel_K.csv,statistical_outlier_iqr
Kamand,velocity_UNCONFIRMED,Kamand_velocity_UNCONFIRMED,2026-01-05 15:31:22,1.79,vel_K.csv,statistical_outlier_iqr
Kamand,velocity_UNCONFIRMED,Kamand_velocity_UNCONFIRMED,2026-01-05 15:31:27,1.838,vel_K.csv,statistical_outlier_iqr
Kamand,velocity_UNCONFIRMED,Kamand_velocity_UNCONFIRMED,2026-01-05 15:31:32,1.838,vel_K.csv,statistical_outlier_iqr
Kamand,velocity_UNCONFIRMED,Kamand_velocity_UNCONFIRMED,2026-01-05 15:31:37,2.039,vel_K.csv,statistical_outlier_iqr
Kamand,velocity_UNCONFIRMED,Kamand_velocity_UNCONFIRMED,2026-01-05 15:31:42,1.838,vel_K.csv,statistical_outlier_iqr
Kamand,velocity_UNCONFIRMED,Kamand_velocity_UNCONFIRMED,2026-01-05 15:31:47,1.929,vel_K.csv,statistical_outlier_iqr
Kamand,velocity_UNCONFIRMED,Kamand_velocity_UNCONFIRMED,2026-01-05 15:31:52,1.927,vel_K.csv,statistical_outlier_iqr
Kamand,velocity_UNCONFIRMED,Kamand_velocity_UNCONFIRMED,2026-01-05 15:31:57,2.015,vel_K.csv,statistical_outlier_iqr
Kamand,velocity_UNCONFIRMED,Kamand_velocity_UNCONFIRMED,2026-01-05 15:32:02,2.166,vel_K.csv,statistical_outlier_iqr
Kamand,velocity_UNCONFIRMED,Kamand_velocity_UNCONFIRMED,2026-01-05 15:32:07,2.317,vel_K.csv,statistical_outlier_iqr
Kamand,velocity_UNCONFIRMED,Kamand_velocity_UNCONFIRMED,2026-01-05 15:32:12,2.317,vel_K.csv,statistical_outlier_iqr
Kamand,velocity_UNCONFIRMED,Kamand_velocity_UNCONFIRMED,2026-01-05 15:32:17,2.168,vel_K.csv,statistical_outlier_iqr
Kamand,velocity_UNCONFIRMED,Kamand_velocity_UNCONFIRMED,2026-01-05 15:32:22,2.168,vel_K.csv,statistical_outlier_iqr
Kamand,velocity_UNCONFIRMED,Kamand_velocity_UNCONFIRMED,2026-01-05 15:32:27,2.015,vel_K.csv,statistical_outlier_iqr
Kamand,velocity_UNCONFIRMED,Kamand_velocity_UNCONFIRMED,2026-01-05 15:32:32,1.992,vel_K.csv,statistical_outlier_iqr
Kamand,velocity_UNCONFIRMED,Kamand_velocity_UNCONFIRMED,2026-01-05 15:32:37,1.931,vel_K.csv,statistical_outlier_iqr
Kamand,velocity_UNCONFIRMED,Kamand_velocity_UNCONFIRMED,2026-01-05 15:32:42,1.992,vel_K.csv,statistical_outlier_iqr
Kamand,velocity_UNCONFIRMED,Kamand_velocity_UNCONFIRMED,2026-01-05 15:32:47,1.931,vel_K.csv,statistical_outlier_iqr
Kamand,velocity_UNCONFIRMED,Kamand_velocity_UNCONFIRMED,2026-01-05 15:32:52,1.931,vel_K.csv,statistical_outlier_iqr
Kamand,velocity_UNCONFIRMED,Kamand_velocity_UNCONFIRMED,2026-01-05 15:32:57,1.931,vel_K.csv,statistical_outlier_iqr
Kamand,velocity_UNCONFIRMED,Kamand_velocity_UNCONFIRMED,2026-01-05 15:33:02,1.931,vel_K.csv,statistical_outlier_iqr
Kamand,velocity_UNCONFIRMED,Kamand_velocity_UNCONFIRMED,2026-01-05 15:33:07,1.931,vel_K.csv,statistical_outlier_iqr
Kamand,velocity_UNCONFIRMED,Kamand_velocity_UNCONFIRMED,2026-01-05 15:33:12,1.931,vel_K.csv,statistical_outlier_iqr
Kamand,velocity_UNCONFIRMED,Kamand_velocity_UNCONFIRMED,2026-01-05 15:33:17,1.921,vel_K.csv,statistical_outlier_iqr
Kamand,velocity_UNCONFIRMED,Kamand_velocity_UNCONFIRMED,2026-01-05 15:33:22,2.002,vel_K.csv,statistical_outlier_iqr
Kamand,velocity_UNCONFIRMED,Kamand_velocity_UNCONFIRMED,2026-01-05 15:33:27,1.953,vel_K.csv,statistical_outlier_iqr
Kamand,velocity_UNCONFIRMED,Kamand_velocity_UNCONFIRMED,2026-01-05 15:33:32,1.953,vel_K.csv,statistical_outlier_iqr
Kamand,velocity_UNCONFIRMED,Kamand_velocity_UNCONFIRMED,2026-01-05 15:33:37,1.953,vel_K.csv,statistical_outlier_iqr
Kamand,velocity_UNCONFIRMED,Kamand_velocity_UNCONFIRMED,2026-01-05 15:33:42,1.817,vel_K.csv,statistical_outlier_iqr
Kamand,velocity_UNCONFIRMED,Kamand_velocity_UNCONFIRMED,2026-01-05 15:33:47,1.778,vel_K.csv,statistical_outlier_iqr
Kamand,velocity_UNCONFIRMED,Kamand_velocity_UNCONFIRMED,2026-01-05 15:33:52,1.631,vel_K.csv,statistical_outlier_iqr
Kamand,velocity_UNCONFIRMED,Kamand_velocity_UNCONFIRMED,2026-01-05 15:33:57,1.511,vel_K.csv,statistical_outlier_iqr
Kamand,velocity_UNCONFIRMED,Kamand_velocity_UNCONFIRMED,2026-01-05 15:34:02,1.511,vel_K.csv,statistical_outlier_iqr
Kamand,velocity_UNCONFIRMED,Kamand_velocity_UNCONFIRMED,2026-01-05 15:34:07,1.511,vel_K.csv,statistical_outlier_iqr
Kamand,velocity_UNCONFIRMED,Kamand_velocity_UNCONFIRMED,2026-01-05 15:34:12,1.529,vel_K.csv,statistical_outlier_iqr
Kamand,velocity_UNCONFIRMED,Kamand_velocity_UNCONFIRMED,2026-01-05 15:34:17,1.529,vel_K.csv,statistical_outlier_iqr
Kamand,velocity_UNCONFIRMED,Kamand_velocity_UNCONFIRMED,2026-01-05 15:34:22,1.529,vel_K.csv,statistical_outlier_iqr
Kamand,velocity_UNCONFIRMED,Kamand_velocity_UNCONFIRMED,2026-01-05 15:34:27,1.648,vel_K.csv,statistical_outlier_iqr
Kamand,velocity_UNCONFIRMED,Kamand_velocity_UNCONFIRMED,2026-01-05 15:34:32,1.661,vel_K.csv,statistical_outlier_iqr
Kamand,velocity_UNCONFIRMED,Kamand_velocity_UNCONFIRMED,2026-01-05 15:34:37,1.728,vel_K.csv,statistical_outlier_iqr
Kamand,velocity_UNCONFIRMED,Kamand_velocity_UNCONFIRMED,2026-01-05 15:34:42,1.768,vel_K.csv,statistical_outlier_iqr
Kamand,velocity_UNCONFIRMED,Kamand_velocity_UNCONFIRMED,2026-01-05 15:34:47,1.768,vel_K.csv,statistical_outlier_iqr
Kamand,velocity_UNCONFIRMED,Kamand_velocity_UNCONFIRMED,2026-01-05 15:34:52,1.768,vel_K.csv,statistical_outlier_iqr
Kamand,velocity_UNCONFIRMED,Kamand_velocity_UNCONFIRMED,2026-01-05 15:34:57,1.768,vel_K.csv,statistical_outlier_iqr
Kamand,velocity_UNCONFIRMED,Kamand_velocity_UNCONFIRMED,2026-01-05 15:35:02,1.768,vel_K.csv,statistical_outlier_iqr
Kamand,velocity_UNCONFIRMED,Kamand_velocity_UNCONFIRMED,2026-01-05 15:35:07,1.81,vel_K.csv,statistical_outlier_iqr
Kamand,velocity_UNCONFIRMED,Kamand_velocity_UNCONFIRMED,2026-01-05 15:35:12,1.768,vel_K.csv,statistical_outlier_iqr
Kamand,velocity_UNCONFIRMED,Kamand_velocity_UNCONFIRMED,2026-01-05 15:35:17,1.768,vel_K.csv,statistical_outlier_iqr
Kamand,velocity_UNCONFIRMED,Kamand_velocity_UNCONFIRMED,2026-01-05 15:35:22,1.748,vel_K.csv,statistical_outlier_iqr
Kamand,velocity_UNCONFIRMED,Kamand_velocity_UNCONFIRMED,2026-01-05 15:35:27,1.748,vel_K.csv,statistical_outlier_iqr
Kamand,velocity_UNCONFIRMED,Kamand_velocity_UNCONFIRMED,2026-01-05 15:35:32,1.669,vel_K.csv,statistical_outlier_iqr
Kamand,velocity_UNCONFIRMED,Kamand_velocity_UNCONFIRMED,2026-01-05 15:35:37,1.669,vel_K.csv,statistical_outlier_iqr
Kamand,velocity_UNCONFIRMED,Kamand_velocity_UNCONFIRMED,2026-01-05 15:35:42,1.669,vel_K.csv,statistical_outlier_iqr
Kamand,velocity_UNCONFIRMED,Kamand_velocity_UNCONFIRMED,2026-01-05 15:35:47,1.778,vel_K.csv,statistical_outlier_iqr
Kamand,velocity_UNCONFIRMED,Kamand_velocity_UNCONFIRMED,2026-01-05 15:35:52,1.895,vel_K.csv,statistical_outlier_iqr
Kamand,velocity_UNCONFIRMED,Kamand_velocity_UNCONFIRMED,2026-01-05 15:35:57,1.937,vel_K.csv,statistical_outlier_iqr
Kamand,velocity_UNCONFIRMED,Kamand_velocity_UNCONFIRMED,2026-01-05 15:36:02,1.968,vel_K.csv,statistical_outlier_iqr
Kamand,velocity_UNCONFIRMED,Kamand_velocity_UNCONFIRMED,2026-01-05 15:36:07,1.964,vel_K.csv,statistical_outlier_iqr
Kamand,velocity_UNCONFIRMED,Kamand_velocity_UNCONFIRMED,2026-01-05 15:36:12,2.073,vel_K.csv,statistical_outlier_iqr
Kamand,velocity_UNCONFIRMED,Kamand_velocity_UNCONFIRMED,2026-01-05 15:36:17,2.073,vel_K.csv,statistical_outlier_iqr
Kamand,velocity_UNCONFIRMED,Kamand_velocity_UNCONFIRMED,2026-01-05 15:36:22,2.073,vel_K.csv,statistical_outlier_iqr
Kamand,velocity_UNCONFIRMED,Kamand_velocity_UNCONFIRMED,2026-01-05 15:36:27,2.073,vel_K.csv,statistical_outlier_iqr
Kamand,velocity_UNCONFIRMED,Kamand_velocity_UNCONFIRMED,2026-01-05 15:36:32,2.073,vel_K.csv,statistical_outlier_iqr
Kamand,velocity_UNCONFIRMED,Kamand_velocity_UNCONFIRMED,2026-01-05 15:36:37,1.964,vel_K.csv,statistical_outlier_iqr
Kamand,velocity_UNCONFIRMED,Kamand_velocity_UNCONFIRMED,2026-01-05 15:36:42,1.905,vel_K.csv,statistical_outlier_iqr
Kamand,velocity_UNCONFIRMED,Kamand_velocity_UNCONFIRMED,2026-01-05 15:36:47,1.723,vel_K.csv,statistical_outlier_iqr
Kamand,velocity_UNCONFIRMED,Kamand_velocity_UNCONFIRMED,2026-01-05 15:36:52,1.506,vel_K.csv,statistical_outlier_iqr
Kamand,velocity_UNCONFIRMED,Kamand_velocity_UNCONFIRMED,2026-01-05 15:36:57,1.506,vel_K.csv,statistical_outlier_iqr
Kamand,velocity_UNCONFIRMED,Kamand_velocity_UNCONFIRMED,2026-01-05 15:37:02,1.439,vel_K.csv,statistical_outlier_iqr
Kamand,velocity_UNCONFIRMED,Kamand_velocity_UNCONFIRMED,2026-01-05 15:37:07,1.506,vel_K.csv,statistical_outlier_iqr
Kamand,velocity_UNCONFIRMED,Kamand_velocity_UNCONFIRMED,2026-01-05 15:37:12,1.506,vel_K.csv,statistical_outlier_iqr
Kamand,velocity_UNCONFIRMED,Kamand_velocity_UNCONFIRMED,2026-01-05 15:37:17,1.506,vel_K.csv,statistical_outlier_iqr
Kamand,velocity_UNCONFIRMED,Kamand_velocity_UNCONFIRMED,2026-01-05 15:37:22,1.618,vel_K.csv,statistical_outlier_iqr
Kamand,velocity_UNCONFIRMED,Kamand_velocity_UNCONFIRMED,2026-01-05 15:37:27,1.618,vel_K.csv,statistical_outlier_iqr
Kamand,velocity_UNCONFIRMED,Kamand_velocity_UNCONFIRMED,2026-01-05 15:37:32,1.618,vel_K.csv,statistical_outlier_iqr
Kamand,velocity_UNCONFIRMED,Kamand_velocity_UNCONFIRMED,2026-01-05 15:37:37,1.782,vel_K.csv,statistical_outlier_iqr
Kamand,velocity_UNCONFIRMED,Kamand_velocity_UNCONFIRMED,2026-01-05 15:37:42,1.782,vel_K.csv,statistical_outlier_iqr
Kamand,velocity_UNCONFIRMED,Kamand_velocity_UNCONFIRMED,2026-01-05 15:37:47,1.782,vel_K.csv,statistical_outlier_iqr
Kamand,velocity_UNCONFIRMED,Kamand_velocity_UNCONFIRMED,2026-01-05 15:37:52,1.906,vel_K.csv,statistical_outlier_iqr
Kamand,velocity_UNCONFIRMED,Kamand_velocity_UNCONFIRMED,2026-01-05 15:37:57,1.782,vel_K.csv,statistical_outlier_iqr
Kamand,velocity_UNCONFIRMED,Kamand_velocity_UNCONFIRMED,2026-01-05 15:38:02,1.782,vel_K.csv,statistical_outlier_iqr
Kamand,velocity_UNCONFIRMED,Kamand_velocity_UNCONFIRMED,2026-01-05 15:38:07,1.782,vel_K.csv,statistical_outlier_iqr
Kamand,velocity_UNCONFIRMED,Kamand_velocity_UNCONFIRMED,2026-01-05 15:38:12,1.509,vel_K.csv,statistical_outlier_iqr
Kamand,velocity_UNCONFIRMED,Kamand_velocity_UNCONFIRMED,2026-01-06 14:00:19,1.664,vel_K.csv,statistical_outlier_iqr
Kamand,velocity_UNCONFIRMED,Kamand_velocity_UNCONFIRMED,2026-01-06 14:00:24,2.579,vel_K.csv,statistical_outlier_iqr
Kamand,velocity_UNCONFIRMED,Kamand_velocity_UNCONFIRMED,2026-01-06 14:00:29,2.65,vel_K.csv,statistical_outlier_iqr
Kamand,velocity_UNCONFIRMED,Kamand_velocity_UNCONFIRMED,2026-01-06 14:00:34,2.72,vel_K.csv,statistical_outlier_iqr
Kamand,velocity_UNCONFIRMED,Kamand_velocity_UNCONFIRMED,2026-01-06 14:00:39,2.65,vel_K.csv,statistical_outlier_iqr
Kamand,velocity_UNCONFIRMED,Kamand_velocity_UNCONFIRMED,2026-01-06 14:00:44,2.663,vel_K.csv,statistical_outlier_iqr
Kamand,velocity_UNCONFIRMED,Kamand_velocity_UNCONFIRMED,2026-01-06 14:00:49,2.692,vel_K.csv,statistical_outlier_iqr
Kamand,velocity_UNCONFIRMED,Kamand_velocity_UNCONFIRMED,2026-01-06 14:00:54,2.663,vel_K.csv,statistical_outlier_iqr
Kamand,velocity_UNCONFIRMED,Kamand_velocity_UNCONFIRMED,2026-01-06 14:00:59,2.621,vel_K.csv,statistical_outlier_iqr
Kamand,velocity_UNCONFIRMED,Kamand_velocity_UNCONFIRMED,2026-01-06 14:01:04,2.579,vel_K.csv,statistical_outlier_iqr
Kamand,velocity_UNCONFIRMED,Kamand_velocity_UNCONFIRMED,2026-01-06 14:01:09,2.621,vel_K.csv,statistical_outlier_iqr
Kamand,velocity_UNCONFIRMED,Kamand_velocity_UNCONFIRMED,2026-01-06 14:01:14,2.692,vel_K.csv,statistical_outlier_iqr
Kamand,velocity_UNCONFIRMED,Kamand_velocity_UNCONFIRMED,2026-01-06 14:01:19,2.823,vel_K.csv,statistical_outlier_iqr
Kamand,velocity_UNCONFIRMED,Kamand_velocity_UNCONFIRMED,2026-01-06 14:01:24,3.036,vel_K.csv,statistical_outlier_iqr
Kamand,velocity_UNCONFIRMED,Kamand_velocity_UNCONFIRMED,2026-01-06 14:01:29,2.823,vel_K.csv,statistical_outlier_iqr
Kamand,velocity_UNCONFIRMED,Kamand_velocity_UNCONFIRMED,2026-01-06 14:01:34,2.549,vel_K.csv,statistical_outlier_iqr
Kamand,velocity_UNCONFIRMED,Kamand_velocity_UNCONFIRMED,2026-01-06 14:01:39,2.823,vel_K.csv,statistical_outlier_iqr
Kamand,velocity_UNCONFIRMED,Kamand_velocity_UNCONFIRMED,2026-01-06 14:01:44,3.036,vel_K.csv,statistical_outlier_iqr
Kamand,velocity_UNCONFIRMED,Kamand_velocity_UNCONFIRMED,2026-01-06 14:01:49,2.743,vel_K.csv,statistical_outlier_iqr
Kamand,velocity_UNCONFIRMED,Kamand_velocity_UNCONFIRMED,2026-01-06 14:01:54,2.743,vel_K.csv,statistical_outlier_iqr
Kamand,velocity_UNCONFIRMED,Kamand_velocity_UNCONFIRMED,2026-01-06 14:01:59,2.743,vel_K.csv,statistical_outlier_iqr
Kamand,velocity_UNCONFIRMED,Kamand_velocity_UNCONFIRMED,2026-01-06 14:02:04,2.743,vel_K.csv,statistical_outlier_iqr
Kamand,velocity_UNCONFIRMED,Kamand_velocity_UNCONFIRMED,2026-01-06 14:02:09,2.468,vel_K.csv,statistical_outlier_iqr
Kamand,velocity_UNCONFIRMED,Kamand_velocity_UNCONFIRMED,2026-01-06 14:02:14,2.282,vel_K.csv,statistical_outlier_iqr
Kamand,velocity_UNCONFIRMED,Kamand_velocity_UNCONFIRMED,2026-01-06 14:02:19,2.282,vel_K.csv,statistical_outlier_iqr
Kamand,velocity_UNCONFIRMED,Kamand_velocity_UNCONFIRMED,2026-01-06 14:02:24,2.077,vel_K.csv,statistical_outlier_iqr
Kamand,velocity_UNCONFIRMED,Kamand_velocity_UNCONFIRMED,2026-01-06 14:02:29,2.282,vel_K.csv,statistical_outlier_iqr
Kamand,velocity_UNCONFIRMED,Kamand_velocity_UNCONFIRMED,2026-01-06 14:02:34,2.316,vel_K.csv,statistical_outlier_iqr
Kamand,velocity_UNCONFIRMED,Kamand_velocity_UNCONFIRMED,2026-01-06 14:02:39,2.316,vel_K.csv,statistical_outlier_iqr
Kamand,velocity_UNCONFIRMED,Kamand_velocity_UNCONFIRMED,2026-01-06 14:02:44,2.316,vel_K.csv,statistical_outlier_iqr
Kamand,velocity_UNCONFIRMED,Kamand_velocity_UNCONFIRMED,2026-01-06 14:02:49,2.497,vel_K.csv,statistical_outlier_iqr
Kamand,velocity_UNCONFIRMED,Kamand_velocity_UNCONFIRMED,2026-01-06 14:02:54,3.068,vel_K.csv,statistical_outlier_iqr
Kamand,velocity_UNCONFIRMED,Kamand_velocity_UNCONFIRMED,2026-01-06 14:02:59,3.068,vel_K.csv,statistical_outlier_iqr
Kamand,velocity_UNCONFIRMED,Kamand_velocity_UNCONFIRMED,2026-01-06 14:03:04,3.374,vel_K.csv,statistical_outlier_iqr
Kamand,velocity_UNCONFIRMED,Kamand_velocity_UNCONFIRMED,2026-01-06 14:03:09,3.374,vel_K.csv,statistical_outlier_iqr
Kamand,velocity_UNCONFIRMED,Kamand_velocity_UNCONFIRMED,2026-01-06 14:03:17,3.374,vel_K.csv,statistical_outlier_iqr
Kamand,velocity_UNCONFIRMED,Kamand_velocity_UNCONFIRMED,2026-01-06 14:03:19,3.159,vel_K.csv,statistical_outlier_iqr
Kamand,velocity_UNCONFIRMED,Kamand_velocity_UNCONFIRMED,2026-01-06 14:03:24,3.374,vel_K.csv,statistical_outlier_iqr
Kamand,velocity_UNCONFIRMED,Kamand_velocity_UNCONFIRMED,2026-01-06 14:03:29,3.159,vel_K.csv,statistical_outlier_iqr
Kamand,velocity_UNCONFIRMED,Kamand_velocity_UNCONFIRMED,2026-01-06 14:03:34,3.159,vel_K.csv,statistical_outlier_iqr
Kamand,velocity_UNCONFIRMED,Kamand_velocity_UNCONFIRMED,2026-01-06 14:03:39,2.526,vel_K.csv,statistical_outlier_iqr
Kamand,velocity_UNCONFIRMED,Kamand_velocity_UNCONFIRMED,2026-01-06 14:03:44,1.969,vel_K.csv,statistical_outlier_iqr
Kamand,velocity_UNCONFIRMED,Kamand_velocity_UNCONFIRMED,2026-01-06 14:03:49,1.898,vel_K.csv,statistical_outlier_iqr
Kamand,velocity_UNCONFIRMED,Kamand_velocity_UNCONFIRMED,2026-01-06 14:06:54,11.9,vel_K.csv,statistical_outlier_iqr
Kamand,velocity_UNCONFIRMED,Kamand_velocity_UNCONFIRMED,2026-01-06 14:06:59,9.078,vel_K.csv,statistical_outlier_iqr
Kamand,velocity_UNCONFIRMED,Kamand_velocity_UNCONFIRMED,2026-01-06 14:07:04,7.101,vel_K.csv,statistical_outlier_iqr
Kamand,velocity_UNCONFIRMED,Kamand_velocity_UNCONFIRMED,2026-01-06 14:07:09,8.73,vel_K.csv,statistical_outlier_iqr
Kamand,velocity_UNCONFIRMED,Kamand_velocity_UNCONFIRMED,2026-01-06 14:07:14,7.101,vel_K.csv,statistical_outlier_iqr
Kamand,velocity_UNCONFIRMED,Kamand_velocity_UNCONFIRMED,2026-01-06 14:07:19,6.678,vel_K.csv,statistical_outlier_iqr
Kamand,velocity_UNCONFIRMED,Kamand_velocity_UNCONFIRMED,2026-01-06 14:07:24,6.256,vel_K.csv,statistical_outlier_iqr
Kamand,velocity_UNCONFIRMED,Kamand_velocity_UNCONFIRMED,2026-01-06 14:07:29,3.635,vel_K.csv,statistical_outlier_iqr
Kamand,velocity_UNCONFIRMED,Kamand_velocity_UNCONFIRMED,2026-01-06 14:15:10,2.591,vel_K.csv,statistical_outlier_iqr
Kamand,velocity_UNCONFIRMED,Kamand_velocity_UNCONFIRMED,2026-01-06 14:15:15,3.817,vel_K.csv,statistical_outlier_iqr
Kamand,velocity_UNCONFIRMED,Kamand_velocity_UNCONFIRMED,2026-01-06 14:15:20,6.244,vel_K.csv,statistical_outlier_iqr
Kamand,velocity_UNCONFIRMED,Kamand_velocity_UNCONFIRMED,2026-01-06 14:15:25,7.655,vel_K.csv,statistical_outlier_iqr
Kamand,velocity_UNCONFIRMED,Kamand_velocity_UNCONFIRMED,2026-01-06 14:15:30,8.163,vel_K.csv,statistical_outlier_iqr
Kamand,velocity_UNCONFIRMED,Kamand_velocity_UNCONFIRMED,2026-01-06 14:15:35,8.892,vel_K.csv,statistical_outlier_iqr
Kamand,velocity_UNCONFIRMED,Kamand_velocity_UNCONFIRMED,2026-01-06 14:15:40,9.455,vel_K.csv,statistical_outlier_iqr
Kamand,velocity_UNCONFIRMED,Kamand_velocity_UNCONFIRMED,2026-01-06 14:15:48,9.796,vel_K.csv,statistical_outlier_iqr
Kamand,velocity_UNCONFIRMED,Kamand_velocity_UNCONFIRMED,2026-01-06 14:15:50,9.796,vel_K.csv,statistical_outlier_iqr
Kamand,velocity_UNCONFIRMED,Kamand_velocity_UNCONFIRMED,2026-01-06 14:15:55,9.796,vel_K.csv,statistical_outlier_iqr
Kamand,velocity_UNCONFIRMED,Kamand_velocity_UNCONFIRMED,2026-01-06 14:16:00,9.796,vel_K.csv,statistical_outlier_iqr
Kamand,velocity_UNCONFIRMED,Kamand_velocity_UNCONFIRMED,2026-01-06 14:16:05,9.771,vel_K.csv,statistical_outlier_iqr
Kamand,velocity_UNCONFIRMED,Kamand_velocity_UNCONFIRMED,2026-01-06 14:16:10,9.771,vel_K.csv,statistical_outlier_iqr
Kamand,velocity_UNCONFIRMED,Kamand_velocity_UNCONFIRMED,2026-01-06 14:16:15,9.347,vel_K.csv,statistical_outlier_iqr
Kamand,velocity_UNCONFIRMED,Kamand_velocity_UNCONFIRMED,2026-01-06 14:16:20,9.347,vel_K.csv,statistical_outlier_iqr
Kamand,velocity_UNCONFIRMED,Kamand_velocity_UNCONFIRMED,2026-01-06 14:16:25,9.662,vel_K.csv,statistical_outlier_iqr
Kamand,velocity_UNCONFIRMED,Kamand_velocity_UNCONFIRMED,2026-01-06 14:16:30,9.662,vel_K.csv,statistical_outlier_iqr
Kamand,velocity_UNCONFIRMED,Kamand_velocity_UNCONFIRMED,2026-01-06 14:16:35,9.264,vel_K.csv,statistical_outlier_iqr
Kamand,velocity_UNCONFIRMED,Kamand_velocity_UNCONFIRMED,2026-01-06 14:16:40,9.264,vel_K.csv,statistical_outlier_iqr
Kamand,velocity_UNCONFIRMED,Kamand_velocity_UNCONFIRMED,2026-01-06 14:16:45,9.264,vel_K.csv,statistical_outlier_iqr
Kamand,velocity_UNCONFIRMED,Kamand_velocity_UNCONFIRMED,2026-01-06 14:16:50,9.393,vel_K.csv,statistical_outlier_iqr
Kamand,velocity_UNCONFIRMED,Kamand_velocity_UNCONFIRMED,2026-01-06 14:16:55,9.662,vel_K.csv,statistical_outlier_iqr
Kamand,velocity_UNCONFIRMED,Kamand_velocity_UNCONFIRMED,2026-01-06 14:17:00,9.393,vel_K.csv,statistical_outlier_iqr
Kamand,velocity_UNCONFIRMED,Kamand_velocity_UNCONFIRMED,2026-01-06 14:17:05,9.077,vel_K.csv,statistical_outlier_iqr
Kamand,velocity_UNCONFIRMED,Kamand_velocity_UNCONFIRMED,2026-01-06 14:17:10,9.077,vel_K.csv,statistical_outlier_iqr
Kamand,velocity_UNCONFIRMED,Kamand_velocity_UNCONFIRMED,2026-01-06 14:17:15,8.633,vel_K.csv,statistical_outlier_iqr
Kamand,velocity_UNCONFIRMED,Kamand_velocity_UNCONFIRMED,2026-01-06 14:17:20,8.633,vel_K.csv,statistical_outlier_iqr
Kamand,velocity_UNCONFIRMED,Kamand_velocity_UNCONFIRMED,2026-01-06 14:17:25,4.477,vel_K.csv,statistical_outlier_iqr
Kamand,velocity_UNCONFIRMED,Kamand_velocity_UNCONFIRMED,2026-01-06 15:33:18,8.022,vel_K.csv,statistical_outlier_iqr
Kamand,velocity_UNCONFIRMED,Kamand_velocity_UNCONFIRMED,2026-01-06 15:33:23,4.349,vel_K.csv,statistical_outlier_iqr
Kamand,velocity_UNCONFIRMED,Kamand_velocity_UNCONFIRMED,2026-01-06 15:33:28,5.008,vel_K.csv,statistical_outlier_iqr
Kamand,velocity_UNCONFIRMED,Kamand_velocity_UNCONFIRMED,2026-01-06 15:33:33,4.572,vel_K.csv,statistical_outlier_iqr
Kamand,velocity_UNCONFIRMED,Kamand_velocity_UNCONFIRMED,2026-01-06 15:33:43,3.832,vel_K.csv,statistical_outlier_iqr
Kamand,velocity_UNCONFIRMED,Kamand_velocity_UNCONFIRMED,2026-01-06 15:33:48,4.136,vel_K.csv,statistical_outlier_iqr
Kamand,velocity_UNCONFIRMED,Kamand_velocity_UNCONFIRMED,2026-01-06 15:33:53,4.572,vel_K.csv,statistical_outlier_iqr
Kamand,velocity_UNCONFIRMED,Kamand_velocity_UNCONFIRMED,2026-01-06 15:34:18,6.044,vel_K.csv,statistical_outlier_iqr
Kamand,velocity_UNCONFIRMED,Kamand_velocity_UNCONFIRMED,2026-01-06 15:34:23,7.484,vel_K.csv,statistical_outlier_iqr
Kamand,velocity_UNCONFIRMED,Kamand_velocity_UNCONFIRMED,2026-01-06 15:34:28,8.661,vel_K.csv,statistical_outlier_iqr
Kamand,velocity_UNCONFIRMED,Kamand_velocity_UNCONFIRMED,2026-01-06 15:34:33,10.613,vel_K.csv,statistical_outlier_iqr
Kamand,velocity_UNCONFIRMED,Kamand_velocity_UNCONFIRMED,2026-01-06 15:34:38,11.65,vel_K.csv,statistical_outlier_iqr
Kamand,velocity_UNCONFIRMED,Kamand_velocity_UNCONFIRMED,2026-01-06 15:34:43,11.65,vel_K.csv,statistical_outlier_iqr
Kamand,velocity_UNCONFIRMED,Kamand_velocity_UNCONFIRMED,2026-01-06 15:34:48,11.114,vel_K.csv,statistical_outlier_iqr
Kamand,velocity_UNCONFIRMED,Kamand_velocity_UNCONFIRMED,2026-01-06 15:34:53,11.114,vel_K.csv,statistical_outlier_iqr
Kamand,velocity_UNCONFIRMED,Kamand_velocity_UNCONFIRMED,2026-01-06 15:34:58,11.723,vel_K.csv,statistical_outlier_iqr
Kamand,velocity_UNCONFIRMED,Kamand_velocity_UNCONFIRMED,2026-01-06 15:35:03,11.114,vel_K.csv,statistical_outlier_iqr
Kamand,velocity_UNCONFIRMED,Kamand_velocity_UNCONFIRMED,2026-01-06 15:42:09,4.207,vel_K.csv,statistical_outlier_iqr
Kamand,velocity_UNCONFIRMED,Kamand_velocity_UNCONFIRMED,2026-01-06 15:42:14,3.684,vel_K.csv,statistical_outlier_iqr
Kamand,velocity_UNCONFIRMED,Kamand_velocity_UNCONFIRMED,2026-01-06 15:44:19,4.71,vel_K.csv,statistical_outlier_iqr
Kamand,velocity_UNCONFIRMED,Kamand_velocity_UNCONFIRMED,2026-01-06 15:44:23,4.71,vel_K.csv,statistical_outlier_iqr
Kamand,velocity_UNCONFIRMED,Kamand_velocity_UNCONFIRMED,2026-01-06 15:44:29,4.71,vel_K.csv,statistical_outlier_iqr
Kamand,velocity_UNCONFIRMED,Kamand_velocity_UNCONFIRMED,2026-01-06 15:44:33,4.735,vel_K.csv,statistical_outlier_iqr
Kamand,velocity_UNCONFIRMED,Kamand_velocity_UNCONFIRMED,2026-01-06 15:44:39,4.735,vel_K.csv,statistical_outlier_iqr
Kamand,velocity_UNCONFIRMED,Kamand_velocity_UNCONFIRMED,2026-01-06 15:44:44,4.735,vel_K.csv,statistical_outlier_iqr
Kamand,velocity_UNCONFIRMED,Kamand_velocity_UNCONFIRMED,2026-01-06 15:44:48,4.735,vel_K.csv,statistical_outlier_iqr
Kamand,velocity_UNCONFIRMED,Kamand_velocity_UNCONFIRMED,2026-01-06 15:44:54,4.735,vel_K.csv,statistical_outlier_iqr
Kamand,velocity_UNCONFIRMED,Kamand_velocity_UNCONFIRMED,2026-01-06 15:44:58,4.796,vel_K.csv,statistical_outlier_iqr
Kamand,velocity_UNCONFIRMED,Kamand_velocity_UNCONFIRMED,2026-01-06 15:45:03,4.796,vel_K.csv,statistical_outlier_iqr
Kamand,velocity_UNCONFIRMED,Kamand_velocity_UNCONFIRMED,2026-01-06 15:45:09,4.978,vel_K.csv,statistical_outlier_iqr
Kamand,velocity_UNCONFIRMED,Kamand_velocity_UNCONFIRMED,2026-01-06 15:45:13,4.831,vel_K.csv,statistical_outlier_iqr
Kamand,velocity_UNCONFIRMED,Kamand_velocity_UNCONFIRMED,2026-01-06 15:45:19,4.831,vel_K.csv,statistical_outlier_iqr
Kamand,velocity_UNCONFIRMED,Kamand_velocity_UNCONFIRMED,2026-01-06 15:45:24,4.831,vel_K.csv,statistical_outlier_iqr
Kamand,velocity_UNCONFIRMED,Kamand_velocity_UNCONFIRMED,2026-01-06 15:45:28,4.831,vel_K.csv,statistical_outlier_iqr
Kamand,velocity_UNCONFIRMED,Kamand_velocity_UNCONFIRMED,2026-01-06 15:45:34,4.938,vel_K.csv,statistical_outlier_iqr
Kamand,velocity_UNCONFIRMED,Kamand_velocity_UNCONFIRMED,2026-01-06 15:45:38,4.938,vel_K.csv,statistical_outlier_iqr
Kamand,velocity_UNCONFIRMED,Kamand_velocity_UNCONFIRMED,2026-01-06 15:45:44,4.938,vel_K.csv,statistical_outlier_iqr
Kamand,velocity_UNCONFIRMED,Kamand_velocity_UNCONFIRMED,2026-01-06 15:45:49,5.2,vel_K.csv,statistical_outlier_iqr
Kamand,velocity_UNCONFIRMED,Kamand_velocity_UNCONFIRMED,2026-01-06 15:45:53,5.2,vel_K.csv,statistical_outlier_iqr
Kamand,velocity_UNCONFIRMED,Kamand_velocity_UNCONFIRMED,2026-01-06 15:45:59,5.2,vel_K.csv,statistical_outlier_iqr
Kamand,velocity_UNCONFIRMED,Kamand_velocity_UNCONFIRMED,2026-01-06 15:46:04,4.938,vel_K.csv,statistical_outlier_iqr
Kamand,velocity_UNCONFIRMED,Kamand_velocity_UNCONFIRMED,2026-01-06 15:46:08,4.938,vel_K.csv,statistical_outlier_iqr
Kamand,velocity_UNCONFIRMED,Kamand_velocity_UNCONFIRMED,2026-01-06 15:46:14,5.066,vel_K.csv,statistical_outlier_iqr
Kamand,velocity_UNCONFIRMED,Kamand_velocity_UNCONFIRMED,2026-01-06 15:46:20,5.066,vel_K.csv,statistical_outlier_iqr
Kamand,velocity_UNCONFIRMED,Kamand_velocity_UNCONFIRMED,2026-01-06 15:46:24,5.066,vel_K.csv,statistical_outlier_iqr
Kamand,velocity_UNCONFIRMED,Kamand_velocity_UNCONFIRMED,2026-01-06 15:46:29,5.066,vel_K.csv,statistical_outlier_iqr
Kamand,velocity_UNCONFIRMED,Kamand_velocity_UNCONFIRMED,2026-01-06 15:46:33,4.945,vel_K.csv,statistical_outlier_iqr
Kamand,velocity_UNCONFIRMED,Kamand_velocity_UNCONFIRMED,2026-01-06 15:46:39,4.731,vel_K.csv,statistical_outlier_iqr
Kamand,velocity_UNCONFIRMED,Kamand_velocity_UNCONFIRMED,2026-01-06 15:46:43,4.835,vel_K.csv,statistical_outlier_iqr
Kamand,velocity_UNCONFIRMED,Kamand_velocity_UNCONFIRMED,2026-01-06 15:46:48,4.731,vel_K.csv,statistical_outlier_iqr
Kamand,velocity_UNCONFIRMED,Kamand_velocity_UNCONFIRMED,2026-01-06 15:46:54,4.835,vel_K.csv,statistical_outlier_iqr
Kamand,velocity_UNCONFIRMED,Kamand_velocity_UNCONFIRMED,2026-01-06 15:46:58,4.591,vel_K.csv,statistical_outlier_iqr
Kamand,velocity_UNCONFIRMED,Kamand_velocity_UNCONFIRMED,2026-01-06 15:47:04,4.662,vel_K.csv,statistical_outlier_iqr
Kamand,velocity_UNCONFIRMED,Kamand_velocity_UNCONFIRMED,2026-01-06 15:47:09,4.413,vel_K.csv,statistical_outlier_iqr
Kamand,velocity_UNCONFIRMED,Kamand_velocity_UNCONFIRMED,2026-01-06 15:47:13,4.288,vel_K.csv,statistical_outlier_iqr
Kamand,velocity_UNCONFIRMED,Kamand_velocity_UNCONFIRMED,2026-01-06 15:47:19,4.413,vel_K.csv,statistical_outlier_iqr
Kamand,velocity_UNCONFIRMED,Kamand_velocity_UNCONFIRMED,2026-01-06 15:47:23,4.662,vel_K.csv,statistical_outlier_iqr
Kamand,velocity_UNCONFIRMED,Kamand_velocity_UNCONFIRMED,2026-01-06 15:47:29,4.662,vel_K.csv,statistical_outlier_iqr
Kamand,velocity_UNCONFIRMED,Kamand_velocity_UNCONFIRMED,2026-01-06 15:47:34,4.684,vel_K.csv,statistical_outlier_iqr
Kamand,velocity_UNCONFIRMED,Kamand_velocity_UNCONFIRMED,2026-01-06 15:47:38,4.684,vel_K.csv,statistical_outlier_iqr
Kamand,velocity_UNCONFIRMED,Kamand_velocity_UNCONFIRMED,2026-01-06 15:47:44,4.413,vel_K.csv,statistical_outlier_iqr
Kamand,velocity_UNCONFIRMED,Kamand_velocity_UNCONFIRMED,2026-01-06 15:47:49,4.824,vel_K.csv,statistical_outlier_iqr
Kamand,velocity_UNCONFIRMED,Kamand_velocity_UNCONFIRMED,2026-01-06 15:47:53,4.824,vel_K.csv,statistical_outlier_iqr
Kamand,velocity_UNCONFIRMED,Kamand_velocity_UNCONFIRMED,2026-01-06 15:47:59,4.824,vel_K.csv,statistical_outlier_iqr
Kamand,velocity_UNCONFIRMED,Kamand_velocity_UNCONFIRMED,2026-01-06 15:48:03,4.797,vel_K.csv,statistical_outlier_iqr
Kamand,velocity_UNCONFIRMED,Kamand_velocity_UNCONFIRMED,2026-01-06 15:48:09,4.797,vel_K.csv,statistical_outlier_iqr
Kamand,velocity_UNCONFIRMED,Kamand_velocity_UNCONFIRMED,2026-01-06 15:48:14,4.797,vel_K.csv,statistical_outlier_iqr
Kamand,velocity_UNCONFIRMED,Kamand_velocity_UNCONFIRMED,2026-01-06 15:48:20,4.501,vel_K.csv,statistical_outlier_iqr
Kamand,velocity_UNCONFIRMED,Kamand_velocity_UNCONFIRMED,2026-01-06 15:48:24,4.336,vel_K.csv,statistical_outlier_iqr
Kamand,velocity_UNCONFIRMED,Kamand_velocity_UNCONFIRMED,2026-01-06 15:48:28,4.31,vel_K.csv,statistical_outlier_iqr
Kamand,velocity_UNCONFIRMED,Kamand_velocity_UNCONFIRMED,2026-01-06 15:48:34,4.31,vel_K.csv,statistical_outlier_iqr
Kamand,velocity_UNCONFIRMED,Kamand_velocity_UNCONFIRMED,2026-01-06 15:48:39,4.31,vel_K.csv,statistical_outlier_iqr
Kamand,velocity_UNCONFIRMED,Kamand_velocity_UNCONFIRMED,2026-01-06 15:48:43,4.43,vel_K.csv,statistical_outlier_iqr
Kamand,velocity_UNCONFIRMED,Kamand_velocity_UNCONFIRMED,2026-01-06 15:48:49,4.382,vel_K.csv,statistical_outlier_iqr
Kamand,velocity_UNCONFIRMED,Kamand_velocity_UNCONFIRMED,2026-01-06 15:48:54,4.289,vel_K.csv,statistical_outlier_iqr
Kamand,velocity_UNCONFIRMED,Kamand_velocity_UNCONFIRMED,2026-01-06 15:48:58,4.232,vel_K.csv,statistical_outlier_iqr
Kamand,velocity_UNCONFIRMED,Kamand_velocity_UNCONFIRMED,2026-01-06 15:49:04,4.232,vel_K.csv,statistical_outlier_iqr
Kamand,velocity_UNCONFIRMED,Kamand_velocity_UNCONFIRMED,2026-01-06 15:49:08,4.305,vel_K.csv,statistical_outlier_iqr
Kamand,velocity_UNCONFIRMED,Kamand_velocity_UNCONFIRMED,2026-01-06 15:49:14,4.305,vel_K.csv,statistical_outlier_iqr
Kamand,velocity_UNCONFIRMED,Kamand_velocity_UNCONFIRMED,2026-01-06 15:49:19,4.305,vel_K.csv,statistical_outlier_iqr
Kamand,velocity_UNCONFIRMED,Kamand_velocity_UNCONFIRMED,2026-01-06 15:49:23,4.382,vel_K.csv,statistical_outlier_iqr
Kamand,velocity_UNCONFIRMED,Kamand_velocity_UNCONFIRMED,2026-01-06 15:49:29,4.423,vel_K.csv,statistical_outlier_iqr
Kamand,velocity_UNCONFIRMED,Kamand_velocity_UNCONFIRMED,2026-01-06 15:49:33,4.423,vel_K.csv,statistical_outlier_iqr
Kamand,velocity_UNCONFIRMED,Kamand_velocity_UNCONFIRMED,2026-01-06 15:49:38,4.708,vel_K.csv,statistical_outlier_iqr
Kamand,velocity_UNCONFIRMED,Kamand_velocity_UNCONFIRMED,2026-01-06 15:49:44,4.708,vel_K.csv,statistical_outlier_iqr
Kamand,velocity_UNCONFIRMED,Kamand_velocity_UNCONFIRMED,2026-01-06 15:49:48,5.073,vel_K.csv,statistical_outlier_iqr
Kamand,velocity_UNCONFIRMED,Kamand_velocity_UNCONFIRMED,2026-01-06 15:49:54,5.198,vel_K.csv,statistical_outlier_iqr
Kamand,velocity_UNCONFIRMED,Kamand_velocity_UNCONFIRMED,2026-01-06 15:49:59,5.361,vel_K.csv,statistical_outlier_iqr
Kamand,velocity_UNCONFIRMED,Kamand_velocity_UNCONFIRMED,2026-01-06 15:50:03,5.648,vel_K.csv,statistical_outlier_iqr
Kamand,velocity_UNCONFIRMED,Kamand_velocity_UNCONFIRMED,2026-01-06 15:50:09,5.648,vel_K.csv,statistical_outlier_iqr
Kamand,velocity_UNCONFIRMED,Kamand_velocity_UNCONFIRMED,2026-01-06 15:50:13,5.648,vel_K.csv,statistical_outlier_iqr
Kamand,velocity_UNCONFIRMED,Kamand_velocity_UNCONFIRMED,2026-01-06 15:50:20,5.648,vel_K.csv,statistical_outlier_iqr
Kamand,velocity_UNCONFIRMED,Kamand_velocity_UNCONFIRMED,2026-01-06 15:50:24,5.648,vel_K.csv,statistical_outlier_iqr
Kamand,velocity_UNCONFIRMED,Kamand_velocity_UNCONFIRMED,2026-01-06 15:50:28,5.648,vel_K.csv,statistical_outlier_iqr
Kamand,velocity_UNCONFIRMED,Kamand_velocity_UNCONFIRMED,2026-01-06 15:50:34,5.346,vel_K.csv,statistical_outlier_iqr
Kamand,velocity_UNCONFIRMED,Kamand_velocity_UNCONFIRMED,2026-01-06 15:50:39,4.794,vel_K.csv,statistical_outlier_iqr
Kamand,velocity_UNCONFIRMED,Kamand_velocity_UNCONFIRMED,2026-01-06 15:50:43,4.351,vel_K.csv,statistical_outlier_iqr
Kamand,velocity_UNCONFIRMED,Kamand_velocity_UNCONFIRMED,2026-01-06 15:50:49,4.351,vel_K.csv,statistical_outlier_iqr
Kamand,velocity_UNCONFIRMED,Kamand_velocity_UNCONFIRMED,2026-01-06 15:50:53,4.351,vel_K.csv,statistical_outlier_iqr
Kamand,velocity_UNCONFIRMED,Kamand_velocity_UNCONFIRMED,2026-01-06 15:50:59,4.279,vel_K.csv,statistical_outlier_iqr
Kamand,velocity_UNCONFIRMED,Kamand_velocity_UNCONFIRMED,2026-01-06 15:51:04,4.279,vel_K.csv,statistical_outlier_iqr
Kamand,velocity_UNCONFIRMED,Kamand_velocity_UNCONFIRMED,2026-01-06 15:51:08,4.351,vel_K.csv,statistical_outlier_iqr
Kamand,velocity_UNCONFIRMED,Kamand_velocity_UNCONFIRMED,2026-01-06 15:51:14,4.771,vel_K.csv,statistical_outlier_iqr
Kamand,velocity_UNCONFIRMED,Kamand_velocity_UNCONFIRMED,2026-01-06 15:51:18,4.351,vel_K.csv,statistical_outlier_iqr
Kamand,velocity_UNCONFIRMED,Kamand_velocity_UNCONFIRMED,2026-01-06 15:51:24,4.717,vel_K.csv,statistical_outlier_iqr
Kamand,velocity_UNCONFIRMED,Kamand_velocity_UNCONFIRMED,2026-01-06 15:51:29,4.918,vel_K.csv,statistical_outlier_iqr
Kamand,velocity_UNCONFIRMED,Kamand_velocity_UNCONFIRMED,2026-01-06 15:51:33,4.918,vel_K.csv,statistical_outlier_iqr
Kamand,velocity_UNCONFIRMED,Kamand_velocity_UNCONFIRMED,2026-01-06 15:51:39,5.194,vel_K.csv,statistical_outlier_iqr
Kamand,velocity_UNCONFIRMED,Kamand_velocity_UNCONFIRMED,2026-01-06 15:51:44,5.194,vel_K.csv,statistical_outlier_iqr
Kamand,velocity_UNCONFIRMED,Kamand_velocity_UNCONFIRMED,2026-01-06 15:51:48,5.194,vel_K.csv,statistical_outlier_iqr
Kamand,velocity_UNCONFIRMED,Kamand_velocity_UNCONFIRMED,2026-01-06 15:51:54,5.225,vel_K.csv,statistical_outlier_iqr
Kamand,velocity_UNCONFIRMED,Kamand_velocity_UNCONFIRMED,2026-01-06 15:51:58,5.225,vel_K.csv,statistical_outlier_iqr
Kamand,velocity_UNCONFIRMED,Kamand_velocity_UNCONFIRMED,2026-01-06 15:52:04,5.053,vel_K.csv,statistical_outlier_iqr
Kamand,velocity_UNCONFIRMED,Kamand_velocity_UNCONFIRMED,2026-01-06 15:52:09,4.968,vel_K.csv,statistical_outlier_iqr
Kamand,velocity_UNCONFIRMED,Kamand_velocity_UNCONFIRMED,2026-01-06 15:52:13,4.968,vel_K.csv,statistical_outlier_iqr
Kamand,velocity_UNCONFIRMED,Kamand_velocity_UNCONFIRMED,2026-01-06 15:52:20,5.141,vel_K.csv,statistical_outlier_iqr
Kamand,velocity_UNCONFIRMED,Kamand_velocity_UNCONFIRMED,2026-01-06 15:52:24,4.968,vel_K.csv,statistical_outlier_iqr
Kamand,velocity_UNCONFIRMED,Kamand_velocity_UNCONFIRMED,2026-01-06 15:52:28,4.968,vel_K.csv,statistical_outlier_iqr
Kamand,velocity_UNCONFIRMED,Kamand_velocity_UNCONFIRMED,2026-01-06 15:52:34,5.141,vel_K.csv,statistical_outlier_iqr
Kamand,velocity_UNCONFIRMED,Kamand_velocity_UNCONFIRMED,2026-01-06 15:52:38,4.968,vel_K.csv,statistical_outlier_iqr
Kamand,velocity_UNCONFIRMED,Kamand_velocity_UNCONFIRMED,2026-01-06 15:52:44,5.141,vel_K.csv,statistical_outlier_iqr
Kamand,velocity_UNCONFIRMED,Kamand_velocity_UNCONFIRMED,2026-01-06 15:52:49,4.772,vel_K.csv,statistical_outlier_iqr
Kamand,velocity_UNCONFIRMED,Kamand_velocity_UNCONFIRMED,2026-01-06 15:52:53,4.772,vel_K.csv,statistical_outlier_iqr
Kamand,velocity_UNCONFIRMED,Kamand_velocity_UNCONFIRMED,2026-01-06 15:52:59,5.189,vel_K.csv,statistical_outlier_iqr
Kamand,velocity_UNCONFIRMED,Kamand_velocity_UNCONFIRMED,2026-01-06 15:53:03,5.67,vel_K.csv,statistical_outlier_iqr
Kamand,velocity_UNCONFIRMED,Kamand_velocity_UNCONFIRMED,2026-01-06 15:53:09,5.801,vel_K.csv,statistical_outlier_iqr
Kamand,velocity_UNCONFIRMED,Kamand_velocity_UNCONFIRMED,2026-01-06 15:53:14,5.801,vel_K.csv,statistical_outlier_iqr
Kamand,velocity_UNCONFIRMED,Kamand_velocity_UNCONFIRMED,2026-01-06 15:53:18,5.801,vel_K.csv,statistical_outlier_iqr
Kamand,velocity_UNCONFIRMED,Kamand_velocity_UNCONFIRMED,2026-01-06 15:53:24,5.801,vel_K.csv,statistical_outlier_iqr
Kamand,velocity_UNCONFIRMED,Kamand_velocity_UNCONFIRMED,2026-01-06 15:53:29,5.801,vel_K.csv,statistical_outlier_iqr
Kamand,velocity_UNCONFIRMED,Kamand_velocity_UNCONFIRMED,2026-01-06 15:53:33,5.584,vel_K.csv,statistical_outlier_iqr
Kamand,velocity_UNCONFIRMED,Kamand_velocity_UNCONFIRMED,2026-01-06 15:53:39,5.584,vel_K.csv,statistical_outlier_iqr
Kamand,velocity_UNCONFIRMED,Kamand_velocity_UNCONFIRMED,2026-01-06 15:53:43,5.554,vel_K.csv,statistical_outlier_iqr
Kamand,velocity_UNCONFIRMED,Kamand_velocity_UNCONFIRMED,2026-01-06 15:53:49,5.64,vel_K.csv,statistical_outlier_iqr
Kamand,velocity_UNCONFIRMED,Kamand_velocity_UNCONFIRMED,2026-01-06 15:53:54,5.762,vel_K.csv,statistical_outlier_iqr
Kamand,velocity_UNCONFIRMED,Kamand_velocity_UNCONFIRMED,2026-01-06 15:53:58,5.762,vel_K.csv,statistical_outlier_iqr
Kamand,velocity_UNCONFIRMED,Kamand_velocity_UNCONFIRMED,2026-01-06 15:54:04,5.762,vel_K.csv,statistical_outlier_iqr
Kamand,velocity_UNCONFIRMED,Kamand_velocity_UNCONFIRMED,2026-01-06 15:54:09,5.902,vel_K.csv,statistical_outlier_iqr
Kamand,velocity_UNCONFIRMED,Kamand_velocity_UNCONFIRMED,2026-01-06 15:54:14,5.732,vel_K.csv,statistical_outlier_iqr
Kamand,velocity_UNCONFIRMED,Kamand_velocity_UNCONFIRMED,2026-01-06 15:54:20,5.732,vel_K.csv,statistical_outlier_iqr
Kamand,velocity_UNCONFIRMED,Kamand_velocity_UNCONFIRMED,2026-01-06 15:54:23,5.732,vel_K.csv,statistical_outlier_iqr
Kamand,velocity_UNCONFIRMED,Kamand_velocity_UNCONFIRMED,2026-01-06 15:54:29,5.864,vel_K.csv,statistical_outlier_iqr
Kamand,velocity_UNCONFIRMED,Kamand_velocity_UNCONFIRMED,2026-01-06 15:54:34,5.864,vel_K.csv,statistical_outlier_iqr
Kamand,velocity_UNCONFIRMED,Kamand_velocity_UNCONFIRMED,2026-01-06 15:54:38,5.888,vel_K.csv,statistical_outlier_iqr
Kamand,velocity_UNCONFIRMED,Kamand_velocity_UNCONFIRMED,2026-01-06 15:54:44,5.92,vel_K.csv,statistical_outlier_iqr
Kamand,velocity_UNCONFIRMED,Kamand_velocity_UNCONFIRMED,2026-01-06 15:54:48,5.888,vel_K.csv,statistical_outlier_iqr
Kamand,velocity_UNCONFIRMED,Kamand_velocity_UNCONFIRMED,2026-01-06 15:54:54,5.92,vel_K.csv,statistical_outlier_iqr
Kamand,velocity_UNCONFIRMED,Kamand_velocity_UNCONFIRMED,2026-01-06 15:54:59,5.888,vel_K.csv,statistical_outlier_iqr
Kamand,velocity_UNCONFIRMED,Kamand_velocity_UNCONFIRMED,2026-01-06 15:55:03,5.888,vel_K.csv,statistical_outlier_iqr
Kamand,velocity_UNCONFIRMED,Kamand_velocity_UNCONFIRMED,2026-01-06 15:55:09,5.824,vel_K.csv,statistical_outlier_iqr
Kamand,velocity_UNCONFIRMED,Kamand_velocity_UNCONFIRMED,2026-01-06 15:55:14,5.824,vel_K.csv,statistical_outlier_iqr
Kamand,velocity_UNCONFIRMED,Kamand_velocity_UNCONFIRMED,2026-01-06 15:55:18,5.637,vel_K.csv,statistical_outlier_iqr
Kamand,velocity_UNCONFIRMED,Kamand_velocity_UNCONFIRMED,2026-01-06 15:55:24,5.637,vel_K.csv,statistical_outlier_iqr
Kamand,velocity_UNCONFIRMED,Kamand_velocity_UNCONFIRMED,2026-01-06 15:55:28,5.382,vel_K.csv,statistical_outlier_iqr
Kamand,velocity_UNCONFIRMED,Kamand_velocity_UNCONFIRMED,2026-01-06 15:55:34,5.382,vel_K.csv,statistical_outlier_iqr
Kamand,velocity_UNCONFIRMED,Kamand_velocity_UNCONFIRMED,2026-01-06 15:55:39,5.203,vel_K.csv,statistical_outlier_iqr
Kamand,velocity_UNCONFIRMED,Kamand_velocity_UNCONFIRMED,2026-01-06 15:55:43,5.203,vel_K.csv,statistical_outlier_iqr
Kamand,velocity_UNCONFIRMED,Kamand_velocity_UNCONFIRMED,2026-01-06 15:55:49,5.203,vel_K.csv,statistical_outlier_iqr
Kamand,velocity_UNCONFIRMED,Kamand_velocity_UNCONFIRMED,2026-01-06 15:55:53,5.203,vel_K.csv,statistical_outlier_iqr
Kamand,velocity_UNCONFIRMED,Kamand_velocity_UNCONFIRMED,2026-01-06 15:55:59,5.382,vel_K.csv,statistical_outlier_iqr
Kamand,velocity_UNCONFIRMED,Kamand_velocity_UNCONFIRMED,2026-01-06 15:56:04,5.34,vel_K.csv,statistical_outlier_iqr
Kamand,velocity_UNCONFIRMED,Kamand_velocity_UNCONFIRMED,2026-01-06 15:56:08,5.34,vel_K.csv,statistical_outlier_iqr
Kamand,velocity_UNCONFIRMED,Kamand_velocity_UNCONFIRMED,2026-01-06 15:56:14,5.34,vel_K.csv,statistical_outlier_iqr
Kamand,velocity_UNCONFIRMED,Kamand_velocity_UNCONFIRMED,2026-01-06 15:56:20,4.756,vel_K.csv,statistical_outlier_iqr
Kamand,velocity_UNCONFIRMED,Kamand_velocity_UNCONFIRMED,2026-01-06 15:56:23,4.756,vel_K.csv,statistical_outlier_iqr
Kamand,velocity_UNCONFIRMED,Kamand_velocity_UNCONFIRMED,2026-01-06 15:56:29,5.509,vel_K.csv,statistical_outlier_iqr
Kamand,velocity_UNCONFIRMED,Kamand_velocity_UNCONFIRMED,2026-01-06 15:56:33,5.661,vel_K.csv,statistical_outlier_iqr
Kamand,velocity_UNCONFIRMED,Kamand_velocity_UNCONFIRMED,2026-01-06 15:56:39,5.708,vel_K.csv,statistical_outlier_iqr
Kamand,velocity_UNCONFIRMED,Kamand_velocity_UNCONFIRMED,2026-01-06 15:56:44,5.708,vel_K.csv,statistical_outlier_iqr
Kamand,velocity_UNCONFIRMED,Kamand_velocity_UNCONFIRMED,2026-01-06 15:56:48,5.647,vel_K.csv,statistical_outlier_iqr
Kamand,velocity_UNCONFIRMED,Kamand_velocity_UNCONFIRMED,2026-01-06 15:56:54,5.708,vel_K.csv,statistical_outlier_iqr
Kamand,velocity_UNCONFIRMED,Kamand_velocity_UNCONFIRMED,2026-01-06 15:56:59,5.555,vel_K.csv,statistical_outlier_iqr
Kamand,velocity_UNCONFIRMED,Kamand_velocity_UNCONFIRMED,2026-01-06 15:57:04,5.724,vel_K.csv,statistical_outlier_iqr
Kamand,velocity_UNCONFIRMED,Kamand_velocity_UNCONFIRMED,2026-01-06 15:57:09,5.724,vel_K.csv,statistical_outlier_iqr
Kamand,velocity_UNCONFIRMED,Kamand_velocity_UNCONFIRMED,2026-01-06 15:57:13,5.724,vel_K.csv,statistical_outlier_iqr
Kamand,velocity_UNCONFIRMED,Kamand_velocity_UNCONFIRMED,2026-01-06 15:57:19,5.724,vel_K.csv,statistical_outlier_iqr
Kamand,velocity_UNCONFIRMED,Kamand_velocity_UNCONFIRMED,2026-01-06 15:57:24,5.812,vel_K.csv,statistical_outlier_iqr
Kamand,velocity_UNCONFIRMED,Kamand_velocity_UNCONFIRMED,2026-01-06 15:57:28,5.724,vel_K.csv,statistical_outlier_iqr
Kamand,velocity_UNCONFIRMED,Kamand_velocity_UNCONFIRMED,2026-01-06 15:57:34,5.724,vel_K.csv,statistical_outlier_iqr
Kamand,velocity_UNCONFIRMED,Kamand_velocity_UNCONFIRMED,2026-01-06 15:57:38,5.543,vel_K.csv,statistical_outlier_iqr
Kamand,velocity_UNCONFIRMED,Kamand_velocity_UNCONFIRMED,2026-01-06 15:57:44,5.303,vel_K.csv,statistical_outlier_iqr
Kamand,velocity_UNCONFIRMED,Kamand_velocity_UNCONFIRMED,2026-01-06 15:57:49,5.303,vel_K.csv,statistical_outlier_iqr
Kamand,velocity_UNCONFIRMED,Kamand_velocity_UNCONFIRMED,2026-01-06 15:57:53,5.048,vel_K.csv,statistical_outlier_iqr
Kamand,velocity_UNCONFIRMED,Kamand_velocity_UNCONFIRMED,2026-01-06 15:57:59,5.048,vel_K.csv,statistical_outlier_iqr
Kamand,velocity_UNCONFIRMED,Kamand_velocity_UNCONFIRMED,2026-01-06 15:58:04,5.048,vel_K.csv,statistical_outlier_iqr
Kamand,velocity_UNCONFIRMED,Kamand_velocity_UNCONFIRMED,2026-01-06 15:58:08,5.048,vel_K.csv,statistical_outlier_iqr
Kamand,velocity_UNCONFIRMED,Kamand_velocity_UNCONFIRMED,2026-01-06 15:58:14,4.636,vel_K.csv,statistical_outlier_iqr
Kamand,velocity_UNCONFIRMED,Kamand_velocity_UNCONFIRMED,2026-01-06 15:58:21,4.636,vel_K.csv,statistical_outlier_iqr
Kamand,velocity_UNCONFIRMED,Kamand_velocity_UNCONFIRMED,2026-01-06 15:58:24,4.636,vel_K.csv,statistical_outlier_iqr
Kamand,velocity_UNCONFIRMED,Kamand_velocity_UNCONFIRMED,2026-01-06 15:58:29,4.908,vel_K.csv,statistical_outlier_iqr
Kamand,velocity_UNCONFIRMED,Kamand_velocity_UNCONFIRMED,2026-01-06 15:58:33,4.908,vel_K.csv,statistical_outlier_iqr
Kamand,velocity_UNCONFIRMED,Kamand_velocity_UNCONFIRMED,2026-01-06 15:58:39,4.908,vel_K.csv,statistical_outlier_iqr
Kamand,velocity_UNCONFIRMED,Kamand_velocity_UNCONFIRMED,2026-01-06 15:58:44,5.011,vel_K.csv,statistical_outlier_iqr
Kamand,velocity_UNCONFIRMED,Kamand_velocity_UNCONFIRMED,2026-01-06 15:58:49,5.127,vel_K.csv,statistical_outlier_iqr
Kamand,velocity_UNCONFIRMED,Kamand_velocity_UNCONFIRMED,2026-01-06 15:58:54,5.307,vel_K.csv,statistical_outlier_iqr
Kamand,velocity_UNCONFIRMED,Kamand_velocity_UNCONFIRMED,2026-01-06 15:58:58,5.307,vel_K.csv,statistical_outlier_iqr
Kamand,velocity_UNCONFIRMED,Kamand_velocity_UNCONFIRMED,2026-01-06 15:59:04,5.195,vel_K.csv,statistical_outlier_iqr
Kamand,velocity_UNCONFIRMED,Kamand_velocity_UNCONFIRMED,2026-01-06 15:59:09,5.195,vel_K.csv,statistical_outlier_iqr
Kamand,velocity_UNCONFIRMED,Kamand_velocity_UNCONFIRMED,2026-01-06 15:59:13,5.195,vel_K.csv,statistical_outlier_iqr
Kamand,velocity_UNCONFIRMED,Kamand_velocity_UNCONFIRMED,2026-01-06 15:59:19,5.274,vel_K.csv,statistical_outlier_iqr
Kamand,velocity_UNCONFIRMED,Kamand_velocity_UNCONFIRMED,2026-01-06 15:59:23,5.376,vel_K.csv,statistical_outlier_iqr
Kamand,velocity_UNCONFIRMED,Kamand_velocity_UNCONFIRMED,2026-01-06 15:59:29,5.264,vel_K.csv,statistical_outlier_iqr
Kamand,velocity_UNCONFIRMED,Kamand_velocity_UNCONFIRMED,2026-01-06 15:59:34,5.18,vel_K.csv,statistical_outlier_iqr
Kamand,velocity_UNCONFIRMED,Kamand_velocity_UNCONFIRMED,2026-01-06 15:59:38,5.282,vel_K.csv,statistical_outlier_iqr
Kamand,velocity_UNCONFIRMED,Kamand_velocity_UNCONFIRMED,2026-01-06 15:59:44,5.282,vel_K.csv,statistical_outlier_iqr
Kamand,velocity_UNCONFIRMED,Kamand_velocity_UNCONFIRMED,2026-01-06 15:59:49,5.18,vel_K.csv,statistical_outlier_iqr
Kamand,velocity_UNCONFIRMED,Kamand_velocity_UNCONFIRMED,2026-01-06 15:59:54,5.113,vel_K.csv,statistical_outlier_iqr
Kamand,velocity_UNCONFIRMED,Kamand_velocity_UNCONFIRMED,2026-01-06 15:59:59,5.18,vel_K.csv,statistical_outlier_iqr
Kamand,velocity_UNCONFIRMED,Kamand_velocity_UNCONFIRMED,2026-01-06 16:00:03,5.131,vel_K.csv,statistical_outlier_iqr
Kamand,velocity_UNCONFIRMED,Kamand_velocity_UNCONFIRMED,2026-01-06 16:00:09,5.241,vel_K.csv,statistical_outlier_iqr
Kamand,velocity_UNCONFIRMED,Kamand_velocity_UNCONFIRMED,2026-01-06 16:00:14,5.325,vel_K.csv,statistical_outlier_iqr
Kamand,velocity_UNCONFIRMED,Kamand_velocity_UNCONFIRMED,2026-01-06 16:00:20,5.241,vel_K.csv,statistical_outlier_iqr
Kamand,velocity_UNCONFIRMED,Kamand_velocity_UNCONFIRMED,2026-01-06 16:00:24,5.051,vel_K.csv,statistical_outlier_iqr
Kamand,velocity_UNCONFIRMED,Kamand_velocity_UNCONFIRMED,2026-01-06 16:00:28,5.051,vel_K.csv,statistical_outlier_iqr
Kamand,velocity_UNCONFIRMED,Kamand_velocity_UNCONFIRMED,2026-01-06 16:00:34,5.001,vel_K.csv,statistical_outlier_iqr
Kamand,velocity_UNCONFIRMED,Kamand_velocity_UNCONFIRMED,2026-01-06 16:00:39,4.889,vel_K.csv,statistical_outlier_iqr
Kamand,velocity_UNCONFIRMED,Kamand_velocity_UNCONFIRMED,2026-01-06 16:00:43,4.844,vel_K.csv,statistical_outlier_iqr
Kamand,velocity_UNCONFIRMED,Kamand_velocity_UNCONFIRMED,2026-01-06 16:00:49,4.632,vel_K.csv,statistical_outlier_iqr
Kamand,velocity_UNCONFIRMED,Kamand_velocity_UNCONFIRMED,2026-01-06 16:00:54,4.889,vel_K.csv,statistical_outlier_iqr
Kamand,velocity_UNCONFIRMED,Kamand_velocity_UNCONFIRMED,2026-01-06 16:00:58,4.889,vel_K.csv,statistical_outlier_iqr
Kamand,velocity_UNCONFIRMED,Kamand_velocity_UNCONFIRMED,2026-01-06 16:01:04,4.99,vel_K.csv,statistical_outlier_iqr
Kamand,velocity_UNCONFIRMED,Kamand_velocity_UNCONFIRMED,2026-01-06 16:01:08,4.99,vel_K.csv,statistical_outlier_iqr
Kamand,velocity_UNCONFIRMED,Kamand_velocity_UNCONFIRMED,2026-01-06 16:01:14,4.507,vel_K.csv,statistical_outlier_iqr
Kamand,velocity_UNCONFIRMED,Kamand_velocity_UNCONFIRMED,2026-01-06 16:01:19,4.362,vel_K.csv,statistical_outlier_iqr
Kamand,velocity_UNCONFIRMED,Kamand_velocity_UNCONFIRMED,2026-01-06 16:01:23,4.845,vel_K.csv,statistical_outlier_iqr
Kamand,velocity_UNCONFIRMED,Kamand_velocity_UNCONFIRMED,2026-01-06 16:01:29,5.088,vel_K.csv,statistical_outlier_iqr
Kamand,velocity_UNCONFIRMED,Kamand_velocity_UNCONFIRMED,2026-01-06 16:01:34,5.17,vel_K.csv,statistical_outlier_iqr
Kamand,velocity_UNCONFIRMED,Kamand_velocity_UNCONFIRMED,2026-01-06 16:01:39,5.337,vel_K.csv,statistical_outlier_iqr
Kamand,velocity_UNCONFIRMED,Kamand_velocity_UNCONFIRMED,2026-01-06 16:01:44,5.337,vel_K.csv,statistical_outlier_iqr
Kamand,velocity_UNCONFIRMED,Kamand_velocity_UNCONFIRMED,2026-01-06 16:01:48,5.337,vel_K.csv,statistical_outlier_iqr
Kamand,velocity_UNCONFIRMED,Kamand_velocity_UNCONFIRMED,2026-01-06 16:01:54,5.17,vel_K.csv,statistical_outlier_iqr
Kamand,velocity_UNCONFIRMED,Kamand_velocity_UNCONFIRMED,2026-01-06 16:01:59,5.089,vel_K.csv,statistical_outlier_iqr
Kamand,velocity_UNCONFIRMED,Kamand_velocity_UNCONFIRMED,2026-01-06 16:02:03,4.862,vel_K.csv,statistical_outlier_iqr
Kamand,velocity_UNCONFIRMED,Kamand_velocity_UNCONFIRMED,2026-01-06 16:02:09,4.862,vel_K.csv,statistical_outlier_iqr
Kamand,velocity_UNCONFIRMED,Kamand_velocity_UNCONFIRMED,2026-01-06 16:02:13,5.089,vel_K.csv,statistical_outlier_iqr
Kamand,velocity_UNCONFIRMED,Kamand_velocity_UNCONFIRMED,2026-01-06 16:02:20,5.089,vel_K.csv,statistical_outlier_iqr
Kamand,velocity_UNCONFIRMED,Kamand_velocity_UNCONFIRMED,2026-01-06 16:02:24,4.862,vel_K.csv,statistical_outlier_iqr
Kamand,velocity_UNCONFIRMED,Kamand_velocity_UNCONFIRMED,2026-01-06 16:02:28,4.862,vel_K.csv,statistical_outlier_iqr
Kamand,velocity_UNCONFIRMED,Kamand_velocity_UNCONFIRMED,2026-01-06 16:02:34,4.862,vel_K.csv,statistical_outlier_iqr
Kamand,velocity_UNCONFIRMED,Kamand_velocity_UNCONFIRMED,2026-01-06 16:02:39,4.862,vel_K.csv,statistical_outlier_iqr
Kamand,velocity_UNCONFIRMED,Kamand_velocity_UNCONFIRMED,2026-01-06 16:02:44,4.948,vel_K.csv,statistical_outlier_iqr
Kamand,velocity_UNCONFIRMED,Kamand_velocity_UNCONFIRMED,2026-01-06 16:02:49,5.161,vel_K.csv,statistical_outlier_iqr
Kamand,velocity_UNCONFIRMED,Kamand_velocity_UNCONFIRMED,2026-01-06 16:02:53,5.171,vel_K.csv,statistical_outlier_iqr
Kamand,velocity_UNCONFIRMED,Kamand_velocity_UNCONFIRMED,2026-01-06 16:02:59,5.171,vel_K.csv,statistical_outlier_iqr
Kamand,velocity_UNCONFIRMED,Kamand_velocity_UNCONFIRMED,2026-01-06 16:03:04,5.171,vel_K.csv,statistical_outlier_iqr
Kamand,velocity_UNCONFIRMED,Kamand_velocity_UNCONFIRMED,2026-01-06 16:03:08,5.094,vel_K.csv,statistical_outlier_iqr
Kamand,velocity_UNCONFIRMED,Kamand_velocity_UNCONFIRMED,2026-01-06 16:03:14,4.711,vel_K.csv,statistical_outlier_iqr
Kamand,velocity_UNCONFIRMED,Kamand_velocity_UNCONFIRMED,2026-01-06 16:03:19,5.094,vel_K.csv,statistical_outlier_iqr
Kamand,velocity_UNCONFIRMED,Kamand_velocity_UNCONFIRMED,2026-01-06 16:03:24,5.094,vel_K.csv,statistical_outlier_iqr
Kamand,velocity_UNCONFIRMED,Kamand_velocity_UNCONFIRMED,2026-01-06 16:03:29,4.711,vel_K.csv,statistical_outlier_iqr
Kamand,velocity_UNCONFIRMED,Kamand_velocity_UNCONFIRMED,2026-01-06 16:03:33,4.302,vel_K.csv,statistical_outlier_iqr
Kamand,velocity_UNCONFIRMED,Kamand_velocity_UNCONFIRMED,2026-01-06 16:03:39,4.222,vel_K.csv,statistical_outlier_iqr
Kamand,velocity_UNCONFIRMED,Kamand_velocity_UNCONFIRMED,2026-01-06 16:03:44,4.11,vel_K.csv,statistical_outlier_iqr
Kamand,velocity_UNCONFIRMED,Kamand_velocity_UNCONFIRMED,2026-01-06 16:03:48,4.11,vel_K.csv,statistical_outlier_iqr
Kamand,velocity_UNCONFIRMED,Kamand_velocity_UNCONFIRMED,2026-01-06 16:03:54,4.11,vel_K.csv,statistical_outlier_iqr
Kamand,velocity_UNCONFIRMED,Kamand_velocity_UNCONFIRMED,2026-01-06 16:03:58,3.991,vel_K.csv,statistical_outlier_iqr
Kamand,velocity_UNCONFIRMED,Kamand_velocity_UNCONFIRMED,2026-01-06 16:04:04,3.991,vel_K.csv,statistical_outlier_iqr
Kamand,velocity_UNCONFIRMED,Kamand_velocity_UNCONFIRMED,2026-01-06 16:04:09,4.017,vel_K.csv,statistical_outlier_iqr
Kamand,velocity_UNCONFIRMED,Kamand_velocity_UNCONFIRMED,2026-01-06 16:04:13,4.249,vel_K.csv,statistical_outlier_iqr
Kamand,velocity_UNCONFIRMED,Kamand_velocity_UNCONFIRMED,2026-01-06 16:04:20,4.017,vel_K.csv,statistical_outlier_iqr
Kamand,velocity_UNCONFIRMED,Kamand_velocity_UNCONFIRMED,2026-01-06 16:04:24,3.845,vel_K.csv,statistical_outlier_iqr
Kamand,velocity_UNCONFIRMED,Kamand_velocity_UNCONFIRMED,2026-01-06 16:04:29,3.845,vel_K.csv,statistical_outlier_iqr
Kamand,velocity_UNCONFIRMED,Kamand_velocity_UNCONFIRMED,2026-01-06 16:04:34,4.034,vel_K.csv,statistical_outlier_iqr
Kamand,velocity_UNCONFIRMED,Kamand_velocity_UNCONFIRMED,2026-01-06 16:04:38,4.253,vel_K.csv,statistical_outlier_iqr
Kamand,velocity_UNCONFIRMED,Kamand_velocity_UNCONFIRMED,2026-01-06 16:04:44,4.253,vel_K.csv,statistical_outlier_iqr
Kamand,velocity_UNCONFIRMED,Kamand_velocity_UNCONFIRMED,2026-01-06 16:04:49,4.253,vel_K.csv,statistical_outlier_iqr
Kamand,velocity_UNCONFIRMED,Kamand_velocity_UNCONFIRMED,2026-01-06 16:04:53,4.345,vel_K.csv,statistical_outlier_iqr
Kamand,velocity_UNCONFIRMED,Kamand_velocity_UNCONFIRMED,2026-01-06 16:04:59,4.773,vel_K.csv,statistical_outlier_iqr
Kamand,velocity_UNCONFIRMED,Kamand_velocity_UNCONFIRMED,2026-01-06 16:05:03,4.773,vel_K.csv,statistical_outlier_iqr
Kamand,velocity_UNCONFIRMED,Kamand_velocity_UNCONFIRMED,2026-01-06 16:05:09,5.175,vel_K.csv,statistical_outlier_iqr
Kamand,velocity_UNCONFIRMED,Kamand_velocity_UNCONFIRMED,2026-01-06 16:05:14,5.238,vel_K.csv,statistical_outlier_iqr
Kamand,velocity_UNCONFIRMED,Kamand_velocity_UNCONFIRMED,2026-01-06 16:05:18,5.289,vel_K.csv,statistical_outlier_iqr
Kamand,velocity_UNCONFIRMED,Kamand_velocity_UNCONFIRMED,2026-01-06 16:05:24,5.465,vel_K.csv,statistical_outlier_iqr
Kamand,velocity_UNCONFIRMED,Kamand_velocity_UNCONFIRMED,2026-01-06 16:05:29,5.62,vel_K.csv,statistical_outlier_iqr
Kamand,velocity_UNCONFIRMED,Kamand_velocity_UNCONFIRMED,2026-01-06 16:05:34,5.62,vel_K.csv,statistical_outlier_iqr
Kamand,velocity_UNCONFIRMED,Kamand_velocity_UNCONFIRMED,2026-01-06 16:05:39,5.62,vel_K.csv,statistical_outlier_iqr
Kamand,velocity_UNCONFIRMED,Kamand_velocity_UNCONFIRMED,2026-01-06 16:05:43,5.62,vel_K.csv,statistical_outlier_iqr
Kamand,velocity_UNCONFIRMED,Kamand_velocity_UNCONFIRMED,2026-01-06 16:05:49,5.62,vel_K.csv,statistical_outlier_iqr
Kamand,velocity_UNCONFIRMED,Kamand_velocity_UNCONFIRMED,2026-01-06 16:05:54,5.722,vel_K.csv,statistical_outlier_iqr
Kamand,velocity_UNCONFIRMED,Kamand_velocity_UNCONFIRMED,2026-01-06 16:05:58,5.688,vel_K.csv,statistical_outlier_iqr
Kamand,velocity_UNCONFIRMED,Kamand_velocity_UNCONFIRMED,2026-01-06 16:06:04,5.688,vel_K.csv,statistical_outlier_iqr
Kamand,velocity_UNCONFIRMED,Kamand_velocity_UNCONFIRMED,2026-01-06 16:06:09,5.431,vel_K.csv,statistical_outlier_iqr
Kamand,velocity_UNCONFIRMED,Kamand_velocity_UNCONFIRMED,2026-01-06 16:06:14,5.403,vel_K.csv,statistical_outlier_iqr
Kamand,velocity_UNCONFIRMED,Kamand_velocity_UNCONFIRMED,2026-01-06 16:06:20,5.229,vel_K.csv,statistical_outlier_iqr
Kamand,velocity_UNCONFIRMED,Kamand_velocity_UNCONFIRMED,2026-01-06 16:06:23,5.166,vel_K.csv,statistical_outlier_iqr
Kamand,velocity_UNCONFIRMED,Kamand_velocity_UNCONFIRMED,2026-01-06 16:06:29,5.166,vel_K.csv,statistical_outlier_iqr
Kamand,velocity_UNCONFIRMED,Kamand_velocity_UNCONFIRMED,2026-01-06 16:06:34,5.166,vel_K.csv,statistical_outlier_iqr
Kamand,velocity_UNCONFIRMED,Kamand_velocity_UNCONFIRMED,2026-01-06 16:06:38,4.849,vel_K.csv,statistical_outlier_iqr
Kamand,velocity_UNCONFIRMED,Kamand_velocity_UNCONFIRMED,2026-01-06 16:06:44,5.229,vel_K.csv,statistical_outlier_iqr
Kamand,velocity_UNCONFIRMED,Kamand_velocity_UNCONFIRMED,2026-01-06 16:06:48,5.229,vel_K.csv,statistical_outlier_iqr
Kamand,velocity_UNCONFIRMED,Kamand_velocity_UNCONFIRMED,2026-01-06 16:06:54,4.849,vel_K.csv,statistical_outlier_iqr
Kamand,velocity_UNCONFIRMED,Kamand_velocity_UNCONFIRMED,2026-01-06 16:06:59,4.659,vel_K.csv,statistical_outlier_iqr
Kamand,velocity_UNCONFIRMED,Kamand_velocity_UNCONFIRMED,2026-01-06 16:07:03,5.039,vel_K.csv,statistical_outlier_iqr
Kamand,velocity_UNCONFIRMED,Kamand_velocity_UNCONFIRMED,2026-01-06 16:07:09,5.074,vel_K.csv,statistical_outlier_iqr
Kamand,velocity_UNCONFIRMED,Kamand_velocity_UNCONFIRMED,2026-01-06 16:07:14,5.506,vel_K.csv,statistical_outlier_iqr
Kamand,velocity_UNCONFIRMED,Kamand_velocity_UNCONFIRMED,2026-01-06 16:07:19,5.531,vel_K.csv,statistical_outlier_iqr
Kamand,velocity_UNCONFIRMED,Kamand_velocity_UNCONFIRMED,2026-01-06 16:07:24,5.786,vel_K.csv,statistical_outlier_iqr
Kamand,velocity_UNCONFIRMED,Kamand_velocity_UNCONFIRMED,2026-01-06 16:07:28,5.531,vel_K.csv,statistical_outlier_iqr
Kamand,velocity_UNCONFIRMED,Kamand_velocity_UNCONFIRMED,2026-01-06 16:07:34,5.408,vel_K.csv,statistical_outlier_iqr
Kamand,velocity_UNCONFIRMED,Kamand_velocity_UNCONFIRMED,2026-01-06 16:07:39,5.408,vel_K.csv,statistical_outlier_iqr
Kamand,velocity_UNCONFIRMED,Kamand_velocity_UNCONFIRMED,2026-01-06 16:07:43,5.408,vel_K.csv,statistical_outlier_iqr
Kamand,velocity_UNCONFIRMED,Kamand_velocity_UNCONFIRMED,2026-01-06 16:07:49,5.408,vel_K.csv,statistical_outlier_iqr
Kamand,velocity_UNCONFIRMED,Kamand_velocity_UNCONFIRMED,2026-01-06 16:07:54,5.486,vel_K.csv,statistical_outlier_iqr
Kamand,velocity_UNCONFIRMED,Kamand_velocity_UNCONFIRMED,2026-01-06 16:07:59,5.486,vel_K.csv,statistical_outlier_iqr
Kamand,velocity_UNCONFIRMED,Kamand_velocity_UNCONFIRMED,2026-01-06 16:08:04,5.408,vel_K.csv,statistical_outlier_iqr
Kamand,velocity_UNCONFIRMED,Kamand_velocity_UNCONFIRMED,2026-01-06 16:08:08,5.486,vel_K.csv,statistical_outlier_iqr
Kamand,velocity_UNCONFIRMED,Kamand_velocity_UNCONFIRMED,2026-01-06 16:08:14,5.408,vel_K.csv,statistical_outlier_iqr
Kamand,velocity_UNCONFIRMED,Kamand_velocity_UNCONFIRMED,2026-01-06 16:08:21,5.486,vel_K.csv,statistical_outlier_iqr
Kamand,velocity_UNCONFIRMED,Kamand_velocity_UNCONFIRMED,2026-01-06 16:08:24,5.125,vel_K.csv,statistical_outlier_iqr
Kamand,velocity_UNCONFIRMED,Kamand_velocity_UNCONFIRMED,2026-01-06 16:08:29,5.486,vel_K.csv,statistical_outlier_iqr
Kamand,velocity_UNCONFIRMED,Kamand_velocity_UNCONFIRMED,2026-01-06 16:08:33,5.311,vel_K.csv,statistical_outlier_iqr
Kamand,velocity_UNCONFIRMED,Kamand_velocity_UNCONFIRMED,2026-01-06 16:08:39,5.311,vel_K.csv,statistical_outlier_iqr
Kamand,velocity_UNCONFIRMED,Kamand_velocity_UNCONFIRMED,2026-01-06 16:08:44,4.886,vel_K.csv,statistical_outlier_iqr
Kamand,velocity_UNCONFIRMED,Kamand_velocity_UNCONFIRMED,2026-01-06 16:08:48,4.886,vel_K.csv,statistical_outlier_iqr
Kamand,velocity_UNCONFIRMED,Kamand_velocity_UNCONFIRMED,2026-01-06 16:08:54,4.886,vel_K.csv,statistical_outlier_iqr
Kamand,velocity_UNCONFIRMED,Kamand_velocity_UNCONFIRMED,2026-01-06 16:08:59,4.973,vel_K.csv,statistical_outlier_iqr
Kamand,velocity_UNCONFIRMED,Kamand_velocity_UNCONFIRMED,2026-01-06 16:09:04,5.449,vel_K.csv,statistical_outlier_iqr
Kamand,velocity_UNCONFIRMED,Kamand_velocity_UNCONFIRMED,2026-01-06 16:09:09,5.449,vel_K.csv,statistical_outlier_iqr
Kamand,velocity_UNCONFIRMED,Kamand_velocity_UNCONFIRMED,2026-01-06 16:09:13,5.449,vel_K.csv,statistical_outlier_iqr
Kamand,velocity_UNCONFIRMED,Kamand_velocity_UNCONFIRMED,2026-01-06 16:09:19,5.145,vel_K.csv,statistical_outlier_iqr
Kamand,velocity_UNCONFIRMED,Kamand_velocity_UNCONFIRMED,2026-01-06 16:09:24,5.531,vel_K.csv,statistical_outlier_iqr
Kamand,velocity_UNCONFIRMED,Kamand_velocity_UNCONFIRMED,2026-01-06 16:09:28,5.531,vel_K.csv,statistical_outlier_iqr
Kamand,velocity_UNCONFIRMED,Kamand_velocity_UNCONFIRMED,2026-01-06 16:09:34,5.531,vel_K.csv,statistical_outlier_iqr
Kamand,velocity_UNCONFIRMED,Kamand_velocity_UNCONFIRMED,2026-01-06 16:09:39,5.91,vel_K.csv,statistical_outlier_iqr
Kamand,velocity_UNCONFIRMED,Kamand_velocity_UNCONFIRMED,2026-01-06 16:09:44,5.91,vel_K.csv,statistical_outlier_iqr
Kamand,velocity_UNCONFIRMED,Kamand_velocity_UNCONFIRMED,2026-01-06 16:09:49,5.985,vel_K.csv,statistical_outlier_iqr
Kamand,velocity_UNCONFIRMED,Kamand_velocity_UNCONFIRMED,2026-01-06 16:09:53,6.077,vel_K.csv,statistical_outlier_iqr
Kamand,velocity_UNCONFIRMED,Kamand_velocity_UNCONFIRMED,2026-01-06 16:09:59,6.077,vel_K.csv,statistical_outlier_iqr
Kamand,velocity_UNCONFIRMED,Kamand_velocity_UNCONFIRMED,2026-01-06 16:10:04,6.09,vel_K.csv,statistical_outlier_iqr
Kamand,velocity_UNCONFIRMED,Kamand_velocity_UNCONFIRMED,2026-01-06 16:10:09,5.87,vel_K.csv,statistical_outlier_iqr
Kamand,velocity_UNCONFIRMED,Kamand_velocity_UNCONFIRMED,2026-01-06 16:10:14,5.87,vel_K.csv,statistical_outlier_iqr
Kamand,velocity_UNCONFIRMED,Kamand_velocity_UNCONFIRMED,2026-01-06 16:10:20,6.09,vel_K.csv,statistical_outlier_iqr
Kamand,velocity_UNCONFIRMED,Kamand_velocity_UNCONFIRMED,2026-01-06 16:10:24,5.87,vel_K.csv,statistical_outlier_iqr
Kamand,velocity_UNCONFIRMED,Kamand_velocity_UNCONFIRMED,2026-01-06 16:10:29,6.009,vel_K.csv,statistical_outlier_iqr
Kamand,velocity_UNCONFIRMED,Kamand_velocity_UNCONFIRMED,2026-01-06 16:10:33,6.285,vel_K.csv,statistical_outlier_iqr
Kamand,velocity_UNCONFIRMED,Kamand_velocity_UNCONFIRMED,2026-01-06 16:10:39,6.014,vel_K.csv,statistical_outlier_iqr
Kamand,velocity_UNCONFIRMED,Kamand_velocity_UNCONFIRMED,2026-01-06 16:10:44,6.117,vel_K.csv,statistical_outlier_iqr
Kamand,velocity_UNCONFIRMED,Kamand_velocity_UNCONFIRMED,2026-01-06 16:10:49,6.117,vel_K.csv,statistical_outlier_iqr
Kamand,velocity_UNCONFIRMED,Kamand_velocity_UNCONFIRMED,2026-01-06 16:10:54,6.16,vel_K.csv,statistical_outlier_iqr
Kamand,velocity_UNCONFIRMED,Kamand_velocity_UNCONFIRMED,2026-01-06 16:10:58,6.16,vel_K.csv,statistical_outlier_iqr
Kamand,velocity_UNCONFIRMED,Kamand_velocity_UNCONFIRMED,2026-01-06 16:11:04,5.782,vel_K.csv,statistical_outlier_iqr
Kamand,velocity_UNCONFIRMED,Kamand_velocity_UNCONFIRMED,2026-01-06 16:11:09,6.16,vel_K.csv,statistical_outlier_iqr
Kamand,velocity_UNCONFIRMED,Kamand_velocity_UNCONFIRMED,2026-01-06 16:11:14,6.16,vel_K.csv,statistical_outlier_iqr
Kamand,velocity_UNCONFIRMED,Kamand_velocity_UNCONFIRMED,2026-01-06 16:11:19,5.781,vel_K.csv,statistical_outlier_iqr
Kamand,velocity_UNCONFIRMED,Kamand_velocity_UNCONFIRMED,2026-01-06 16:11:23,6.16,vel_K.csv,statistical_outlier_iqr
Kamand,velocity_UNCONFIRMED,Kamand_velocity_UNCONFIRMED,2026-01-06 16:11:29,5.781,vel_K.csv,statistical_outlier_iqr
Kamand,velocity_UNCONFIRMED,Kamand_velocity_UNCONFIRMED,2026-01-06 16:11:34,5.562,vel_K.csv,statistical_outlier_iqr
Kamand,velocity_UNCONFIRMED,Kamand_velocity_UNCONFIRMED,2026-01-06 16:11:38,5.781,vel_K.csv,statistical_outlier_iqr
Kamand,velocity_UNCONFIRMED,Kamand_velocity_UNCONFIRMED,2026-01-06 16:11:44,5.748,vel_K.csv,statistical_outlier_iqr
Kamand,velocity_UNCONFIRMED,Kamand_velocity_UNCONFIRMED,2026-01-06 16:11:49,5.748,vel_K.csv,statistical_outlier_iqr
Kamand,velocity_UNCONFIRMED,Kamand_velocity_UNCONFIRMED,2026-01-06 16:11:54,5.562,vel_K.csv,statistical_outlier_iqr
Kamand,velocity_UNCONFIRMED,Kamand_velocity_UNCONFIRMED,2026-01-06 16:11:59,5.562,vel_K.csv,statistical_outlier_iqr
Kamand,velocity_UNCONFIRMED,Kamand_velocity_UNCONFIRMED,2026-01-06 16:12:03,5.748,vel_K.csv,statistical_outlier_iqr
Kamand,velocity_UNCONFIRMED,Kamand_velocity_UNCONFIRMED,2026-01-06 16:12:09,5.686,vel_K.csv,statistical_outlier_iqr
Kamand,velocity_UNCONFIRMED,Kamand_velocity_UNCONFIRMED,2026-01-06 16:12:14,5.686,vel_K.csv,statistical_outlier_iqr
Kamand,velocity_UNCONFIRMED,Kamand_velocity_UNCONFIRMED,2026-01-06 16:12:20,5.816,vel_K.csv,statistical_outlier_iqr
Kamand,velocity_UNCONFIRMED,Kamand_velocity_UNCONFIRMED,2026-01-06 16:12:24,5.63,vel_K.csv,statistical_outlier_iqr
Kamand,velocity_UNCONFIRMED,Kamand_velocity_UNCONFIRMED,2026-01-06 16:12:29,5.816,vel_K.csv,statistical_outlier_iqr
Kamand,velocity_UNCONFIRMED,Kamand_velocity_UNCONFIRMED,2026-01-06 16:12:34,5.972,vel_K.csv,statistical_outlier_iqr
Kamand,velocity_UNCONFIRMED,Kamand_velocity_UNCONFIRMED,2026-01-06 16:12:39,5.972,vel_K.csv,statistical_outlier_iqr
Kamand,velocity_UNCONFIRMED,Kamand_velocity_UNCONFIRMED,2026-01-06 16:12:43,5.954,vel_K.csv,statistical_outlier_iqr
Kamand,velocity_UNCONFIRMED,Kamand_velocity_UNCONFIRMED,2026-01-06 16:12:49,5.954,vel_K.csv,statistical_outlier_iqr
Kamand,velocity_UNCONFIRMED,Kamand_velocity_UNCONFIRMED,2026-01-06 16:12:54,6.271,vel_K.csv,statistical_outlier_iqr
Kamand,velocity_UNCONFIRMED,Kamand_velocity_UNCONFIRMED,2026-01-06 16:12:59,6.541,vel_K.csv,statistical_outlier_iqr
Kamand,velocity_UNCONFIRMED,Kamand_velocity_UNCONFIRMED,2026-01-06 16:13:04,6.336,vel_K.csv,statistical_outlier_iqr
Kamand,velocity_UNCONFIRMED,Kamand_velocity_UNCONFIRMED,2026-01-06 16:13:08,6.336,vel_K.csv,statistical_outlier_iqr
Kamand,velocity_UNCONFIRMED,Kamand_velocity_UNCONFIRMED,2026-01-06 16:13:14,6.336,vel_K.csv,statistical_outlier_iqr
Kamand,velocity_UNCONFIRMED,Kamand_velocity_UNCONFIRMED,2026-01-06 16:13:19,6.263,vel_K.csv,statistical_outlier_iqr
Kamand,velocity_UNCONFIRMED,Kamand_velocity_UNCONFIRMED,2026-01-06 16:13:23,6.617,vel_K.csv,statistical_outlier_iqr
Kamand,velocity_UNCONFIRMED,Kamand_velocity_UNCONFIRMED,2026-01-06 16:13:29,6.263,vel_K.csv,statistical_outlier_iqr
Kamand,velocity_UNCONFIRMED,Kamand_velocity_UNCONFIRMED,2026-01-06 16:13:34,5.881,vel_K.csv,statistical_outlier_iqr
Kamand,velocity_UNCONFIRMED,Kamand_velocity_UNCONFIRMED,2026-01-06 16:13:39,5.759,vel_K.csv,statistical_outlier_iqr
Kamand,velocity_UNCONFIRMED,Kamand_velocity_UNCONFIRMED,2026-01-06 16:13:44,5.601,vel_K.csv,statistical_outlier_iqr
Kamand,velocity_UNCONFIRMED,Kamand_velocity_UNCONFIRMED,2026-01-06 16:13:48,5.601,vel_K.csv,statistical_outlier_iqr
Kamand,velocity_UNCONFIRMED,Kamand_velocity_UNCONFIRMED,2026-01-06 16:13:54,5.511,vel_K.csv,statistical_outlier_iqr
Kamand,velocity_UNCONFIRMED,Kamand_velocity_UNCONFIRMED,2026-01-06 16:13:59,5.511,vel_K.csv,statistical_outlier_iqr
Kamand,velocity_UNCONFIRMED,Kamand_velocity_UNCONFIRMED,2026-01-06 16:14:04,5.511,vel_K.csv,statistical_outlier_iqr
Kamand,velocity_UNCONFIRMED,Kamand_velocity_UNCONFIRMED,2026-01-06 16:14:09,5.511,vel_K.csv,statistical_outlier_iqr
Kamand,velocity_UNCONFIRMED,Kamand_velocity_UNCONFIRMED,2026-01-06 16:14:14,5.657,vel_K.csv,statistical_outlier_iqr
Kamand,velocity_UNCONFIRMED,Kamand_velocity_UNCONFIRMED,2026-01-06 16:14:20,6.121,vel_K.csv,statistical_outlier_iqr
Kamand,velocity_UNCONFIRMED,Kamand_velocity_UNCONFIRMED,2026-01-06 16:14:24,5.657,vel_K.csv,statistical_outlier_iqr
Kamand,velocity_UNCONFIRMED,Kamand_velocity_UNCONFIRMED,2026-01-06 16:14:28,6.121,vel_K.csv,statistical_outlier_iqr
Kamand,velocity_UNCONFIRMED,Kamand_velocity_UNCONFIRMED,2026-01-06 16:14:34,6.213,vel_K.csv,statistical_outlier_iqr
Kamand,velocity_UNCONFIRMED,Kamand_velocity_UNCONFIRMED,2026-01-06 16:14:39,6.213,vel_K.csv,statistical_outlier_iqr
Kamand,velocity_UNCONFIRMED,Kamand_velocity_UNCONFIRMED,2026-01-06 16:14:44,6.49,vel_K.csv,statistical_outlier_iqr
Kamand,velocity_UNCONFIRMED,Kamand_velocity_UNCONFIRMED,2026-01-06 16:14:49,6.213,vel_K.csv,statistical_outlier_iqr
Kamand,velocity_UNCONFIRMED,Kamand_velocity_UNCONFIRMED,2026-01-06 16:14:53,6.213,vel_K.csv,statistical_outlier_iqr
Kamand,velocity_UNCONFIRMED,Kamand_velocity_UNCONFIRMED,2026-01-06 16:14:59,6.213,vel_K.csv,statistical_outlier_iqr
Kamand,velocity_UNCONFIRMED,Kamand_velocity_UNCONFIRMED,2026-01-06 16:15:04,6.494,vel_K.csv,statistical_outlier_iqr
Kamand,velocity_UNCONFIRMED,Kamand_velocity_UNCONFIRMED,2026-01-06 16:15:08,6.494,vel_K.csv,statistical_outlier_iqr
Kamand,velocity_UNCONFIRMED,Kamand_velocity_UNCONFIRMED,2026-01-06 16:15:14,6.423,vel_K.csv,statistical_outlier_iqr
Kamand,velocity_UNCONFIRMED,Kamand_velocity_UNCONFIRMED,2026-01-06 16:15:19,6.423,vel_K.csv,statistical_outlier_iqr
Kamand,velocity_UNCONFIRMED,Kamand_velocity_UNCONFIRMED,2026-01-06 16:15:24,6.579,vel_K.csv,statistical_outlier_iqr
Kamand,velocity_UNCONFIRMED,Kamand_velocity_UNCONFIRMED,2026-01-06 16:15:29,6.423,vel_K.csv,statistical_outlier_iqr
Kamand,velocity_UNCONFIRMED,Kamand_velocity_UNCONFIRMED,2026-01-06 16:15:33,6.423,vel_K.csv,statistical_outlier_iqr
Kamand,velocity_UNCONFIRMED,Kamand_velocity_UNCONFIRMED,2026-01-06 16:15:39,6.511,vel_K.csv,statistical_outlier_iqr
Kamand,velocity_UNCONFIRMED,Kamand_velocity_UNCONFIRMED,2026-01-06 16:15:44,6.503,vel_K.csv,statistical_outlier_iqr
Kamand,velocity_UNCONFIRMED,Kamand_velocity_UNCONFIRMED,2026-01-06 16:15:49,6.503,vel_K.csv,statistical_outlier_iqr
Kamand,velocity_UNCONFIRMED,Kamand_velocity_UNCONFIRMED,2026-01-06 16:15:54,6.527,vel_K.csv,statistical_outlier_iqr
Kamand,velocity_UNCONFIRMED,Kamand_velocity_UNCONFIRMED,2026-01-06 16:15:58,6.571,vel_K.csv,statistical_outlier_iqr
Kamand,velocity_UNCONFIRMED,Kamand_velocity_UNCONFIRMED,2026-01-06 16:16:04,6.503,vel_K.csv,statistical_outlier_iqr
Kamand,velocity_UNCONFIRMED,Kamand_velocity_UNCONFIRMED,2026-01-06 16:16:09,6.399,vel_K.csv,statistical_outlier_iqr
Kamand,velocity_UNCONFIRMED,Kamand_velocity_UNCONFIRMED,2026-01-06 16:16:13,6.503,vel_K.csv,statistical_outlier_iqr
Kamand,velocity_UNCONFIRMED,Kamand_velocity_UNCONFIRMED,2026-01-06 16:16:20,6.366,vel_K.csv,statistical_outlier_iqr
Kamand,velocity_UNCONFIRMED,Kamand_velocity_UNCONFIRMED,2026-01-06 16:16:24,6.034,vel_K.csv,statistical_outlier_iqr
Kamand,velocity_UNCONFIRMED,Kamand_velocity_UNCONFIRMED,2026-01-06 16:16:29,6.034,vel_K.csv,statistical_outlier_iqr
Kamand,velocity_UNCONFIRMED,Kamand_velocity_UNCONFIRMED,2026-01-06 16:16:34,6.034,vel_K.csv,statistical_outlier_iqr
Kamand,velocity_UNCONFIRMED,Kamand_velocity_UNCONFIRMED,2026-01-06 16:16:38,5.764,vel_K.csv,statistical_outlier_iqr
Kamand,velocity_UNCONFIRMED,Kamand_velocity_UNCONFIRMED,2026-01-06 17:37:28,1.702,vel_K.csv,statistical_outlier_iqr
Kamand,velocity_UNCONFIRMED,Kamand_velocity_UNCONFIRMED,2026-01-06 17:40:49,1.869,vel_K.csv,statistical_outlier_iqr
Kamand,velocity_UNCONFIRMED,Kamand_velocity_UNCONFIRMED,2026-01-06 17:40:54,2.777,vel_K.csv,statistical_outlier_iqr
Kamand,velocity_UNCONFIRMED,Kamand_velocity_UNCONFIRMED,2026-01-06 17:40:59,2.295,vel_K.csv,statistical_outlier_iqr
Kamand,velocity_UNCONFIRMED,Kamand_velocity_UNCONFIRMED,2026-01-06 17:41:04,2.295,vel_K.csv,statistical_outlier_iqr
Kamand,velocity_UNCONFIRMED,Kamand_velocity_UNCONFIRMED,2026-01-06 18:36:54,1.523,vel_K.csv,statistical_outlier_iqr
Kamand,velocity_UNCONFIRMED,Kamand_velocity_UNCONFIRMED,2026-01-06 18:36:59,1.523,vel_K.csv,statistical_outlier_iqr
Kamand,velocity_UNCONFIRMED,Kamand_velocity_UNCONFIRMED,2026-01-06 18:37:09,1.523,vel_K.csv,statistical_outlier_iqr
Kamand,velocity_UNCONFIRMED,Kamand_velocity_UNCONFIRMED,2026-01-06 18:37:14,2.045,vel_K.csv,statistical_outlier_iqr
Kamand,velocity_UNCONFIRMED,Kamand_velocity_UNCONFIRMED,2026-01-06 18:37:19,2.045,vel_K.csv,statistical_outlier_iqr
Kamand,velocity_UNCONFIRMED,Kamand_velocity_UNCONFIRMED,2026-01-06 18:37:24,2.045,vel_K.csv,statistical_outlier_iqr
Kamand,velocity_UNCONFIRMED,Kamand_velocity_UNCONFIRMED,2026-01-06 18:37:29,2.105,vel_K.csv,statistical_outlier_iqr
Kamand,velocity_UNCONFIRMED,Kamand_velocity_UNCONFIRMED,2026-01-06 18:37:34,2.105,vel_K.csv,statistical_outlier_iqr
Kamand,velocity_UNCONFIRMED,Kamand_velocity_UNCONFIRMED,2026-01-06 18:37:39,1.589,vel_K.csv,statistical_outlier_iqr
Kamand,velocity_UNCONFIRMED,Kamand_velocity_UNCONFIRMED,2026-01-06 18:37:44,1.589,vel_K.csv,statistical_outlier_iqr
Kamand,velocity_UNCONFIRMED,Kamand_velocity_UNCONFIRMED,2026-01-06 18:37:49,1.409,vel_K.csv,statistical_outlier_iqr
Kamand,velocity_UNCONFIRMED,Kamand_velocity_UNCONFIRMED,2026-01-06 18:55:29,1.502,vel_K.csv,statistical_outlier_iqr
Kamand,velocity_UNCONFIRMED,Kamand_velocity_UNCONFIRMED,2026-01-06 18:55:34,1.502,vel_K.csv,statistical_outlier_iqr
Kamand,velocity_UNCONFIRMED,Kamand_velocity_UNCONFIRMED,2026-01-06 18:55:39,1.502,vel_K.csv,statistical_outlier_iqr
Kamand,velocity_UNCONFIRMED,Kamand_velocity_UNCONFIRMED,2026-01-06 18:55:44,1.582,vel_K.csv,statistical_outlier_iqr
Kamand,velocity_UNCONFIRMED,Kamand_velocity_UNCONFIRMED,2026-01-06 18:55:49,1.697,vel_K.csv,statistical_outlier_iqr
Kamand,velocity_UNCONFIRMED,Kamand_velocity_UNCONFIRMED,2026-01-06 18:55:54,2.041,vel_K.csv,statistical_outlier_iqr
Kamand,velocity_UNCONFIRMED,Kamand_velocity_UNCONFIRMED,2026-01-06 18:55:59,2.041,vel_K.csv,statistical_outlier_iqr
Kamand,velocity_UNCONFIRMED,Kamand_velocity_UNCONFIRMED,2026-01-06 18:56:04,2.041,vel_K.csv,statistical_outlier_iqr
Kamand,velocity_UNCONFIRMED,Kamand_velocity_UNCONFIRMED,2026-01-06 18:56:09,1.726,vel_K.csv,statistical_outlier_iqr
Kamand,velocity_UNCONFIRMED,Kamand_velocity_UNCONFIRMED,2026-01-06 18:56:14,1.726,vel_K.csv,statistical_outlier_iqr
Kamand,velocity_UNCONFIRMED,Kamand_velocity_UNCONFIRMED,2026-01-06 18:56:19,1.747,vel_K.csv,statistical_outlier_iqr
Kamand,velocity_UNCONFIRMED,Kamand_velocity_UNCONFIRMED,2026-01-06 18:56:24,1.693,vel_K.csv,statistical_outlier_iqr
Kamand,velocity_UNCONFIRMED,Kamand_velocity_UNCONFIRMED,2026-01-06 19:02:04,1.413,vel_K.csv,statistical_outlier_iqr
Kamand,velocity_UNCONFIRMED,Kamand_velocity_UNCONFIRMED,2026-01-06 19:05:49,1.654,vel_K.csv,statistical_outlier_iqr
Kamand,velocity_UNCONFIRMED,Kamand_velocity_UNCONFIRMED,2026-01-06 19:05:54,1.989,vel_K.csv,statistical_outlier_iqr
Kamand,velocity_UNCONFIRMED,Kamand_velocity_UNCONFIRMED,2026-01-06 19:06:04,1.571,vel_K.csv,statistical_outlier_iqr
Kamand,velocity_UNCONFIRMED,Kamand_velocity_UNCONFIRMED,2026-01-06 19:06:09,1.571,vel_K.csv,statistical_outlier_iqr
Kamand,velocity_UNCONFIRMED,Kamand_velocity_UNCONFIRMED,2026-01-06 19:06:14,1.471,vel_K.csv,statistical_outlier_iqr
Kamand,velocity_UNCONFIRMED,Kamand_velocity_UNCONFIRMED,2026-01-06 19:41:39,1.465,vel_K.csv,statistical_outlier_iqr
Kamand,velocity_UNCONFIRMED,Kamand_velocity_UNCONFIRMED,2026-01-06 19:41:54,1.465,vel_K.csv,statistical_outlier_iqr
Kamand,velocity_UNCONFIRMED,Kamand_velocity_UNCONFIRMED,2026-01-07 10:32:44,1.602,vel_K.csv,statistical_outlier_iqr
Kamand,velocity_UNCONFIRMED,Kamand_velocity_UNCONFIRMED,2026-01-07 10:32:50,1.825,vel_K.csv,statistical_outlier_iqr
Kamand,velocity_UNCONFIRMED,Kamand_velocity_UNCONFIRMED,2026-01-07 10:32:54,1.825,vel_K.csv,statistical_outlier_iqr
Kamand,velocity_UNCONFIRMED,Kamand_velocity_UNCONFIRMED,2026-01-07 10:32:59,1.825,vel_K.csv,statistical_outlier_iqr
Kamand,velocity_UNCONFIRMED,Kamand_velocity_UNCONFIRMED,2026-01-07 10:33:04,1.825,vel_K.csv,statistical_outlier_iqr
Kamand,velocity_UNCONFIRMED,Kamand_velocity_UNCONFIRMED,2026-01-07 10:33:09,1.644,vel_K.csv,statistical_outlier_iqr
Kamand,velocity_UNCONFIRMED,Kamand_velocity_UNCONFIRMED,2026-01-07 10:33:14,2.002,vel_K.csv,statistical_outlier_iqr
Kamand,velocity_UNCONFIRMED,Kamand_velocity_UNCONFIRMED,2026-01-07 10:33:19,1.774,vel_K.csv,statistical_outlier_iqr
Kamand,velocity_UNCONFIRMED,Kamand_velocity_UNCONFIRMED,2026-01-07 10:33:24,1.774,vel_K.csv,statistical_outlier_iqr
Kamand,velocity_UNCONFIRMED,Kamand_velocity_UNCONFIRMED,2026-01-07 10:33:29,2.35,vel_K.csv,statistical_outlier_iqr
Kamand,velocity_UNCONFIRMED,Kamand_velocity_UNCONFIRMED,2026-01-07 10:33:34,2.35,vel_K.csv,statistical_outlier_iqr
Kamand,velocity_UNCONFIRMED,Kamand_velocity_UNCONFIRMED,2026-01-07 10:33:39,2.35,vel_K.csv,statistical_outlier_iqr
Kamand,velocity_UNCONFIRMED,Kamand_velocity_UNCONFIRMED,2026-01-07 10:33:44,1.776,vel_K.csv,statistical_outlier_iqr
Kamand,velocity_UNCONFIRMED,Kamand_velocity_UNCONFIRMED,2026-01-07 10:33:49,1.428,vel_K.csv,statistical_outlier_iqr
Kamand,velocity_UNCONFIRMED,Kamand_velocity_UNCONFIRMED,2026-01-07 10:33:54,1.776,vel_K.csv,statistical_outlier_iqr
Kamand,velocity_UNCONFIRMED,Kamand_velocity_UNCONFIRMED,2026-01-07 10:33:59,2.141,vel_K.csv,statistical_outlier_iqr
Kamand,velocity_UNCONFIRMED,Kamand_velocity_UNCONFIRMED,2026-01-07 10:34:04,2.002,vel_K.csv,statistical_outlier_iqr
Kamand,velocity_UNCONFIRMED,Kamand_velocity_UNCONFIRMED,2026-01-07 10:34:09,2.002,vel_K.csv,statistical_outlier_iqr
Kamand,velocity_UNCONFIRMED,Kamand_velocity_UNCONFIRMED,2026-01-07 10:34:14,2.002,vel_K.csv,statistical_outlier_iqr
Kamand,velocity_UNCONFIRMED,Kamand_velocity_UNCONFIRMED,2026-01-07 10:34:19,2.021,vel_K.csv,statistical_outlier_iqr
Kamand,velocity_UNCONFIRMED,Kamand_velocity_UNCONFIRMED,2026-01-07 10:34:24,2.218,vel_K.csv,statistical_outlier_iqr
Kamand,velocity_UNCONFIRMED,Kamand_velocity_UNCONFIRMED,2026-01-07 10:34:29,2.218,vel_K.csv,statistical_outlier_iqr
Kamand,velocity_UNCONFIRMED,Kamand_velocity_UNCONFIRMED,2026-01-07 10:34:34,2.682,vel_K.csv,statistical_outlier_iqr
Kamand,velocity_UNCONFIRMED,Kamand_velocity_UNCONFIRMED,2026-01-07 10:34:39,2.218,vel_K.csv,statistical_outlier_iqr
Kamand,velocity_UNCONFIRMED,Kamand_velocity_UNCONFIRMED,2026-01-07 10:34:44,2.218,vel_K.csv,statistical_outlier_iqr
Kamand,velocity_UNCONFIRMED,Kamand_velocity_UNCONFIRMED,2026-01-07 10:34:49,2.682,vel_K.csv,statistical_outlier_iqr
Kamand,velocity_UNCONFIRMED,Kamand_velocity_UNCONFIRMED,2026-01-07 10:34:54,2.218,vel_K.csv,statistical_outlier_iqr
Kamand,velocity_UNCONFIRMED,Kamand_velocity_UNCONFIRMED,2026-01-07 10:34:59,2.08,vel_K.csv,statistical_outlier_iqr
Kamand,velocity_UNCONFIRMED,Kamand_velocity_UNCONFIRMED,2026-01-07 10:35:04,2.799,vel_K.csv,statistical_outlier_iqr
Kamand,velocity_UNCONFIRMED,Kamand_velocity_UNCONFIRMED,2026-01-07 10:35:09,2.799,vel_K.csv,statistical_outlier_iqr
Kamand,velocity_UNCONFIRMED,Kamand_velocity_UNCONFIRMED,2026-01-07 10:35:14,3.596,vel_K.csv,statistical_outlier_iqr
Kamand,velocity_UNCONFIRMED,Kamand_velocity_UNCONFIRMED,2026-01-07 10:35:19,3.596,vel_K.csv,statistical_outlier_iqr
Kamand,velocity_UNCONFIRMED,Kamand_velocity_UNCONFIRMED,2026-01-07 10:35:24,3.596,vel_K.csv,statistical_outlier_iqr
Kamand,velocity_UNCONFIRMED,Kamand_velocity_UNCONFIRMED,2026-01-07 10:35:29,3.132,vel_K.csv,statistical_outlier_iqr
Kamand,velocity_UNCONFIRMED,Kamand_velocity_UNCONFIRMED,2026-01-07 10:35:34,3.132,vel_K.csv,statistical_outlier_iqr
Kamand,velocity_UNCONFIRMED,Kamand_velocity_UNCONFIRMED,2026-01-07 10:35:39,3.757,vel_K.csv,statistical_outlier_iqr
Kamand,velocity_UNCONFIRMED,Kamand_velocity_UNCONFIRMED,2026-01-07 10:35:44,4.021,vel_K.csv,statistical_outlier_iqr
Kamand,velocity_UNCONFIRMED,Kamand_velocity_UNCONFIRMED,2026-01-07 10:35:49,4.434,vel_K.csv,statistical_outlier_iqr
Kamand,velocity_UNCONFIRMED,Kamand_velocity_UNCONFIRMED,2026-01-07 10:35:54,4.691,vel_K.csv,statistical_outlier_iqr
Kamand,velocity_UNCONFIRMED,Kamand_velocity_UNCONFIRMED,2026-01-07 10:35:59,4.691,vel_K.csv,statistical_outlier_iqr
Kamand,velocity_UNCONFIRMED,Kamand_velocity_UNCONFIRMED,2026-01-07 10:36:04,4.658,vel_K.csv,statistical_outlier_iqr
Kamand,velocity_UNCONFIRMED,Kamand_velocity_UNCONFIRMED,2026-01-07 10:36:09,4.658,vel_K.csv,statistical_outlier_iqr
Kamand,velocity_UNCONFIRMED,Kamand_velocity_UNCONFIRMED,2026-01-07 10:36:14,4.658,vel_K.csv,statistical_outlier_iqr
Kamand,velocity_UNCONFIRMED,Kamand_velocity_UNCONFIRMED,2026-01-07 10:36:19,4.229,vel_K.csv,statistical_outlier_iqr
Kamand,velocity_UNCONFIRMED,Kamand_velocity_UNCONFIRMED,2026-01-07 10:36:24,3.756,vel_K.csv,statistical_outlier_iqr
Kamand,velocity_UNCONFIRMED,Kamand_velocity_UNCONFIRMED,2026-01-07 10:36:29,3.756,vel_K.csv,statistical_outlier_iqr
Kamand,velocity_UNCONFIRMED,Kamand_velocity_UNCONFIRMED,2026-01-07 10:36:34,3.651,vel_K.csv,statistical_outlier_iqr
Kamand,velocity_UNCONFIRMED,Kamand_velocity_UNCONFIRMED,2026-01-07 10:36:39,3.215,vel_K.csv,statistical_outlier_iqr
Kamand,velocity_UNCONFIRMED,Kamand_velocity_UNCONFIRMED,2026-01-07 10:36:44,2.123,vel_K.csv,statistical_outlier_iqr
Kamand,velocity_UNCONFIRMED,Kamand_velocity_UNCONFIRMED,2026-01-07 10:36:50,1.423,vel_K.csv,statistical_outlier_iqr
Kamand,velocity_UNCONFIRMED,Kamand_velocity_UNCONFIRMED,2026-01-07 10:36:54,1.423,vel_K.csv,statistical_outlier_iqr
Kamand,velocity_UNCONFIRMED,Kamand_velocity_UNCONFIRMED,2026-01-07 10:36:59,1.423,vel_K.csv,statistical_outlier_iqr
Kamand,velocity_UNCONFIRMED,Kamand_velocity_UNCONFIRMED,2026-01-07 10:37:04,1.423,vel_K.csv,statistical_outlier_iqr
Kamand,velocity_UNCONFIRMED,Kamand_velocity_UNCONFIRMED,2026-01-07 10:37:09,1.788,vel_K.csv,statistical_outlier_iqr
Kamand,velocity_UNCONFIRMED,Kamand_velocity_UNCONFIRMED,2026-01-07 10:37:14,1.788,vel_K.csv,statistical_outlier_iqr
Kamand,velocity_UNCONFIRMED,Kamand_velocity_UNCONFIRMED,2026-01-07 10:37:19,2.381,vel_K.csv,statistical_outlier_iqr
Kamand,velocity_UNCONFIRMED,Kamand_velocity_UNCONFIRMED,2026-01-07 10:37:24,2.381,vel_K.csv,statistical_outlier_iqr
Kamand,velocity_UNCONFIRMED,Kamand_velocity_UNCONFIRMED,2026-01-07 10:37:29,2.381,vel_K.csv,statistical_outlier_iqr
Kamand,velocity_UNCONFIRMED,Kamand_velocity_UNCONFIRMED,2026-01-07 10:37:34,2.381,vel_K.csv,statistical_outlier_iqr
Kamand,velocity_UNCONFIRMED,Kamand_velocity_UNCONFIRMED,2026-01-07 10:37:39,2.381,vel_K.csv,statistical_outlier_iqr
Kamand,velocity_UNCONFIRMED,Kamand_velocity_UNCONFIRMED,2026-01-07 10:37:44,2.381,vel_K.csv,statistical_outlier_iqr
Kamand,velocity_UNCONFIRMED,Kamand_velocity_UNCONFIRMED,2026-01-07 10:37:49,2.74,vel_K.csv,statistical_outlier_iqr
Kamand,velocity_UNCONFIRMED,Kamand_velocity_UNCONFIRMED,2026-01-07 10:37:54,3.212,vel_K.csv,statistical_outlier_iqr
Kamand,velocity_UNCONFIRMED,Kamand_velocity_UNCONFIRMED,2026-01-07 10:37:59,3.212,vel_K.csv,statistical_outlier_iqr
Kamand,velocity_UNCONFIRMED,Kamand_velocity_UNCONFIRMED,2026-01-07 10:38:04,2.74,vel_K.csv,statistical_outlier_iqr
Kamand,velocity_UNCONFIRMED,Kamand_velocity_UNCONFIRMED,2026-01-07 10:38:09,3.112,vel_K.csv,statistical_outlier_iqr
Kamand,velocity_UNCONFIRMED,Kamand_velocity_UNCONFIRMED,2026-01-07 10:38:14,2.907,vel_K.csv,statistical_outlier_iqr
Kamand,velocity_UNCONFIRMED,Kamand_velocity_UNCONFIRMED,2026-01-07 10:38:19,4.016,vel_K.csv,statistical_outlier_iqr
Kamand,velocity_UNCONFIRMED,Kamand_velocity_UNCONFIRMED,2026-01-07 10:38:24,4.016,vel_K.csv,statistical_outlier_iqr
Kamand,velocity_UNCONFIRMED,Kamand_velocity_UNCONFIRMED,2026-01-07 10:38:29,4.159,vel_K.csv,statistical_outlier_iqr
Kamand,velocity_UNCONFIRMED,Kamand_velocity_UNCONFIRMED,2026-01-07 10:38:34,5.021,vel_K.csv,statistical_outlier_iqr
Kamand,velocity_UNCONFIRMED,Kamand_velocity_UNCONFIRMED,2026-01-07 10:38:39,5.2,vel_K.csv,statistical_outlier_iqr
Kamand,velocity_UNCONFIRMED,Kamand_velocity_UNCONFIRMED,2026-01-07 10:38:44,5.223,vel_K.csv,statistical_outlier_iqr
Kamand,velocity_UNCONFIRMED,Kamand_velocity_UNCONFIRMED,2026-01-07 10:38:51,5.223,vel_K.csv,statistical_outlier_iqr
Kamand,velocity_UNCONFIRMED,Kamand_velocity_UNCONFIRMED,2026-01-07 10:38:54,5.223,vel_K.csv,statistical_outlier_iqr
Kamand,velocity_UNCONFIRMED,Kamand_velocity_UNCONFIRMED,2026-01-07 10:38:59,5.2,vel_K.csv,statistical_outlier_iqr
Kamand,velocity_UNCONFIRMED,Kamand_velocity_UNCONFIRMED,2026-01-07 10:39:04,5.2,vel_K.csv,statistical_outlier_iqr
Kamand,velocity_UNCONFIRMED,Kamand_velocity_UNCONFIRMED,2026-01-07 10:39:09,5.225,vel_K.csv,statistical_outlier_iqr
Kamand,velocity_UNCONFIRMED,Kamand_velocity_UNCONFIRMED,2026-01-07 10:39:14,5.225,vel_K.csv,statistical_outlier_iqr
Kamand,velocity_UNCONFIRMED,Kamand_velocity_UNCONFIRMED,2026-01-07 10:39:19,4.483,vel_K.csv,statistical_outlier_iqr
Kamand,velocity_UNCONFIRMED,Kamand_velocity_UNCONFIRMED,2026-01-07 10:39:24,3.699,vel_K.csv,statistical_outlier_iqr
Kamand,velocity_UNCONFIRMED,Kamand_velocity_UNCONFIRMED,2026-01-07 10:39:29,3.699,vel_K.csv,statistical_outlier_iqr
Kamand,velocity_UNCONFIRMED,Kamand_velocity_UNCONFIRMED,2026-01-07 10:39:34,3.288,vel_K.csv,statistical_outlier_iqr
Kamand,velocity_UNCONFIRMED,Kamand_velocity_UNCONFIRMED,2026-01-07 10:39:39,3.288,vel_K.csv,statistical_outlier_iqr
Kamand,velocity_UNCONFIRMED,Kamand_velocity_UNCONFIRMED,2026-01-07 10:39:44,2.944,vel_K.csv,statistical_outlier_iqr
Kamand,velocity_UNCONFIRMED,Kamand_velocity_UNCONFIRMED,2026-01-07 10:39:49,2.553,vel_K.csv,statistical_outlier_iqr
Kamand,velocity_UNCONFIRMED,Kamand_velocity_UNCONFIRMED,2026-01-07 10:39:54,2.553,vel_K.csv,statistical_outlier_iqr
Kamand,velocity_UNCONFIRMED,Kamand_velocity_UNCONFIRMED,2026-01-07 10:39:59,2.479,vel_K.csv,statistical_outlier_iqr
Kamand,velocity_UNCONFIRMED,Kamand_velocity_UNCONFIRMED,2026-01-07 10:40:04,2.366,vel_K.csv,statistical_outlier_iqr
Kamand,velocity_UNCONFIRMED,Kamand_velocity_UNCONFIRMED,2026-01-07 10:40:09,1.806,vel_K.csv,statistical_outlier_iqr
Kamand,velocity_UNCONFIRMED,Kamand_velocity_UNCONFIRMED,2026-01-07 10:40:14,1.806,vel_K.csv,statistical_outlier_iqr
Kamand,velocity_UNCONFIRMED,Kamand_velocity_UNCONFIRMED,2026-01-07 10:40:19,2.317,vel_K.csv,statistical_outlier_iqr
Kamand,velocity_UNCONFIRMED,Kamand_velocity_UNCONFIRMED,2026-01-07 10:40:24,1.478,vel_K.csv,statistical_outlier_iqr
Kamand,velocity_UNCONFIRMED,Kamand_velocity_UNCONFIRMED,2026-01-07 10:40:29,1.478,vel_K.csv,statistical_outlier_iqr
Kamand,velocity_UNCONFIRMED,Kamand_velocity_UNCONFIRMED,2026-01-07 10:40:34,2.012,vel_K.csv,statistical_outlier_iqr
Kamand,velocity_UNCONFIRMED,Kamand_velocity_UNCONFIRMED,2026-01-07 10:40:39,2.012,vel_K.csv,statistical_outlier_iqr
Kamand,velocity_UNCONFIRMED,Kamand_velocity_UNCONFIRMED,2026-01-07 10:40:44,2.012,vel_K.csv,statistical_outlier_iqr
Kamand,velocity_UNCONFIRMED,Kamand_velocity_UNCONFIRMED,2026-01-07 10:40:50,2.012,vel_K.csv,statistical_outlier_iqr
Kamand,velocity_UNCONFIRMED,Kamand_velocity_UNCONFIRMED,2026-01-07 10:40:54,2.012,vel_K.csv,statistical_outlier_iqr
Kamand,velocity_UNCONFIRMED,Kamand_velocity_UNCONFIRMED,2026-01-07 10:40:59,1.838,vel_K.csv,statistical_outlier_iqr
Kamand,velocity_UNCONFIRMED,Kamand_velocity_UNCONFIRMED,2026-01-07 10:41:04,2.41,vel_K.csv,statistical_outlier_iqr
Kamand,velocity_UNCONFIRMED,Kamand_velocity_UNCONFIRMED,2026-01-07 10:41:09,2.85,vel_K.csv,statistical_outlier_iqr
Kamand,velocity_UNCONFIRMED,Kamand_velocity_UNCONFIRMED,2026-01-07 10:41:14,2.742,vel_K.csv,statistical_outlier_iqr
Kamand,velocity_UNCONFIRMED,Kamand_velocity_UNCONFIRMED,2026-01-07 10:41:19,2.742,vel_K.csv,statistical_outlier_iqr
Kamand,velocity_UNCONFIRMED,Kamand_velocity_UNCONFIRMED,2026-01-07 10:41:24,2.742,vel_K.csv,statistical_outlier_iqr
Kamand,velocity_UNCONFIRMED,Kamand_velocity_UNCONFIRMED,2026-01-07 10:41:29,2.942,vel_K.csv,statistical_outlier_iqr
Kamand,velocity_UNCONFIRMED,Kamand_velocity_UNCONFIRMED,2026-01-07 10:41:34,2.942,vel_K.csv,statistical_outlier_iqr
Kamand,velocity_UNCONFIRMED,Kamand_velocity_UNCONFIRMED,2026-01-07 10:41:39,2.942,vel_K.csv,statistical_outlier_iqr
Kamand,velocity_UNCONFIRMED,Kamand_velocity_UNCONFIRMED,2026-01-07 10:41:44,2.327,vel_K.csv,statistical_outlier_iqr
Kamand,velocity_UNCONFIRMED,Kamand_velocity_UNCONFIRMED,2026-01-07 10:41:49,3.315,vel_K.csv,statistical_outlier_iqr
Kamand,velocity_UNCONFIRMED,Kamand_velocity_UNCONFIRMED,2026-01-07 10:41:54,3.315,vel_K.csv,statistical_outlier_iqr
Kamand,velocity_UNCONFIRMED,Kamand_velocity_UNCONFIRMED,2026-01-07 10:41:59,3.315,vel_K.csv,statistical_outlier_iqr
Kamand,velocity_UNCONFIRMED,Kamand_velocity_UNCONFIRMED,2026-01-07 10:42:04,3.315,vel_K.csv,statistical_outlier_iqr
Kamand,velocity_UNCONFIRMED,Kamand_velocity_UNCONFIRMED,2026-01-07 10:42:09,2.643,vel_K.csv,statistical_outlier_iqr
Kamand,velocity_UNCONFIRMED,Kamand_velocity_UNCONFIRMED,2026-01-07 10:42:14,3.402,vel_K.csv,statistical_outlier_iqr
Kamand,velocity_UNCONFIRMED,Kamand_velocity_UNCONFIRMED,2026-01-07 10:42:19,3.402,vel_K.csv,statistical_outlier_iqr
Kamand,velocity_UNCONFIRMED,Kamand_velocity_UNCONFIRMED,2026-01-07 10:42:24,3.807,vel_K.csv,statistical_outlier_iqr
Kamand,velocity_UNCONFIRMED,Kamand_velocity_UNCONFIRMED,2026-01-07 10:42:29,3.031,vel_K.csv,statistical_outlier_iqr
Kamand,velocity_UNCONFIRMED,Kamand_velocity_UNCONFIRMED,2026-01-07 10:42:34,3.031,vel_K.csv,statistical_outlier_iqr
Kamand,velocity_UNCONFIRMED,Kamand_velocity_UNCONFIRMED,2026-01-07 10:42:39,2.896,vel_K.csv,statistical_outlier_iqr
Kamand,velocity_UNCONFIRMED,Kamand_velocity_UNCONFIRMED,2026-01-07 10:42:44,2.896,vel_K.csv,statistical_outlier_iqr
Kamand,velocity_UNCONFIRMED,Kamand_velocity_UNCONFIRMED,2026-01-07 10:42:50,2.896,vel_K.csv,statistical_outlier_iqr
Kamand,velocity_UNCONFIRMED,Kamand_velocity_UNCONFIRMED,2026-01-07 10:42:54,2.896,vel_K.csv,statistical_outlier_iqr
Kamand,velocity_UNCONFIRMED,Kamand_velocity_UNCONFIRMED,2026-01-07 10:42:59,3.198,vel_K.csv,statistical_outlier_iqr
Kamand,velocity_UNCONFIRMED,Kamand_velocity_UNCONFIRMED,2026-01-07 10:43:04,3.198,vel_K.csv,statistical_outlier_iqr
Kamand,velocity_UNCONFIRMED,Kamand_velocity_UNCONFIRMED,2026-01-07 10:43:09,3.198,vel_K.csv,statistical_outlier_iqr
Kamand,velocity_UNCONFIRMED,Kamand_velocity_UNCONFIRMED,2026-01-07 10:43:14,3.198,vel_K.csv,statistical_outlier_iqr
Kamand,velocity_UNCONFIRMED,Kamand_velocity_UNCONFIRMED,2026-01-07 10:43:19,3.198,vel_K.csv,statistical_outlier_iqr
Kamand,velocity_UNCONFIRMED,Kamand_velocity_UNCONFIRMED,2026-01-07 10:43:24,2.203,vel_K.csv,statistical_outlier_iqr
Kamand,velocity_UNCONFIRMED,Kamand_velocity_UNCONFIRMED,2026-01-07 10:43:29,3.161,vel_K.csv,statistical_outlier_iqr
Kamand,velocity_UNCONFIRMED,Kamand_velocity_UNCONFIRMED,2026-01-07 10:43:34,2.357,vel_K.csv,statistical_outlier_iqr
Kamand,velocity_UNCONFIRMED,Kamand_velocity_UNCONFIRMED,2026-01-07 10:43:44,2.357,vel_K.csv,statistical_outlier_iqr
Kamand,velocity_UNCONFIRMED,Kamand_velocity_UNCONFIRMED,2026-01-07 10:43:49,2.357,vel_K.csv,statistical_outlier_iqr
Kamand,velocity_UNCONFIRMED,Kamand_velocity_UNCONFIRMED,2026-01-07 10:43:54,2.96,vel_K.csv,statistical_outlier_iqr
Kamand,velocity_UNCONFIRMED,Kamand_velocity_UNCONFIRMED,2026-01-07 10:43:59,2.546,vel_K.csv,statistical_outlier_iqr
Kamand,velocity_UNCONFIRMED,Kamand_velocity_UNCONFIRMED,2026-01-07 10:44:04,2.77,vel_K.csv,statistical_outlier_iqr
Kamand,velocity_UNCONFIRMED,Kamand_velocity_UNCONFIRMED,2026-01-07 10:44:09,2.77,vel_K.csv,statistical_outlier_iqr
Kamand,velocity_UNCONFIRMED,Kamand_velocity_UNCONFIRMED,2026-01-07 10:44:14,2.77,vel_K.csv,statistical_outlier_iqr
Kamand,velocity_UNCONFIRMED,Kamand_velocity_UNCONFIRMED,2026-01-07 10:44:19,2.546,vel_K.csv,statistical_outlier_iqr
Kamand,velocity_UNCONFIRMED,Kamand_velocity_UNCONFIRMED,2026-01-07 10:44:24,2.77,vel_K.csv,statistical_outlier_iqr
Kamand,velocity_UNCONFIRMED,Kamand_velocity_UNCONFIRMED,2026-01-07 10:44:29,2.77,vel_K.csv,statistical_outlier_iqr
Kamand,velocity_UNCONFIRMED,Kamand_velocity_UNCONFIRMED,2026-01-07 10:44:34,2.988,vel_K.csv,statistical_outlier_iqr
Kamand,velocity_UNCONFIRMED,Kamand_velocity_UNCONFIRMED,2026-01-07 10:44:39,3.566,vel_K.csv,statistical_outlier_iqr
Kamand,velocity_UNCONFIRMED,Kamand_velocity_UNCONFIRMED,2026-01-07 10:44:44,2.988,vel_K.csv,statistical_outlier_iqr
Kamand,velocity_UNCONFIRMED,Kamand_velocity_UNCONFIRMED,2026-01-07 10:44:50,2.77,vel_K.csv,statistical_outlier_iqr
Kamand,velocity_UNCONFIRMED,Kamand_velocity_UNCONFIRMED,2026-01-07 10:44:54,2.76,vel_K.csv,statistical_outlier_iqr
Kamand,velocity_UNCONFIRMED,Kamand_velocity_UNCONFIRMED,2026-01-07 10:44:59,2.988,vel_K.csv,statistical_outlier_iqr
Kamand,velocity_UNCONFIRMED,Kamand_velocity_UNCONFIRMED,2026-01-07 10:45:04,3.46,vel_K.csv,statistical_outlier_iqr
Kamand,velocity_UNCONFIRMED,Kamand_velocity_UNCONFIRMED,2026-01-07 10:45:09,3.826,vel_K.csv,statistical_outlier_iqr
Kamand,velocity_UNCONFIRMED,Kamand_velocity_UNCONFIRMED,2026-01-07 10:45:14,3.826,vel_K.csv,statistical_outlier_iqr
Kamand,velocity_UNCONFIRMED,Kamand_velocity_UNCONFIRMED,2026-01-07 10:45:19,4.943,vel_K.csv,statistical_outlier_iqr
Kamand,velocity_UNCONFIRMED,Kamand_velocity_UNCONFIRMED,2026-01-07 10:45:24,4.943,vel_K.csv,statistical_outlier_iqr
Kamand,velocity_UNCONFIRMED,Kamand_velocity_UNCONFIRMED,2026-01-07 10:45:29,5.762,vel_K.csv,statistical_outlier_iqr
Kamand,velocity_UNCONFIRMED,Kamand_velocity_UNCONFIRMED,2026-01-07 10:45:34,5.153,vel_K.csv,statistical_outlier_iqr
Kamand,velocity_UNCONFIRMED,Kamand_velocity_UNCONFIRMED,2026-01-07 10:45:39,4.228,vel_K.csv,statistical_outlier_iqr
Kamand,velocity_UNCONFIRMED,Kamand_velocity_UNCONFIRMED,2026-01-07 10:45:44,4.228,vel_K.csv,statistical_outlier_iqr
Kamand,velocity_UNCONFIRMED,Kamand_velocity_UNCONFIRMED,2026-01-07 10:45:49,5.153,vel_K.csv,statistical_outlier_iqr
Kamand,velocity_UNCONFIRMED,Kamand_velocity_UNCONFIRMED,2026-01-07 10:45:54,5.153,vel_K.csv,statistical_outlier_iqr
Kamand,velocity_UNCONFIRMED,Kamand_velocity_UNCONFIRMED,2026-01-07 10:45:59,5.145,vel_K.csv,statistical_outlier_iqr
Kamand,velocity_UNCONFIRMED,Kamand_velocity_UNCONFIRMED,2026-01-07 10:46:04,5.145,vel_K.csv,statistical_outlier_iqr
Kamand,velocity_UNCONFIRMED,Kamand_velocity_UNCONFIRMED,2026-01-07 10:46:09,4.092,vel_K.csv,statistical_outlier_iqr
Kamand,velocity_UNCONFIRMED,Kamand_velocity_UNCONFIRMED,2026-01-07 10:46:14,4.9,vel_K.csv,statistical_outlier_iqr
Kamand,velocity_UNCONFIRMED,Kamand_velocity_UNCONFIRMED,2026-01-07 10:46:19,4.092,vel_K.csv,statistical_outlier_iqr
Kamand,velocity_UNCONFIRMED,Kamand_velocity_UNCONFIRMED,2026-01-07 10:46:24,4.092,vel_K.csv,statistical_outlier_iqr
Kamand,velocity_UNCONFIRMED,Kamand_velocity_UNCONFIRMED,2026-01-07 10:46:29,4.092,vel_K.csv,statistical_outlier_iqr
Kamand,velocity_UNCONFIRMED,Kamand_velocity_UNCONFIRMED,2026-01-07 10:46:34,3.443,vel_K.csv,statistical_outlier_iqr
Kamand,velocity_UNCONFIRMED,Kamand_velocity_UNCONFIRMED,2026-01-07 10:46:39,4.256,vel_K.csv,statistical_outlier_iqr
Kamand,velocity_UNCONFIRMED,Kamand_velocity_UNCONFIRMED,2026-01-07 10:46:44,4.256,vel_K.csv,statistical_outlier_iqr
Kamand,velocity_UNCONFIRMED,Kamand_velocity_UNCONFIRMED,2026-01-07 10:46:50,4.228,vel_K.csv,statistical_outlier_iqr
Kamand,velocity_UNCONFIRMED,Kamand_velocity_UNCONFIRMED,2026-01-07 10:46:54,4.996,vel_K.csv,statistical_outlier_iqr
Kamand,velocity_UNCONFIRMED,Kamand_velocity_UNCONFIRMED,2026-01-07 10:46:59,4.996,vel_K.csv,statistical_outlier_iqr
Kamand,velocity_UNCONFIRMED,Kamand_velocity_UNCONFIRMED,2026-01-07 10:47:04,4.996,vel_K.csv,statistical_outlier_iqr
Kamand,velocity_UNCONFIRMED,Kamand_velocity_UNCONFIRMED,2026-01-07 10:47:09,4.996,vel_K.csv,statistical_outlier_iqr
Kamand,velocity_UNCONFIRMED,Kamand_velocity_UNCONFIRMED,2026-01-07 10:47:14,4.897,vel_K.csv,statistical_outlier_iqr
Kamand,velocity_UNCONFIRMED,Kamand_velocity_UNCONFIRMED,2026-01-07 10:47:19,4.996,vel_K.csv,statistical_outlier_iqr
Kamand,velocity_UNCONFIRMED,Kamand_velocity_UNCONFIRMED,2026-01-07 10:47:24,4.897,vel_K.csv,statistical_outlier_iqr
Kamand,velocity_UNCONFIRMED,Kamand_velocity_UNCONFIRMED,2026-01-07 10:47:29,4.242,vel_K.csv,statistical_outlier_iqr
Kamand,velocity_UNCONFIRMED,Kamand_velocity_UNCONFIRMED,2026-01-07 10:47:34,4.242,vel_K.csv,statistical_outlier_iqr
Kamand,velocity_UNCONFIRMED,Kamand_velocity_UNCONFIRMED,2026-01-07 10:47:39,4.242,vel_K.csv,statistical_outlier_iqr
Kamand,velocity_UNCONFIRMED,Kamand_velocity_UNCONFIRMED,2026-01-07 10:47:44,4.867,vel_K.csv,statistical_outlier_iqr
Kamand,velocity_UNCONFIRMED,Kamand_velocity_UNCONFIRMED,2026-01-07 10:47:49,4.242,vel_K.csv,statistical_outlier_iqr
Kamand,velocity_UNCONFIRMED,Kamand_velocity_UNCONFIRMED,2026-01-07 10:47:54,3.844,vel_K.csv,statistical_outlier_iqr
Kamand,velocity_UNCONFIRMED,Kamand_velocity_UNCONFIRMED,2026-01-07 10:47:59,3.844,vel_K.csv,statistical_outlier_iqr
Kamand,velocity_UNCONFIRMED,Kamand_velocity_UNCONFIRMED,2026-01-07 10:48:04,3.811,vel_K.csv,statistical_outlier_iqr
Kamand,velocity_UNCONFIRMED,Kamand_velocity_UNCONFIRMED,2026-01-07 10:48:09,3.386,vel_K.csv,statistical_outlier_iqr
Kamand,velocity_UNCONFIRMED,Kamand_velocity_UNCONFIRMED,2026-01-07 10:48:14,3.386,vel_K.csv,statistical_outlier_iqr
Kamand,velocity_UNCONFIRMED,Kamand_velocity_UNCONFIRMED,2026-01-07 10:48:19,3.386,vel_K.csv,statistical_outlier_iqr
Kamand,velocity_UNCONFIRMED,Kamand_velocity_UNCONFIRMED,2026-01-07 10:48:24,2.927,vel_K.csv,statistical_outlier_iqr
Kamand,velocity_UNCONFIRMED,Kamand_velocity_UNCONFIRMED,2026-01-07 10:48:29,2.993,vel_K.csv,statistical_outlier_iqr
Kamand,velocity_UNCONFIRMED,Kamand_velocity_UNCONFIRMED,2026-01-07 10:48:34,3.59,vel_K.csv,statistical_outlier_iqr
Kamand,velocity_UNCONFIRMED,Kamand_velocity_UNCONFIRMED,2026-01-07 10:48:39,3.035,vel_K.csv,statistical_outlier_iqr
Kamand,velocity_UNCONFIRMED,Kamand_velocity_UNCONFIRMED,2026-01-07 10:48:44,3.035,vel_K.csv,statistical_outlier_iqr
Kamand,velocity_UNCONFIRMED,Kamand_velocity_UNCONFIRMED,2026-01-07 10:48:50,2.878,vel_K.csv,statistical_outlier_iqr
Kamand,velocity_UNCONFIRMED,Kamand_velocity_UNCONFIRMED,2026-01-07 10:48:54,2.837,vel_K.csv,statistical_outlier_iqr
Kamand,velocity_UNCONFIRMED,Kamand_velocity_UNCONFIRMED,2026-01-07 10:48:59,2.837,vel_K.csv,statistical_outlier_iqr
Kamand,velocity_UNCONFIRMED,Kamand_velocity_UNCONFIRMED,2026-01-07 10:49:04,2.878,vel_K.csv,statistical_outlier_iqr
Kamand,velocity_UNCONFIRMED,Kamand_velocity_UNCONFIRMED,2026-01-07 10:49:09,2.992,vel_K.csv,statistical_outlier_iqr
Kamand,velocity_UNCONFIRMED,Kamand_velocity_UNCONFIRMED,2026-01-07 10:49:14,3.149,vel_K.csv,statistical_outlier_iqr
Kamand,velocity_UNCONFIRMED,Kamand_velocity_UNCONFIRMED,2026-01-07 10:49:19,2.992,vel_K.csv,statistical_outlier_iqr
Kamand,velocity_UNCONFIRMED,Kamand_velocity_UNCONFIRMED,2026-01-07 10:49:24,3.149,vel_K.csv,statistical_outlier_iqr
Kamand,velocity_UNCONFIRMED,Kamand_velocity_UNCONFIRMED,2026-01-07 10:49:29,3.149,vel_K.csv,statistical_outlier_iqr
Kamand,velocity_UNCONFIRMED,Kamand_velocity_UNCONFIRMED,2026-01-07 10:49:34,3.149,vel_K.csv,statistical_outlier_iqr
Kamand,velocity_UNCONFIRMED,Kamand_velocity_UNCONFIRMED,2026-01-07 10:49:39,3.149,vel_K.csv,statistical_outlier_iqr
Kamand,velocity_UNCONFIRMED,Kamand_velocity_UNCONFIRMED,2026-01-07 10:49:44,3.149,vel_K.csv,statistical_outlier_iqr
Kamand,velocity_UNCONFIRMED,Kamand_velocity_UNCONFIRMED,2026-01-07 10:49:49,3.657,vel_K.csv,statistical_outlier_iqr
Kamand,velocity_UNCONFIRMED,Kamand_velocity_UNCONFIRMED,2026-01-07 10:49:54,4.385,vel_K.csv,statistical_outlier_iqr
Kamand,velocity_UNCONFIRMED,Kamand_velocity_UNCONFIRMED,2026-01-07 10:49:59,4.744,vel_K.csv,statistical_outlier_iqr
Kamand,velocity_UNCONFIRMED,Kamand_velocity_UNCONFIRMED,2026-01-07 10:50:04,4.744,vel_K.csv,statistical_outlier_iqr
Kamand,velocity_UNCONFIRMED,Kamand_velocity_UNCONFIRMED,2026-01-07 10:50:09,4.871,vel_K.csv,statistical_outlier_iqr
Kamand,velocity_UNCONFIRMED,Kamand_velocity_UNCONFIRMED,2026-01-07 10:50:14,4.871,vel_K.csv,statistical_outlier_iqr
Kamand,velocity_UNCONFIRMED,Kamand_velocity_UNCONFIRMED,2026-01-07 10:50:19,4.871,vel_K.csv,statistical_outlier_iqr
Kamand,velocity_UNCONFIRMED,Kamand_velocity_UNCONFIRMED,2026-01-07 10:50:24,4.871,vel_K.csv,statistical_outlier_iqr
Kamand,velocity_UNCONFIRMED,Kamand_velocity_UNCONFIRMED,2026-01-07 10:50:29,4.989,vel_K.csv,statistical_outlier_iqr
Kamand,velocity_UNCONFIRMED,Kamand_velocity_UNCONFIRMED,2026-01-07 10:50:34,5.429,vel_K.csv,statistical_outlier_iqr
Kamand,velocity_UNCONFIRMED,Kamand_velocity_UNCONFIRMED,2026-01-07 10:50:39,6.305,vel_K.csv,statistical_outlier_iqr
Kamand,velocity_UNCONFIRMED,Kamand_velocity_UNCONFIRMED,2026-01-07 10:50:44,6.921,vel_K.csv,statistical_outlier_iqr
Kamand,velocity_UNCONFIRMED,Kamand_velocity_UNCONFIRMED,2026-01-07 10:50:50,6.527,vel_K.csv,statistical_outlier_iqr
Kamand,velocity_UNCONFIRMED,Kamand_velocity_UNCONFIRMED,2026-01-07 10:50:54,6.152,vel_K.csv,statistical_outlier_iqr
Kamand,velocity_UNCONFIRMED,Kamand_velocity_UNCONFIRMED,2026-01-07 10:50:59,6.82,vel_K.csv,statistical_outlier_iqr
Kamand,velocity_UNCONFIRMED,Kamand_velocity_UNCONFIRMED,2026-01-07 10:51:04,6.152,vel_K.csv,statistical_outlier_iqr
Kamand,velocity_UNCONFIRMED,Kamand_velocity_UNCONFIRMED,2026-01-07 10:51:09,6.491,vel_K.csv,statistical_outlier_iqr
Kamand,velocity_UNCONFIRMED,Kamand_velocity_UNCONFIRMED,2026-01-07 10:51:14,6.491,vel_K.csv,statistical_outlier_iqr
Kamand,velocity_UNCONFIRMED,Kamand_velocity_UNCONFIRMED,2026-01-07 10:51:18,6.491,vel_K.csv,statistical_outlier_iqr
Kamand,velocity_UNCONFIRMED,Kamand_velocity_UNCONFIRMED,2026-01-07 10:51:24,6.491,vel_K.csv,statistical_outlier_iqr
Kamand,velocity_UNCONFIRMED,Kamand_velocity_UNCONFIRMED,2026-01-07 10:51:29,5.77,vel_K.csv,statistical_outlier_iqr
Kamand,velocity_UNCONFIRMED,Kamand_velocity_UNCONFIRMED,2026-01-07 10:51:34,5.543,vel_K.csv,statistical_outlier_iqr
Kamand,velocity_UNCONFIRMED,Kamand_velocity_UNCONFIRMED,2026-01-07 10:51:39,5.395,vel_K.csv,statistical_outlier_iqr
Kamand,velocity_UNCONFIRMED,Kamand_velocity_UNCONFIRMED,2026-01-07 10:51:44,5.395,vel_K.csv,statistical_outlier_iqr
Kamand,velocity_UNCONFIRMED,Kamand_velocity_UNCONFIRMED,2026-01-07 10:51:49,5.311,vel_K.csv,statistical_outlier_iqr
Kamand,velocity_UNCONFIRMED,Kamand_velocity_UNCONFIRMED,2026-01-07 10:51:54,5.311,vel_K.csv,statistical_outlier_iqr
Kamand,velocity_UNCONFIRMED,Kamand_velocity_UNCONFIRMED,2026-01-07 10:51:58,5.135,vel_K.csv,statistical_outlier_iqr
Kamand,velocity_UNCONFIRMED,Kamand_velocity_UNCONFIRMED,2026-01-07 10:52:04,5.23,vel_K.csv,statistical_outlier_iqr
Kamand,velocity_UNCONFIRMED,Kamand_velocity_UNCONFIRMED,2026-01-07 10:52:09,5.23,vel_K.csv,statistical_outlier_iqr
Kamand,velocity_UNCONFIRMED,Kamand_velocity_UNCONFIRMED,2026-01-07 10:52:14,5.406,vel_K.csv,statistical_outlier_iqr
Kamand,velocity_UNCONFIRMED,Kamand_velocity_UNCONFIRMED,2026-01-07 10:52:19,5.406,vel_K.csv,statistical_outlier_iqr
Kamand,velocity_UNCONFIRMED,Kamand_velocity_UNCONFIRMED,2026-01-07 10:52:24,5.406,vel_K.csv,statistical_outlier_iqr
Kamand,velocity_UNCONFIRMED,Kamand_velocity_UNCONFIRMED,2026-01-07 10:52:29,5.406,vel_K.csv,statistical_outlier_iqr
Kamand,velocity_UNCONFIRMED,Kamand_velocity_UNCONFIRMED,2026-01-07 10:52:34,5.406,vel_K.csv,statistical_outlier_iqr
Kamand,velocity_UNCONFIRMED,Kamand_velocity_UNCONFIRMED,2026-01-07 10:52:39,5.299,vel_K.csv,statistical_outlier_iqr
Kamand,velocity_UNCONFIRMED,Kamand_velocity_UNCONFIRMED,2026-01-07 10:52:44,5.082,vel_K.csv,statistical_outlier_iqr
Kamand,velocity_UNCONFIRMED,Kamand_velocity_UNCONFIRMED,2026-01-07 10:52:50,4.876,vel_K.csv,statistical_outlier_iqr
Kamand,velocity_UNCONFIRMED,Kamand_velocity_UNCONFIRMED,2026-01-07 10:52:54,4.653,vel_K.csv,statistical_outlier_iqr
Kamand,velocity_UNCONFIRMED,Kamand_velocity_UNCONFIRMED,2026-01-07 10:52:59,4.533,vel_K.csv,statistical_outlier_iqr
Kamand,velocity_UNCONFIRMED,Kamand_velocity_UNCONFIRMED,2026-01-07 10:53:03,4.533,vel_K.csv,statistical_outlier_iqr
Kamand,velocity_UNCONFIRMED,Kamand_velocity_UNCONFIRMED,2026-01-07 10:53:09,4.124,vel_K.csv,statistical_outlier_iqr
Kamand,velocity_UNCONFIRMED,Kamand_velocity_UNCONFIRMED,2026-01-07 10:53:14,4.124,vel_K.csv,statistical_outlier_iqr
Kamand,velocity_UNCONFIRMED,Kamand_velocity_UNCONFIRMED,2026-01-07 10:53:19,4.317,vel_K.csv,statistical_outlier_iqr
Kamand,velocity_UNCONFIRMED,Kamand_velocity_UNCONFIRMED,2026-01-07 10:53:24,4.058,vel_K.csv,statistical_outlier_iqr
Kamand,velocity_UNCONFIRMED,Kamand_velocity_UNCONFIRMED,2026-01-07 10:53:29,4.058,vel_K.csv,statistical_outlier_iqr
Kamand,velocity_UNCONFIRMED,Kamand_velocity_UNCONFIRMED,2026-01-07 10:53:34,3.791,vel_K.csv,statistical_outlier_iqr
Kamand,velocity_UNCONFIRMED,Kamand_velocity_UNCONFIRMED,2026-01-07 10:53:39,3.984,vel_K.csv,statistical_outlier_iqr
Kamand,velocity_UNCONFIRMED,Kamand_velocity_UNCONFIRMED,2026-01-07 10:53:44,3.984,vel_K.csv,statistical_outlier_iqr
Kamand,velocity_UNCONFIRMED,Kamand_velocity_UNCONFIRMED,2026-01-07 10:53:49,4.467,vel_K.csv,statistical_outlier_iqr
Kamand,velocity_UNCONFIRMED,Kamand_velocity_UNCONFIRMED,2026-01-07 10:53:54,4.467,vel_K.csv,statistical_outlier_iqr
Kamand,velocity_UNCONFIRMED,Kamand_velocity_UNCONFIRMED,2026-01-07 10:53:59,3.789,vel_K.csv,statistical_outlier_iqr
Kamand,velocity_UNCONFIRMED,Kamand_velocity_UNCONFIRMED,2026-01-07 10:54:04,3.301,vel_K.csv,statistical_outlier_iqr
Kamand,velocity_UNCONFIRMED,Kamand_velocity_UNCONFIRMED,2026-01-07 10:54:08,3.789,vel_K.csv,statistical_outlier_iqr
Kamand,velocity_UNCONFIRMED,Kamand_velocity_UNCONFIRMED,2026-01-07 10:54:14,3.789,vel_K.csv,statistical_outlier_iqr
Kamand,velocity_UNCONFIRMED,Kamand_velocity_UNCONFIRMED,2026-01-07 10:54:19,3.259,vel_K.csv,statistical_outlier_iqr
Kamand,velocity_UNCONFIRMED,Kamand_velocity_UNCONFIRMED,2026-01-07 10:54:24,3.824,vel_K.csv,statistical_outlier_iqr
Kamand,velocity_UNCONFIRMED,Kamand_velocity_UNCONFIRMED,2026-01-07 10:54:29,3.141,vel_K.csv,statistical_outlier_iqr
Kamand,velocity_UNCONFIRMED,Kamand_velocity_UNCONFIRMED,2026-01-07 10:54:34,3.824,vel_K.csv,statistical_outlier_iqr
Kamand,velocity_UNCONFIRMED,Kamand_velocity_UNCONFIRMED,2026-01-07 10:54:39,3.141,vel_K.csv,statistical_outlier_iqr
Kamand,velocity_UNCONFIRMED,Kamand_velocity_UNCONFIRMED,2026-01-07 10:54:44,3.773,vel_K.csv,statistical_outlier_iqr
Kamand,velocity_UNCONFIRMED,Kamand_velocity_UNCONFIRMED,2026-01-07 10:54:50,3.773,vel_K.csv,statistical_outlier_iqr
Kamand,velocity_UNCONFIRMED,Kamand_velocity_UNCONFIRMED,2026-01-07 10:54:54,3.974,vel_K.csv,statistical_outlier_iqr
Kamand,velocity_UNCONFIRMED,Kamand_velocity_UNCONFIRMED,2026-01-07 10:54:59,3.974,vel_K.csv,statistical_outlier_iqr
Kamand,velocity_UNCONFIRMED,Kamand_velocity_UNCONFIRMED,2026-01-07 10:55:04,3.974,vel_K.csv,statistical_outlier_iqr
Kamand,velocity_UNCONFIRMED,Kamand_velocity_UNCONFIRMED,2026-01-07 10:55:09,3.974,vel_K.csv,statistical_outlier_iqr
Kamand,velocity_UNCONFIRMED,Kamand_velocity_UNCONFIRMED,2026-01-07 10:55:14,3.974,vel_K.csv,statistical_outlier_iqr
Kamand,velocity_UNCONFIRMED,Kamand_velocity_UNCONFIRMED,2026-01-07 10:55:19,4.504,vel_K.csv,statistical_outlier_iqr
Kamand,velocity_UNCONFIRMED,Kamand_velocity_UNCONFIRMED,2026-01-07 10:55:24,4.299,vel_K.csv,statistical_outlier_iqr
Kamand,velocity_UNCONFIRMED,Kamand_velocity_UNCONFIRMED,2026-01-07 10:55:29,4.299,vel_K.csv,statistical_outlier_iqr
Kamand,velocity_UNCONFIRMED,Kamand_velocity_UNCONFIRMED,2026-01-07 10:55:34,3.92,vel_K.csv,statistical_outlier_iqr
Kamand,velocity_UNCONFIRMED,Kamand_velocity_UNCONFIRMED,2026-01-07 10:55:39,4.299,vel_K.csv,statistical_outlier_iqr
Kamand,velocity_UNCONFIRMED,Kamand_velocity_UNCONFIRMED,2026-01-07 10:55:44,4.306,vel_K.csv,statistical_outlier_iqr
Kamand,velocity_UNCONFIRMED,Kamand_velocity_UNCONFIRMED,2026-01-07 10:55:49,4.306,vel_K.csv,statistical_outlier_iqr
Kamand,velocity_UNCONFIRMED,Kamand_velocity_UNCONFIRMED,2026-01-07 10:55:53,4.306,vel_K.csv,statistical_outlier_iqr
Kamand,velocity_UNCONFIRMED,Kamand_velocity_UNCONFIRMED,2026-01-07 10:55:59,4.306,vel_K.csv,statistical_outlier_iqr
Kamand,velocity_UNCONFIRMED,Kamand_velocity_UNCONFIRMED,2026-01-07 10:56:04,4.306,vel_K.csv,statistical_outlier_iqr
Kamand,velocity_UNCONFIRMED,Kamand_velocity_UNCONFIRMED,2026-01-07 10:56:09,4.236,vel_K.csv,statistical_outlier_iqr
Kamand,velocity_UNCONFIRMED,Kamand_velocity_UNCONFIRMED,2026-01-07 10:56:14,4.236,vel_K.csv,statistical_outlier_iqr
Kamand,velocity_UNCONFIRMED,Kamand_velocity_UNCONFIRMED,2026-01-07 10:56:19,4.236,vel_K.csv,statistical_outlier_iqr
Kamand,velocity_UNCONFIRMED,Kamand_velocity_UNCONFIRMED,2026-01-07 10:56:24,4.297,vel_K.csv,statistical_outlier_iqr
Kamand,velocity_UNCONFIRMED,Kamand_velocity_UNCONFIRMED,2026-01-07 10:56:29,4.377,vel_K.csv,statistical_outlier_iqr
Kamand,velocity_UNCONFIRMED,Kamand_velocity_UNCONFIRMED,2026-01-07 10:56:33,4.377,vel_K.csv,statistical_outlier_iqr
Kamand,velocity_UNCONFIRMED,Kamand_velocity_UNCONFIRMED,2026-01-07 10:56:39,4.297,vel_K.csv,statistical_outlier_iqr
Kamand,velocity_UNCONFIRMED,Kamand_velocity_UNCONFIRMED,2026-01-07 10:56:44,4.307,vel_K.csv,statistical_outlier_iqr
Kamand,velocity_UNCONFIRMED,Kamand_velocity_UNCONFIRMED,2026-01-07 10:56:50,4.307,vel_K.csv,statistical_outlier_iqr
Kamand,velocity_UNCONFIRMED,Kamand_velocity_UNCONFIRMED,2026-01-07 10:56:54,4.307,vel_K.csv,statistical_outlier_iqr
Kamand,velocity_UNCONFIRMED,Kamand_velocity_UNCONFIRMED,2026-01-07 10:56:58,4.507,vel_K.csv,statistical_outlier_iqr
Kamand,velocity_UNCONFIRMED,Kamand_velocity_UNCONFIRMED,2026-01-07 10:57:04,4.756,vel_K.csv,statistical_outlier_iqr
Kamand,velocity_UNCONFIRMED,Kamand_velocity_UNCONFIRMED,2026-01-07 10:57:09,4.756,vel_K.csv,statistical_outlier_iqr
Kamand,velocity_UNCONFIRMED,Kamand_velocity_UNCONFIRMED,2026-01-07 10:57:14,4.765,vel_K.csv,statistical_outlier_iqr
Kamand,velocity_UNCONFIRMED,Kamand_velocity_UNCONFIRMED,2026-01-07 10:57:19,4.765,vel_K.csv,statistical_outlier_iqr
Kamand,velocity_UNCONFIRMED,Kamand_velocity_UNCONFIRMED,2026-01-07 10:57:24,4.507,vel_K.csv,statistical_outlier_iqr
Kamand,velocity_UNCONFIRMED,Kamand_velocity_UNCONFIRMED,2026-01-07 10:57:29,4.773,vel_K.csv,statistical_outlier_iqr
Kamand,velocity_UNCONFIRMED,Kamand_velocity_UNCONFIRMED,2026-01-07 10:57:34,4.773,vel_K.csv,statistical_outlier_iqr
Kamand,velocity_UNCONFIRMED,Kamand_velocity_UNCONFIRMED,2026-01-07 10:57:38,4.773,vel_K.csv,statistical_outlier_iqr
Kamand,velocity_UNCONFIRMED,Kamand_velocity_UNCONFIRMED,2026-01-07 10:57:44,4.576,vel_K.csv,statistical_outlier_iqr
Kamand,velocity_UNCONFIRMED,Kamand_velocity_UNCONFIRMED,2026-01-07 10:57:49,4.576,vel_K.csv,statistical_outlier_iqr
Kamand,velocity_UNCONFIRMED,Kamand_velocity_UNCONFIRMED,2026-01-07 10:57:54,5.004,vel_K.csv,statistical_outlier_iqr
Kamand,velocity_UNCONFIRMED,Kamand_velocity_UNCONFIRMED,2026-01-07 10:57:59,4.576,vel_K.csv,statistical_outlier_iqr
Kamand,velocity_UNCONFIRMED,Kamand_velocity_UNCONFIRMED,2026-01-07 10:58:03,4.211,vel_K.csv,statistical_outlier_iqr
Kamand,velocity_UNCONFIRMED,Kamand_velocity_UNCONFIRMED,2026-01-07 10:58:09,4.211,vel_K.csv,statistical_outlier_iqr
Kamand,velocity_UNCONFIRMED,Kamand_velocity_UNCONFIRMED,2026-01-07 10:58:14,4.211,vel_K.csv,statistical_outlier_iqr
Kamand,velocity_UNCONFIRMED,Kamand_velocity_UNCONFIRMED,2026-01-07 10:58:18,4.174,vel_K.csv,statistical_outlier_iqr
Kamand,velocity_UNCONFIRMED,Kamand_velocity_UNCONFIRMED,2026-01-07 10:58:24,4.013,vel_K.csv,statistical_outlier_iqr
Kamand,velocity_UNCONFIRMED,Kamand_velocity_UNCONFIRMED,2026-01-07 10:58:29,4.013,vel_K.csv,statistical_outlier_iqr
Kamand,velocity_UNCONFIRMED,Kamand_velocity_UNCONFIRMED,2026-01-07 10:58:34,4.028,vel_K.csv,statistical_outlier_iqr
Kamand,velocity_UNCONFIRMED,Kamand_velocity_UNCONFIRMED,2026-01-07 10:58:39,4.301,vel_K.csv,statistical_outlier_iqr
Kamand,velocity_UNCONFIRMED,Kamand_velocity_UNCONFIRMED,2026-01-07 10:58:43,4.115,vel_K.csv,statistical_outlier_iqr
Kamand,velocity_UNCONFIRMED,Kamand_velocity_UNCONFIRMED,2026-01-07 10:58:50,3.713,vel_K.csv,statistical_outlier_iqr
Kamand,velocity_UNCONFIRMED,Kamand_velocity_UNCONFIRMED,2026-01-07 10:58:54,2.884,vel_K.csv,statistical_outlier_iqr
Kamand,velocity_UNCONFIRMED,Kamand_velocity_UNCONFIRMED,2026-01-07 10:58:59,3.713,vel_K.csv,statistical_outlier_iqr
Kamand,velocity_UNCONFIRMED,Kamand_velocity_UNCONFIRMED,2026-01-07 10:59:04,3.795,vel_K.csv,statistical_outlier_iqr
Kamand,velocity_UNCONFIRMED,Kamand_velocity_UNCONFIRMED,2026-01-07 10:59:09,4.115,vel_K.csv,statistical_outlier_iqr
Kamand,velocity_UNCONFIRMED,Kamand_velocity_UNCONFIRMED,2026-01-07 10:59:14,4.168,vel_K.csv,statistical_outlier_iqr
Kamand,velocity_UNCONFIRMED,Kamand_velocity_UNCONFIRMED,2026-01-07 10:59:19,4.528,vel_K.csv,statistical_outlier_iqr
Kamand,velocity_UNCONFIRMED,Kamand_velocity_UNCONFIRMED,2026-01-07 10:59:23,4.528,vel_K.csv,statistical_outlier_iqr
Kamand,velocity_UNCONFIRMED,Kamand_velocity_UNCONFIRMED,2026-01-07 10:59:29,4.528,vel_K.csv,statistical_outlier_iqr
Kamand,velocity_UNCONFIRMED,Kamand_velocity_UNCONFIRMED,2026-01-07 10:59:34,4.528,vel_K.csv,statistical_outlier_iqr
Kamand,velocity_UNCONFIRMED,Kamand_velocity_UNCONFIRMED,2026-01-07 10:59:39,4.528,vel_K.csv,statistical_outlier_iqr
Kamand,velocity_UNCONFIRMED,Kamand_velocity_UNCONFIRMED,2026-01-07 10:59:44,4.528,vel_K.csv,statistical_outlier_iqr
Kamand,velocity_UNCONFIRMED,Kamand_velocity_UNCONFIRMED,2026-01-07 10:59:48,4.876,vel_K.csv,statistical_outlier_iqr
Kamand,velocity_UNCONFIRMED,Kamand_velocity_UNCONFIRMED,2026-01-07 10:59:54,4.876,vel_K.csv,statistical_outlier_iqr
Kamand,velocity_UNCONFIRMED,Kamand_velocity_UNCONFIRMED,2026-01-07 10:59:59,4.876,vel_K.csv,statistical_outlier_iqr
Kamand,velocity_UNCONFIRMED,Kamand_velocity_UNCONFIRMED,2026-01-07 11:00:04,4.876,vel_K.csv,statistical_outlier_iqr
Kamand,velocity_UNCONFIRMED,Kamand_velocity_UNCONFIRMED,2026-01-07 11:00:09,5.323,vel_K.csv,statistical_outlier_iqr
Kamand,velocity_UNCONFIRMED,Kamand_velocity_UNCONFIRMED,2026-01-07 11:00:14,5.433,vel_K.csv,statistical_outlier_iqr
Kamand,velocity_UNCONFIRMED,Kamand_velocity_UNCONFIRMED,2026-01-07 11:00:19,5.515,vel_K.csv,statistical_outlier_iqr
Kamand,velocity_UNCONFIRMED,Kamand_velocity_UNCONFIRMED,2026-01-07 11:00:24,5.611,vel_K.csv,statistical_outlier_iqr
Kamand,velocity_UNCONFIRMED,Kamand_velocity_UNCONFIRMED,2026-01-07 11:00:28,5.515,vel_K.csv,statistical_outlier_iqr
Kamand,velocity_UNCONFIRMED,Kamand_velocity_UNCONFIRMED,2026-01-07 11:00:34,4.268,vel_K.csv,statistical_outlier_iqr
Kamand,velocity_UNCONFIRMED,Kamand_velocity_UNCONFIRMED,2026-01-07 11:00:39,3.083,vel_K.csv,statistical_outlier_iqr
Kamand,velocity_UNCONFIRMED,Kamand_velocity_UNCONFIRMED,2026-01-07 11:00:44,4.268,vel_K.csv,statistical_outlier_iqr
Kamand,velocity_UNCONFIRMED,Kamand_velocity_UNCONFIRMED,2026-01-07 11:00:50,3.689,vel_K.csv,statistical_outlier_iqr
Kamand,velocity_UNCONFIRMED,Kamand_velocity_UNCONFIRMED,2026-01-07 11:00:53,3.672,vel_K.csv,statistical_outlier_iqr
Kamand,velocity_UNCONFIRMED,Kamand_velocity_UNCONFIRMED,2026-01-07 11:00:59,4.856,vel_K.csv,statistical_outlier_iqr
Kamand,velocity_UNCONFIRMED,Kamand_velocity_UNCONFIRMED,2026-01-07 11:01:04,4.856,vel_K.csv,statistical_outlier_iqr
Kamand,velocity_UNCONFIRMED,Kamand_velocity_UNCONFIRMED,2026-01-07 11:01:08,4.856,vel_K.csv,statistical_outlier_iqr
Kamand,velocity_UNCONFIRMED,Kamand_velocity_UNCONFIRMED,2026-01-07 11:01:14,3.962,vel_K.csv,statistical_outlier_iqr
Kamand,velocity_UNCONFIRMED,Kamand_velocity_UNCONFIRMED,2026-01-07 11:01:19,2.891,vel_K.csv,statistical_outlier_iqr
Kamand,velocity_UNCONFIRMED,Kamand_velocity_UNCONFIRMED,2026-01-07 11:01:24,2.033,vel_K.csv,statistical_outlier_iqr
Kamand,velocity_UNCONFIRMED,Kamand_velocity_UNCONFIRMED,2026-01-07 11:01:29,2.891,vel_K.csv,statistical_outlier_iqr
Kamand,velocity_UNCONFIRMED,Kamand_velocity_UNCONFIRMED,2026-01-07 11:01:33,2.891,vel_K.csv,statistical_outlier_iqr
Kamand,velocity_UNCONFIRMED,Kamand_velocity_UNCONFIRMED,2026-01-07 11:01:39,2.891,vel_K.csv,statistical_outlier_iqr
Kamand,velocity_UNCONFIRMED,Kamand_velocity_UNCONFIRMED,2026-01-07 11:01:44,1.668,vel_K.csv,statistical_outlier_iqr
Kamand,velocity_UNCONFIRMED,Kamand_velocity_UNCONFIRMED,2026-01-07 11:12:24,1.448,vel_K.csv,statistical_outlier_iqr
Kamand,velocity_UNCONFIRMED,Kamand_velocity_UNCONFIRMED,2026-01-07 11:12:28,1.448,vel_K.csv,statistical_outlier_iqr
Kamand,velocity_UNCONFIRMED,Kamand_velocity_UNCONFIRMED,2026-01-07 11:14:24,1.727,vel_K.csv,statistical_outlier_iqr
Kamand,velocity_UNCONFIRMED,Kamand_velocity_UNCONFIRMED,2026-01-07 11:14:28,1.727,vel_K.csv,statistical_outlier_iqr
Kamand,velocity_UNCONFIRMED,Kamand_velocity_UNCONFIRMED,2026-01-07 11:14:34,1.727,vel_K.csv,statistical_outlier_iqr
Kamand,velocity_UNCONFIRMED,Kamand_velocity_UNCONFIRMED,2026-01-07 11:14:39,1.624,vel_K.csv,statistical_outlier_iqr
Kamand,velocity_UNCONFIRMED,Kamand_velocity_UNCONFIRMED,2026-01-07 11:14:44,1.624,vel_K.csv,statistical_outlier_iqr
Kamand,velocity_UNCONFIRMED,Kamand_velocity_UNCONFIRMED,2026-01-07 11:14:53,1.644,vel_K.csv,statistical_outlier_iqr
Kamand,velocity_UNCONFIRMED,Kamand_velocity_UNCONFIRMED,2026-01-07 11:14:59,1.644,vel_K.csv,statistical_outlier_iqr
Kamand,velocity_UNCONFIRMED,Kamand_velocity_UNCONFIRMED,2026-01-07 11:17:04,1.509,vel_K.csv,statistical_outlier_iqr
Kamand,velocity_UNCONFIRMED,Kamand_velocity_UNCONFIRMED,2026-01-07 11:17:09,1.509,vel_K.csv,statistical_outlier_iqr
Kamand,velocity_UNCONFIRMED,Kamand_velocity_UNCONFIRMED,2026-01-07 11:17:14,1.509,vel_K.csv,statistical_outlier_iqr
Kamand,velocity_UNCONFIRMED,Kamand_velocity_UNCONFIRMED,2026-01-07 11:17:18,1.54,vel_K.csv,statistical_outlier_iqr
Kamand,velocity_UNCONFIRMED,Kamand_velocity_UNCONFIRMED,2026-01-07 11:17:24,1.509,vel_K.csv,statistical_outlier_iqr
Kamand,velocity_UNCONFIRMED,Kamand_velocity_UNCONFIRMED,2026-01-07 11:17:29,1.509,vel_K.csv,statistical_outlier_iqr
Kamand,velocity_UNCONFIRMED,Kamand_velocity_UNCONFIRMED,2026-01-07 11:17:34,1.54,vel_K.csv,statistical_outlier_iqr
Kamand,velocity_UNCONFIRMED,Kamand_velocity_UNCONFIRMED,2026-01-07 11:17:39,1.54,vel_K.csv,statistical_outlier_iqr
Kamand,velocity_UNCONFIRMED,Kamand_velocity_UNCONFIRMED,2026-01-07 11:17:43,1.54,vel_K.csv,statistical_outlier_iqr
Kamand,velocity_UNCONFIRMED,Kamand_velocity_UNCONFIRMED,2026-01-07 11:17:49,1.509,vel_K.csv,statistical_outlier_iqr
Kamand,velocity_UNCONFIRMED,Kamand_velocity_UNCONFIRMED,2026-01-07 11:17:54,1.504,vel_K.csv,statistical_outlier_iqr
Kamand,velocity_UNCONFIRMED,Kamand_velocity_UNCONFIRMED,2026-01-07 11:17:58,1.534,vel_K.csv,statistical_outlier_iqr
Kamand,velocity_UNCONFIRMED,Kamand_velocity_UNCONFIRMED,2026-01-07 11:18:04,1.577,vel_K.csv,statistical_outlier_iqr
Kamand,velocity_UNCONFIRMED,Kamand_velocity_UNCONFIRMED,2026-01-07 11:18:09,1.577,vel_K.csv,statistical_outlier_iqr
Kamand,velocity_UNCONFIRMED,Kamand_velocity_UNCONFIRMED,2026-01-07 11:18:14,1.577,vel_K.csv,statistical_outlier_iqr
Kamand,velocity_UNCONFIRMED,Kamand_velocity_UNCONFIRMED,2026-01-07 11:18:19,1.474,vel_K.csv,statistical_outlier_iqr
Kamand,velocity_UNCONFIRMED,Kamand_velocity_UNCONFIRMED,2026-01-07 11:18:23,1.577,vel_K.csv,statistical_outlier_iqr
Kamand,velocity_UNCONFIRMED,Kamand_velocity_UNCONFIRMED,2026-01-07 11:18:29,1.552,vel_K.csv,statistical_outlier_iqr
Kamand,velocity_UNCONFIRMED,Kamand_velocity_UNCONFIRMED,2026-01-07 11:18:34,1.549,vel_K.csv,statistical_outlier_iqr
Kamand,velocity_UNCONFIRMED,Kamand_velocity_UNCONFIRMED,2026-01-07 11:18:39,2.086,vel_K.csv,statistical_outlier_iqr
Kamand,velocity_UNCONFIRMED,Kamand_velocity_UNCONFIRMED,2026-01-07 11:18:44,2.315,vel_K.csv,statistical_outlier_iqr
Kamand,velocity_UNCONFIRMED,Kamand_velocity_UNCONFIRMED,2026-01-07 11:18:50,2.315,vel_K.csv,statistical_outlier_iqr
Kamand,velocity_UNCONFIRMED,Kamand_velocity_UNCONFIRMED,2026-01-07 11:18:54,2.315,vel_K.csv,statistical_outlier_iqr
Kamand,velocity_UNCONFIRMED,Kamand_velocity_UNCONFIRMED,2026-01-07 11:18:59,2.315,vel_K.csv,statistical_outlier_iqr
Kamand,velocity_UNCONFIRMED,Kamand_velocity_UNCONFIRMED,2026-01-07 11:19:03,2.315,vel_K.csv,statistical_outlier_iqr
Kamand,velocity_UNCONFIRMED,Kamand_velocity_UNCONFIRMED,2026-01-07 11:19:09,2.315,vel_K.csv,statistical_outlier_iqr
Kamand,velocity_UNCONFIRMED,Kamand_velocity_UNCONFIRMED,2026-01-07 11:19:14,2.463,vel_K.csv,statistical_outlier_iqr
Kamand,velocity_UNCONFIRMED,Kamand_velocity_UNCONFIRMED,2026-01-07 11:19:19,2.463,vel_K.csv,statistical_outlier_iqr
Kamand,velocity_UNCONFIRMED,Kamand_velocity_UNCONFIRMED,2026-01-07 11:19:24,1.967,vel_K.csv,statistical_outlier_iqr
Kamand,velocity_UNCONFIRMED,Kamand_velocity_UNCONFIRMED,2026-01-07 11:19:28,2.475,vel_K.csv,statistical_outlier_iqr
Kamand,velocity_UNCONFIRMED,Kamand_velocity_UNCONFIRMED,2026-01-07 11:19:34,3.251,vel_K.csv,statistical_outlier_iqr
Kamand,velocity_UNCONFIRMED,Kamand_velocity_UNCONFIRMED,2026-01-07 11:19:39,2.882,vel_K.csv,statistical_outlier_iqr
Kamand,velocity_UNCONFIRMED,Kamand_velocity_UNCONFIRMED,2026-01-07 11:19:44,4.001,vel_K.csv,statistical_outlier_iqr
Kamand,velocity_UNCONFIRMED,Kamand_velocity_UNCONFIRMED,2026-01-07 11:19:49,4.53,vel_K.csv,statistical_outlier_iqr
Kamand,velocity_UNCONFIRMED,Kamand_velocity_UNCONFIRMED,2026-01-07 11:19:54,4.85,vel_K.csv,statistical_outlier_iqr
Kamand,velocity_UNCONFIRMED,Kamand_velocity_UNCONFIRMED,2026-01-07 11:19:59,4.53,vel_K.csv,statistical_outlier_iqr
Kamand,velocity_UNCONFIRMED,Kamand_velocity_UNCONFIRMED,2026-01-07 11:20:04,4.001,vel_K.csv,statistical_outlier_iqr
Kamand,velocity_UNCONFIRMED,Kamand_velocity_UNCONFIRMED,2026-01-07 11:20:08,2.533,vel_K.csv,statistical_outlier_iqr
Kamand,velocity_UNCONFIRMED,Kamand_velocity_UNCONFIRMED,2026-01-07 11:20:39,1.632,vel_K.csv,statistical_outlier_iqr
Kamand,velocity_UNCONFIRMED,Kamand_velocity_UNCONFIRMED,2026-01-07 11:20:44,1.632,vel_K.csv,statistical_outlier_iqr
Kamand,velocity_UNCONFIRMED,Kamand_velocity_UNCONFIRMED,2026-01-07 11:20:50,1.632,vel_K.csv,statistical_outlier_iqr
Kamand,velocity_UNCONFIRMED,Kamand_velocity_UNCONFIRMED,2026-01-07 11:20:54,1.632,vel_K.csv,statistical_outlier_iqr
Kamand,velocity_UNCONFIRMED,Kamand_velocity_UNCONFIRMED,2026-01-07 11:20:59,2.146,vel_K.csv,statistical_outlier_iqr
Kamand,velocity_UNCONFIRMED,Kamand_velocity_UNCONFIRMED,2026-01-07 11:21:04,2.445,vel_K.csv,statistical_outlier_iqr
Kamand,velocity_UNCONFIRMED,Kamand_velocity_UNCONFIRMED,2026-01-07 11:21:09,2.939,vel_K.csv,statistical_outlier_iqr
Kamand,velocity_UNCONFIRMED,Kamand_velocity_UNCONFIRMED,2026-01-07 11:21:13,3.45,vel_K.csv,statistical_outlier_iqr
Kamand,velocity_UNCONFIRMED,Kamand_velocity_UNCONFIRMED,2026-01-07 11:21:19,3.45,vel_K.csv,statistical_outlier_iqr
Kamand,velocity_UNCONFIRMED,Kamand_velocity_UNCONFIRMED,2026-01-07 11:21:24,3.45,vel_K.csv,statistical_outlier_iqr
Kamand,velocity_UNCONFIRMED,Kamand_velocity_UNCONFIRMED,2026-01-07 11:21:29,3.45,vel_K.csv,statistical_outlier_iqr
Kamand,velocity_UNCONFIRMED,Kamand_velocity_UNCONFIRMED,2026-01-07 11:21:34,3.76,vel_K.csv,statistical_outlier_iqr
Kamand,velocity_UNCONFIRMED,Kamand_velocity_UNCONFIRMED,2026-01-07 11:21:38,3.76,vel_K.csv,statistical_outlier_iqr
Kamand,velocity_UNCONFIRMED,Kamand_velocity_UNCONFIRMED,2026-01-07 11:21:44,3.45,vel_K.csv,statistical_outlier_iqr
Kamand,velocity_UNCONFIRMED,Kamand_velocity_UNCONFIRMED,2026-01-07 11:21:49,3.45,vel_K.csv,statistical_outlier_iqr
Kamand,velocity_UNCONFIRMED,Kamand_velocity_UNCONFIRMED,2026-01-07 11:21:53,4.072,vel_K.csv,statistical_outlier_iqr
Kamand,velocity_UNCONFIRMED,Kamand_velocity_UNCONFIRMED,2026-01-07 11:21:59,4.072,vel_K.csv,statistical_outlier_iqr
Kamand,velocity_UNCONFIRMED,Kamand_velocity_UNCONFIRMED,2026-01-07 11:22:04,4.832,vel_K.csv,statistical_outlier_iqr
Kamand,velocity_UNCONFIRMED,Kamand_velocity_UNCONFIRMED,2026-01-07 11:22:09,5.182,vel_K.csv,statistical_outlier_iqr
Kamand,velocity_UNCONFIRMED,Kamand_velocity_UNCONFIRMED,2026-01-07 11:22:14,5.434,vel_K.csv,statistical_outlier_iqr
Kamand,velocity_UNCONFIRMED,Kamand_velocity_UNCONFIRMED,2026-01-07 11:22:18,5.688,vel_K.csv,statistical_outlier_iqr
Kamand,velocity_UNCONFIRMED,Kamand_velocity_UNCONFIRMED,2026-01-07 11:22:24,5.818,vel_K.csv,statistical_outlier_iqr
Kamand,velocity_UNCONFIRMED,Kamand_velocity_UNCONFIRMED,2026-01-07 11:22:29,5.818,vel_K.csv,statistical_outlier_iqr
Kamand,velocity_UNCONFIRMED,Kamand_velocity_UNCONFIRMED,2026-01-07 11:22:34,5.695,vel_K.csv,statistical_outlier_iqr
Kamand,velocity_UNCONFIRMED,Kamand_velocity_UNCONFIRMED,2026-01-07 11:22:39,5.818,vel_K.csv,statistical_outlier_iqr
Kamand,velocity_UNCONFIRMED,Kamand_velocity_UNCONFIRMED,2026-01-07 11:22:44,5.96,vel_K.csv,statistical_outlier_iqr
Kamand,velocity_UNCONFIRMED,Kamand_velocity_UNCONFIRMED,2026-01-07 11:22:50,5.818,vel_K.csv,statistical_outlier_iqr
Kamand,velocity_UNCONFIRMED,Kamand_velocity_UNCONFIRMED,2026-01-07 11:22:54,5.818,vel_K.csv,statistical_outlier_iqr
Kamand,velocity_UNCONFIRMED,Kamand_velocity_UNCONFIRMED,2026-01-07 11:22:58,5.818,vel_K.csv,statistical_outlier_iqr
Kamand,velocity_UNCONFIRMED,Kamand_velocity_UNCONFIRMED,2026-01-07 11:23:04,5.695,vel_K.csv,statistical_outlier_iqr
Kamand,velocity_UNCONFIRMED,Kamand_velocity_UNCONFIRMED,2026-01-07 11:23:09,5.293,vel_K.csv,statistical_outlier_iqr
Kamand,velocity_UNCONFIRMED,Kamand_velocity_UNCONFIRMED,2026-01-07 11:23:14,5.192,vel_K.csv,statistical_outlier_iqr
Kamand,velocity_UNCONFIRMED,Kamand_velocity_UNCONFIRMED,2026-01-07 11:23:19,5.192,vel_K.csv,statistical_outlier_iqr
Kamand,velocity_UNCONFIRMED,Kamand_velocity_UNCONFIRMED,2026-01-07 11:23:23,5.192,vel_K.csv,statistical_outlier_iqr
Kamand,velocity_UNCONFIRMED,Kamand_velocity_UNCONFIRMED,2026-01-07 11:23:29,5.472,vel_K.csv,statistical_outlier_iqr
Kamand,velocity_UNCONFIRMED,Kamand_velocity_UNCONFIRMED,2026-01-07 11:23:34,5.192,vel_K.csv,statistical_outlier_iqr
Kamand,velocity_UNCONFIRMED,Kamand_velocity_UNCONFIRMED,2026-01-07 11:23:39,4.92,vel_K.csv,statistical_outlier_iqr
Kamand,velocity_UNCONFIRMED,Kamand_velocity_UNCONFIRMED,2026-01-07 11:23:44,4.779,vel_K.csv,statistical_outlier_iqr
Kamand,velocity_UNCONFIRMED,Kamand_velocity_UNCONFIRMED,2026-01-07 11:23:49,4.524,vel_K.csv,statistical_outlier_iqr
Kamand,velocity_UNCONFIRMED,Kamand_velocity_UNCONFIRMED,2026-01-07 11:23:54,4.779,vel_K.csv,statistical_outlier_iqr
Kamand,velocity_UNCONFIRMED,Kamand_velocity_UNCONFIRMED,2026-01-07 11:23:59,5.052,vel_K.csv,statistical_outlier_iqr
Kamand,velocity_UNCONFIRMED,Kamand_velocity_UNCONFIRMED,2026-01-07 11:24:03,5.77,vel_K.csv,statistical_outlier_iqr
Kamand,velocity_UNCONFIRMED,Kamand_velocity_UNCONFIRMED,2026-01-07 11:24:09,6.068,vel_K.csv,statistical_outlier_iqr
Kamand,velocity_UNCONFIRMED,Kamand_velocity_UNCONFIRMED,2026-01-07 11:24:14,6.068,vel_K.csv,statistical_outlier_iqr
Kamand,velocity_UNCONFIRMED,Kamand_velocity_UNCONFIRMED,2026-01-07 11:24:19,5.662,vel_K.csv,statistical_outlier_iqr
Kamand,velocity_UNCONFIRMED,Kamand_velocity_UNCONFIRMED,2026-01-07 11:24:24,5.662,vel_K.csv,statistical_outlier_iqr
Kamand,velocity_UNCONFIRMED,Kamand_velocity_UNCONFIRMED,2026-01-07 11:24:28,5.043,vel_K.csv,statistical_outlier_iqr
Kamand,velocity_UNCONFIRMED,Kamand_velocity_UNCONFIRMED,2026-01-07 11:24:34,5.662,vel_K.csv,statistical_outlier_iqr
Kamand,velocity_UNCONFIRMED,Kamand_velocity_UNCONFIRMED,2026-01-07 11:24:39,5.662,vel_K.csv,statistical_outlier_iqr
Kamand,velocity_UNCONFIRMED,Kamand_velocity_UNCONFIRMED,2026-01-07 11:24:43,5.662,vel_K.csv,statistical_outlier_iqr
Kamand,velocity_UNCONFIRMED,Kamand_velocity_UNCONFIRMED,2026-01-07 11:24:50,5.662,vel_K.csv,statistical_outlier_iqr
Kamand,velocity_UNCONFIRMED,Kamand_velocity_UNCONFIRMED,2026-01-07 11:24:54,5.219,vel_K.csv,statistical_outlier_iqr
Kamand,velocity_UNCONFIRMED,Kamand_velocity_UNCONFIRMED,2026-01-07 11:24:59,5.219,vel_K.csv,statistical_outlier_iqr
Kamand,velocity_UNCONFIRMED,Kamand_velocity_UNCONFIRMED,2026-01-07 11:25:04,5.219,vel_K.csv,statistical_outlier_iqr
Kamand,velocity_UNCONFIRMED,Kamand_velocity_UNCONFIRMED,2026-01-07 11:25:08,5.219,vel_K.csv,statistical_outlier_iqr
Kamand,velocity_UNCONFIRMED,Kamand_velocity_UNCONFIRMED,2026-01-07 11:25:14,5.387,vel_K.csv,statistical_outlier_iqr
Kamand,velocity_UNCONFIRMED,Kamand_velocity_UNCONFIRMED,2026-01-07 11:25:19,5.787,vel_K.csv,statistical_outlier_iqr
Kamand,velocity_UNCONFIRMED,Kamand_velocity_UNCONFIRMED,2026-01-07 11:25:24,5.387,vel_K.csv,statistical_outlier_iqr
Kamand,velocity_UNCONFIRMED,Kamand_velocity_UNCONFIRMED,2026-01-07 11:25:29,5.387,vel_K.csv,statistical_outlier_iqr
Kamand,velocity_UNCONFIRMED,Kamand_velocity_UNCONFIRMED,2026-01-07 11:25:34,4.992,vel_K.csv,statistical_outlier_iqr
Kamand,velocity_UNCONFIRMED,Kamand_velocity_UNCONFIRMED,2026-01-07 11:25:39,5.387,vel_K.csv,statistical_outlier_iqr
Kamand,velocity_UNCONFIRMED,Kamand_velocity_UNCONFIRMED,2026-01-07 11:25:44,5.216,vel_K.csv,statistical_outlier_iqr
Kamand,velocity_UNCONFIRMED,Kamand_velocity_UNCONFIRMED,2026-01-07 11:25:48,5.216,vel_K.csv,statistical_outlier_iqr
Kamand,velocity_UNCONFIRMED,Kamand_velocity_UNCONFIRMED,2026-01-07 11:25:54,5.736,vel_K.csv,statistical_outlier_iqr
Kamand,velocity_UNCONFIRMED,Kamand_velocity_UNCONFIRMED,2026-01-07 11:25:59,5.736,vel_K.csv,statistical_outlier_iqr
Kamand,velocity_UNCONFIRMED,Kamand_velocity_UNCONFIRMED,2026-01-07 11:26:04,5.736,vel_K.csv,statistical_outlier_iqr
Kamand,velocity_UNCONFIRMED,Kamand_velocity_UNCONFIRMED,2026-01-07 11:26:09,5.216,vel_K.csv,statistical_outlier_iqr
Kamand,velocity_UNCONFIRMED,Kamand_velocity_UNCONFIRMED,2026-01-07 11:26:13,4.651,vel_K.csv,statistical_outlier_iqr
Kamand,velocity_UNCONFIRMED,Kamand_velocity_UNCONFIRMED,2026-01-07 11:26:19,4.651,vel_K.csv,statistical_outlier_iqr
Kamand,velocity_UNCONFIRMED,Kamand_velocity_UNCONFIRMED,2026-01-07 11:26:24,4.993,vel_K.csv,statistical_outlier_iqr
Kamand,velocity_UNCONFIRMED,Kamand_velocity_UNCONFIRMED,2026-01-07 11:26:29,4.901,vel_K.csv,statistical_outlier_iqr
Kamand,velocity_UNCONFIRMED,Kamand_velocity_UNCONFIRMED,2026-01-07 11:26:34,5.512,vel_K.csv,statistical_outlier_iqr
Kamand,velocity_UNCONFIRMED,Kamand_velocity_UNCONFIRMED,2026-01-07 11:26:39,4.611,vel_K.csv,statistical_outlier_iqr
Kamand,velocity_UNCONFIRMED,Kamand_velocity_UNCONFIRMED,2026-01-07 11:26:44,5.69,vel_K.csv,statistical_outlier_iqr
Kamand,velocity_UNCONFIRMED,Kamand_velocity_UNCONFIRMED,2026-01-07 11:26:50,5.69,vel_K.csv,statistical_outlier_iqr
Kamand,velocity_UNCONFIRMED,Kamand_velocity_UNCONFIRMED,2026-01-07 11:26:53,4.396,vel_K.csv,statistical_outlier_iqr
Kamand,velocity_UNCONFIRMED,Kamand_velocity_UNCONFIRMED,2026-01-07 11:26:59,4.216,vel_K.csv,statistical_outlier_iqr
Kamand,velocity_UNCONFIRMED,Kamand_velocity_UNCONFIRMED,2026-01-07 11:27:04,4.216,vel_K.csv,statistical_outlier_iqr
Kamand,velocity_UNCONFIRMED,Kamand_velocity_UNCONFIRMED,2026-01-07 11:27:09,5.062,vel_K.csv,statistical_outlier_iqr
Kamand,velocity_UNCONFIRMED,Kamand_velocity_UNCONFIRMED,2026-01-07 11:27:14,5.457,vel_K.csv,statistical_outlier_iqr
Kamand,velocity_UNCONFIRMED,Kamand_velocity_UNCONFIRMED,2026-01-07 11:27:18,5.442,vel_K.csv,statistical_outlier_iqr
Kamand,velocity_UNCONFIRMED,Kamand_velocity_UNCONFIRMED,2026-01-07 11:27:24,5.657,vel_K.csv,statistical_outlier_iqr
Kamand,velocity_UNCONFIRMED,Kamand_velocity_UNCONFIRMED,2026-01-07 11:27:29,5.718,vel_K.csv,statistical_outlier_iqr
Kamand,velocity_UNCONFIRMED,Kamand_velocity_UNCONFIRMED,2026-01-07 11:27:33,5.718,vel_K.csv,statistical_outlier_iqr
Kamand,velocity_UNCONFIRMED,Kamand_velocity_UNCONFIRMED,2026-01-07 11:27:39,5.718,vel_K.csv,statistical_outlier_iqr
Kamand,velocity_UNCONFIRMED,Kamand_velocity_UNCONFIRMED,2026-01-07 11:27:44,5.657,vel_K.csv,statistical_outlier_iqr
Kamand,velocity_UNCONFIRMED,Kamand_velocity_UNCONFIRMED,2026-01-07 11:27:49,5.718,vel_K.csv,statistical_outlier_iqr
Kamand,velocity_UNCONFIRMED,Kamand_velocity_UNCONFIRMED,2026-01-07 11:27:54,5.718,vel_K.csv,statistical_outlier_iqr
Kamand,velocity_UNCONFIRMED,Kamand_velocity_UNCONFIRMED,2026-01-07 11:27:58,5.779,vel_K.csv,statistical_outlier_iqr
Kamand,velocity_UNCONFIRMED,Kamand_velocity_UNCONFIRMED,2026-01-07 11:28:04,5.826,vel_K.csv,statistical_outlier_iqr
Kamand,velocity_UNCONFIRMED,Kamand_velocity_UNCONFIRMED,2026-01-07 11:28:09,5.718,vel_K.csv,statistical_outlier_iqr
Kamand,velocity_UNCONFIRMED,Kamand_velocity_UNCONFIRMED,2026-01-07 11:28:14,5.704,vel_K.csv,statistical_outlier_iqr
Kamand,velocity_UNCONFIRMED,Kamand_velocity_UNCONFIRMED,2026-01-07 11:28:19,5.149,vel_K.csv,statistical_outlier_iqr
Kamand,velocity_UNCONFIRMED,Kamand_velocity_UNCONFIRMED,2026-01-07 11:28:23,5.21,vel_K.csv,statistical_outlier_iqr
Kamand,velocity_UNCONFIRMED,Kamand_velocity_UNCONFIRMED,2026-01-07 11:28:29,4.538,vel_K.csv,statistical_outlier_iqr
Kamand,velocity_UNCONFIRMED,Kamand_velocity_UNCONFIRMED,2026-01-07 11:28:34,4.538,vel_K.csv,statistical_outlier_iqr
Kamand,velocity_UNCONFIRMED,Kamand_velocity_UNCONFIRMED,2026-01-07 11:28:38,5.056,vel_K.csv,statistical_outlier_iqr
Kamand,velocity_UNCONFIRMED,Kamand_velocity_UNCONFIRMED,2026-01-07 11:28:44,5.724,vel_K.csv,statistical_outlier_iqr
Kamand,velocity_UNCONFIRMED,Kamand_velocity_UNCONFIRMED,2026-01-07 11:28:51,5.724,vel_K.csv,statistical_outlier_iqr
Kamand,velocity_UNCONFIRMED,Kamand_velocity_UNCONFIRMED,2026-01-07 11:28:54,5.724,vel_K.csv,statistical_outlier_iqr
Kamand,velocity_UNCONFIRMED,Kamand_velocity_UNCONFIRMED,2026-01-07 11:28:59,5.056,vel_K.csv,statistical_outlier_iqr
Kamand,velocity_UNCONFIRMED,Kamand_velocity_UNCONFIRMED,2026-01-07 11:29:03,5.056,vel_K.csv,statistical_outlier_iqr
Kamand,velocity_UNCONFIRMED,Kamand_velocity_UNCONFIRMED,2026-01-07 11:29:09,5.431,vel_K.csv,statistical_outlier_iqr
Kamand,velocity_UNCONFIRMED,Kamand_velocity_UNCONFIRMED,2026-01-07 11:29:14,5.431,vel_K.csv,statistical_outlier_iqr
Kamand,velocity_UNCONFIRMED,Kamand_velocity_UNCONFIRMED,2026-01-07 11:29:19,5.431,vel_K.csv,statistical_outlier_iqr
Kamand,velocity_UNCONFIRMED,Kamand_velocity_UNCONFIRMED,2026-01-07 11:29:24,5.431,vel_K.csv,statistical_outlier_iqr
Kamand,velocity_UNCONFIRMED,Kamand_velocity_UNCONFIRMED,2026-01-07 11:29:29,5.431,vel_K.csv,statistical_outlier_iqr
Kamand,velocity_UNCONFIRMED,Kamand_velocity_UNCONFIRMED,2026-01-07 11:29:34,5.586,vel_K.csv,statistical_outlier_iqr
Kamand,velocity_UNCONFIRMED,Kamand_velocity_UNCONFIRMED,2026-01-07 11:29:39,5.706,vel_K.csv,statistical_outlier_iqr
Kamand,velocity_UNCONFIRMED,Kamand_velocity_UNCONFIRMED,2026-01-07 11:29:43,5.318,vel_K.csv,statistical_outlier_iqr
Kamand,velocity_UNCONFIRMED,Kamand_velocity_UNCONFIRMED,2026-01-07 11:29:49,5.318,vel_K.csv,statistical_outlier_iqr
Kamand,velocity_UNCONFIRMED,Kamand_velocity_UNCONFIRMED,2026-01-07 11:29:54,5.318,vel_K.csv,statistical_outlier_iqr
Kamand,velocity_UNCONFIRMED,Kamand_velocity_UNCONFIRMED,2026-01-07 11:29:59,5.318,vel_K.csv,statistical_outlier_iqr
Kamand,velocity_UNCONFIRMED,Kamand_velocity_UNCONFIRMED,2026-01-07 11:30:04,5.208,vel_K.csv,statistical_outlier_iqr
Kamand,velocity_UNCONFIRMED,Kamand_velocity_UNCONFIRMED,2026-01-07 11:30:08,5.035,vel_K.csv,statistical_outlier_iqr
Kamand,velocity_UNCONFIRMED,Kamand_velocity_UNCONFIRMED,2026-01-07 11:30:14,5.035,vel_K.csv,statistical_outlier_iqr
Kamand,velocity_UNCONFIRMED,Kamand_velocity_UNCONFIRMED,2026-01-07 11:30:19,5.234,vel_K.csv,statistical_outlier_iqr
Kamand,velocity_UNCONFIRMED,Kamand_velocity_UNCONFIRMED,2026-01-07 11:30:23,5.035,vel_K.csv,statistical_outlier_iqr
Kamand,velocity_UNCONFIRMED,Kamand_velocity_UNCONFIRMED,2026-01-07 11:30:29,4.942,vel_K.csv,statistical_outlier_iqr
Kamand,velocity_UNCONFIRMED,Kamand_velocity_UNCONFIRMED,2026-01-07 11:30:34,4.877,vel_K.csv,statistical_outlier_iqr
Kamand,velocity_UNCONFIRMED,Kamand_velocity_UNCONFIRMED,2026-01-07 11:30:39,4.877,vel_K.csv,statistical_outlier_iqr
Kamand,velocity_UNCONFIRMED,Kamand_velocity_UNCONFIRMED,2026-01-07 11:30:44,4.657,vel_K.csv,statistical_outlier_iqr
Kamand,velocity_UNCONFIRMED,Kamand_velocity_UNCONFIRMED,2026-01-07 11:30:51,4.383,vel_K.csv,statistical_outlier_iqr
Kamand,velocity_UNCONFIRMED,Kamand_velocity_UNCONFIRMED,2026-01-07 11:30:54,3.944,vel_K.csv,statistical_outlier_iqr
Kamand,velocity_UNCONFIRMED,Kamand_velocity_UNCONFIRMED,2026-01-07 11:30:59,3.849,vel_K.csv,statistical_outlier_iqr
Kamand,velocity_UNCONFIRMED,Kamand_velocity_UNCONFIRMED,2026-01-07 11:31:04,3.849,vel_K.csv,statistical_outlier_iqr
Kamand,velocity_UNCONFIRMED,Kamand_velocity_UNCONFIRMED,2026-01-07 11:31:09,3.849,vel_K.csv,statistical_outlier_iqr
Kamand,velocity_UNCONFIRMED,Kamand_velocity_UNCONFIRMED,2026-01-07 11:31:13,4.383,vel_K.csv,statistical_outlier_iqr
Kamand,velocity_UNCONFIRMED,Kamand_velocity_UNCONFIRMED,2026-01-07 11:31:19,3.849,vel_K.csv,statistical_outlier_iqr
Kamand,velocity_UNCONFIRMED,Kamand_velocity_UNCONFIRMED,2026-01-07 11:31:24,4.383,vel_K.csv,statistical_outlier_iqr
Kamand,velocity_UNCONFIRMED,Kamand_velocity_UNCONFIRMED,2026-01-07 11:31:28,4.657,vel_K.csv,statistical_outlier_iqr
Kamand,velocity_UNCONFIRMED,Kamand_velocity_UNCONFIRMED,2026-01-07 11:31:34,5.586,vel_K.csv,statistical_outlier_iqr
Kamand,velocity_UNCONFIRMED,Kamand_velocity_UNCONFIRMED,2026-01-07 11:31:39,3.965,vel_K.csv,statistical_outlier_iqr
Kamand,velocity_UNCONFIRMED,Kamand_velocity_UNCONFIRMED,2026-01-07 11:31:44,3.879,vel_K.csv,statistical_outlier_iqr
Kamand,velocity_UNCONFIRMED,Kamand_velocity_UNCONFIRMED,2026-01-07 11:31:49,3.879,vel_K.csv,statistical_outlier_iqr
Kamand,velocity_UNCONFIRMED,Kamand_velocity_UNCONFIRMED,2026-01-07 11:31:53,5.499,vel_K.csv,statistical_outlier_iqr
Kamand,velocity_UNCONFIRMED,Kamand_velocity_UNCONFIRMED,2026-01-07 11:31:59,5.955,vel_K.csv,statistical_outlier_iqr
Kamand,velocity_UNCONFIRMED,Kamand_velocity_UNCONFIRMED,2026-01-07 11:32:04,5.955,vel_K.csv,statistical_outlier_iqr
Kamand,velocity_UNCONFIRMED,Kamand_velocity_UNCONFIRMED,2026-01-07 11:32:09,5.686,vel_K.csv,statistical_outlier_iqr
Kamand,velocity_UNCONFIRMED,Kamand_velocity_UNCONFIRMED,2026-01-07 11:32:14,5.156,vel_K.csv,statistical_outlier_iqr
Kamand,velocity_UNCONFIRMED,Kamand_velocity_UNCONFIRMED,2026-01-07 11:32:19,5.306,vel_K.csv,statistical_outlier_iqr
Kamand,velocity_UNCONFIRMED,Kamand_velocity_UNCONFIRMED,2026-01-07 11:32:24,5.306,vel_K.csv,statistical_outlier_iqr
Kamand,velocity_UNCONFIRMED,Kamand_velocity_UNCONFIRMED,2026-01-07 11:32:29,5.156,vel_K.csv,statistical_outlier_iqr
Kamand,velocity_UNCONFIRMED,Kamand_velocity_UNCONFIRMED,2026-01-07 11:32:33,5.008,vel_K.csv,statistical_outlier_iqr
Kamand,velocity_UNCONFIRMED,Kamand_velocity_UNCONFIRMED,2026-01-07 11:32:39,5.156,vel_K.csv,statistical_outlier_iqr
Kamand,velocity_UNCONFIRMED,Kamand_velocity_UNCONFIRMED,2026-01-07 11:32:44,5.284,vel_K.csv,statistical_outlier_iqr
Kamand,velocity_UNCONFIRMED,Kamand_velocity_UNCONFIRMED,2026-01-07 11:32:51,5.353,vel_K.csv,statistical_outlier_iqr
Kamand,velocity_UNCONFIRMED,Kamand_velocity_UNCONFIRMED,2026-01-07 11:32:54,5.284,vel_K.csv,statistical_outlier_iqr
Kamand,velocity_UNCONFIRMED,Kamand_velocity_UNCONFIRMED,2026-01-07 11:32:58,5.203,vel_K.csv,statistical_outlier_iqr
Kamand,velocity_UNCONFIRMED,Kamand_velocity_UNCONFIRMED,2026-01-07 11:33:04,5.203,vel_K.csv,statistical_outlier_iqr
Kamand,velocity_UNCONFIRMED,Kamand_velocity_UNCONFIRMED,2026-01-07 11:33:09,5.203,vel_K.csv,statistical_outlier_iqr
Kamand,velocity_UNCONFIRMED,Kamand_velocity_UNCONFIRMED,2026-01-07 11:33:14,5.353,vel_K.csv,statistical_outlier_iqr
Kamand,velocity_UNCONFIRMED,Kamand_velocity_UNCONFIRMED,2026-01-07 11:33:19,5.443,vel_K.csv,statistical_outlier_iqr
Kamand,velocity_UNCONFIRMED,Kamand_velocity_UNCONFIRMED,2026-01-07 11:33:24,5.578,vel_K.csv,statistical_outlier_iqr
Kamand,velocity_UNCONFIRMED,Kamand_velocity_UNCONFIRMED,2026-01-07 11:33:29,5.77,vel_K.csv,statistical_outlier_iqr
Kamand,velocity_UNCONFIRMED,Kamand_velocity_UNCONFIRMED,2026-01-07 11:33:34,6.128,vel_K.csv,statistical_outlier_iqr
Kamand,velocity_UNCONFIRMED,Kamand_velocity_UNCONFIRMED,2026-01-07 11:33:38,5.77,vel_K.csv,statistical_outlier_iqr
Kamand,velocity_UNCONFIRMED,Kamand_velocity_UNCONFIRMED,2026-01-07 11:33:44,5.77,vel_K.csv,statistical_outlier_iqr
Kamand,velocity_UNCONFIRMED,Kamand_velocity_UNCONFIRMED,2026-01-07 11:33:49,5.77,vel_K.csv,statistical_outlier_iqr
Kamand,velocity_UNCONFIRMED,Kamand_velocity_UNCONFIRMED,2026-01-07 11:33:54,5.77,vel_K.csv,statistical_outlier_iqr
Kamand,velocity_UNCONFIRMED,Kamand_velocity_UNCONFIRMED,2026-01-07 11:33:59,5.77,vel_K.csv,statistical_outlier_iqr
Kamand,velocity_UNCONFIRMED,Kamand_velocity_UNCONFIRMED,2026-01-07 11:34:03,5.77,vel_K.csv,statistical_outlier_iqr
Kamand,velocity_UNCONFIRMED,Kamand_velocity_UNCONFIRMED,2026-01-07 11:34:09,5.77,vel_K.csv,statistical_outlier_iqr
Kamand,velocity_UNCONFIRMED,Kamand_velocity_UNCONFIRMED,2026-01-07 11:34:14,5.77,vel_K.csv,statistical_outlier_iqr
Kamand,velocity_UNCONFIRMED,Kamand_velocity_UNCONFIRMED,2026-01-07 11:34:18,5.77,vel_K.csv,statistical_outlier_iqr
Kamand,velocity_UNCONFIRMED,Kamand_velocity_UNCONFIRMED,2026-01-07 11:34:24,5.807,vel_K.csv,statistical_outlier_iqr
Kamand,velocity_UNCONFIRMED,Kamand_velocity_UNCONFIRMED,2026-01-07 11:34:29,5.992,vel_K.csv,statistical_outlier_iqr
Kamand,velocity_UNCONFIRMED,Kamand_velocity_UNCONFIRMED,2026-01-07 11:34:34,5.69,vel_K.csv,statistical_outlier_iqr
Kamand,velocity_UNCONFIRMED,Kamand_velocity_UNCONFIRMED,2026-01-07 11:34:39,5.992,vel_K.csv,statistical_outlier_iqr
Kamand,velocity_UNCONFIRMED,Kamand_velocity_UNCONFIRMED,2026-01-07 11:34:43,5.992,vel_K.csv,statistical_outlier_iqr
Kamand,velocity_UNCONFIRMED,Kamand_velocity_UNCONFIRMED,2026-01-07 11:34:51,5.842,vel_K.csv,statistical_outlier_iqr
Kamand,velocity_UNCONFIRMED,Kamand_velocity_UNCONFIRMED,2026-01-07 11:34:54,5.842,vel_K.csv,statistical_outlier_iqr
Kamand,velocity_UNCONFIRMED,Kamand_velocity_UNCONFIRMED,2026-01-07 11:34:59,5.992,vel_K.csv,statistical_outlier_iqr
Kamand,velocity_UNCONFIRMED,Kamand_velocity_UNCONFIRMED,2026-01-07 11:35:04,5.992,vel_K.csv,statistical_outlier_iqr
Kamand,velocity_UNCONFIRMED,Kamand_velocity_UNCONFIRMED,2026-01-07 11:35:09,5.992,vel_K.csv,statistical_outlier_iqr
Kamand,velocity_UNCONFIRMED,Kamand_velocity_UNCONFIRMED,2026-01-07 11:35:14,5.842,vel_K.csv,statistical_outlier_iqr
Kamand,velocity_UNCONFIRMED,Kamand_velocity_UNCONFIRMED,2026-01-07 11:35:19,5.842,vel_K.csv,statistical_outlier_iqr
Kamand,velocity_UNCONFIRMED,Kamand_velocity_UNCONFIRMED,2026-01-07 11:35:23,5.657,vel_K.csv,statistical_outlier_iqr
Kamand,velocity_UNCONFIRMED,Kamand_velocity_UNCONFIRMED,2026-01-07 11:35:29,5.657,vel_K.csv,statistical_outlier_iqr
Kamand,velocity_UNCONFIRMED,Kamand_velocity_UNCONFIRMED,2026-01-07 11:35:34,6.026,vel_K.csv,statistical_outlier_iqr
Kamand,velocity_UNCONFIRMED,Kamand_velocity_UNCONFIRMED,2026-01-07 11:35:39,5.657,vel_K.csv,statistical_outlier_iqr
Kamand,velocity_UNCONFIRMED,Kamand_velocity_UNCONFIRMED,2026-01-07 11:35:44,5.657,vel_K.csv,statistical_outlier_iqr
Kamand,velocity_UNCONFIRMED,Kamand_velocity_UNCONFIRMED,2026-01-07 11:35:48,5.851,vel_K.csv,statistical_outlier_iqr
Kamand,velocity_UNCONFIRMED,Kamand_velocity_UNCONFIRMED,2026-01-07 11:35:54,6.221,vel_K.csv,statistical_outlier_iqr
Kamand,velocity_UNCONFIRMED,Kamand_velocity_UNCONFIRMED,2026-01-07 11:35:59,6.104,vel_K.csv,statistical_outlier_iqr
Kamand,velocity_UNCONFIRMED,Kamand_velocity_UNCONFIRMED,2026-01-07 11:36:04,6.104,vel_K.csv,statistical_outlier_iqr
Kamand,velocity_UNCONFIRMED,Kamand_velocity_UNCONFIRMED,2026-01-07 11:36:09,5.782,vel_K.csv,statistical_outlier_iqr
Kamand,velocity_UNCONFIRMED,Kamand_velocity_UNCONFIRMED,2026-01-07 11:36:14,6.104,vel_K.csv,statistical_outlier_iqr
Kamand,velocity_UNCONFIRMED,Kamand_velocity_UNCONFIRMED,2026-01-07 11:36:19,5.859,vel_K.csv,statistical_outlier_iqr
Kamand,velocity_UNCONFIRMED,Kamand_velocity_UNCONFIRMED,2026-01-07 11:36:24,6.104,vel_K.csv,statistical_outlier_iqr
Kamand,velocity_UNCONFIRMED,Kamand_velocity_UNCONFIRMED,2026-01-07 11:36:28,5.896,vel_K.csv,statistical_outlier_iqr
Kamand,velocity_UNCONFIRMED,Kamand_velocity_UNCONFIRMED,2026-01-07 11:36:34,5.72,vel_K.csv,statistical_outlier_iqr
Kamand,velocity_UNCONFIRMED,Kamand_velocity_UNCONFIRMED,2026-01-07 11:36:39,5.869,vel_K.csv,statistical_outlier_iqr
Kamand,velocity_UNCONFIRMED,Kamand_velocity_UNCONFIRMED,2026-01-07 11:36:44,5.869,vel_K.csv,statistical_outlier_iqr
Kamand,velocity_UNCONFIRMED,Kamand_velocity_UNCONFIRMED,2026-01-07 11:36:51,5.72,vel_K.csv,statistical_outlier_iqr
Kamand,velocity_UNCONFIRMED,Kamand_velocity_UNCONFIRMED,2026-01-07 11:36:53,5.606,vel_K.csv,statistical_outlier_iqr
Kamand,velocity_UNCONFIRMED,Kamand_velocity_UNCONFIRMED,2026-01-07 11:36:59,5.374,vel_K.csv,statistical_outlier_iqr
Kamand,velocity_UNCONFIRMED,Kamand_velocity_UNCONFIRMED,2026-01-07 11:37:04,5.374,vel_K.csv,statistical_outlier_iqr
Kamand,velocity_UNCONFIRMED,Kamand_velocity_UNCONFIRMED,2026-01-07 11:37:09,5.201,vel_K.csv,statistical_outlier_iqr
Kamand,velocity_UNCONFIRMED,Kamand_velocity_UNCONFIRMED,2026-01-07 11:37:14,5.176,vel_K.csv,statistical_outlier_iqr
Kamand,velocity_UNCONFIRMED,Kamand_velocity_UNCONFIRMED,2026-01-07 11:37:19,5.176,vel_K.csv,statistical_outlier_iqr
Kamand,velocity_UNCONFIRMED,Kamand_velocity_UNCONFIRMED,2026-01-07 11:37:24,5.108,vel_K.csv,statistical_outlier_iqr
Kamand,velocity_UNCONFIRMED,Kamand_velocity_UNCONFIRMED,2026-01-07 11:37:29,5.108,vel_K.csv,statistical_outlier_iqr
Kamand,velocity_UNCONFIRMED,Kamand_velocity_UNCONFIRMED,2026-01-07 11:37:33,5.108,vel_K.csv,statistical_outlier_iqr
Kamand,velocity_UNCONFIRMED,Kamand_velocity_UNCONFIRMED,2026-01-07 11:37:39,5.108,vel_K.csv,statistical_outlier_iqr
Kamand,velocity_UNCONFIRMED,Kamand_velocity_UNCONFIRMED,2026-01-07 11:37:44,5.108,vel_K.csv,statistical_outlier_iqr
Kamand,velocity_UNCONFIRMED,Kamand_velocity_UNCONFIRMED,2026-01-07 11:37:49,5.108,vel_K.csv,statistical_outlier_iqr
Kamand,velocity_UNCONFIRMED,Kamand_velocity_UNCONFIRMED,2026-01-07 11:37:54,5.108,vel_K.csv,statistical_outlier_iqr
Kamand,velocity_UNCONFIRMED,Kamand_velocity_UNCONFIRMED,2026-01-07 11:37:58,5.413,vel_K.csv,statistical_outlier_iqr
Kamand,velocity_UNCONFIRMED,Kamand_velocity_UNCONFIRMED,2026-01-07 11:38:04,5.49,vel_K.csv,statistical_outlier_iqr
Kamand,velocity_UNCONFIRMED,Kamand_velocity_UNCONFIRMED,2026-01-07 11:38:09,5.49,vel_K.csv,statistical_outlier_iqr
Kamand,velocity_UNCONFIRMED,Kamand_velocity_UNCONFIRMED,2026-01-07 11:38:13,5.421,vel_K.csv,statistical_outlier_iqr
Kamand,velocity_UNCONFIRMED,Kamand_velocity_UNCONFIRMED,2026-01-07 11:38:19,4.986,vel_K.csv,statistical_outlier_iqr
Kamand,velocity_UNCONFIRMED,Kamand_velocity_UNCONFIRMED,2026-01-07 11:38:24,5.063,vel_K.csv,statistical_outlier_iqr
Kamand,velocity_UNCONFIRMED,Kamand_velocity_UNCONFIRMED,2026-01-07 11:38:29,5.063,vel_K.csv,statistical_outlier_iqr
Kamand,velocity_UNCONFIRMED,Kamand_velocity_UNCONFIRMED,2026-01-07 11:38:34,5.787,vel_K.csv,statistical_outlier_iqr
Kamand,velocity_UNCONFIRMED,Kamand_velocity_UNCONFIRMED,2026-01-07 11:38:38,5.787,vel_K.csv,statistical_outlier_iqr
Kamand,velocity_UNCONFIRMED,Kamand_velocity_UNCONFIRMED,2026-01-07 11:38:44,6.152,vel_K.csv,statistical_outlier_iqr
Kamand,velocity_UNCONFIRMED,Kamand_velocity_UNCONFIRMED,2026-01-07 11:38:50,6.152,vel_K.csv,statistical_outlier_iqr
Kamand,velocity_UNCONFIRMED,Kamand_velocity_UNCONFIRMED,2026-01-07 11:38:54,6.152,vel_K.csv,statistical_outlier_iqr
Kamand,velocity_UNCONFIRMED,Kamand_velocity_UNCONFIRMED,2026-01-07 11:38:59,6.152,vel_K.csv,statistical_outlier_iqr
Kamand,velocity_UNCONFIRMED,Kamand_velocity_UNCONFIRMED,2026-01-07 11:39:04,6.013,vel_K.csv,statistical_outlier_iqr
Kamand,velocity_UNCONFIRMED,Kamand_velocity_UNCONFIRMED,2026-01-07 11:39:09,6.302,vel_K.csv,statistical_outlier_iqr
Kamand,velocity_UNCONFIRMED,Kamand_velocity_UNCONFIRMED,2026-01-07 11:39:14,6.456,vel_K.csv,statistical_outlier_iqr
Kamand,velocity_UNCONFIRMED,Kamand_velocity_UNCONFIRMED,2026-01-07 11:39:18,6.55,vel_K.csv,statistical_outlier_iqr
Kamand,velocity_UNCONFIRMED,Kamand_velocity_UNCONFIRMED,2026-01-07 11:39:24,6.47,vel_K.csv,statistical_outlier_iqr
Kamand,velocity_UNCONFIRMED,Kamand_velocity_UNCONFIRMED,2026-01-07 11:39:29,6.302,vel_K.csv,statistical_outlier_iqr
Kamand,velocity_UNCONFIRMED,Kamand_velocity_UNCONFIRMED,2026-01-07 11:39:34,6.302,vel_K.csv,statistical_outlier_iqr
Kamand,velocity_UNCONFIRMED,Kamand_velocity_UNCONFIRMED,2026-01-07 11:39:39,6.47,vel_K.csv,statistical_outlier_iqr
Kamand,velocity_UNCONFIRMED,Kamand_velocity_UNCONFIRMED,2026-01-07 11:39:43,6.288,vel_K.csv,statistical_outlier_iqr
Kamand,velocity_UNCONFIRMED,Kamand_velocity_UNCONFIRMED,2026-01-07 11:39:49,5.999,vel_K.csv,statistical_outlier_iqr
Kamand,velocity_UNCONFIRMED,Kamand_velocity_UNCONFIRMED,2026-01-07 11:39:54,5.999,vel_K.csv,statistical_outlier_iqr
Kamand,velocity_UNCONFIRMED,Kamand_velocity_UNCONFIRMED,2026-01-07 11:39:59,5.634,vel_K.csv,statistical_outlier_iqr
Kamand,velocity_UNCONFIRMED,Kamand_velocity_UNCONFIRMED,2026-01-07 11:40:04,6.382,vel_K.csv,statistical_outlier_iqr
Kamand,velocity_UNCONFIRMED,Kamand_velocity_UNCONFIRMED,2026-01-07 11:40:09,5.808,vel_K.csv,statistical_outlier_iqr
Kamand,velocity_UNCONFIRMED,Kamand_velocity_UNCONFIRMED,2026-01-07 11:40:14,5.808,vel_K.csv,statistical_outlier_iqr
Kamand,velocity_UNCONFIRMED,Kamand_velocity_UNCONFIRMED,2026-01-07 11:40:19,5.241,vel_K.csv,statistical_outlier_iqr
Kamand,velocity_UNCONFIRMED,Kamand_velocity_UNCONFIRMED,2026-01-07 11:40:23,5.681,vel_K.csv,statistical_outlier_iqr
Kamand,velocity_UNCONFIRMED,Kamand_velocity_UNCONFIRMED,2026-01-07 11:40:29,5.681,vel_K.csv,statistical_outlier_iqr
Kamand,velocity_UNCONFIRMED,Kamand_velocity_UNCONFIRMED,2026-01-07 11:40:34,5.268,vel_K.csv,statistical_outlier_iqr
Kamand,velocity_UNCONFIRMED,Kamand_velocity_UNCONFIRMED,2026-01-07 11:40:39,5.268,vel_K.csv,statistical_outlier_iqr
Kamand,velocity_UNCONFIRMED,Kamand_velocity_UNCONFIRMED,2026-01-07 11:40:44,5.268,vel_K.csv,statistical_outlier_iqr
Kamand,velocity_UNCONFIRMED,Kamand_velocity_UNCONFIRMED,2026-01-07 11:40:52,5.681,vel_K.csv,statistical_outlier_iqr
Kamand,velocity_UNCONFIRMED,Kamand_velocity_UNCONFIRMED,2026-01-07 11:40:54,5.681,vel_K.csv,statistical_outlier_iqr
Kamand,velocity_UNCONFIRMED,Kamand_velocity_UNCONFIRMED,2026-01-07 11:40:59,5.681,vel_K.csv,statistical_outlier_iqr
Kamand,velocity_UNCONFIRMED,Kamand_velocity_UNCONFIRMED,2026-01-07 11:41:03,5.681,vel_K.csv,statistical_outlier_iqr
Kamand,velocity_UNCONFIRMED,Kamand_velocity_UNCONFIRMED,2026-01-07 11:41:09,5.948,vel_K.csv,statistical_outlier_iqr
Kamand,velocity_UNCONFIRMED,Kamand_velocity_UNCONFIRMED,2026-01-07 11:41:14,5.741,vel_K.csv,statistical_outlier_iqr
Kamand,velocity_UNCONFIRMED,Kamand_velocity_UNCONFIRMED,2026-01-07 11:41:19,5.741,vel_K.csv,statistical_outlier_iqr
Kamand,velocity_UNCONFIRMED,Kamand_velocity_UNCONFIRMED,2026-01-07 11:41:24,5.328,vel_K.csv,statistical_outlier_iqr
Kamand,velocity_UNCONFIRMED,Kamand_velocity_UNCONFIRMED,2026-01-07 11:41:28,5.086,vel_K.csv,statistical_outlier_iqr
Kamand,velocity_UNCONFIRMED,Kamand_velocity_UNCONFIRMED,2026-01-07 11:41:34,5.293,vel_K.csv,statistical_outlier_iqr
Kamand,velocity_UNCONFIRMED,Kamand_velocity_UNCONFIRMED,2026-01-07 11:41:39,5.173,vel_K.csv,statistical_outlier_iqr
Kamand,velocity_UNCONFIRMED,Kamand_velocity_UNCONFIRMED,2026-01-07 11:41:44,5.173,vel_K.csv,statistical_outlier_iqr
Kamand,velocity_UNCONFIRMED,Kamand_velocity_UNCONFIRMED,2026-01-07 11:41:49,5.173,vel_K.csv,statistical_outlier_iqr
Kamand,velocity_UNCONFIRMED,Kamand_velocity_UNCONFIRMED,2026-01-07 11:41:54,5.415,vel_K.csv,statistical_outlier_iqr
Kamand,velocity_UNCONFIRMED,Kamand_velocity_UNCONFIRMED,2026-01-07 11:41:59,5.58,vel_K.csv,statistical_outlier_iqr
Kamand,velocity_UNCONFIRMED,Kamand_velocity_UNCONFIRMED,2026-01-07 11:42:04,5.58,vel_K.csv,statistical_outlier_iqr
Kamand,velocity_UNCONFIRMED,Kamand_velocity_UNCONFIRMED,2026-01-07 11:42:08,5.58,vel_K.csv,statistical_outlier_iqr
Kamand,velocity_UNCONFIRMED,Kamand_velocity_UNCONFIRMED,2026-01-07 11:42:14,5.46,vel_K.csv,statistical_outlier_iqr
Kamand,velocity_UNCONFIRMED,Kamand_velocity_UNCONFIRMED,2026-01-07 11:42:19,5.46,vel_K.csv,statistical_outlier_iqr
Kamand,velocity_UNCONFIRMED,Kamand_velocity_UNCONFIRMED,2026-01-07 11:42:24,5.46,vel_K.csv,statistical_outlier_iqr
Kamand,velocity_UNCONFIRMED,Kamand_velocity_UNCONFIRMED,2026-01-07 11:42:29,5.644,vel_K.csv,statistical_outlier_iqr
Kamand,velocity_UNCONFIRMED,Kamand_velocity_UNCONFIRMED,2026-01-07 11:42:33,5.644,vel_K.csv,statistical_outlier_iqr
Kamand,velocity_UNCONFIRMED,Kamand_velocity_UNCONFIRMED,2026-01-07 11:42:39,5.644,vel_K.csv,statistical_outlier_iqr
Kamand,velocity_UNCONFIRMED,Kamand_velocity_UNCONFIRMED,2026-01-07 11:42:44,5.827,vel_K.csv,statistical_outlier_iqr
Kamand,velocity_UNCONFIRMED,Kamand_velocity_UNCONFIRMED,2026-01-07 11:42:52,5.644,vel_K.csv,statistical_outlier_iqr
Kamand,velocity_UNCONFIRMED,Kamand_velocity_UNCONFIRMED,2026-01-07 11:42:54,5.396,vel_K.csv,statistical_outlier_iqr
Kamand,velocity_UNCONFIRMED,Kamand_velocity_UNCONFIRMED,2026-01-07 11:42:59,5.196,vel_K.csv,statistical_outlier_iqr
Kamand,velocity_UNCONFIRMED,Kamand_velocity_UNCONFIRMED,2026-01-07 11:43:04,5.196,vel_K.csv,statistical_outlier_iqr
Kamand,velocity_UNCONFIRMED,Kamand_velocity_UNCONFIRMED,2026-01-07 11:43:09,5.196,vel_K.csv,statistical_outlier_iqr
Kamand,velocity_UNCONFIRMED,Kamand_velocity_UNCONFIRMED,2026-01-07 11:43:13,5.343,vel_K.csv,statistical_outlier_iqr
Kamand,velocity_UNCONFIRMED,Kamand_velocity_UNCONFIRMED,2026-01-07 11:43:19,5.455,vel_K.csv,statistical_outlier_iqr
Kamand,velocity_UNCONFIRMED,Kamand_velocity_UNCONFIRMED,2026-01-07 11:43:24,5.624,vel_K.csv,statistical_outlier_iqr
Kamand,velocity_UNCONFIRMED,Kamand_velocity_UNCONFIRMED,2026-01-07 11:43:29,5.624,vel_K.csv,statistical_outlier_iqr
Kamand,velocity_UNCONFIRMED,Kamand_velocity_UNCONFIRMED,2026-01-07 11:43:34,5.624,vel_K.csv,statistical_outlier_iqr
Kamand,velocity_UNCONFIRMED,Kamand_velocity_UNCONFIRMED,2026-01-07 11:43:38,5.83,vel_K.csv,statistical_outlier_iqr
Kamand,velocity_UNCONFIRMED,Kamand_velocity_UNCONFIRMED,2026-01-07 11:43:44,5.624,vel_K.csv,statistical_outlier_iqr
Kamand,velocity_UNCONFIRMED,Kamand_velocity_UNCONFIRMED,2026-01-07 11:43:49,5.624,vel_K.csv,statistical_outlier_iqr
Kamand,velocity_UNCONFIRMED,Kamand_velocity_UNCONFIRMED,2026-01-07 11:43:53,5.624,vel_K.csv,statistical_outlier_iqr
Kamand,velocity_UNCONFIRMED,Kamand_velocity_UNCONFIRMED,2026-01-07 11:43:59,5.83,vel_K.csv,statistical_outlier_iqr
Kamand,velocity_UNCONFIRMED,Kamand_velocity_UNCONFIRMED,2026-01-07 11:44:04,6.022,vel_K.csv,statistical_outlier_iqr
Kamand,velocity_UNCONFIRMED,Kamand_velocity_UNCONFIRMED,2026-01-07 11:44:09,6.185,vel_K.csv,statistical_outlier_iqr
Kamand,velocity_UNCONFIRMED,Kamand_velocity_UNCONFIRMED,2026-01-07 11:44:14,6.185,vel_K.csv,statistical_outlier_iqr
Kamand,velocity_UNCONFIRMED,Kamand_velocity_UNCONFIRMED,2026-01-07 11:44:18,6.185,vel_K.csv,statistical_outlier_iqr
Kamand,velocity_UNCONFIRMED,Kamand_velocity_UNCONFIRMED,2026-01-07 11:44:24,6.022,vel_K.csv,statistical_outlier_iqr
Kamand,velocity_UNCONFIRMED,Kamand_velocity_UNCONFIRMED,2026-01-07 11:44:29,6.022,vel_K.csv,statistical_outlier_iqr
Kamand,velocity_UNCONFIRMED,Kamand_velocity_UNCONFIRMED,2026-01-07 11:44:34,6.445,vel_K.csv,statistical_outlier_iqr
Kamand,velocity_UNCONFIRMED,Kamand_velocity_UNCONFIRMED,2026-01-07 11:44:39,6.681,vel_K.csv,statistical_outlier_iqr
Kamand,velocity_UNCONFIRMED,Kamand_velocity_UNCONFIRMED,2026-01-07 11:44:43,6.83,vel_K.csv,statistical_outlier_iqr
Kamand,velocity_UNCONFIRMED,Kamand_velocity_UNCONFIRMED,2026-01-07 11:44:51,6.83,vel_K.csv,statistical_outlier_iqr
Kamand,velocity_UNCONFIRMED,Kamand_velocity_UNCONFIRMED,2026-01-07 11:44:54,6.83,vel_K.csv,statistical_outlier_iqr
Kamand,velocity_UNCONFIRMED,Kamand_velocity_UNCONFIRMED,2026-01-07 11:44:58,6.681,vel_K.csv,statistical_outlier_iqr
Kamand,velocity_UNCONFIRMED,Kamand_velocity_UNCONFIRMED,2026-01-07 11:45:04,6.404,vel_K.csv,statistical_outlier_iqr
Kamand,velocity_UNCONFIRMED,Kamand_velocity_UNCONFIRMED,2026-01-07 11:45:09,6.068,vel_K.csv,statistical_outlier_iqr
Kamand,velocity_UNCONFIRMED,Kamand_velocity_UNCONFIRMED,2026-01-07 11:45:14,6.068,vel_K.csv,statistical_outlier_iqr
Kamand,velocity_UNCONFIRMED,Kamand_velocity_UNCONFIRMED,2026-01-07 11:45:19,6.068,vel_K.csv,statistical_outlier_iqr
Kamand,velocity_UNCONFIRMED,Kamand_velocity_UNCONFIRMED,2026-01-07 11:45:23,6.395,vel_K.csv,statistical_outlier_iqr
Kamand,velocity_UNCONFIRMED,Kamand_velocity_UNCONFIRMED,2026-01-07 11:45:29,6.205,vel_K.csv,statistical_outlier_iqr
Kamand,velocity_UNCONFIRMED,Kamand_velocity_UNCONFIRMED,2026-01-07 11:45:34,6.068,vel_K.csv,statistical_outlier_iqr
Kamand,velocity_UNCONFIRMED,Kamand_velocity_UNCONFIRMED,2026-01-07 11:45:39,5.749,vel_K.csv,statistical_outlier_iqr
Kamand,velocity_UNCONFIRMED,Kamand_velocity_UNCONFIRMED,2026-01-07 11:45:44,5.749,vel_K.csv,statistical_outlier_iqr
Kamand,velocity_UNCONFIRMED,Kamand_velocity_UNCONFIRMED,2026-01-07 11:45:49,6.068,vel_K.csv,statistical_outlier_iqr
Kamand,velocity_UNCONFIRMED,Kamand_velocity_UNCONFIRMED,2026-01-07 11:45:54,6.068,vel_K.csv,statistical_outlier_iqr
Kamand,velocity_UNCONFIRMED,Kamand_velocity_UNCONFIRMED,2026-01-07 11:45:59,6.205,vel_K.csv,statistical_outlier_iqr
Kamand,velocity_UNCONFIRMED,Kamand_velocity_UNCONFIRMED,2026-01-07 11:46:03,6.237,vel_K.csv,statistical_outlier_iqr
Kamand,velocity_UNCONFIRMED,Kamand_velocity_UNCONFIRMED,2026-01-07 11:46:09,6.324,vel_K.csv,statistical_outlier_iqr
Kamand,velocity_UNCONFIRMED,Kamand_velocity_UNCONFIRMED,2026-01-07 11:46:14,6.324,vel_K.csv,statistical_outlier_iqr
Kamand,velocity_UNCONFIRMED,Kamand_velocity_UNCONFIRMED,2026-01-07 11:46:19,6.465,vel_K.csv,statistical_outlier_iqr
Kamand,velocity_UNCONFIRMED,Kamand_velocity_UNCONFIRMED,2026-01-07 11:46:24,6.465,vel_K.csv,statistical_outlier_iqr
Kamand,velocity_UNCONFIRMED,Kamand_velocity_UNCONFIRMED,2026-01-07 11:46:28,6.465,vel_K.csv,statistical_outlier_iqr
Kamand,velocity_UNCONFIRMED,Kamand_velocity_UNCONFIRMED,2026-01-07 11:46:34,6.465,vel_K.csv,statistical_outlier_iqr
Kamand,velocity_UNCONFIRMED,Kamand_velocity_UNCONFIRMED,2026-01-07 11:46:39,6.465,vel_K.csv,statistical_outlier_iqr
Kamand,velocity_UNCONFIRMED,Kamand_velocity_UNCONFIRMED,2026-01-07 11:46:44,6.678,vel_K.csv,statistical_outlier_iqr
Kamand,velocity_UNCONFIRMED,Kamand_velocity_UNCONFIRMED,2026-01-07 11:46:51,6.831,vel_K.csv,statistical_outlier_iqr
Kamand,velocity_UNCONFIRMED,Kamand_velocity_UNCONFIRMED,2026-01-07 11:46:54,6.831,vel_K.csv,statistical_outlier_iqr
Kamand,velocity_UNCONFIRMED,Kamand_velocity_UNCONFIRMED,2026-01-07 11:46:59,6.69,vel_K.csv,statistical_outlier_iqr
Kamand,velocity_UNCONFIRMED,Kamand_velocity_UNCONFIRMED,2026-01-07 11:47:04,6.322,vel_K.csv,statistical_outlier_iqr
Kamand,velocity_UNCONFIRMED,Kamand_velocity_UNCONFIRMED,2026-01-07 11:47:08,5.865,vel_K.csv,statistical_outlier_iqr
Kamand,velocity_UNCONFIRMED,Kamand_velocity_UNCONFIRMED,2026-01-07 11:47:14,5.865,vel_K.csv,statistical_outlier_iqr
Kamand,velocity_UNCONFIRMED,Kamand_velocity_UNCONFIRMED,2026-01-07 11:47:19,5.694,vel_K.csv,statistical_outlier_iqr
Kamand,velocity_UNCONFIRMED,Kamand_velocity_UNCONFIRMED,2026-01-07 11:47:24,5.694,vel_K.csv,statistical_outlier_iqr
Kamand,velocity_UNCONFIRMED,Kamand_velocity_UNCONFIRMED,2026-01-07 11:47:29,5.936,vel_K.csv,statistical_outlier_iqr
Kamand,velocity_UNCONFIRMED,Kamand_velocity_UNCONFIRMED,2026-01-07 11:47:33,5.936,vel_K.csv,statistical_outlier_iqr
Kamand,velocity_UNCONFIRMED,Kamand_velocity_UNCONFIRMED,2026-01-07 11:47:39,5.936,vel_K.csv,statistical_outlier_iqr
Kamand,velocity_UNCONFIRMED,Kamand_velocity_UNCONFIRMED,2026-01-07 11:47:44,5.545,vel_K.csv,statistical_outlier_iqr
Kamand,velocity_UNCONFIRMED,Kamand_velocity_UNCONFIRMED,2026-01-07 11:47:48,5.545,vel_K.csv,statistical_outlier_iqr
Kamand,velocity_UNCONFIRMED,Kamand_velocity_UNCONFIRMED,2026-01-07 11:47:54,5.545,vel_K.csv,statistical_outlier_iqr
Kamand,velocity_UNCONFIRMED,Kamand_velocity_UNCONFIRMED,2026-01-07 11:47:59,5.342,vel_K.csv,statistical_outlier_iqr
Kamand,velocity_UNCONFIRMED,Kamand_velocity_UNCONFIRMED,2026-01-07 11:48:04,5.562,vel_K.csv,statistical_outlier_iqr
Kamand,velocity_UNCONFIRMED,Kamand_velocity_UNCONFIRMED,2026-01-07 11:48:09,5.562,vel_K.csv,statistical_outlier_iqr
Kamand,velocity_UNCONFIRMED,Kamand_velocity_UNCONFIRMED,2026-01-07 11:48:13,5.209,vel_K.csv,statistical_outlier_iqr
Kamand,velocity_UNCONFIRMED,Kamand_velocity_UNCONFIRMED,2026-01-07 11:48:19,4.887,vel_K.csv,statistical_outlier_iqr
Kamand,velocity_UNCONFIRMED,Kamand_velocity_UNCONFIRMED,2026-01-07 11:48:24,4.887,vel_K.csv,statistical_outlier_iqr
Kamand,velocity_UNCONFIRMED,Kamand_velocity_UNCONFIRMED,2026-01-07 11:48:29,4.887,vel_K.csv,statistical_outlier_iqr
Kamand,velocity_UNCONFIRMED,Kamand_velocity_UNCONFIRMED,2026-01-07 11:48:34,4.887,vel_K.csv,statistical_outlier_iqr
Kamand,velocity_UNCONFIRMED,Kamand_velocity_UNCONFIRMED,2026-01-07 11:48:39,5.062,vel_K.csv,statistical_outlier_iqr
Kamand,velocity_UNCONFIRMED,Kamand_velocity_UNCONFIRMED,2026-01-07 11:48:44,5.212,vel_K.csv,statistical_outlier_iqr
Kamand,velocity_UNCONFIRMED,Kamand_velocity_UNCONFIRMED,2026-01-07 11:48:51,5.062,vel_K.csv,statistical_outlier_iqr
Kamand,velocity_UNCONFIRMED,Kamand_velocity_UNCONFIRMED,2026-01-07 11:48:53,5.062,vel_K.csv,statistical_outlier_iqr
Kamand,velocity_UNCONFIRMED,Kamand_velocity_UNCONFIRMED,2026-01-07 11:48:59,5.062,vel_K.csv,statistical_outlier_iqr
Kamand,velocity_UNCONFIRMED,Kamand_velocity_UNCONFIRMED,2026-01-07 11:49:04,4.887,vel_K.csv,statistical_outlier_iqr
Kamand,velocity_UNCONFIRMED,Kamand_velocity_UNCONFIRMED,2026-01-07 11:49:09,4.89,vel_K.csv,statistical_outlier_iqr
Kamand,velocity_UNCONFIRMED,Kamand_velocity_UNCONFIRMED,2026-01-07 11:49:14,5.216,vel_K.csv,statistical_outlier_iqr
Kamand,velocity_UNCONFIRMED,Kamand_velocity_UNCONFIRMED,2026-01-07 11:49:18,5.703,vel_K.csv,statistical_outlier_iqr
Kamand,velocity_UNCONFIRMED,Kamand_velocity_UNCONFIRMED,2026-01-07 11:49:24,5.324,vel_K.csv,statistical_outlier_iqr
Kamand,velocity_UNCONFIRMED,Kamand_velocity_UNCONFIRMED,2026-01-07 11:49:29,5.324,vel_K.csv,statistical_outlier_iqr
Kamand,velocity_UNCONFIRMED,Kamand_velocity_UNCONFIRMED,2026-01-07 11:49:34,5.703,vel_K.csv,statistical_outlier_iqr
Kamand,velocity_UNCONFIRMED,Kamand_velocity_UNCONFIRMED,2026-01-07 11:49:39,5.703,vel_K.csv,statistical_outlier_iqr
Kamand,velocity_UNCONFIRMED,Kamand_velocity_UNCONFIRMED,2026-01-07 11:49:44,5.486,vel_K.csv,statistical_outlier_iqr
Kamand,velocity_UNCONFIRMED,Kamand_velocity_UNCONFIRMED,2026-01-07 11:49:49,5.747,vel_K.csv,statistical_outlier_iqr
Kamand,velocity_UNCONFIRMED,Kamand_velocity_UNCONFIRMED,2026-01-07 11:49:54,5.747,vel_K.csv,statistical_outlier_iqr
Kamand,velocity_UNCONFIRMED,Kamand_velocity_UNCONFIRMED,2026-01-07 11:49:58,5.747,vel_K.csv,statistical_outlier_iqr
Kamand,velocity_UNCONFIRMED,Kamand_velocity_UNCONFIRMED,2026-01-07 11:50:04,5.963,vel_K.csv,statistical_outlier_iqr
Kamand,velocity_UNCONFIRMED,Kamand_velocity_UNCONFIRMED,2026-01-07 11:50:09,6.177,vel_K.csv,statistical_outlier_iqr
Kamand,velocity_UNCONFIRMED,Kamand_velocity_UNCONFIRMED,2026-01-07 11:50:14,6.411,vel_K.csv,statistical_outlier_iqr
Kamand,velocity_UNCONFIRMED,Kamand_velocity_UNCONFIRMED,2026-01-07 11:50:19,6.101,vel_K.csv,statistical_outlier_iqr
Kamand,velocity_UNCONFIRMED,Kamand_velocity_UNCONFIRMED,2026-01-07 11:50:23,6.411,vel_K.csv,statistical_outlier_iqr
Kamand,velocity_UNCONFIRMED,Kamand_velocity_UNCONFIRMED,2026-01-07 11:50:29,6.101,vel_K.csv,statistical_outlier_iqr
Kamand,velocity_UNCONFIRMED,Kamand_velocity_UNCONFIRMED,2026-01-07 11:50:34,6.101,vel_K.csv,statistical_outlier_iqr
Kamand,velocity_UNCONFIRMED,Kamand_velocity_UNCONFIRMED,2026-01-07 11:50:39,6.101,vel_K.csv,statistical_outlier_iqr
Kamand,velocity_UNCONFIRMED,Kamand_velocity_UNCONFIRMED,2026-01-07 11:50:44,6.101,vel_K.csv,statistical_outlier_iqr
Kamand,velocity_UNCONFIRMED,Kamand_velocity_UNCONFIRMED,2026-01-07 11:50:51,5.998,vel_K.csv,statistical_outlier_iqr
Kamand,velocity_UNCONFIRMED,Kamand_velocity_UNCONFIRMED,2026-01-07 11:50:54,5.998,vel_K.csv,statistical_outlier_iqr
Kamand,velocity_UNCONFIRMED,Kamand_velocity_UNCONFIRMED,2026-01-07 11:50:59,6.026,vel_K.csv,statistical_outlier_iqr
Kamand,velocity_UNCONFIRMED,Kamand_velocity_UNCONFIRMED,2026-01-07 11:51:04,6.026,vel_K.csv,statistical_outlier_iqr
Kamand,velocity_UNCONFIRMED,Kamand_velocity_UNCONFIRMED,2026-01-07 11:51:09,5.978,vel_K.csv,statistical_outlier_iqr
Kamand,velocity_UNCONFIRMED,Kamand_velocity_UNCONFIRMED,2026-01-07 11:51:14,5.978,vel_K.csv,statistical_outlier_iqr
Kamand,velocity_UNCONFIRMED,Kamand_velocity_UNCONFIRMED,2026-01-07 11:51:19,5.978,vel_K.csv,statistical_outlier_iqr
Kamand,velocity_UNCONFIRMED,Kamand_velocity_UNCONFIRMED,2026-01-07 11:51:24,5.636,vel_K.csv,statistical_outlier_iqr
Kamand,velocity_UNCONFIRMED,Kamand_velocity_UNCONFIRMED,2026-01-07 11:51:29,5.978,vel_K.csv,statistical_outlier_iqr
Kamand,velocity_UNCONFIRMED,Kamand_velocity_UNCONFIRMED,2026-01-07 11:51:34,5.978,vel_K.csv,statistical_outlier_iqr
Kamand,velocity_UNCONFIRMED,Kamand_velocity_UNCONFIRMED,2026-01-07 11:51:39,6.255,vel_K.csv,statistical_outlier_iqr
Kamand,velocity_UNCONFIRMED,Kamand_velocity_UNCONFIRMED,2026-01-07 11:51:44,6.255,vel_K.csv,statistical_outlier_iqr
Kamand,velocity_UNCONFIRMED,Kamand_velocity_UNCONFIRMED,2026-01-07 11:51:49,6.255,vel_K.csv,statistical_outlier_iqr
Kamand,velocity_UNCONFIRMED,Kamand_velocity_UNCONFIRMED,2026-01-07 11:51:54,6.255,vel_K.csv,statistical_outlier_iqr
Kamand,velocity_UNCONFIRMED,Kamand_velocity_UNCONFIRMED,2026-01-07 11:51:59,5.913,vel_K.csv,statistical_outlier_iqr
Kamand,velocity_UNCONFIRMED,Kamand_velocity_UNCONFIRMED,2026-01-07 11:52:04,5.359,vel_K.csv,statistical_outlier_iqr
Kamand,velocity_UNCONFIRMED,Kamand_velocity_UNCONFIRMED,2026-01-07 11:52:09,5.359,vel_K.csv,statistical_outlier_iqr
Kamand,velocity_UNCONFIRMED,Kamand_velocity_UNCONFIRMED,2026-01-07 11:52:14,5.359,vel_K.csv,statistical_outlier_iqr
Kamand,velocity_UNCONFIRMED,Kamand_velocity_UNCONFIRMED,2026-01-07 11:52:19,5.397,vel_K.csv,statistical_outlier_iqr
Kamand,velocity_UNCONFIRMED,Kamand_velocity_UNCONFIRMED,2026-01-07 11:52:24,5.415,vel_K.csv,statistical_outlier_iqr
Kamand,velocity_UNCONFIRMED,Kamand_velocity_UNCONFIRMED,2026-01-07 11:52:29,5.415,vel_K.csv,statistical_outlier_iqr
Kamand,velocity_UNCONFIRMED,Kamand_velocity_UNCONFIRMED,2026-01-07 11:52:34,5.062,vel_K.csv,statistical_outlier_iqr
Kamand,velocity_UNCONFIRMED,Kamand_velocity_UNCONFIRMED,2026-01-07 11:52:39,4.672,vel_K.csv,statistical_outlier_iqr
Kamand,velocity_UNCONFIRMED,Kamand_velocity_UNCONFIRMED,2026-01-07 11:52:44,5.062,vel_K.csv,statistical_outlier_iqr
Kamand,velocity_UNCONFIRMED,Kamand_velocity_UNCONFIRMED,2026-01-07 11:52:51,5.062,vel_K.csv,statistical_outlier_iqr
Kamand,velocity_UNCONFIRMED,Kamand_velocity_UNCONFIRMED,2026-01-07 11:52:54,5.062,vel_K.csv,statistical_outlier_iqr
Kamand,velocity_UNCONFIRMED,Kamand_velocity_UNCONFIRMED,2026-01-07 11:52:59,5.062,vel_K.csv,statistical_outlier_iqr
Kamand,velocity_UNCONFIRMED,Kamand_velocity_UNCONFIRMED,2026-01-07 11:53:04,5.344,vel_K.csv,statistical_outlier_iqr
Kamand,velocity_UNCONFIRMED,Kamand_velocity_UNCONFIRMED,2026-01-07 11:53:09,5.344,vel_K.csv,statistical_outlier_iqr
Kamand,velocity_UNCONFIRMED,Kamand_velocity_UNCONFIRMED,2026-01-07 11:53:14,5.344,vel_K.csv,statistical_outlier_iqr
Kamand,velocity_UNCONFIRMED,Kamand_velocity_UNCONFIRMED,2026-01-07 11:53:19,5.402,vel_K.csv,statistical_outlier_iqr
Kamand,velocity_UNCONFIRMED,Kamand_velocity_UNCONFIRMED,2026-01-07 11:53:24,5.402,vel_K.csv,statistical_outlier_iqr
Kamand,velocity_UNCONFIRMED,Kamand_velocity_UNCONFIRMED,2026-01-07 11:53:29,4.898,vel_K.csv,statistical_outlier_iqr
Kamand,velocity_UNCONFIRMED,Kamand_velocity_UNCONFIRMED,2026-01-07 11:53:34,4.898,vel_K.csv,statistical_outlier_iqr
Kamand,velocity_UNCONFIRMED,Kamand_velocity_UNCONFIRMED,2026-01-07 11:53:39,5.114,vel_K.csv,statistical_outlier_iqr
Kamand,velocity_UNCONFIRMED,Kamand_velocity_UNCONFIRMED,2026-01-07 11:53:44,5.114,vel_K.csv,statistical_outlier_iqr
Kamand,velocity_UNCONFIRMED,Kamand_velocity_UNCONFIRMED,2026-01-07 11:53:49,5.342,vel_K.csv,statistical_outlier_iqr
Kamand,velocity_UNCONFIRMED,Kamand_velocity_UNCONFIRMED,2026-01-07 11:53:54,5.424,vel_K.csv,statistical_outlier_iqr
Kamand,velocity_UNCONFIRMED,Kamand_velocity_UNCONFIRMED,2026-01-07 11:53:59,5.424,vel_K.csv,statistical_outlier_iqr
Kamand,velocity_UNCONFIRMED,Kamand_velocity_UNCONFIRMED,2026-01-07 11:54:04,5.444,vel_K.csv,statistical_outlier_iqr
Kamand,velocity_UNCONFIRMED,Kamand_velocity_UNCONFIRMED,2026-01-07 11:54:09,5.342,vel_K.csv,statistical_outlier_iqr
Kamand,velocity_UNCONFIRMED,Kamand_velocity_UNCONFIRMED,2026-01-07 11:54:14,5.114,vel_K.csv,statistical_outlier_iqr
Kamand,velocity_UNCONFIRMED,Kamand_velocity_UNCONFIRMED,2026-01-07 11:54:19,5.136,vel_K.csv,statistical_outlier_iqr
Kamand,velocity_UNCONFIRMED,Kamand_velocity_UNCONFIRMED,2026-01-07 11:54:24,4.838,vel_K.csv,statistical_outlier_iqr
Kamand,velocity_UNCONFIRMED,Kamand_velocity_UNCONFIRMED,2026-01-07 11:54:29,4.838,vel_K.csv,statistical_outlier_iqr
Kamand,velocity_UNCONFIRMED,Kamand_velocity_UNCONFIRMED,2026-01-07 11:54:34,5.136,vel_K.csv,statistical_outlier_iqr
Kamand,velocity_UNCONFIRMED,Kamand_velocity_UNCONFIRMED,2026-01-07 11:54:39,5.444,vel_K.csv,statistical_outlier_iqr
Kamand,velocity_UNCONFIRMED,Kamand_velocity_UNCONFIRMED,2026-01-07 11:54:44,5.145,vel_K.csv,statistical_outlier_iqr
Kamand,velocity_UNCONFIRMED,Kamand_velocity_UNCONFIRMED,2026-01-07 11:54:51,5.145,vel_K.csv,statistical_outlier_iqr
Kamand,velocity_UNCONFIRMED,Kamand_velocity_UNCONFIRMED,2026-01-07 11:54:54,4.748,vel_K.csv,statistical_outlier_iqr
Kamand,velocity_UNCONFIRMED,Kamand_velocity_UNCONFIRMED,2026-01-07 11:54:59,4.748,vel_K.csv,statistical_outlier_iqr
Kamand,velocity_UNCONFIRMED,Kamand_velocity_UNCONFIRMED,2026-01-07 11:55:04,4.748,vel_K.csv,statistical_outlier_iqr
Kamand,velocity_UNCONFIRMED,Kamand_velocity_UNCONFIRMED,2026-01-07 11:55:09,5.232,vel_K.csv,statistical_outlier_iqr
Kamand,velocity_UNCONFIRMED,Kamand_velocity_UNCONFIRMED,2026-01-07 11:55:14,5.763,vel_K.csv,statistical_outlier_iqr
Kamand,velocity_UNCONFIRMED,Kamand_velocity_UNCONFIRMED,2026-01-07 11:55:19,5.213,vel_K.csv,statistical_outlier_iqr
Kamand,velocity_UNCONFIRMED,Kamand_velocity_UNCONFIRMED,2026-01-07 11:55:24,5.763,vel_K.csv,statistical_outlier_iqr
Kamand,velocity_UNCONFIRMED,Kamand_velocity_UNCONFIRMED,2026-01-07 11:55:29,5.981,vel_K.csv,statistical_outlier_iqr
Kamand,velocity_UNCONFIRMED,Kamand_velocity_UNCONFIRMED,2026-01-07 11:55:34,5.915,vel_K.csv,statistical_outlier_iqr
Kamand,velocity_UNCONFIRMED,Kamand_velocity_UNCONFIRMED,2026-01-07 11:55:39,5.213,vel_K.csv,statistical_outlier_iqr
Kamand,velocity_UNCONFIRMED,Kamand_velocity_UNCONFIRMED,2026-01-07 11:55:44,5.213,vel_K.csv,statistical_outlier_iqr
Kamand,velocity_UNCONFIRMED,Kamand_velocity_UNCONFIRMED,2026-01-07 11:55:49,4.805,vel_K.csv,statistical_outlier_iqr
Kamand,velocity_UNCONFIRMED,Kamand_velocity_UNCONFIRMED,2026-01-07 11:55:54,4.788,vel_K.csv,statistical_outlier_iqr
Kamand,velocity_UNCONFIRMED,Kamand_velocity_UNCONFIRMED,2026-01-07 11:55:59,5.288,vel_K.csv,statistical_outlier_iqr
Kamand,velocity_UNCONFIRMED,Kamand_velocity_UNCONFIRMED,2026-01-07 11:56:04,5.267,vel_K.csv,statistical_outlier_iqr
Kamand,velocity_UNCONFIRMED,Kamand_velocity_UNCONFIRMED,2026-01-07 11:56:09,5.267,vel_K.csv,statistical_outlier_iqr
Kamand,velocity_UNCONFIRMED,Kamand_velocity_UNCONFIRMED,2026-01-07 11:56:14,4.788,vel_K.csv,statistical_outlier_iqr
Kamand,velocity_UNCONFIRMED,Kamand_velocity_UNCONFIRMED,2026-01-07 11:56:19,5.267,vel_K.csv,statistical_outlier_iqr
Kamand,velocity_UNCONFIRMED,Kamand_velocity_UNCONFIRMED,2026-01-07 11:56:24,5.267,vel_K.csv,statistical_outlier_iqr
Kamand,velocity_UNCONFIRMED,Kamand_velocity_UNCONFIRMED,2026-01-07 11:56:29,5.206,vel_K.csv,statistical_outlier_iqr
Kamand,velocity_UNCONFIRMED,Kamand_velocity_UNCONFIRMED,2026-01-07 11:56:34,5.206,vel_K.csv,statistical_outlier_iqr
Kamand,velocity_UNCONFIRMED,Kamand_velocity_UNCONFIRMED,2026-01-07 11:56:39,5.206,vel_K.csv,statistical_outlier_iqr
Kamand,velocity_UNCONFIRMED,Kamand_velocity_UNCONFIRMED,2026-01-07 11:56:44,5.593,vel_K.csv,statistical_outlier_iqr
Kamand,velocity_UNCONFIRMED,Kamand_velocity_UNCONFIRMED,2026-01-07 11:56:51,5.803,vel_K.csv,statistical_outlier_iqr
Kamand,velocity_UNCONFIRMED,Kamand_velocity_UNCONFIRMED,2026-01-07 11:56:54,5.803,vel_K.csv,statistical_outlier_iqr
Kamand,velocity_UNCONFIRMED,Kamand_velocity_UNCONFIRMED,2026-01-07 11:56:59,5.593,vel_K.csv,statistical_outlier_iqr
Kamand,velocity_UNCONFIRMED,Kamand_velocity_UNCONFIRMED,2026-01-07 11:57:04,5.064,vel_K.csv,statistical_outlier_iqr
Kamand,velocity_UNCONFIRMED,Kamand_velocity_UNCONFIRMED,2026-01-07 11:57:09,4.741,vel_K.csv,statistical_outlier_iqr
Kamand,velocity_UNCONFIRMED,Kamand_velocity_UNCONFIRMED,2026-01-07 11:57:14,5.191,vel_K.csv,statistical_outlier_iqr
Kamand,velocity_UNCONFIRMED,Kamand_velocity_UNCONFIRMED,2026-01-07 11:57:19,5.191,vel_K.csv,statistical_outlier_iqr
Kamand,velocity_UNCONFIRMED,Kamand_velocity_UNCONFIRMED,2026-01-07 11:57:24,5.191,vel_K.csv,statistical_outlier_iqr
Kamand,velocity_UNCONFIRMED,Kamand_velocity_UNCONFIRMED,2026-01-07 11:57:29,5.191,vel_K.csv,statistical_outlier_iqr
Kamand,velocity_UNCONFIRMED,Kamand_velocity_UNCONFIRMED,2026-01-07 11:57:34,5.294,vel_K.csv,statistical_outlier_iqr
Kamand,velocity_UNCONFIRMED,Kamand_velocity_UNCONFIRMED,2026-01-07 11:57:39,5.294,vel_K.csv,statistical_outlier_iqr
Kamand,velocity_UNCONFIRMED,Kamand_velocity_UNCONFIRMED,2026-01-07 11:57:44,5.067,vel_K.csv,statistical_outlier_iqr
Kamand,velocity_UNCONFIRMED,Kamand_velocity_UNCONFIRMED,2026-01-07 11:57:49,5.067,vel_K.csv,statistical_outlier_iqr
Kamand,velocity_UNCONFIRMED,Kamand_velocity_UNCONFIRMED,2026-01-07 11:57:54,5.067,vel_K.csv,statistical_outlier_iqr
Kamand,velocity_UNCONFIRMED,Kamand_velocity_UNCONFIRMED,2026-01-07 11:57:59,5.217,vel_K.csv,statistical_outlier_iqr
Kamand,velocity_UNCONFIRMED,Kamand_velocity_UNCONFIRMED,2026-01-07 11:58:04,5.217,vel_K.csv,statistical_outlier_iqr
Kamand,velocity_UNCONFIRMED,Kamand_velocity_UNCONFIRMED,2026-01-07 11:58:09,5.217,vel_K.csv,statistical_outlier_iqr
Kamand,velocity_UNCONFIRMED,Kamand_velocity_UNCONFIRMED,2026-01-07 11:58:14,5.217,vel_K.csv,statistical_outlier_iqr
Kamand,velocity_UNCONFIRMED,Kamand_velocity_UNCONFIRMED,2026-01-07 11:58:19,5.067,vel_K.csv,statistical_outlier_iqr
Kamand,velocity_UNCONFIRMED,Kamand_velocity_UNCONFIRMED,2026-01-07 11:58:24,5.067,vel_K.csv,statistical_outlier_iqr
Kamand,velocity_UNCONFIRMED,Kamand_velocity_UNCONFIRMED,2026-01-07 11:58:29,4.573,vel_K.csv,statistical_outlier_iqr
Kamand,velocity_UNCONFIRMED,Kamand_velocity_UNCONFIRMED,2026-01-07 11:58:34,4.231,vel_K.csv,statistical_outlier_iqr
Kamand,velocity_UNCONFIRMED,Kamand_velocity_UNCONFIRMED,2026-01-07 11:58:39,4.231,vel_K.csv,statistical_outlier_iqr
Kamand,velocity_UNCONFIRMED,Kamand_velocity_UNCONFIRMED,2026-01-07 11:58:44,4.851,vel_K.csv,statistical_outlier_iqr
Kamand,velocity_UNCONFIRMED,Kamand_velocity_UNCONFIRMED,2026-01-07 11:58:51,4.936,vel_K.csv,statistical_outlier_iqr
Kamand,velocity_UNCONFIRMED,Kamand_velocity_UNCONFIRMED,2026-01-07 11:58:54,4.936,vel_K.csv,statistical_outlier_iqr
Kamand,velocity_UNCONFIRMED,Kamand_velocity_UNCONFIRMED,2026-01-07 11:58:59,4.774,vel_K.csv,statistical_outlier_iqr
Kamand,velocity_UNCONFIRMED,Kamand_velocity_UNCONFIRMED,2026-01-07 11:59:04,5.351,vel_K.csv,statistical_outlier_iqr
Kamand,velocity_UNCONFIRMED,Kamand_velocity_UNCONFIRMED,2026-01-07 11:59:09,5.707,vel_K.csv,statistical_outlier_iqr
Kamand,velocity_UNCONFIRMED,Kamand_velocity_UNCONFIRMED,2026-01-07 11:59:14,5.707,vel_K.csv,statistical_outlier_iqr
Kamand,velocity_UNCONFIRMED,Kamand_velocity_UNCONFIRMED,2026-01-07 11:59:19,5.707,vel_K.csv,statistical_outlier_iqr
Kamand,velocity_UNCONFIRMED,Kamand_velocity_UNCONFIRMED,2026-01-07 11:59:24,5.707,vel_K.csv,statistical_outlier_iqr
Kamand,velocity_UNCONFIRMED,Kamand_velocity_UNCONFIRMED,2026-01-07 11:59:29,5.707,vel_K.csv,statistical_outlier_iqr
Kamand,velocity_UNCONFIRMED,Kamand_velocity_UNCONFIRMED,2026-01-07 11:59:34,5.707,vel_K.csv,statistical_outlier_iqr
Kamand,velocity_UNCONFIRMED,Kamand_velocity_UNCONFIRMED,2026-01-07 11:59:39,5.667,vel_K.csv,statistical_outlier_iqr
Kamand,velocity_UNCONFIRMED,Kamand_velocity_UNCONFIRMED,2026-01-07 11:59:44,5.504,vel_K.csv,statistical_outlier_iqr
Kamand,velocity_UNCONFIRMED,Kamand_velocity_UNCONFIRMED,2026-01-07 11:59:49,5.071,vel_K.csv,statistical_outlier_iqr
Kamand,velocity_UNCONFIRMED,Kamand_velocity_UNCONFIRMED,2026-01-07 11:59:54,5.504,vel_K.csv,statistical_outlier_iqr
Kamand,velocity_UNCONFIRMED,Kamand_velocity_UNCONFIRMED,2026-01-07 11:59:59,5.86,vel_K.csv,statistical_outlier_iqr
Kamand,velocity_UNCONFIRMED,Kamand_velocity_UNCONFIRMED,2026-01-07 12:00:04,5.387,vel_K.csv,statistical_outlier_iqr
Kamand,velocity_UNCONFIRMED,Kamand_velocity_UNCONFIRMED,2026-01-07 12:00:09,4.939,vel_K.csv,statistical_outlier_iqr
Kamand,velocity_UNCONFIRMED,Kamand_velocity_UNCONFIRMED,2026-01-07 12:00:14,4.939,vel_K.csv,statistical_outlier_iqr
Kamand,velocity_UNCONFIRMED,Kamand_velocity_UNCONFIRMED,2026-01-07 12:00:19,4.979,vel_K.csv,statistical_outlier_iqr
Kamand,velocity_UNCONFIRMED,Kamand_velocity_UNCONFIRMED,2026-01-07 12:00:24,4.939,vel_K.csv,statistical_outlier_iqr
Kamand,velocity_UNCONFIRMED,Kamand_velocity_UNCONFIRMED,2026-01-07 12:00:29,4.979,vel_K.csv,statistical_outlier_iqr
Kamand,velocity_UNCONFIRMED,Kamand_velocity_UNCONFIRMED,2026-01-07 12:00:34,4.965,vel_K.csv,statistical_outlier_iqr
Kamand,velocity_UNCONFIRMED,Kamand_velocity_UNCONFIRMED,2026-01-07 12:00:39,4.965,vel_K.csv,statistical_outlier_iqr
Kamand,velocity_UNCONFIRMED,Kamand_velocity_UNCONFIRMED,2026-01-07 12:00:44,5.021,vel_K.csv,statistical_outlier_iqr
Kamand,velocity_UNCONFIRMED,Kamand_velocity_UNCONFIRMED,2026-01-07 12:00:51,5.394,vel_K.csv,statistical_outlier_iqr
Kamand,velocity_UNCONFIRMED,Kamand_velocity_UNCONFIRMED,2026-01-07 12:00:54,5.021,vel_K.csv,statistical_outlier_iqr
Kamand,velocity_UNCONFIRMED,Kamand_velocity_UNCONFIRMED,2026-01-07 12:00:59,5.021,vel_K.csv,statistical_outlier_iqr
Kamand,velocity_UNCONFIRMED,Kamand_velocity_UNCONFIRMED,2026-01-07 12:01:04,5.394,vel_K.csv,statistical_outlier_iqr
Kamand,velocity_UNCONFIRMED,Kamand_velocity_UNCONFIRMED,2026-01-07 12:01:09,5.394,vel_K.csv,statistical_outlier_iqr
Kamand,velocity_UNCONFIRMED,Kamand_velocity_UNCONFIRMED,2026-01-07 12:01:14,5.394,vel_K.csv,statistical_outlier_iqr
Kamand,velocity_UNCONFIRMED,Kamand_velocity_UNCONFIRMED,2026-01-07 12:01:19,5.822,vel_K.csv,statistical_outlier_iqr
Kamand,velocity_UNCONFIRMED,Kamand_velocity_UNCONFIRMED,2026-01-07 12:01:24,5.923,vel_K.csv,statistical_outlier_iqr
Kamand,velocity_UNCONFIRMED,Kamand_velocity_UNCONFIRMED,2026-01-07 12:01:29,5.923,vel_K.csv,statistical_outlier_iqr
Kamand,velocity_UNCONFIRMED,Kamand_velocity_UNCONFIRMED,2026-01-07 12:01:34,5.923,vel_K.csv,statistical_outlier_iqr
Kamand,velocity_UNCONFIRMED,Kamand_velocity_UNCONFIRMED,2026-01-07 12:01:39,5.851,vel_K.csv,statistical_outlier_iqr
Kamand,velocity_UNCONFIRMED,Kamand_velocity_UNCONFIRMED,2026-01-07 12:01:44,5.851,vel_K.csv,statistical_outlier_iqr
Kamand,velocity_UNCONFIRMED,Kamand_velocity_UNCONFIRMED,2026-01-07 12:01:49,5.851,vel_K.csv,statistical_outlier_iqr
Kamand,velocity_UNCONFIRMED,Kamand_velocity_UNCONFIRMED,2026-01-07 12:01:54,5.851,vel_K.csv,statistical_outlier_iqr
Kamand,velocity_UNCONFIRMED,Kamand_velocity_UNCONFIRMED,2026-01-07 12:01:59,5.851,vel_K.csv,statistical_outlier_iqr
Kamand,velocity_UNCONFIRMED,Kamand_velocity_UNCONFIRMED,2026-01-07 12:02:04,5.851,vel_K.csv,statistical_outlier_iqr
Kamand,velocity_UNCONFIRMED,Kamand_velocity_UNCONFIRMED,2026-01-07 12:02:09,5.923,vel_K.csv,statistical_outlier_iqr
Kamand,velocity_UNCONFIRMED,Kamand_velocity_UNCONFIRMED,2026-01-07 12:02:14,5.881,vel_K.csv,statistical_outlier_iqr
Kamand,velocity_UNCONFIRMED,Kamand_velocity_UNCONFIRMED,2026-01-07 12:02:19,5.78,vel_K.csv,statistical_outlier_iqr
Kamand,velocity_UNCONFIRMED,Kamand_velocity_UNCONFIRMED,2026-01-07 12:02:24,5.78,vel_K.csv,statistical_outlier_iqr
Kamand,velocity_UNCONFIRMED,Kamand_velocity_UNCONFIRMED,2026-01-07 12:02:29,5.78,vel_K.csv,statistical_outlier_iqr
Kamand,velocity_UNCONFIRMED,Kamand_velocity_UNCONFIRMED,2026-01-07 12:02:34,5.78,vel_K.csv,statistical_outlier_iqr
Kamand,velocity_UNCONFIRMED,Kamand_velocity_UNCONFIRMED,2026-01-07 12:02:39,6.013,vel_K.csv,statistical_outlier_iqr
Kamand,velocity_UNCONFIRMED,Kamand_velocity_UNCONFIRMED,2026-01-07 12:02:44,6.013,vel_K.csv,statistical_outlier_iqr
Kamand,velocity_UNCONFIRMED,Kamand_velocity_UNCONFIRMED,2026-01-07 12:02:51,6.174,vel_K.csv,statistical_outlier_iqr
Kamand,velocity_UNCONFIRMED,Kamand_velocity_UNCONFIRMED,2026-01-07 12:02:54,6.174,vel_K.csv,statistical_outlier_iqr
Kamand,velocity_UNCONFIRMED,Kamand_velocity_UNCONFIRMED,2026-01-07 12:02:59,6.174,vel_K.csv,statistical_outlier_iqr
Kamand,velocity_UNCONFIRMED,Kamand_velocity_UNCONFIRMED,2026-01-07 12:03:04,5.91,vel_K.csv,statistical_outlier_iqr
Kamand,velocity_UNCONFIRMED,Kamand_velocity_UNCONFIRMED,2026-01-07 12:03:09,5.746,vel_K.csv,statistical_outlier_iqr
Kamand,velocity_UNCONFIRMED,Kamand_velocity_UNCONFIRMED,2026-01-07 12:03:14,5.746,vel_K.csv,statistical_outlier_iqr
Kamand,velocity_UNCONFIRMED,Kamand_velocity_UNCONFIRMED,2026-01-07 12:03:19,5.892,vel_K.csv,statistical_outlier_iqr
Kamand,velocity_UNCONFIRMED,Kamand_velocity_UNCONFIRMED,2026-01-07 12:03:24,5.212,vel_K.csv,statistical_outlier_iqr
Kamand,velocity_UNCONFIRMED,Kamand_velocity_UNCONFIRMED,2026-01-07 12:03:29,4.662,vel_K.csv,statistical_outlier_iqr
Kamand,velocity_UNCONFIRMED,Kamand_velocity_UNCONFIRMED,2026-01-07 12:03:34,5.212,vel_K.csv,statistical_outlier_iqr
Kamand,velocity_UNCONFIRMED,Kamand_velocity_UNCONFIRMED,2026-01-07 12:03:39,4.662,vel_K.csv,statistical_outlier_iqr
Kamand,velocity_UNCONFIRMED,Kamand_velocity_UNCONFIRMED,2026-01-07 12:03:44,4.562,vel_K.csv,statistical_outlier_iqr
Kamand,velocity_UNCONFIRMED,Kamand_velocity_UNCONFIRMED,2026-01-07 12:03:49,4.248,vel_K.csv,statistical_outlier_iqr
Kamand,velocity_UNCONFIRMED,Kamand_velocity_UNCONFIRMED,2026-01-07 12:03:54,4.562,vel_K.csv,statistical_outlier_iqr
Kamand,velocity_UNCONFIRMED,Kamand_velocity_UNCONFIRMED,2026-01-07 12:03:59,4.46,vel_K.csv,statistical_outlier_iqr
Kamand,velocity_UNCONFIRMED,Kamand_velocity_UNCONFIRMED,2026-01-07 12:04:04,4.46,vel_K.csv,statistical_outlier_iqr
Kamand,velocity_UNCONFIRMED,Kamand_velocity_UNCONFIRMED,2026-01-07 12:04:09,4.46,vel_K.csv,statistical_outlier_iqr
Kamand,velocity_UNCONFIRMED,Kamand_velocity_UNCONFIRMED,2026-01-07 12:04:14,4.46,vel_K.csv,statistical_outlier_iqr
Kamand,velocity_UNCONFIRMED,Kamand_velocity_UNCONFIRMED,2026-01-07 12:04:19,4.46,vel_K.csv,statistical_outlier_iqr
Kamand,velocity_UNCONFIRMED,Kamand_velocity_UNCONFIRMED,2026-01-07 12:04:24,4.46,vel_K.csv,statistical_outlier_iqr
Kamand,velocity_UNCONFIRMED,Kamand_velocity_UNCONFIRMED,2026-01-07 12:04:29,4.573,vel_K.csv,statistical_outlier_iqr
Kamand,velocity_UNCONFIRMED,Kamand_velocity_UNCONFIRMED,2026-01-07 12:04:34,4.573,vel_K.csv,statistical_outlier_iqr
Kamand,velocity_UNCONFIRMED,Kamand_velocity_UNCONFIRMED,2026-01-07 12:04:39,4.674,vel_K.csv,statistical_outlier_iqr
Kamand,velocity_UNCONFIRMED,Kamand_velocity_UNCONFIRMED,2026-01-07 12:04:44,4.674,vel_K.csv,statistical_outlier_iqr
Kamand,velocity_UNCONFIRMED,Kamand_velocity_UNCONFIRMED,2026-01-07 12:04:51,4.806,vel_K.csv,statistical_outlier_iqr
Kamand,velocity_UNCONFIRMED,Kamand_velocity_UNCONFIRMED,2026-01-07 12:04:54,4.674,vel_K.csv,statistical_outlier_iqr
Kamand,velocity_UNCONFIRMED,Kamand_velocity_UNCONFIRMED,2026-01-07 12:04:59,4.674,vel_K.csv,statistical_outlier_iqr
Kamand,velocity_UNCONFIRMED,Kamand_velocity_UNCONFIRMED,2026-01-07 12:05:04,4.674,vel_K.csv,statistical_outlier_iqr
Kamand,velocity_UNCONFIRMED,Kamand_velocity_UNCONFIRMED,2026-01-07 12:05:09,4.674,vel_K.csv,statistical_outlier_iqr
Kamand,velocity_UNCONFIRMED,Kamand_velocity_UNCONFIRMED,2026-01-07 12:05:14,4.697,vel_K.csv,statistical_outlier_iqr
Kamand,velocity_UNCONFIRMED,Kamand_velocity_UNCONFIRMED,2026-01-07 12:05:19,4.692,vel_K.csv,statistical_outlier_iqr
Kamand,velocity_UNCONFIRMED,Kamand_velocity_UNCONFIRMED,2026-01-07 12:05:24,4.692,vel_K.csv,statistical_outlier_iqr
Kamand,velocity_UNCONFIRMED,Kamand_velocity_UNCONFIRMED,2026-01-07 12:05:29,4.824,vel_K.csv,statistical_outlier_iqr
Kamand,velocity_UNCONFIRMED,Kamand_velocity_UNCONFIRMED,2026-01-07 12:05:34,4.674,vel_K.csv,statistical_outlier_iqr
Kamand,velocity_UNCONFIRMED,Kamand_velocity_UNCONFIRMED,2026-01-07 12:05:39,4.674,vel_K.csv,statistical_outlier_iqr
Kamand,velocity_UNCONFIRMED,Kamand_velocity_UNCONFIRMED,2026-01-07 12:05:44,4.674,vel_K.csv,statistical_outlier_iqr
Kamand,velocity_UNCONFIRMED,Kamand_velocity_UNCONFIRMED,2026-01-07 12:05:49,4.597,vel_K.csv,statistical_outlier_iqr
Kamand,velocity_UNCONFIRMED,Kamand_velocity_UNCONFIRMED,2026-01-07 12:05:54,4.674,vel_K.csv,statistical_outlier_iqr
Kamand,velocity_UNCONFIRMED,Kamand_velocity_UNCONFIRMED,2026-01-07 12:05:59,4.805,vel_K.csv,statistical_outlier_iqr
Kamand,velocity_UNCONFIRMED,Kamand_velocity_UNCONFIRMED,2026-01-07 12:06:04,4.962,vel_K.csv,statistical_outlier_iqr
Kamand,velocity_UNCONFIRMED,Kamand_velocity_UNCONFIRMED,2026-01-07 12:06:09,5.098,vel_K.csv,statistical_outlier_iqr
Kamand,velocity_UNCONFIRMED,Kamand_velocity_UNCONFIRMED,2026-01-07 12:06:14,5.098,vel_K.csv,statistical_outlier_iqr
Kamand,velocity_UNCONFIRMED,Kamand_velocity_UNCONFIRMED,2026-01-07 12:06:19,5.722,vel_K.csv,statistical_outlier_iqr
Kamand,velocity_UNCONFIRMED,Kamand_velocity_UNCONFIRMED,2026-01-07 12:06:24,5.555,vel_K.csv,statistical_outlier_iqr
Kamand,velocity_UNCONFIRMED,Kamand_velocity_UNCONFIRMED,2026-01-07 12:06:29,5.944,vel_K.csv,statistical_outlier_iqr
Kamand,velocity_UNCONFIRMED,Kamand_velocity_UNCONFIRMED,2026-01-07 12:06:34,5.954,vel_K.csv,statistical_outlier_iqr
Kamand,velocity_UNCONFIRMED,Kamand_velocity_UNCONFIRMED,2026-01-07 12:06:39,5.954,vel_K.csv,statistical_outlier_iqr
Kamand,velocity_UNCONFIRMED,Kamand_velocity_UNCONFIRMED,2026-01-07 12:06:44,5.954,vel_K.csv,statistical_outlier_iqr
Kamand,velocity_UNCONFIRMED,Kamand_velocity_UNCONFIRMED,2026-01-07 12:06:52,5.954,vel_K.csv,statistical_outlier_iqr
Kamand,velocity_UNCONFIRMED,Kamand_velocity_UNCONFIRMED,2026-01-07 12:06:54,5.954,vel_K.csv,statistical_outlier_iqr
Kamand,velocity_UNCONFIRMED,Kamand_velocity_UNCONFIRMED,2026-01-07 12:06:59,5.954,vel_K.csv,statistical_outlier_iqr
Kamand,velocity_UNCONFIRMED,Kamand_velocity_UNCONFIRMED,2026-01-07 12:07:04,5.944,vel_K.csv,statistical_outlier_iqr
Kamand,velocity_UNCONFIRMED,Kamand_velocity_UNCONFIRMED,2026-01-07 12:07:09,5.924,vel_K.csv,statistical_outlier_iqr
Kamand,velocity_UNCONFIRMED,Kamand_velocity_UNCONFIRMED,2026-01-07 12:07:14,5.684,vel_K.csv,statistical_outlier_iqr
Kamand,velocity_UNCONFIRMED,Kamand_velocity_UNCONFIRMED,2026-01-07 12:07:19,5.477,vel_K.csv,statistical_outlier_iqr
Kamand,velocity_UNCONFIRMED,Kamand_velocity_UNCONFIRMED,2026-01-07 12:07:24,5.477,vel_K.csv,statistical_outlier_iqr
Kamand,velocity_UNCONFIRMED,Kamand_velocity_UNCONFIRMED,2026-01-07 12:07:29,5.477,vel_K.csv,statistical_outlier_iqr
Kamand,velocity_UNCONFIRMED,Kamand_velocity_UNCONFIRMED,2026-01-07 12:07:34,5.477,vel_K.csv,statistical_outlier_iqr
Kamand,velocity_UNCONFIRMED,Kamand_velocity_UNCONFIRMED,2026-01-07 12:07:39,5.636,vel_K.csv,statistical_outlier_iqr
Kamand,velocity_UNCONFIRMED,Kamand_velocity_UNCONFIRMED,2026-01-07 12:07:44,5.636,vel_K.csv,statistical_outlier_iqr
Kamand,velocity_UNCONFIRMED,Kamand_velocity_UNCONFIRMED,2026-01-07 12:07:49,5.636,vel_K.csv,statistical_outlier_iqr
Kamand,velocity_UNCONFIRMED,Kamand_velocity_UNCONFIRMED,2026-01-07 12:07:54,5.636,vel_K.csv,statistical_outlier_iqr
Kamand,velocity_UNCONFIRMED,Kamand_velocity_UNCONFIRMED,2026-01-07 12:07:59,5.636,vel_K.csv,statistical_outlier_iqr
Kamand,velocity_UNCONFIRMED,Kamand_velocity_UNCONFIRMED,2026-01-07 12:08:04,5.636,vel_K.csv,statistical_outlier_iqr
Kamand,velocity_UNCONFIRMED,Kamand_velocity_UNCONFIRMED,2026-01-07 12:08:09,5.636,vel_K.csv,statistical_outlier_iqr
Kamand,velocity_UNCONFIRMED,Kamand_velocity_UNCONFIRMED,2026-01-07 12:08:14,5.636,vel_K.csv,statistical_outlier_iqr
Kamand,velocity_UNCONFIRMED,Kamand_velocity_UNCONFIRMED,2026-01-07 12:08:19,6.142,vel_K.csv,statistical_outlier_iqr
Kamand,velocity_UNCONFIRMED,Kamand_velocity_UNCONFIRMED,2026-01-07 12:08:24,6.051,vel_K.csv,statistical_outlier_iqr
Kamand,velocity_UNCONFIRMED,Kamand_velocity_UNCONFIRMED,2026-01-07 12:08:29,5.456,vel_K.csv,statistical_outlier_iqr
Kamand,velocity_UNCONFIRMED,Kamand_velocity_UNCONFIRMED,2026-01-07 12:08:34,5.456,vel_K.csv,statistical_outlier_iqr
Kamand,velocity_UNCONFIRMED,Kamand_velocity_UNCONFIRMED,2026-01-07 12:08:39,5.456,vel_K.csv,statistical_outlier_iqr
Kamand,velocity_UNCONFIRMED,Kamand_velocity_UNCONFIRMED,2026-01-07 12:08:44,5.456,vel_K.csv,statistical_outlier_iqr
Kamand,velocity_UNCONFIRMED,Kamand_velocity_UNCONFIRMED,2026-01-07 12:08:51,5.456,vel_K.csv,statistical_outlier_iqr
Kamand,velocity_UNCONFIRMED,Kamand_velocity_UNCONFIRMED,2026-01-07 12:08:54,5.456,vel_K.csv,statistical_outlier_iqr
Kamand,velocity_UNCONFIRMED,Kamand_velocity_UNCONFIRMED,2026-01-07 12:08:59,4.928,vel_K.csv,statistical_outlier_iqr
Kamand,velocity_UNCONFIRMED,Kamand_velocity_UNCONFIRMED,2026-01-07 12:09:04,4.214,vel_K.csv,statistical_outlier_iqr
Kamand,velocity_UNCONFIRMED,Kamand_velocity_UNCONFIRMED,2026-01-07 12:09:09,5.068,vel_K.csv,statistical_outlier_iqr
Kamand,velocity_UNCONFIRMED,Kamand_velocity_UNCONFIRMED,2026-01-07 12:09:14,5.878,vel_K.csv,statistical_outlier_iqr
Kamand,velocity_UNCONFIRMED,Kamand_velocity_UNCONFIRMED,2026-01-07 12:09:19,5.878,vel_K.csv,statistical_outlier_iqr
Kamand,velocity_UNCONFIRMED,Kamand_velocity_UNCONFIRMED,2026-01-07 12:09:24,6.444,vel_K.csv,statistical_outlier_iqr
Kamand,velocity_UNCONFIRMED,Kamand_velocity_UNCONFIRMED,2026-01-07 12:09:29,6.444,vel_K.csv,statistical_outlier_iqr
Kamand,velocity_UNCONFIRMED,Kamand_velocity_UNCONFIRMED,2026-01-07 12:09:34,6.444,vel_K.csv,statistical_outlier_iqr
Kamand,velocity_UNCONFIRMED,Kamand_velocity_UNCONFIRMED,2026-01-07 12:09:39,5.86,vel_K.csv,statistical_outlier_iqr
Kamand,velocity_UNCONFIRMED,Kamand_velocity_UNCONFIRMED,2026-01-07 12:09:44,4.765,vel_K.csv,statistical_outlier_iqr
Kamand,velocity_UNCONFIRMED,Kamand_velocity_UNCONFIRMED,2026-01-07 12:09:49,5.67,vel_K.csv,statistical_outlier_iqr
Kamand,velocity_UNCONFIRMED,Kamand_velocity_UNCONFIRMED,2026-01-07 12:09:54,6.568,vel_K.csv,statistical_outlier_iqr
Kamand,velocity_UNCONFIRMED,Kamand_velocity_UNCONFIRMED,2026-01-07 12:09:59,6.568,vel_K.csv,statistical_outlier_iqr
Kamand,velocity_UNCONFIRMED,Kamand_velocity_UNCONFIRMED,2026-01-07 12:10:04,6.616,vel_K.csv,statistical_outlier_iqr
Kamand,velocity_UNCONFIRMED,Kamand_velocity_UNCONFIRMED,2026-01-07 12:10:09,6.591,vel_K.csv,statistical_outlier_iqr
Kamand,velocity_UNCONFIRMED,Kamand_velocity_UNCONFIRMED,2026-01-07 12:10:14,6.396,vel_K.csv,statistical_outlier_iqr
Kamand,velocity_UNCONFIRMED,Kamand_velocity_UNCONFIRMED,2026-01-07 12:10:19,6.311,vel_K.csv,statistical_outlier_iqr
Kamand,velocity_UNCONFIRMED,Kamand_velocity_UNCONFIRMED,2026-01-07 12:10:24,6.311,vel_K.csv,statistical_outlier_iqr
Kamand,velocity_UNCONFIRMED,Kamand_velocity_UNCONFIRMED,2026-01-07 12:10:29,6.396,vel_K.csv,statistical_outlier_iqr
Kamand,velocity_UNCONFIRMED,Kamand_velocity_UNCONFIRMED,2026-01-07 12:10:34,6.311,vel_K.csv,statistical_outlier_iqr
Kamand,velocity_UNCONFIRMED,Kamand_velocity_UNCONFIRMED,2026-01-07 12:10:39,6.311,vel_K.csv,statistical_outlier_iqr
Kamand,velocity_UNCONFIRMED,Kamand_velocity_UNCONFIRMED,2026-01-07 12:10:44,6.311,vel_K.csv,statistical_outlier_iqr
Kamand,velocity_UNCONFIRMED,Kamand_velocity_UNCONFIRMED,2026-01-07 12:10:51,6.199,vel_K.csv,statistical_outlier_iqr
Kamand,velocity_UNCONFIRMED,Kamand_velocity_UNCONFIRMED,2026-01-07 12:10:54,5.97,vel_K.csv,statistical_outlier_iqr
Kamand,velocity_UNCONFIRMED,Kamand_velocity_UNCONFIRMED,2026-01-07 12:10:59,5.774,vel_K.csv,statistical_outlier_iqr
Kamand,velocity_UNCONFIRMED,Kamand_velocity_UNCONFIRMED,2026-01-07 12:11:04,5.774,vel_K.csv,statistical_outlier_iqr
Kamand,velocity_UNCONFIRMED,Kamand_velocity_UNCONFIRMED,2026-01-07 12:11:09,5.774,vel_K.csv,statistical_outlier_iqr
Kamand,velocity_UNCONFIRMED,Kamand_velocity_UNCONFIRMED,2026-01-07 12:11:14,6.003,vel_K.csv,statistical_outlier_iqr
Kamand,velocity_UNCONFIRMED,Kamand_velocity_UNCONFIRMED,2026-01-07 12:11:19,5.482,vel_K.csv,statistical_outlier_iqr
Kamand,velocity_UNCONFIRMED,Kamand_velocity_UNCONFIRMED,2026-01-07 12:11:24,5.216,vel_K.csv,statistical_outlier_iqr
Kamand,velocity_UNCONFIRMED,Kamand_velocity_UNCONFIRMED,2026-01-07 12:11:29,5.055,vel_K.csv,statistical_outlier_iqr
Kamand,velocity_UNCONFIRMED,Kamand_velocity_UNCONFIRMED,2026-01-07 12:11:34,5.216,vel_K.csv,statistical_outlier_iqr
Kamand,velocity_UNCONFIRMED,Kamand_velocity_UNCONFIRMED,2026-01-07 12:11:39,5.482,vel_K.csv,statistical_outlier_iqr
Kamand,velocity_UNCONFIRMED,Kamand_velocity_UNCONFIRMED,2026-01-07 12:11:44,5.482,vel_K.csv,statistical_outlier_iqr
Kamand,velocity_UNCONFIRMED,Kamand_velocity_UNCONFIRMED,2026-01-07 12:11:49,5.656,vel_K.csv,statistical_outlier_iqr
Kamand,velocity_UNCONFIRMED,Kamand_velocity_UNCONFIRMED,2026-01-07 12:11:54,6.508,vel_K.csv,statistical_outlier_iqr
Kamand,velocity_UNCONFIRMED,Kamand_velocity_UNCONFIRMED,2026-01-07 12:11:59,6.508,vel_K.csv,statistical_outlier_iqr
Kamand,velocity_UNCONFIRMED,Kamand_velocity_UNCONFIRMED,2026-01-07 12:12:04,5.656,vel_K.csv,statistical_outlier_iqr
Kamand,velocity_UNCONFIRMED,Kamand_velocity_UNCONFIRMED,2026-01-07 12:12:09,5.55,vel_K.csv,statistical_outlier_iqr
Kamand,velocity_UNCONFIRMED,Kamand_velocity_UNCONFIRMED,2026-01-07 12:12:14,5.55,vel_K.csv,statistical_outlier_iqr
Kamand,velocity_UNCONFIRMED,Kamand_velocity_UNCONFIRMED,2026-01-07 12:12:19,5.954,vel_K.csv,statistical_outlier_iqr
Kamand,velocity_UNCONFIRMED,Kamand_velocity_UNCONFIRMED,2026-01-07 12:12:24,5.954,vel_K.csv,statistical_outlier_iqr
Kamand,velocity_UNCONFIRMED,Kamand_velocity_UNCONFIRMED,2026-01-07 12:12:29,5.954,vel_K.csv,statistical_outlier_iqr
Kamand,velocity_UNCONFIRMED,Kamand_velocity_UNCONFIRMED,2026-01-07 12:12:34,5.954,vel_K.csv,statistical_outlier_iqr
Kamand,velocity_UNCONFIRMED,Kamand_velocity_UNCONFIRMED,2026-01-07 12:12:39,5.789,vel_K.csv,statistical_outlier_iqr
Kamand,velocity_UNCONFIRMED,Kamand_velocity_UNCONFIRMED,2026-01-07 12:12:44,5.789,vel_K.csv,statistical_outlier_iqr
Kamand,velocity_UNCONFIRMED,Kamand_velocity_UNCONFIRMED,2026-01-07 12:12:51,5.789,vel_K.csv,statistical_outlier_iqr
Kamand,velocity_UNCONFIRMED,Kamand_velocity_UNCONFIRMED,2026-01-07 12:12:54,5.621,vel_K.csv,statistical_outlier_iqr
Kamand,velocity_UNCONFIRMED,Kamand_velocity_UNCONFIRMED,2026-01-07 12:12:59,5.789,vel_K.csv,statistical_outlier_iqr
Kamand,velocity_UNCONFIRMED,Kamand_velocity_UNCONFIRMED,2026-01-07 12:13:04,5.789,vel_K.csv,statistical_outlier_iqr
Kamand,velocity_UNCONFIRMED,Kamand_velocity_UNCONFIRMED,2026-01-07 12:13:09,5.621,vel_K.csv,statistical_outlier_iqr
Kamand,velocity_UNCONFIRMED,Kamand_velocity_UNCONFIRMED,2026-01-07 12:13:14,5.502,vel_K.csv,statistical_outlier_iqr
Kamand,velocity_UNCONFIRMED,Kamand_velocity_UNCONFIRMED,2026-01-07 12:13:19,5.41,vel_K.csv,statistical_outlier_iqr
Kamand,velocity_UNCONFIRMED,Kamand_velocity_UNCONFIRMED,2026-01-07 12:13:24,5.502,vel_K.csv,statistical_outlier_iqr
Kamand,velocity_UNCONFIRMED,Kamand_velocity_UNCONFIRMED,2026-01-07 12:13:29,5.502,vel_K.csv,statistical_outlier_iqr
Kamand,velocity_UNCONFIRMED,Kamand_velocity_UNCONFIRMED,2026-01-07 12:13:34,5.502,vel_K.csv,statistical_outlier_iqr
Kamand,velocity_UNCONFIRMED,Kamand_velocity_UNCONFIRMED,2026-01-07 12:13:39,5.502,vel_K.csv,statistical_outlier_iqr
Kamand,velocity_UNCONFIRMED,Kamand_velocity_UNCONFIRMED,2026-01-07 12:13:44,5.502,vel_K.csv,statistical_outlier_iqr
Kamand,velocity_UNCONFIRMED,Kamand_velocity_UNCONFIRMED,2026-01-07 12:13:49,5.428,vel_K.csv,statistical_outlier_iqr
Kamand,velocity_UNCONFIRMED,Kamand_velocity_UNCONFIRMED,2026-01-07 12:13:54,5.366,vel_K.csv,statistical_outlier_iqr
Kamand,velocity_UNCONFIRMED,Kamand_velocity_UNCONFIRMED,2026-01-07 12:13:59,5.366,vel_K.csv,statistical_outlier_iqr
Kamand,velocity_UNCONFIRMED,Kamand_velocity_UNCONFIRMED,2026-01-07 12:14:04,5.428,vel_K.csv,statistical_outlier_iqr
Kamand,velocity_UNCONFIRMED,Kamand_velocity_UNCONFIRMED,2026-01-07 12:14:09,5.61,vel_K.csv,statistical_outlier_iqr
Kamand,velocity_UNCONFIRMED,Kamand_velocity_UNCONFIRMED,2026-01-07 12:14:14,6.154,vel_K.csv,statistical_outlier_iqr
Kamand,velocity_UNCONFIRMED,Kamand_velocity_UNCONFIRMED,2026-01-07 12:14:19,6.154,vel_K.csv,statistical_outlier_iqr
Kamand,velocity_UNCONFIRMED,Kamand_velocity_UNCONFIRMED,2026-01-07 12:14:24,5.862,vel_K.csv,statistical_outlier_iqr
Kamand,velocity_UNCONFIRMED,Kamand_velocity_UNCONFIRMED,2026-01-07 12:14:29,6.484,vel_K.csv,statistical_outlier_iqr
Kamand,velocity_UNCONFIRMED,Kamand_velocity_UNCONFIRMED,2026-01-07 12:14:34,7.101,vel_K.csv,statistical_outlier_iqr
Kamand,velocity_UNCONFIRMED,Kamand_velocity_UNCONFIRMED,2026-01-07 12:14:39,7.101,vel_K.csv,statistical_outlier_iqr
Kamand,velocity_UNCONFIRMED,Kamand_velocity_UNCONFIRMED,2026-01-07 12:14:44,7.101,vel_K.csv,statistical_outlier_iqr
Kamand,velocity_UNCONFIRMED,Kamand_velocity_UNCONFIRMED,2026-01-07 12:14:51,7.203,vel_K.csv,statistical_outlier_iqr
Kamand,velocity_UNCONFIRMED,Kamand_velocity_UNCONFIRMED,2026-01-07 12:14:54,7.203,vel_K.csv,statistical_outlier_iqr
Kamand,velocity_UNCONFIRMED,Kamand_velocity_UNCONFIRMED,2026-01-07 12:14:59,7.093,vel_K.csv,statistical_outlier_iqr
Kamand,velocity_UNCONFIRMED,Kamand_velocity_UNCONFIRMED,2026-01-07 12:15:04,7.093,vel_K.csv,statistical_outlier_iqr
Kamand,velocity_UNCONFIRMED,Kamand_velocity_UNCONFIRMED,2026-01-07 12:15:09,6.484,vel_K.csv,statistical_outlier_iqr
Kamand,velocity_UNCONFIRMED,Kamand_velocity_UNCONFIRMED,2026-01-07 12:15:14,6.222,vel_K.csv,statistical_outlier_iqr
Kamand,velocity_UNCONFIRMED,Kamand_velocity_UNCONFIRMED,2026-01-07 12:15:19,6.831,vel_K.csv,statistical_outlier_iqr
Kamand,velocity_UNCONFIRMED,Kamand_velocity_UNCONFIRMED,2026-01-07 12:15:24,7.203,vel_K.csv,statistical_outlier_iqr
Kamand,velocity_UNCONFIRMED,Kamand_velocity_UNCONFIRMED,2026-01-07 12:15:29,6.831,vel_K.csv,statistical_outlier_iqr
Kamand,velocity_UNCONFIRMED,Kamand_velocity_UNCONFIRMED,2026-01-07 12:15:34,6.767,vel_K.csv,statistical_outlier_iqr
Kamand,velocity_UNCONFIRMED,Kamand_velocity_UNCONFIRMED,2026-01-07 12:15:39,6.321,vel_K.csv,statistical_outlier_iqr
Kamand,velocity_UNCONFIRMED,Kamand_velocity_UNCONFIRMED,2026-01-07 12:15:44,6.321,vel_K.csv,statistical_outlier_iqr
Kamand,velocity_UNCONFIRMED,Kamand_velocity_UNCONFIRMED,2026-01-07 12:15:49,6.156,vel_K.csv,statistical_outlier_iqr
Kamand,velocity_UNCONFIRMED,Kamand_velocity_UNCONFIRMED,2026-01-07 12:15:54,6.156,vel_K.csv,statistical_outlier_iqr
Kamand,velocity_UNCONFIRMED,Kamand_velocity_UNCONFIRMED,2026-01-07 12:15:59,6.156,vel_K.csv,statistical_outlier_iqr
Kamand,velocity_UNCONFIRMED,Kamand_velocity_UNCONFIRMED,2026-01-07 12:16:04,6.156,vel_K.csv,statistical_outlier_iqr
Kamand,velocity_UNCONFIRMED,Kamand_velocity_UNCONFIRMED,2026-01-07 12:16:09,6.156,vel_K.csv,statistical_outlier_iqr
Kamand,velocity_UNCONFIRMED,Kamand_velocity_UNCONFIRMED,2026-01-07 12:16:14,6.156,vel_K.csv,statistical_outlier_iqr
Kamand,velocity_UNCONFIRMED,Kamand_velocity_UNCONFIRMED,2026-01-07 12:16:19,6.023,vel_K.csv,statistical_outlier_iqr
Kamand,velocity_UNCONFIRMED,Kamand_velocity_UNCONFIRMED,2026-01-07 12:16:24,6.023,vel_K.csv,statistical_outlier_iqr
Kamand,velocity_UNCONFIRMED,Kamand_velocity_UNCONFIRMED,2026-01-07 12:16:29,5.893,vel_K.csv,statistical_outlier_iqr
Kamand,velocity_UNCONFIRMED,Kamand_velocity_UNCONFIRMED,2026-01-07 12:16:34,5.893,vel_K.csv,statistical_outlier_iqr
Kamand,velocity_UNCONFIRMED,Kamand_velocity_UNCONFIRMED,2026-01-07 12:16:39,5.893,vel_K.csv,statistical_outlier_iqr
Kamand,velocity_UNCONFIRMED,Kamand_velocity_UNCONFIRMED,2026-01-07 12:16:44,6.223,vel_K.csv,statistical_outlier_iqr
Kamand,velocity_UNCONFIRMED,Kamand_velocity_UNCONFIRMED,2026-01-07 12:16:51,6.207,vel_K.csv,statistical_outlier_iqr
Kamand,velocity_UNCONFIRMED,Kamand_velocity_UNCONFIRMED,2026-01-07 12:16:54,6.207,vel_K.csv,statistical_outlier_iqr
Kamand,velocity_UNCONFIRMED,Kamand_velocity_UNCONFIRMED,2026-01-07 12:16:59,6.356,vel_K.csv,statistical_outlier_iqr
Kamand,velocity_UNCONFIRMED,Kamand_velocity_UNCONFIRMED,2026-01-07 12:17:04,6.2,vel_K.csv,statistical_outlier_iqr
Kamand,velocity_UNCONFIRMED,Kamand_velocity_UNCONFIRMED,2026-01-07 12:17:09,6.38,vel_K.csv,statistical_outlier_iqr
Kamand,velocity_UNCONFIRMED,Kamand_velocity_UNCONFIRMED,2026-01-07 12:17:14,6.2,vel_K.csv,statistical_outlier_iqr
Kamand,velocity_UNCONFIRMED,Kamand_velocity_UNCONFIRMED,2026-01-07 12:17:19,6.38,vel_K.csv,statistical_outlier_iqr
Kamand,velocity_UNCONFIRMED,Kamand_velocity_UNCONFIRMED,2026-01-07 12:17:24,6.395,vel_K.csv,statistical_outlier_iqr
Kamand,velocity_UNCONFIRMED,Kamand_velocity_UNCONFIRMED,2026-01-07 12:17:29,6.395,vel_K.csv,statistical_outlier_iqr
Kamand,velocity_UNCONFIRMED,Kamand_velocity_UNCONFIRMED,2026-01-07 12:17:34,6.2,vel_K.csv,statistical_outlier_iqr
Kamand,velocity_UNCONFIRMED,Kamand_velocity_UNCONFIRMED,2026-01-07 12:17:39,6.2,vel_K.csv,statistical_outlier_iqr
Kamand,velocity_UNCONFIRMED,Kamand_velocity_UNCONFIRMED,2026-01-07 12:17:44,6.053,vel_K.csv,statistical_outlier_iqr
Kamand,velocity_UNCONFIRMED,Kamand_velocity_UNCONFIRMED,2026-01-07 12:17:49,6.053,vel_K.csv,statistical_outlier_iqr
Kamand,velocity_UNCONFIRMED,Kamand_velocity_UNCONFIRMED,2026-01-07 12:17:54,6.2,vel_K.csv,statistical_outlier_iqr
Kamand,velocity_UNCONFIRMED,Kamand_velocity_UNCONFIRMED,2026-01-07 12:17:59,6.297,vel_K.csv,statistical_outlier_iqr
Kamand,velocity_UNCONFIRMED,Kamand_velocity_UNCONFIRMED,2026-01-07 12:18:04,6.543,vel_K.csv,statistical_outlier_iqr
Kamand,velocity_UNCONFIRMED,Kamand_velocity_UNCONFIRMED,2026-01-07 12:18:09,6.543,vel_K.csv,statistical_outlier_iqr
Kamand,velocity_UNCONFIRMED,Kamand_velocity_UNCONFIRMED,2026-01-07 12:18:14,6.543,vel_K.csv,statistical_outlier_iqr
Kamand,velocity_UNCONFIRMED,Kamand_velocity_UNCONFIRMED,2026-01-07 12:18:19,6.341,vel_K.csv,statistical_outlier_iqr
Kamand,velocity_UNCONFIRMED,Kamand_velocity_UNCONFIRMED,2026-01-07 12:18:24,6.222,vel_K.csv,statistical_outlier_iqr
Kamand,velocity_UNCONFIRMED,Kamand_velocity_UNCONFIRMED,2026-01-07 12:18:29,6.341,vel_K.csv,statistical_outlier_iqr
Kamand,velocity_UNCONFIRMED,Kamand_velocity_UNCONFIRMED,2026-01-07 12:18:34,6.341,vel_K.csv,statistical_outlier_iqr
Kamand,velocity_UNCONFIRMED,Kamand_velocity_UNCONFIRMED,2026-01-07 12:18:39,6.333,vel_K.csv,statistical_outlier_iqr
Kamand,velocity_UNCONFIRMED,Kamand_velocity_UNCONFIRMED,2026-01-07 12:18:44,6.535,vel_K.csv,statistical_outlier_iqr
Kamand,velocity_UNCONFIRMED,Kamand_velocity_UNCONFIRMED,2026-01-07 12:18:52,6.816,vel_K.csv,statistical_outlier_iqr
Kamand,velocity_UNCONFIRMED,Kamand_velocity_UNCONFIRMED,2026-01-07 12:18:54,6.535,vel_K.csv,statistical_outlier_iqr
Kamand,velocity_UNCONFIRMED,Kamand_velocity_UNCONFIRMED,2026-01-07 12:18:59,6.634,vel_K.csv,statistical_outlier_iqr
Kamand,velocity_UNCONFIRMED,Kamand_velocity_UNCONFIRMED,2026-01-07 12:19:04,6.634,vel_K.csv,statistical_outlier_iqr
Kamand,velocity_UNCONFIRMED,Kamand_velocity_UNCONFIRMED,2026-01-07 12:19:09,6.745,vel_K.csv,statistical_outlier_iqr
Kamand,velocity_UNCONFIRMED,Kamand_velocity_UNCONFIRMED,2026-01-07 12:19:14,6.745,vel_K.csv,statistical_outlier_iqr
Kamand,velocity_UNCONFIRMED,Kamand_velocity_UNCONFIRMED,2026-01-07 12:19:19,6.745,vel_K.csv,statistical_outlier_iqr
Kamand,velocity_UNCONFIRMED,Kamand_velocity_UNCONFIRMED,2026-01-07 12:19:24,7.165,vel_K.csv,statistical_outlier_iqr
Kamand,velocity_UNCONFIRMED,Kamand_velocity_UNCONFIRMED,2026-01-07 12:19:29,6.909,vel_K.csv,statistical_outlier_iqr
Kamand,velocity_UNCONFIRMED,Kamand_velocity_UNCONFIRMED,2026-01-07 12:19:34,7.165,vel_K.csv,statistical_outlier_iqr
Kamand,velocity_UNCONFIRMED,Kamand_velocity_UNCONFIRMED,2026-01-07 12:19:39,7.165,vel_K.csv,statistical_outlier_iqr
Kamand,velocity_UNCONFIRMED,Kamand_velocity_UNCONFIRMED,2026-01-07 12:19:44,6.909,vel_K.csv,statistical_outlier_iqr
Kamand,velocity_UNCONFIRMED,Kamand_velocity_UNCONFIRMED,2026-01-07 12:19:49,6.086,vel_K.csv,statistical_outlier_iqr
Kamand,velocity_UNCONFIRMED,Kamand_velocity_UNCONFIRMED,2026-01-07 12:19:54,6.086,vel_K.csv,statistical_outlier_iqr
Kamand,velocity_UNCONFIRMED,Kamand_velocity_UNCONFIRMED,2026-01-07 12:19:59,5.772,vel_K.csv,statistical_outlier_iqr
Kamand,velocity_UNCONFIRMED,Kamand_velocity_UNCONFIRMED,2026-01-07 12:20:04,5.772,vel_K.csv,statistical_outlier_iqr
Kamand,velocity_UNCONFIRMED,Kamand_velocity_UNCONFIRMED,2026-01-07 12:20:09,5.772,vel_K.csv,statistical_outlier_iqr
Kamand,velocity_UNCONFIRMED,Kamand_velocity_UNCONFIRMED,2026-01-07 12:20:14,5.738,vel_K.csv,statistical_outlier_iqr
Kamand,velocity_UNCONFIRMED,Kamand_velocity_UNCONFIRMED,2026-01-07 12:20:19,6.147,vel_K.csv,statistical_outlier_iqr
Kamand,velocity_UNCONFIRMED,Kamand_velocity_UNCONFIRMED,2026-01-07 12:20:24,6.147,vel_K.csv,statistical_outlier_iqr
Kamand,velocity_UNCONFIRMED,Kamand_velocity_UNCONFIRMED,2026-01-07 12:20:29,6.147,vel_K.csv,statistical_outlier_iqr
Kamand,velocity_UNCONFIRMED,Kamand_velocity_UNCONFIRMED,2026-01-07 12:20:34,5.683,vel_K.csv,statistical_outlier_iqr
Kamand,velocity_UNCONFIRMED,Kamand_velocity_UNCONFIRMED,2026-01-07 12:20:39,5.683,vel_K.csv,statistical_outlier_iqr
Kamand,velocity_UNCONFIRMED,Kamand_velocity_UNCONFIRMED,2026-01-07 12:20:44,6.147,vel_K.csv,statistical_outlier_iqr
Kamand,velocity_UNCONFIRMED,Kamand_velocity_UNCONFIRMED,2026-01-07 12:20:51,6.147,vel_K.csv,statistical_outlier_iqr
Kamand,velocity_UNCONFIRMED,Kamand_velocity_UNCONFIRMED,2026-01-07 12:20:54,6.147,vel_K.csv,statistical_outlier_iqr
Kamand,velocity_UNCONFIRMED,Kamand_velocity_UNCONFIRMED,2026-01-07 12:20:59,6.182,vel_K.csv,statistical_outlier_iqr
Kamand,velocity_UNCONFIRMED,Kamand_velocity_UNCONFIRMED,2026-01-07 12:21:04,6.182,vel_K.csv,statistical_outlier_iqr
Kamand,velocity_UNCONFIRMED,Kamand_velocity_UNCONFIRMED,2026-01-07 12:21:09,6.182,vel_K.csv,statistical_outlier_iqr
Kamand,velocity_UNCONFIRMED,Kamand_velocity_UNCONFIRMED,2026-01-07 12:21:14,6.276,vel_K.csv,statistical_outlier_iqr
Kamand,velocity_UNCONFIRMED,Kamand_velocity_UNCONFIRMED,2026-01-07 12:21:19,6.388,vel_K.csv,statistical_outlier_iqr
Kamand,velocity_UNCONFIRMED,Kamand_velocity_UNCONFIRMED,2026-01-07 12:21:24,6.294,vel_K.csv,statistical_outlier_iqr
Kamand,velocity_UNCONFIRMED,Kamand_velocity_UNCONFIRMED,2026-01-07 12:21:29,6.017,vel_K.csv,statistical_outlier_iqr
Kamand,velocity_UNCONFIRMED,Kamand_velocity_UNCONFIRMED,2026-01-07 12:21:34,6.294,vel_K.csv,statistical_outlier_iqr
Kamand,velocity_UNCONFIRMED,Kamand_velocity_UNCONFIRMED,2026-01-07 12:21:39,6.499,vel_K.csv,statistical_outlier_iqr
Kamand,velocity_UNCONFIRMED,Kamand_velocity_UNCONFIRMED,2026-01-07 12:21:44,6.294,vel_K.csv,statistical_outlier_iqr
Kamand,velocity_UNCONFIRMED,Kamand_velocity_UNCONFIRMED,2026-01-07 12:21:49,6.499,vel_K.csv,statistical_outlier_iqr
Kamand,velocity_UNCONFIRMED,Kamand_velocity_UNCONFIRMED,2026-01-07 12:21:54,6.641,vel_K.csv,statistical_outlier_iqr
Kamand,velocity_UNCONFIRMED,Kamand_velocity_UNCONFIRMED,2026-01-07 12:21:59,6.641,vel_K.csv,statistical_outlier_iqr
Kamand,velocity_UNCONFIRMED,Kamand_velocity_UNCONFIRMED,2026-01-07 12:22:04,6.695,vel_K.csv,statistical_outlier_iqr
Kamand,velocity_UNCONFIRMED,Kamand_velocity_UNCONFIRMED,2026-01-07 12:22:09,6.499,vel_K.csv,statistical_outlier_iqr
Kamand,velocity_UNCONFIRMED,Kamand_velocity_UNCONFIRMED,2026-01-07 12:22:14,6.369,vel_K.csv,statistical_outlier_iqr
Kamand,velocity_UNCONFIRMED,Kamand_velocity_UNCONFIRMED,2026-01-07 12:22:19,6.092,vel_K.csv,statistical_outlier_iqr
Kamand,velocity_UNCONFIRMED,Kamand_velocity_UNCONFIRMED,2026-01-07 12:22:24,6.445,vel_K.csv,statistical_outlier_iqr
Kamand,velocity_UNCONFIRMED,Kamand_velocity_UNCONFIRMED,2026-01-07 12:22:29,6.613,vel_K.csv,statistical_outlier_iqr
Kamand,velocity_UNCONFIRMED,Kamand_velocity_UNCONFIRMED,2026-01-07 12:22:34,6.613,vel_K.csv,statistical_outlier_iqr
Kamand,velocity_UNCONFIRMED,Kamand_velocity_UNCONFIRMED,2026-01-07 12:22:39,6.613,vel_K.csv,statistical_outlier_iqr
Kamand,velocity_UNCONFIRMED,Kamand_velocity_UNCONFIRMED,2026-01-07 12:22:44,6.625,vel_K.csv,statistical_outlier_iqr
Kamand,velocity_UNCONFIRMED,Kamand_velocity_UNCONFIRMED,2026-01-07 12:22:52,6.613,vel_K.csv,statistical_outlier_iqr
Kamand,velocity_UNCONFIRMED,Kamand_velocity_UNCONFIRMED,2026-01-07 12:22:54,6.44,vel_K.csv,statistical_outlier_iqr
Kamand,velocity_UNCONFIRMED,Kamand_velocity_UNCONFIRMED,2026-01-07 12:22:59,6.085,vel_K.csv,statistical_outlier_iqr
Kamand,velocity_UNCONFIRMED,Kamand_velocity_UNCONFIRMED,2026-01-07 12:23:04,6.085,vel_K.csv,statistical_outlier_iqr
Kamand,velocity_UNCONFIRMED,Kamand_velocity_UNCONFIRMED,2026-01-07 12:23:09,6.613,vel_K.csv,statistical_outlier_iqr
Kamand,velocity_UNCONFIRMED,Kamand_velocity_UNCONFIRMED,2026-01-07 12:23:14,6.625,vel_K.csv,statistical_outlier_iqr
Kamand,velocity_UNCONFIRMED,Kamand_velocity_UNCONFIRMED,2026-01-07 12:23:19,6.625,vel_K.csv,statistical_outlier_iqr
Kamand,velocity_UNCONFIRMED,Kamand_velocity_UNCONFIRMED,2026-01-07 12:23:24,6.622,vel_K.csv,statistical_outlier_iqr
Kamand,velocity_UNCONFIRMED,Kamand_velocity_UNCONFIRMED,2026-01-07 12:23:29,6.659,vel_K.csv,statistical_outlier_iqr
Kamand,velocity_UNCONFIRMED,Kamand_velocity_UNCONFIRMED,2026-01-07 12:23:34,6.622,vel_K.csv,statistical_outlier_iqr
Kamand,velocity_UNCONFIRMED,Kamand_velocity_UNCONFIRMED,2026-01-07 12:23:39,6.562,vel_K.csv,statistical_outlier_iqr
Kamand,velocity_UNCONFIRMED,Kamand_velocity_UNCONFIRMED,2026-01-07 12:23:44,6.162,vel_K.csv,statistical_outlier_iqr
Kamand,velocity_UNCONFIRMED,Kamand_velocity_UNCONFIRMED,2026-01-07 12:23:49,6.162,vel_K.csv,statistical_outlier_iqr
Kamand,velocity_UNCONFIRMED,Kamand_velocity_UNCONFIRMED,2026-01-07 12:23:54,6.162,vel_K.csv,statistical_outlier_iqr
Kamand,velocity_UNCONFIRMED,Kamand_velocity_UNCONFIRMED,2026-01-07 12:23:59,6.562,vel_K.csv,statistical_outlier_iqr
Kamand,velocity_UNCONFIRMED,Kamand_velocity_UNCONFIRMED,2026-01-07 12:24:04,6.162,vel_K.csv,statistical_outlier_iqr
Kamand,velocity_UNCONFIRMED,Kamand_velocity_UNCONFIRMED,2026-01-07 12:24:09,5.446,vel_K.csv,statistical_outlier_iqr
Kamand,velocity_UNCONFIRMED,Kamand_velocity_UNCONFIRMED,2026-01-07 12:24:14,5.238,vel_K.csv,statistical_outlier_iqr
Kamand,velocity_UNCONFIRMED,Kamand_velocity_UNCONFIRMED,2026-01-07 12:24:19,5.238,vel_K.csv,statistical_outlier_iqr
Kamand,velocity_UNCONFIRMED,Kamand_velocity_UNCONFIRMED,2026-01-07 12:24:24,5.238,vel_K.csv,statistical_outlier_iqr
Kamand,velocity_UNCONFIRMED,Kamand_velocity_UNCONFIRMED,2026-01-07 12:24:29,5.238,vel_K.csv,statistical_outlier_iqr
Kamand,velocity_UNCONFIRMED,Kamand_velocity_UNCONFIRMED,2026-01-07 12:24:34,5.604,vel_K.csv,statistical_outlier_iqr
Kamand,velocity_UNCONFIRMED,Kamand_velocity_UNCONFIRMED,2026-01-07 12:24:39,5.772,vel_K.csv,statistical_outlier_iqr
Kamand,velocity_UNCONFIRMED,Kamand_velocity_UNCONFIRMED,2026-01-07 12:24:44,5.963,vel_K.csv,statistical_outlier_iqr
Kamand,velocity_UNCONFIRMED,Kamand_velocity_UNCONFIRMED,2026-01-07 12:24:52,6.406,vel_K.csv,statistical_outlier_iqr
Kamand,velocity_UNCONFIRMED,Kamand_velocity_UNCONFIRMED,2026-01-07 12:24:54,6.406,vel_K.csv,statistical_outlier_iqr
Kamand,velocity_UNCONFIRMED,Kamand_velocity_UNCONFIRMED,2026-01-07 12:24:59,6.406,vel_K.csv,statistical_outlier_iqr
Kamand,velocity_UNCONFIRMED,Kamand_velocity_UNCONFIRMED,2026-01-07 12:25:04,6.511,vel_K.csv,statistical_outlier_iqr
Kamand,velocity_UNCONFIRMED,Kamand_velocity_UNCONFIRMED,2026-01-07 12:25:09,6.776,vel_K.csv,statistical_outlier_iqr
Kamand,velocity_UNCONFIRMED,Kamand_velocity_UNCONFIRMED,2026-01-07 12:25:14,6.776,vel_K.csv,statistical_outlier_iqr
Kamand,velocity_UNCONFIRMED,Kamand_velocity_UNCONFIRMED,2026-01-07 12:25:19,6.776,vel_K.csv,statistical_outlier_iqr
Kamand,velocity_UNCONFIRMED,Kamand_velocity_UNCONFIRMED,2026-01-07 12:25:24,6.776,vel_K.csv,statistical_outlier_iqr
Kamand,velocity_UNCONFIRMED,Kamand_velocity_UNCONFIRMED,2026-01-07 12:25:29,6.73,vel_K.csv,statistical_outlier_iqr
Kamand,velocity_UNCONFIRMED,Kamand_velocity_UNCONFIRMED,2026-01-07 12:25:34,6.576,vel_K.csv,statistical_outlier_iqr
Kamand,velocity_UNCONFIRMED,Kamand_velocity_UNCONFIRMED,2026-01-07 12:25:39,6.067,vel_K.csv,statistical_outlier_iqr
Kamand,velocity_UNCONFIRMED,Kamand_velocity_UNCONFIRMED,2026-01-07 12:25:44,5.864,vel_K.csv,statistical_outlier_iqr
Kamand,velocity_UNCONFIRMED,Kamand_velocity_UNCONFIRMED,2026-01-07 12:25:49,5.864,vel_K.csv,statistical_outlier_iqr
Kamand,velocity_UNCONFIRMED,Kamand_velocity_UNCONFIRMED,2026-01-07 12:25:54,6.576,vel_K.csv,statistical_outlier_iqr
Kamand,velocity_UNCONFIRMED,Kamand_velocity_UNCONFIRMED,2026-01-07 12:25:59,6.221,vel_K.csv,statistical_outlier_iqr
Kamand,velocity_UNCONFIRMED,Kamand_velocity_UNCONFIRMED,2026-01-07 12:26:04,6.234,vel_K.csv,statistical_outlier_iqr
Kamand,velocity_UNCONFIRMED,Kamand_velocity_UNCONFIRMED,2026-01-07 12:26:09,6.234,vel_K.csv,statistical_outlier_iqr
Kamand,velocity_UNCONFIRMED,Kamand_velocity_UNCONFIRMED,2026-01-07 12:26:14,6.234,vel_K.csv,statistical_outlier_iqr
Kamand,velocity_UNCONFIRMED,Kamand_velocity_UNCONFIRMED,2026-01-07 12:26:19,6.588,vel_K.csv,statistical_outlier_iqr
Kamand,velocity_UNCONFIRMED,Kamand_velocity_UNCONFIRMED,2026-01-07 12:26:24,6.234,vel_K.csv,statistical_outlier_iqr
Kamand,velocity_UNCONFIRMED,Kamand_velocity_UNCONFIRMED,2026-01-07 12:26:29,5.821,vel_K.csv,statistical_outlier_iqr
Kamand,velocity_UNCONFIRMED,Kamand_velocity_UNCONFIRMED,2026-01-07 12:26:34,5.821,vel_K.csv,statistical_outlier_iqr
Kamand,velocity_UNCONFIRMED,Kamand_velocity_UNCONFIRMED,2026-01-07 12:26:39,6.234,vel_K.csv,statistical_outlier_iqr
Kamand,velocity_UNCONFIRMED,Kamand_velocity_UNCONFIRMED,2026-01-07 12:26:44,6.629,vel_K.csv,statistical_outlier_iqr
Kamand,velocity_UNCONFIRMED,Kamand_velocity_UNCONFIRMED,2026-01-07 12:26:51,6.234,vel_K.csv,statistical_outlier_iqr
Kamand,velocity_UNCONFIRMED,Kamand_velocity_UNCONFIRMED,2026-01-07 12:26:54,5.821,vel_K.csv,statistical_outlier_iqr
Kamand,velocity_UNCONFIRMED,Kamand_velocity_UNCONFIRMED,2026-01-07 12:26:59,5.969,vel_K.csv,statistical_outlier_iqr
Kamand,velocity_UNCONFIRMED,Kamand_velocity_UNCONFIRMED,2026-01-07 12:27:04,6.217,vel_K.csv,statistical_outlier_iqr
Kamand,velocity_UNCONFIRMED,Kamand_velocity_UNCONFIRMED,2026-01-07 12:27:09,5.208,vel_K.csv,statistical_outlier_iqr
Kamand,velocity_UNCONFIRMED,Kamand_velocity_UNCONFIRMED,2026-01-07 12:27:14,5.266,vel_K.csv,statistical_outlier_iqr
Kamand,velocity_UNCONFIRMED,Kamand_velocity_UNCONFIRMED,2026-01-07 12:27:19,4.917,vel_K.csv,statistical_outlier_iqr
Kamand,velocity_UNCONFIRMED,Kamand_velocity_UNCONFIRMED,2026-01-07 12:27:24,5.266,vel_K.csv,statistical_outlier_iqr
Kamand,velocity_UNCONFIRMED,Kamand_velocity_UNCONFIRMED,2026-01-07 12:27:29,5.884,vel_K.csv,statistical_outlier_iqr
Kamand,velocity_UNCONFIRMED,Kamand_velocity_UNCONFIRMED,2026-01-07 12:27:34,6.304,vel_K.csv,statistical_outlier_iqr
Kamand,velocity_UNCONFIRMED,Kamand_velocity_UNCONFIRMED,2026-01-07 12:27:39,5.396,vel_K.csv,statistical_outlier_iqr
Kamand,velocity_UNCONFIRMED,Kamand_velocity_UNCONFIRMED,2026-01-07 12:27:44,4.512,vel_K.csv,statistical_outlier_iqr
Kamand,velocity_UNCONFIRMED,Kamand_velocity_UNCONFIRMED,2026-01-07 12:27:49,4.995,vel_K.csv,statistical_outlier_iqr
Kamand,velocity_UNCONFIRMED,Kamand_velocity_UNCONFIRMED,2026-01-07 12:27:54,5.415,vel_K.csv,statistical_outlier_iqr
Kamand,velocity_UNCONFIRMED,Kamand_velocity_UNCONFIRMED,2026-01-07 12:27:59,4.995,vel_K.csv,statistical_outlier_iqr
Kamand,velocity_UNCONFIRMED,Kamand_velocity_UNCONFIRMED,2026-01-07 12:28:04,4.907,vel_K.csv,statistical_outlier_iqr
Kamand,velocity_UNCONFIRMED,Kamand_velocity_UNCONFIRMED,2026-01-07 12:28:09,4.995,vel_K.csv,statistical_outlier_iqr
Kamand,velocity_UNCONFIRMED,Kamand_velocity_UNCONFIRMED,2026-01-07 12:28:14,4.927,vel_K.csv,statistical_outlier_iqr
Kamand,velocity_UNCONFIRMED,Kamand_velocity_UNCONFIRMED,2026-01-07 12:28:19,5.415,vel_K.csv,statistical_outlier_iqr
Kamand,velocity_UNCONFIRMED,Kamand_velocity_UNCONFIRMED,2026-01-07 12:28:24,5.415,vel_K.csv,statistical_outlier_iqr
Kamand,velocity_UNCONFIRMED,Kamand_velocity_UNCONFIRMED,2026-01-07 12:28:29,5.139,vel_K.csv,statistical_outlier_iqr
Kamand,velocity_UNCONFIRMED,Kamand_velocity_UNCONFIRMED,2026-01-07 12:28:34,5.031,vel_K.csv,statistical_outlier_iqr
Kamand,velocity_UNCONFIRMED,Kamand_velocity_UNCONFIRMED,2026-01-07 12:28:39,5.156,vel_K.csv,statistical_outlier_iqr
Kamand,velocity_UNCONFIRMED,Kamand_velocity_UNCONFIRMED,2026-01-07 12:28:44,5.507,vel_K.csv,statistical_outlier_iqr
Kamand,velocity_UNCONFIRMED,Kamand_velocity_UNCONFIRMED,2026-01-07 12:28:52,5.507,vel_K.csv,statistical_outlier_iqr
Kamand,velocity_UNCONFIRMED,Kamand_velocity_UNCONFIRMED,2026-01-07 12:28:54,5.156,vel_K.csv,statistical_outlier_iqr
Kamand,velocity_UNCONFIRMED,Kamand_velocity_UNCONFIRMED,2026-01-07 12:28:59,5.507,vel_K.csv,statistical_outlier_iqr
Kamand,velocity_UNCONFIRMED,Kamand_velocity_UNCONFIRMED,2026-01-07 12:29:04,5.507,vel_K.csv,statistical_outlier_iqr
Kamand,velocity_UNCONFIRMED,Kamand_velocity_UNCONFIRMED,2026-01-07 12:29:09,5.507,vel_K.csv,statistical_outlier_iqr
Kamand,velocity_UNCONFIRMED,Kamand_velocity_UNCONFIRMED,2026-01-07 12:29:14,5.804,vel_K.csv,statistical_outlier_iqr
Kamand,velocity_UNCONFIRMED,Kamand_velocity_UNCONFIRMED,2026-01-07 12:29:19,5.804,vel_K.csv,statistical_outlier_iqr
Kamand,velocity_UNCONFIRMED,Kamand_velocity_UNCONFIRMED,2026-01-07 12:29:24,5.804,vel_K.csv,statistical_outlier_iqr
Kamand,velocity_UNCONFIRMED,Kamand_velocity_UNCONFIRMED,2026-01-07 12:29:29,6.029,vel_K.csv,statistical_outlier_iqr
Kamand,velocity_UNCONFIRMED,Kamand_velocity_UNCONFIRMED,2026-01-07 12:29:34,6.383,vel_K.csv,statistical_outlier_iqr
Kamand,velocity_UNCONFIRMED,Kamand_velocity_UNCONFIRMED,2026-01-07 12:29:39,6.029,vel_K.csv,statistical_outlier_iqr
Kamand,velocity_UNCONFIRMED,Kamand_velocity_UNCONFIRMED,2026-01-07 12:29:44,6.029,vel_K.csv,statistical_outlier_iqr
Kamand,velocity_UNCONFIRMED,Kamand_velocity_UNCONFIRMED,2026-01-07 12:29:49,6.383,vel_K.csv,statistical_outlier_iqr
Kamand,velocity_UNCONFIRMED,Kamand_velocity_UNCONFIRMED,2026-01-07 12:29:54,6.383,vel_K.csv,statistical_outlier_iqr
Kamand,velocity_UNCONFIRMED,Kamand_velocity_UNCONFIRMED,2026-01-07 12:29:59,6.383,vel_K.csv,statistical_outlier_iqr
Kamand,velocity_UNCONFIRMED,Kamand_velocity_UNCONFIRMED,2026-01-07 12:30:04,6.383,vel_K.csv,statistical_outlier_iqr
Kamand,velocity_UNCONFIRMED,Kamand_velocity_UNCONFIRMED,2026-01-07 12:30:09,6.21,vel_K.csv,statistical_outlier_iqr
Kamand,velocity_UNCONFIRMED,Kamand_velocity_UNCONFIRMED,2026-01-07 12:30:14,6.194,vel_K.csv,statistical_outlier_iqr
Kamand,velocity_UNCONFIRMED,Kamand_velocity_UNCONFIRMED,2026-01-07 12:30:19,5.892,vel_K.csv,statistical_outlier_iqr
Kamand,velocity_UNCONFIRMED,Kamand_velocity_UNCONFIRMED,2026-01-07 12:30:24,5.892,vel_K.csv,statistical_outlier_iqr
Kamand,velocity_UNCONFIRMED,Kamand_velocity_UNCONFIRMED,2026-01-07 12:30:29,5.892,vel_K.csv,statistical_outlier_iqr
Kamand,velocity_UNCONFIRMED,Kamand_velocity_UNCONFIRMED,2026-01-07 12:30:34,5.892,vel_K.csv,statistical_outlier_iqr
Kamand,velocity_UNCONFIRMED,Kamand_velocity_UNCONFIRMED,2026-01-07 12:30:39,5.892,vel_K.csv,statistical_outlier_iqr
Kamand,velocity_UNCONFIRMED,Kamand_velocity_UNCONFIRMED,2026-01-07 12:30:44,6.205,vel_K.csv,statistical_outlier_iqr
Kamand,velocity_UNCONFIRMED,Kamand_velocity_UNCONFIRMED,2026-01-07 12:30:52,6.205,vel_K.csv,statistical_outlier_iqr
Kamand,velocity_UNCONFIRMED,Kamand_velocity_UNCONFIRMED,2026-01-07 12:30:54,6.205,vel_K.csv,statistical_outlier_iqr
Kamand,velocity_UNCONFIRMED,Kamand_velocity_UNCONFIRMED,2026-01-07 12:30:59,6.23,vel_K.csv,statistical_outlier_iqr
Kamand,velocity_UNCONFIRMED,Kamand_velocity_UNCONFIRMED,2026-01-07 12:31:04,6.231,vel_K.csv,statistical_outlier_iqr
Kamand,velocity_UNCONFIRMED,Kamand_velocity_UNCONFIRMED,2026-01-07 12:31:09,6.283,vel_K.csv,statistical_outlier_iqr
Kamand,velocity_UNCONFIRMED,Kamand_velocity_UNCONFIRMED,2026-01-07 12:31:14,6.283,vel_K.csv,statistical_outlier_iqr
Kamand,velocity_UNCONFIRMED,Kamand_velocity_UNCONFIRMED,2026-01-07 12:31:19,6.283,vel_K.csv,statistical_outlier_iqr
Kamand,velocity_UNCONFIRMED,Kamand_velocity_UNCONFIRMED,2026-01-07 12:31:24,6.231,vel_K.csv,statistical_outlier_iqr
Kamand,velocity_UNCONFIRMED,Kamand_velocity_UNCONFIRMED,2026-01-07 12:31:29,5.871,vel_K.csv,statistical_outlier_iqr
Kamand,velocity_UNCONFIRMED,Kamand_velocity_UNCONFIRMED,2026-01-07 12:31:34,5.513,vel_K.csv,statistical_outlier_iqr
Kamand,velocity_UNCONFIRMED,Kamand_velocity_UNCONFIRMED,2026-01-07 12:31:39,5.871,vel_K.csv,statistical_outlier_iqr
Kamand,velocity_UNCONFIRMED,Kamand_velocity_UNCONFIRMED,2026-01-07 12:31:44,5.513,vel_K.csv,statistical_outlier_iqr
Kamand,velocity_UNCONFIRMED,Kamand_velocity_UNCONFIRMED,2026-01-07 12:31:49,5.513,vel_K.csv,statistical_outlier_iqr
Kamand,velocity_UNCONFIRMED,Kamand_velocity_UNCONFIRMED,2026-01-07 12:31:54,5.871,vel_K.csv,statistical_outlier_iqr
Kamand,velocity_UNCONFIRMED,Kamand_velocity_UNCONFIRMED,2026-01-07 12:31:59,5.528,vel_K.csv,statistical_outlier_iqr
Kamand,velocity_UNCONFIRMED,Kamand_velocity_UNCONFIRMED,2026-01-07 12:32:04,5.528,vel_K.csv,statistical_outlier_iqr
Kamand,velocity_UNCONFIRMED,Kamand_velocity_UNCONFIRMED,2026-01-07 12:32:09,5.528,vel_K.csv,statistical_outlier_iqr
Kamand,velocity_UNCONFIRMED,Kamand_velocity_UNCONFIRMED,2026-01-07 12:32:14,5.528,vel_K.csv,statistical_outlier_iqr
Kamand,velocity_UNCONFIRMED,Kamand_velocity_UNCONFIRMED,2026-01-07 12:32:19,5.926,vel_K.csv,statistical_outlier_iqr
Kamand,velocity_UNCONFIRMED,Kamand_velocity_UNCONFIRMED,2026-01-07 12:32:24,5.926,vel_K.csv,statistical_outlier_iqr
Kamand,velocity_UNCONFIRMED,Kamand_velocity_UNCONFIRMED,2026-01-07 12:32:29,5.926,vel_K.csv,statistical_outlier_iqr
Kamand,velocity_UNCONFIRMED,Kamand_velocity_UNCONFIRMED,2026-01-07 12:32:34,6.387,vel_K.csv,statistical_outlier_iqr
Kamand,velocity_UNCONFIRMED,Kamand_velocity_UNCONFIRMED,2026-01-07 12:32:39,6.088,vel_K.csv,statistical_outlier_iqr
Kamand,velocity_UNCONFIRMED,Kamand_velocity_UNCONFIRMED,2026-01-07 12:32:44,6.532,vel_K.csv,statistical_outlier_iqr
Kamand,velocity_UNCONFIRMED,Kamand_velocity_UNCONFIRMED,2026-01-07 12:32:52,6.532,vel_K.csv,statistical_outlier_iqr
Kamand,velocity_UNCONFIRMED,Kamand_velocity_UNCONFIRMED,2026-01-07 12:32:54,6.088,vel_K.csv,statistical_outlier_iqr
Kamand,velocity_UNCONFIRMED,Kamand_velocity_UNCONFIRMED,2026-01-07 12:32:59,6.532,vel_K.csv,statistical_outlier_iqr
Kamand,velocity_UNCONFIRMED,Kamand_velocity_UNCONFIRMED,2026-01-07 12:33:04,6.427,vel_K.csv,statistical_outlier_iqr
Kamand,velocity_UNCONFIRMED,Kamand_velocity_UNCONFIRMED,2026-01-07 12:33:09,5.982,vel_K.csv,statistical_outlier_iqr
Kamand,velocity_UNCONFIRMED,Kamand_velocity_UNCONFIRMED,2026-01-07 12:33:14,6.427,vel_K.csv,statistical_outlier_iqr
Kamand,velocity_UNCONFIRMED,Kamand_velocity_UNCONFIRMED,2026-01-07 12:33:19,5.982,vel_K.csv,statistical_outlier_iqr
Kamand,velocity_UNCONFIRMED,Kamand_velocity_UNCONFIRMED,2026-01-07 12:33:24,6.31,vel_K.csv,statistical_outlier_iqr
Kamand,velocity_UNCONFIRMED,Kamand_velocity_UNCONFIRMED,2026-01-07 12:33:29,6.31,vel_K.csv,statistical_outlier_iqr
Kamand,velocity_UNCONFIRMED,Kamand_velocity_UNCONFIRMED,2026-01-07 12:33:34,5.982,vel_K.csv,statistical_outlier_iqr
Kamand,velocity_UNCONFIRMED,Kamand_velocity_UNCONFIRMED,2026-01-07 12:33:39,6.198,vel_K.csv,statistical_outlier_iqr
Kamand,velocity_UNCONFIRMED,Kamand_velocity_UNCONFIRMED,2026-01-07 12:33:44,5.59,vel_K.csv,statistical_outlier_iqr
Kamand,velocity_UNCONFIRMED,Kamand_velocity_UNCONFIRMED,2026-01-07 12:33:49,5.59,vel_K.csv,statistical_outlier_iqr
Kamand,velocity_UNCONFIRMED,Kamand_velocity_UNCONFIRMED,2026-01-07 12:33:54,6.059,vel_K.csv,statistical_outlier_iqr
Kamand,velocity_UNCONFIRMED,Kamand_velocity_UNCONFIRMED,2026-01-07 12:33:59,5.958,vel_K.csv,statistical_outlier_iqr
Kamand,velocity_UNCONFIRMED,Kamand_velocity_UNCONFIRMED,2026-01-07 12:34:04,5.489,vel_K.csv,statistical_outlier_iqr
Kamand,velocity_UNCONFIRMED,Kamand_velocity_UNCONFIRMED,2026-01-07 12:34:09,5.489,vel_K.csv,statistical_outlier_iqr
Kamand,velocity_UNCONFIRMED,Kamand_velocity_UNCONFIRMED,2026-01-07 12:34:14,5.489,vel_K.csv,statistical_outlier_iqr
Kamand,velocity_UNCONFIRMED,Kamand_velocity_UNCONFIRMED,2026-01-07 12:34:19,5.958,vel_K.csv,statistical_outlier_iqr
Kamand,velocity_UNCONFIRMED,Kamand_velocity_UNCONFIRMED,2026-01-07 12:34:24,5.489,vel_K.csv,statistical_outlier_iqr
Kamand,velocity_UNCONFIRMED,Kamand_velocity_UNCONFIRMED,2026-01-07 12:34:29,5.958,vel_K.csv,statistical_outlier_iqr
Kamand,velocity_UNCONFIRMED,Kamand_velocity_UNCONFIRMED,2026-01-07 12:34:34,6.152,vel_K.csv,statistical_outlier_iqr
Kamand,velocity_UNCONFIRMED,Kamand_velocity_UNCONFIRMED,2026-01-07 12:34:39,6.192,vel_K.csv,statistical_outlier_iqr
Kamand,velocity_UNCONFIRMED,Kamand_velocity_UNCONFIRMED,2026-01-07 12:34:44,6.192,vel_K.csv,statistical_outlier_iqr
Kamand,velocity_UNCONFIRMED,Kamand_velocity_UNCONFIRMED,2026-01-07 12:34:52,5.958,vel_K.csv,statistical_outlier_iqr
Kamand,velocity_UNCONFIRMED,Kamand_velocity_UNCONFIRMED,2026-01-07 12:34:54,5.887,vel_K.csv,statistical_outlier_iqr
Kamand,velocity_UNCONFIRMED,Kamand_velocity_UNCONFIRMED,2026-01-07 12:34:59,6.12,vel_K.csv,statistical_outlier_iqr
Kamand,velocity_UNCONFIRMED,Kamand_velocity_UNCONFIRMED,2026-01-07 12:35:04,6.12,vel_K.csv,statistical_outlier_iqr
Kamand,velocity_UNCONFIRMED,Kamand_velocity_UNCONFIRMED,2026-01-07 12:35:09,6.12,vel_K.csv,statistical_outlier_iqr
Kamand,velocity_UNCONFIRMED,Kamand_velocity_UNCONFIRMED,2026-01-07 12:35:14,6.12,vel_K.csv,statistical_outlier_iqr
Kamand,velocity_UNCONFIRMED,Kamand_velocity_UNCONFIRMED,2026-01-07 12:35:19,5.857,vel_K.csv,statistical_outlier_iqr
Kamand,velocity_UNCONFIRMED,Kamand_velocity_UNCONFIRMED,2026-01-07 12:35:24,6.12,vel_K.csv,statistical_outlier_iqr
Kamand,velocity_UNCONFIRMED,Kamand_velocity_UNCONFIRMED,2026-01-07 12:35:29,6.13,vel_K.csv,statistical_outlier_iqr
Kamand,velocity_UNCONFIRMED,Kamand_velocity_UNCONFIRMED,2026-01-07 12:35:34,5.857,vel_K.csv,statistical_outlier_iqr
Kamand,velocity_UNCONFIRMED,Kamand_velocity_UNCONFIRMED,2026-01-07 12:35:39,5.857,vel_K.csv,statistical_outlier_iqr
Kamand,velocity_UNCONFIRMED,Kamand_velocity_UNCONFIRMED,2026-01-07 12:35:44,5.808,vel_K.csv,statistical_outlier_iqr
Kamand,velocity_UNCONFIRMED,Kamand_velocity_UNCONFIRMED,2026-01-07 12:35:49,5.797,vel_K.csv,statistical_outlier_iqr
Kamand,velocity_UNCONFIRMED,Kamand_velocity_UNCONFIRMED,2026-01-07 12:35:54,5.797,vel_K.csv,statistical_outlier_iqr
Kamand,velocity_UNCONFIRMED,Kamand_velocity_UNCONFIRMED,2026-01-07 12:35:59,5.46,vel_K.csv,statistical_outlier_iqr
Kamand,velocity_UNCONFIRMED,Kamand_velocity_UNCONFIRMED,2026-01-07 12:36:04,5.797,vel_K.csv,statistical_outlier_iqr
Kamand,velocity_UNCONFIRMED,Kamand_velocity_UNCONFIRMED,2026-01-07 12:36:09,5.797,vel_K.csv,statistical_outlier_iqr
Kamand,velocity_UNCONFIRMED,Kamand_velocity_UNCONFIRMED,2026-01-07 12:36:14,5.46,vel_K.csv,statistical_outlier_iqr
Kamand,velocity_UNCONFIRMED,Kamand_velocity_UNCONFIRMED,2026-01-07 12:36:19,5.471,vel_K.csv,statistical_outlier_iqr
Kamand,velocity_UNCONFIRMED,Kamand_velocity_UNCONFIRMED,2026-01-07 12:36:24,5.471,vel_K.csv,statistical_outlier_iqr
Kamand,velocity_UNCONFIRMED,Kamand_velocity_UNCONFIRMED,2026-01-07 12:36:29,5.465,vel_K.csv,statistical_outlier_iqr
Kamand,velocity_UNCONFIRMED,Kamand_velocity_UNCONFIRMED,2026-01-07 12:36:34,5.149,vel_K.csv,statistical_outlier_iqr
Kamand,velocity_UNCONFIRMED,Kamand_velocity_UNCONFIRMED,2026-01-07 12:36:39,5.149,vel_K.csv,statistical_outlier_iqr
Kamand,velocity_UNCONFIRMED,Kamand_velocity_UNCONFIRMED,2026-01-07 12:36:44,5.149,vel_K.csv,statistical_outlier_iqr
Kamand,velocity_UNCONFIRMED,Kamand_velocity_UNCONFIRMED,2026-01-07 12:36:49,5.054,vel_K.csv,statistical_outlier_iqr
Kamand,velocity_UNCONFIRMED,Kamand_velocity_UNCONFIRMED,2026-01-07 12:36:54,5.054,vel_K.csv,statistical_outlier_iqr
Kamand,velocity_UNCONFIRMED,Kamand_velocity_UNCONFIRMED,2026-01-07 12:36:59,4.733,vel_K.csv,statistical_outlier_iqr
Kamand,velocity_UNCONFIRMED,Kamand_velocity_UNCONFIRMED,2026-01-07 12:37:04,4.733,vel_K.csv,statistical_outlier_iqr
Kamand,velocity_UNCONFIRMED,Kamand_velocity_UNCONFIRMED,2026-01-07 12:37:09,4.753,vel_K.csv,statistical_outlier_iqr
Kamand,velocity_UNCONFIRMED,Kamand_velocity_UNCONFIRMED,2026-01-07 12:37:14,5.465,vel_K.csv,statistical_outlier_iqr
Kamand,velocity_UNCONFIRMED,Kamand_velocity_UNCONFIRMED,2026-01-07 12:37:19,5.877,vel_K.csv,statistical_outlier_iqr
Kamand,velocity_UNCONFIRMED,Kamand_velocity_UNCONFIRMED,2026-01-07 12:37:24,5.877,vel_K.csv,statistical_outlier_iqr
Kamand,velocity_UNCONFIRMED,Kamand_velocity_UNCONFIRMED,2026-01-07 12:37:29,6.227,vel_K.csv,statistical_outlier_iqr
Kamand,velocity_UNCONFIRMED,Kamand_velocity_UNCONFIRMED,2026-01-07 12:37:34,6.227,vel_K.csv,statistical_outlier_iqr
Kamand,velocity_UNCONFIRMED,Kamand_velocity_UNCONFIRMED,2026-01-07 12:37:39,6.095,vel_K.csv,statistical_outlier_iqr
Kamand,velocity_UNCONFIRMED,Kamand_velocity_UNCONFIRMED,2026-01-07 12:37:44,6.095,vel_K.csv,statistical_outlier_iqr
Kamand,velocity_UNCONFIRMED,Kamand_velocity_UNCONFIRMED,2026-01-07 12:37:49,6.291,vel_K.csv,statistical_outlier_iqr
Kamand,velocity_UNCONFIRMED,Kamand_velocity_UNCONFIRMED,2026-01-07 12:37:54,6.424,vel_K.csv,statistical_outlier_iqr
Kamand,velocity_UNCONFIRMED,Kamand_velocity_UNCONFIRMED,2026-01-07 12:37:59,6.424,vel_K.csv,statistical_outlier_iqr
Kamand,velocity_UNCONFIRMED,Kamand_velocity_UNCONFIRMED,2026-01-07 12:38:04,6.424,vel_K.csv,statistical_outlier_iqr
Kamand,velocity_UNCONFIRMED,Kamand_velocity_UNCONFIRMED,2026-01-07 12:38:09,6.497,vel_K.csv,statistical_outlier_iqr
Kamand,velocity_UNCONFIRMED,Kamand_velocity_UNCONFIRMED,2026-01-07 12:38:14,6.424,vel_K.csv,statistical_outlier_iqr
Kamand,velocity_UNCONFIRMED,Kamand_velocity_UNCONFIRMED,2026-01-07 12:38:19,6.291,vel_K.csv,statistical_outlier_iqr
Kamand,velocity_UNCONFIRMED,Kamand_velocity_UNCONFIRMED,2026-01-07 12:38:24,5.862,vel_K.csv,statistical_outlier_iqr
Kamand,velocity_UNCONFIRMED,Kamand_velocity_UNCONFIRMED,2026-01-07 12:38:29,5.256,vel_K.csv,statistical_outlier_iqr
Kamand,velocity_UNCONFIRMED,Kamand_velocity_UNCONFIRMED,2026-01-07 12:38:34,5.306,vel_K.csv,statistical_outlier_iqr
Kamand,velocity_UNCONFIRMED,Kamand_velocity_UNCONFIRMED,2026-01-07 12:38:39,5.306,vel_K.csv,statistical_outlier_iqr
Kamand,velocity_UNCONFIRMED,Kamand_velocity_UNCONFIRMED,2026-01-07 12:38:44,5.694,vel_K.csv,statistical_outlier_iqr
Kamand,velocity_UNCONFIRMED,Kamand_velocity_UNCONFIRMED,2026-01-07 12:38:49,5.306,vel_K.csv,statistical_outlier_iqr
Kamand,velocity_UNCONFIRMED,Kamand_velocity_UNCONFIRMED,2026-01-07 12:38:54,4.969,vel_K.csv,statistical_outlier_iqr
Kamand,velocity_UNCONFIRMED,Kamand_velocity_UNCONFIRMED,2026-01-07 12:38:59,5.29,vel_K.csv,statistical_outlier_iqr
Kamand,velocity_UNCONFIRMED,Kamand_velocity_UNCONFIRMED,2026-01-07 12:39:04,5.29,vel_K.csv,statistical_outlier_iqr
Kamand,velocity_UNCONFIRMED,Kamand_velocity_UNCONFIRMED,2026-01-07 12:39:09,5.29,vel_K.csv,statistical_outlier_iqr
Kamand,velocity_UNCONFIRMED,Kamand_velocity_UNCONFIRMED,2026-01-07 12:39:14,5.694,vel_K.csv,statistical_outlier_iqr
Kamand,velocity_UNCONFIRMED,Kamand_velocity_UNCONFIRMED,2026-01-07 12:39:19,5.694,vel_K.csv,statistical_outlier_iqr
Kamand,velocity_UNCONFIRMED,Kamand_velocity_UNCONFIRMED,2026-01-07 12:39:24,5.836,vel_K.csv,statistical_outlier_iqr
Kamand,velocity_UNCONFIRMED,Kamand_velocity_UNCONFIRMED,2026-01-07 12:39:29,5.836,vel_K.csv,statistical_outlier_iqr
Kamand,velocity_UNCONFIRMED,Kamand_velocity_UNCONFIRMED,2026-01-07 12:39:34,5.836,vel_K.csv,statistical_outlier_iqr
Kamand,velocity_UNCONFIRMED,Kamand_velocity_UNCONFIRMED,2026-01-07 12:39:39,5.836,vel_K.csv,statistical_outlier_iqr
Kamand,velocity_UNCONFIRMED,Kamand_velocity_UNCONFIRMED,2026-01-07 12:39:44,5.775,vel_K.csv,statistical_outlier_iqr
Kamand,velocity_UNCONFIRMED,Kamand_velocity_UNCONFIRMED,2026-01-07 12:39:49,5.775,vel_K.csv,statistical_outlier_iqr
Kamand,velocity_UNCONFIRMED,Kamand_velocity_UNCONFIRMED,2026-01-07 12:39:54,6.034,vel_K.csv,statistical_outlier_iqr
Kamand,velocity_UNCONFIRMED,Kamand_velocity_UNCONFIRMED,2026-01-07 12:39:59,6.034,vel_K.csv,statistical_outlier_iqr
Kamand,velocity_UNCONFIRMED,Kamand_velocity_UNCONFIRMED,2026-01-07 12:40:04,5.775,vel_K.csv,statistical_outlier_iqr
Kamand,velocity_UNCONFIRMED,Kamand_velocity_UNCONFIRMED,2026-01-07 12:40:09,5.775,vel_K.csv,statistical_outlier_iqr
Kamand,velocity_UNCONFIRMED,Kamand_velocity_UNCONFIRMED,2026-01-07 12:40:14,5.775,vel_K.csv,statistical_outlier_iqr
Kamand,velocity_UNCONFIRMED,Kamand_velocity_UNCONFIRMED,2026-01-07 12:40:19,5.884,vel_K.csv,statistical_outlier_iqr
Kamand,velocity_UNCONFIRMED,Kamand_velocity_UNCONFIRMED,2026-01-07 12:40:24,5.892,vel_K.csv,statistical_outlier_iqr
Kamand,velocity_UNCONFIRMED,Kamand_velocity_UNCONFIRMED,2026-01-07 12:40:29,5.892,vel_K.csv,statistical_outlier_iqr
Kamand,velocity_UNCONFIRMED,Kamand_velocity_UNCONFIRMED,2026-01-07 12:40:34,5.892,vel_K.csv,statistical_outlier_iqr
Kamand,velocity_UNCONFIRMED,Kamand_velocity_UNCONFIRMED,2026-01-07 12:40:39,5.778,vel_K.csv,statistical_outlier_iqr
Kamand,velocity_UNCONFIRMED,Kamand_velocity_UNCONFIRMED,2026-01-07 12:40:44,5.778,vel_K.csv,statistical_outlier_iqr
Kamand,velocity_UNCONFIRMED,Kamand_velocity_UNCONFIRMED,2026-01-07 12:40:49,5.778,vel_K.csv,statistical_outlier_iqr
Kamand,velocity_UNCONFIRMED,Kamand_velocity_UNCONFIRMED,2026-01-07 12:40:54,5.697,vel_K.csv,statistical_outlier_iqr
Kamand,velocity_UNCONFIRMED,Kamand_velocity_UNCONFIRMED,2026-01-07 12:40:59,5.68,vel_K.csv,statistical_outlier_iqr
Kamand,velocity_UNCONFIRMED,Kamand_velocity_UNCONFIRMED,2026-01-07 12:41:04,5.697,vel_K.csv,statistical_outlier_iqr
Kamand,velocity_UNCONFIRMED,Kamand_velocity_UNCONFIRMED,2026-01-07 12:41:09,5.68,vel_K.csv,statistical_outlier_iqr
Kamand,velocity_UNCONFIRMED,Kamand_velocity_UNCONFIRMED,2026-01-07 12:41:14,5.68,vel_K.csv,statistical_outlier_iqr
Kamand,velocity_UNCONFIRMED,Kamand_velocity_UNCONFIRMED,2026-01-07 12:41:19,5.518,vel_K.csv,statistical_outlier_iqr
Kamand,velocity_UNCONFIRMED,Kamand_velocity_UNCONFIRMED,2026-01-07 12:41:24,5.518,vel_K.csv,statistical_outlier_iqr
Kamand,velocity_UNCONFIRMED,Kamand_velocity_UNCONFIRMED,2026-01-07 12:41:29,5.518,vel_K.csv,statistical_outlier_iqr
Kamand,velocity_UNCONFIRMED,Kamand_velocity_UNCONFIRMED,2026-01-07 12:41:34,5.68,vel_K.csv,statistical_outlier_iqr
Kamand,velocity_UNCONFIRMED,Kamand_velocity_UNCONFIRMED,2026-01-07 12:41:39,5.28,vel_K.csv,statistical_outlier_iqr
Kamand,velocity_UNCONFIRMED,Kamand_velocity_UNCONFIRMED,2026-01-07 12:41:44,5.28,vel_K.csv,statistical_outlier_iqr
Kamand,velocity_UNCONFIRMED,Kamand_velocity_UNCONFIRMED,2026-01-07 12:41:49,5.854,vel_K.csv,statistical_outlier_iqr
Kamand,velocity_UNCONFIRMED,Kamand_velocity_UNCONFIRMED,2026-01-07 12:41:54,5.854,vel_K.csv,statistical_outlier_iqr
Kamand,velocity_UNCONFIRMED,Kamand_velocity_UNCONFIRMED,2026-01-07 12:41:59,6.914,vel_K.csv,statistical_outlier_iqr
Kamand,velocity_UNCONFIRMED,Kamand_velocity_UNCONFIRMED,2026-01-07 12:42:04,5.854,vel_K.csv,statistical_outlier_iqr
Kamand,velocity_UNCONFIRMED,Kamand_velocity_UNCONFIRMED,2026-01-07 12:42:09,5.854,vel_K.csv,statistical_outlier_iqr
Kamand,velocity_UNCONFIRMED,Kamand_velocity_UNCONFIRMED,2026-01-07 12:42:14,5.77,vel_K.csv,statistical_outlier_iqr
Kamand,velocity_UNCONFIRMED,Kamand_velocity_UNCONFIRMED,2026-01-07 12:42:19,6.759,vel_K.csv,statistical_outlier_iqr
Kamand,velocity_UNCONFIRMED,Kamand_velocity_UNCONFIRMED,2026-01-07 12:42:24,6.15,vel_K.csv,statistical_outlier_iqr
Kamand,velocity_UNCONFIRMED,Kamand_velocity_UNCONFIRMED,2026-01-07 12:42:29,5.245,vel_K.csv,statistical_outlier_iqr
Kamand,velocity_UNCONFIRMED,Kamand_velocity_UNCONFIRMED,2026-01-07 12:42:34,5.245,vel_K.csv,statistical_outlier_iqr
Kamand,velocity_UNCONFIRMED,Kamand_velocity_UNCONFIRMED,2026-01-07 12:42:39,6.108,vel_K.csv,statistical_outlier_iqr
Kamand,velocity_UNCONFIRMED,Kamand_velocity_UNCONFIRMED,2026-01-07 12:42:44,6.108,vel_K.csv,statistical_outlier_iqr
Kamand,velocity_UNCONFIRMED,Kamand_velocity_UNCONFIRMED,2026-01-07 12:42:49,5.466,vel_K.csv,statistical_outlier_iqr
Kamand,velocity_UNCONFIRMED,Kamand_velocity_UNCONFIRMED,2026-01-07 12:42:54,5.466,vel_K.csv,statistical_outlier_iqr
Kamand,velocity_UNCONFIRMED,Kamand_velocity_UNCONFIRMED,2026-01-07 12:42:59,5.119,vel_K.csv,statistical_outlier_iqr
Kamand,velocity_UNCONFIRMED,Kamand_velocity_UNCONFIRMED,2026-01-07 12:43:04,5.466,vel_K.csv,statistical_outlier_iqr
Kamand,velocity_UNCONFIRMED,Kamand_velocity_UNCONFIRMED,2026-01-07 12:43:09,5.466,vel_K.csv,statistical_outlier_iqr
Kamand,velocity_UNCONFIRMED,Kamand_velocity_UNCONFIRMED,2026-01-07 12:43:14,5.466,vel_K.csv,statistical_outlier_iqr
Kamand,velocity_UNCONFIRMED,Kamand_velocity_UNCONFIRMED,2026-01-07 12:43:19,5.119,vel_K.csv,statistical_outlier_iqr
Kamand,velocity_UNCONFIRMED,Kamand_velocity_UNCONFIRMED,2026-01-07 12:43:24,5.119,vel_K.csv,statistical_outlier_iqr
Kamand,velocity_UNCONFIRMED,Kamand_velocity_UNCONFIRMED,2026-01-07 12:43:29,5.797,vel_K.csv,statistical_outlier_iqr
Kamand,velocity_UNCONFIRMED,Kamand_velocity_UNCONFIRMED,2026-01-07 12:43:34,5.119,vel_K.csv,statistical_outlier_iqr
Kamand,velocity_UNCONFIRMED,Kamand_velocity_UNCONFIRMED,2026-01-07 12:43:39,5.119,vel_K.csv,statistical_outlier_iqr
Kamand,velocity_UNCONFIRMED,Kamand_velocity_UNCONFIRMED,2026-01-07 12:43:44,4.863,vel_K.csv,statistical_outlier_iqr
Kamand,velocity_UNCONFIRMED,Kamand_velocity_UNCONFIRMED,2026-01-07 12:43:49,5.54,vel_K.csv,statistical_outlier_iqr
Kamand,velocity_UNCONFIRMED,Kamand_velocity_UNCONFIRMED,2026-01-07 12:43:54,6.543,vel_K.csv,statistical_outlier_iqr
Kamand,velocity_UNCONFIRMED,Kamand_velocity_UNCONFIRMED,2026-01-07 12:43:59,6.543,vel_K.csv,statistical_outlier_iqr
Kamand,velocity_UNCONFIRMED,Kamand_velocity_UNCONFIRMED,2026-01-07 12:44:04,6.543,vel_K.csv,statistical_outlier_iqr
Kamand,velocity_UNCONFIRMED,Kamand_velocity_UNCONFIRMED,2026-01-07 12:44:09,6.543,vel_K.csv,statistical_outlier_iqr
Kamand,velocity_UNCONFIRMED,Kamand_velocity_UNCONFIRMED,2026-01-07 12:44:14,6.062,vel_K.csv,statistical_outlier_iqr
Kamand,velocity_UNCONFIRMED,Kamand_velocity_UNCONFIRMED,2026-01-07 12:44:19,6.062,vel_K.csv,statistical_outlier_iqr
Kamand,velocity_UNCONFIRMED,Kamand_velocity_UNCONFIRMED,2026-01-07 12:44:24,6.062,vel_K.csv,statistical_outlier_iqr
Kamand,velocity_UNCONFIRMED,Kamand_velocity_UNCONFIRMED,2026-01-07 12:44:29,5.77,vel_K.csv,statistical_outlier_iqr
Kamand,velocity_UNCONFIRMED,Kamand_velocity_UNCONFIRMED,2026-01-07 12:44:34,6.318,vel_K.csv,statistical_outlier_iqr
Kamand,velocity_UNCONFIRMED,Kamand_velocity_UNCONFIRMED,2026-01-07 12:44:39,5.77,vel_K.csv,statistical_outlier_iqr
Kamand,velocity_UNCONFIRMED,Kamand_velocity_UNCONFIRMED,2026-01-07 12:44:44,6.453,vel_K.csv,statistical_outlier_iqr
Kamand,velocity_UNCONFIRMED,Kamand_velocity_UNCONFIRMED,2026-01-07 12:44:49,5.77,vel_K.csv,statistical_outlier_iqr
Kamand,velocity_UNCONFIRMED,Kamand_velocity_UNCONFIRMED,2026-01-07 12:44:54,5.518,vel_K.csv,statistical_outlier_iqr
Kamand,velocity_UNCONFIRMED,Kamand_velocity_UNCONFIRMED,2026-01-07 12:44:59,5.518,vel_K.csv,statistical_outlier_iqr
Kamand,velocity_UNCONFIRMED,Kamand_velocity_UNCONFIRMED,2026-01-07 12:45:04,5.516,vel_K.csv,statistical_outlier_iqr
Kamand,velocity_UNCONFIRMED,Kamand_velocity_UNCONFIRMED,2026-01-07 12:45:09,5.419,vel_K.csv,statistical_outlier_iqr
Kamand,velocity_UNCONFIRMED,Kamand_velocity_UNCONFIRMED,2026-01-07 12:45:14,5.419,vel_K.csv,statistical_outlier_iqr
Kamand,velocity_UNCONFIRMED,Kamand_velocity_UNCONFIRMED,2026-01-07 12:45:19,5.517,vel_K.csv,statistical_outlier_iqr
Kamand,velocity_UNCONFIRMED,Kamand_velocity_UNCONFIRMED,2026-01-07 12:45:24,5.517,vel_K.csv,statistical_outlier_iqr
Kamand,velocity_UNCONFIRMED,Kamand_velocity_UNCONFIRMED,2026-01-07 12:45:29,5.517,vel_K.csv,statistical_outlier_iqr
Kamand,velocity_UNCONFIRMED,Kamand_velocity_UNCONFIRMED,2026-01-07 12:45:34,5.419,vel_K.csv,statistical_outlier_iqr
Kamand,velocity_UNCONFIRMED,Kamand_velocity_UNCONFIRMED,2026-01-07 12:45:39,5.517,vel_K.csv,statistical_outlier_iqr
Kamand,velocity_UNCONFIRMED,Kamand_velocity_UNCONFIRMED,2026-01-07 12:45:44,5.419,vel_K.csv,statistical_outlier_iqr
Kamand,velocity_UNCONFIRMED,Kamand_velocity_UNCONFIRMED,2026-01-07 12:45:49,5.517,vel_K.csv,statistical_outlier_iqr
Kamand,velocity_UNCONFIRMED,Kamand_velocity_UNCONFIRMED,2026-01-07 12:45:54,5.575,vel_K.csv,statistical_outlier_iqr
Kamand,velocity_UNCONFIRMED,Kamand_velocity_UNCONFIRMED,2026-01-07 12:45:59,5.658,vel_K.csv,statistical_outlier_iqr
Kamand,velocity_UNCONFIRMED,Kamand_velocity_UNCONFIRMED,2026-01-07 12:46:04,5.575,vel_K.csv,statistical_outlier_iqr
Kamand,velocity_UNCONFIRMED,Kamand_velocity_UNCONFIRMED,2026-01-07 12:46:09,5.575,vel_K.csv,statistical_outlier_iqr
Kamand,velocity_UNCONFIRMED,Kamand_velocity_UNCONFIRMED,2026-01-07 12:46:14,5.73,vel_K.csv,statistical_outlier_iqr
Kamand,velocity_UNCONFIRMED,Kamand_velocity_UNCONFIRMED,2026-01-07 12:46:19,5.73,vel_K.csv,statistical_outlier_iqr
Kamand,velocity_UNCONFIRMED,Kamand_velocity_UNCONFIRMED,2026-01-07 12:46:24,6.033,vel_K.csv,statistical_outlier_iqr
Kamand,velocity_UNCONFIRMED,Kamand_velocity_UNCONFIRMED,2026-01-07 12:46:29,6.033,vel_K.csv,statistical_outlier_iqr
Kamand,velocity_UNCONFIRMED,Kamand_velocity_UNCONFIRMED,2026-01-07 12:46:34,6.231,vel_K.csv,statistical_outlier_iqr
Kamand,velocity_UNCONFIRMED,Kamand_velocity_UNCONFIRMED,2026-01-07 12:46:39,6.033,vel_K.csv,statistical_outlier_iqr
Kamand,velocity_UNCONFIRMED,Kamand_velocity_UNCONFIRMED,2026-01-07 12:46:44,6.231,vel_K.csv,statistical_outlier_iqr
Kamand,velocity_UNCONFIRMED,Kamand_velocity_UNCONFIRMED,2026-01-07 12:46:49,6.231,vel_K.csv,statistical_outlier_iqr
Kamand,velocity_UNCONFIRMED,Kamand_velocity_UNCONFIRMED,2026-01-07 12:46:54,5.953,vel_K.csv,statistical_outlier_iqr
Kamand,velocity_UNCONFIRMED,Kamand_velocity_UNCONFIRMED,2026-01-07 12:46:59,5.959,vel_K.csv,statistical_outlier_iqr
Kamand,velocity_UNCONFIRMED,Kamand_velocity_UNCONFIRMED,2026-01-07 12:47:04,5.959,vel_K.csv,statistical_outlier_iqr
Kamand,velocity_UNCONFIRMED,Kamand_velocity_UNCONFIRMED,2026-01-07 12:47:09,5.959,vel_K.csv,statistical_outlier_iqr
Kamand,velocity_UNCONFIRMED,Kamand_velocity_UNCONFIRMED,2026-01-07 12:47:14,5.959,vel_K.csv,statistical_outlier_iqr
Kamand,velocity_UNCONFIRMED,Kamand_velocity_UNCONFIRMED,2026-01-07 12:47:19,5.713,vel_K.csv,statistical_outlier_iqr
Kamand,velocity_UNCONFIRMED,Kamand_velocity_UNCONFIRMED,2026-01-07 12:47:24,5.713,vel_K.csv,statistical_outlier_iqr
Kamand,velocity_UNCONFIRMED,Kamand_velocity_UNCONFIRMED,2026-01-07 12:47:29,5.897,vel_K.csv,statistical_outlier_iqr
Kamand,velocity_UNCONFIRMED,Kamand_velocity_UNCONFIRMED,2026-01-07 12:47:34,5.897,vel_K.csv,statistical_outlier_iqr
Kamand,velocity_UNCONFIRMED,Kamand_velocity_UNCONFIRMED,2026-01-07 12:47:39,6.157,vel_K.csv,statistical_outlier_iqr
Kamand,velocity_UNCONFIRMED,Kamand_velocity_UNCONFIRMED,2026-01-07 12:47:44,5.897,vel_K.csv,statistical_outlier_iqr
Kamand,velocity_UNCONFIRMED,Kamand_velocity_UNCONFIRMED,2026-01-07 12:47:49,6.157,vel_K.csv,statistical_outlier_iqr
Kamand,velocity_UNCONFIRMED,Kamand_velocity_UNCONFIRMED,2026-01-07 12:47:54,6.157,vel_K.csv,statistical_outlier_iqr
Kamand,velocity_UNCONFIRMED,Kamand_velocity_UNCONFIRMED,2026-01-07 12:47:59,5.897,vel_K.csv,statistical_outlier_iqr
Kamand,velocity_UNCONFIRMED,Kamand_velocity_UNCONFIRMED,2026-01-07 12:48:04,5.897,vel_K.csv,statistical_outlier_iqr
Kamand,velocity_UNCONFIRMED,Kamand_velocity_UNCONFIRMED,2026-01-07 12:48:09,6.157,vel_K.csv,statistical_outlier_iqr
Kamand,velocity_UNCONFIRMED,Kamand_velocity_UNCONFIRMED,2026-01-07 12:48:14,6.143,vel_K.csv,statistical_outlier_iqr
Kamand,velocity_UNCONFIRMED,Kamand_velocity_UNCONFIRMED,2026-01-07 12:48:19,6.143,vel_K.csv,statistical_outlier_iqr
Kamand,velocity_UNCONFIRMED,Kamand_velocity_UNCONFIRMED,2026-01-07 12:48:24,6.252,vel_K.csv,statistical_outlier_iqr
Kamand,velocity_UNCONFIRMED,Kamand_velocity_UNCONFIRMED,2026-01-07 12:48:29,5.537,vel_K.csv,statistical_outlier_iqr
Kamand,velocity_UNCONFIRMED,Kamand_velocity_UNCONFIRMED,2026-01-07 12:48:34,4.695,vel_K.csv,statistical_outlier_iqr
Kamand,velocity_UNCONFIRMED,Kamand_velocity_UNCONFIRMED,2026-01-07 12:48:39,4.695,vel_K.csv,statistical_outlier_iqr
Kamand,velocity_UNCONFIRMED,Kamand_velocity_UNCONFIRMED,2026-01-07 12:48:44,5.11,vel_K.csv,statistical_outlier_iqr
Kamand,velocity_UNCONFIRMED,Kamand_velocity_UNCONFIRMED,2026-01-07 12:48:49,5.11,vel_K.csv,statistical_outlier_iqr
Kamand,velocity_UNCONFIRMED,Kamand_velocity_UNCONFIRMED,2026-01-07 12:48:54,5.301,vel_K.csv,statistical_outlier_iqr
Kamand,velocity_UNCONFIRMED,Kamand_velocity_UNCONFIRMED,2026-01-07 12:48:59,5.301,vel_K.csv,statistical_outlier_iqr
Kamand,velocity_UNCONFIRMED,Kamand_velocity_UNCONFIRMED,2026-01-07 12:49:04,5.301,vel_K.csv,statistical_outlier_iqr
Kamand,velocity_UNCONFIRMED,Kamand_velocity_UNCONFIRMED,2026-01-07 12:49:09,5.301,vel_K.csv,statistical_outlier_iqr
Kamand,velocity_UNCONFIRMED,Kamand_velocity_UNCONFIRMED,2026-01-07 12:49:14,5.301,vel_K.csv,statistical_outlier_iqr
Kamand,velocity_UNCONFIRMED,Kamand_velocity_UNCONFIRMED,2026-01-07 12:49:19,5.522,vel_K.csv,statistical_outlier_iqr
Kamand,velocity_UNCONFIRMED,Kamand_velocity_UNCONFIRMED,2026-01-07 12:49:24,5.522,vel_K.csv,statistical_outlier_iqr
Kamand,velocity_UNCONFIRMED,Kamand_velocity_UNCONFIRMED,2026-01-07 12:49:29,5.522,vel_K.csv,statistical_outlier_iqr
Kamand,velocity_UNCONFIRMED,Kamand_velocity_UNCONFIRMED,2026-01-07 12:49:34,5.786,vel_K.csv,statistical_outlier_iqr
Kamand,velocity_UNCONFIRMED,Kamand_velocity_UNCONFIRMED,2026-01-07 12:49:39,5.756,vel_K.csv,statistical_outlier_iqr
Kamand,velocity_UNCONFIRMED,Kamand_velocity_UNCONFIRMED,2026-01-07 12:49:44,5.756,vel_K.csv,statistical_outlier_iqr
Kamand,velocity_UNCONFIRMED,Kamand_velocity_UNCONFIRMED,2026-01-07 12:49:49,5.654,vel_K.csv,statistical_outlier_iqr
Kamand,velocity_UNCONFIRMED,Kamand_velocity_UNCONFIRMED,2026-01-07 12:49:54,5.809,vel_K.csv,statistical_outlier_iqr
Kamand,velocity_UNCONFIRMED,Kamand_velocity_UNCONFIRMED,2026-01-07 12:49:59,5.809,vel_K.csv,statistical_outlier_iqr
Kamand,velocity_UNCONFIRMED,Kamand_velocity_UNCONFIRMED,2026-01-07 12:50:04,5.809,vel_K.csv,statistical_outlier_iqr
Kamand,velocity_UNCONFIRMED,Kamand_velocity_UNCONFIRMED,2026-01-07 12:50:09,5.654,vel_K.csv,statistical_outlier_iqr
Kamand,velocity_UNCONFIRMED,Kamand_velocity_UNCONFIRMED,2026-01-07 12:50:14,5.654,vel_K.csv,statistical_outlier_iqr
Kamand,velocity_UNCONFIRMED,Kamand_velocity_UNCONFIRMED,2026-01-07 12:50:19,5.654,vel_K.csv,statistical_outlier_iqr
Kamand,velocity_UNCONFIRMED,Kamand_velocity_UNCONFIRMED,2026-01-07 12:50:24,5.654,vel_K.csv,statistical_outlier_iqr
Kamand,velocity_UNCONFIRMED,Kamand_velocity_UNCONFIRMED,2026-01-07 12:50:29,5.804,vel_K.csv,statistical_outlier_iqr
Kamand,velocity_UNCONFIRMED,Kamand_velocity_UNCONFIRMED,2026-01-07 12:50:34,5.804,vel_K.csv,statistical_outlier_iqr
Kamand,velocity_UNCONFIRMED,Kamand_velocity_UNCONFIRMED,2026-01-07 12:50:39,5.804,vel_K.csv,statistical_outlier_iqr
Kamand,velocity_UNCONFIRMED,Kamand_velocity_UNCONFIRMED,2026-01-07 12:50:44,6.142,vel_K.csv,statistical_outlier_iqr
Kamand,velocity_UNCONFIRMED,Kamand_velocity_UNCONFIRMED,2026-01-07 12:50:49,6.142,vel_K.csv,statistical_outlier_iqr
Kamand,velocity_UNCONFIRMED,Kamand_velocity_UNCONFIRMED,2026-01-07 12:50:54,5.614,vel_K.csv,statistical_outlier_iqr
Kamand,velocity_UNCONFIRMED,Kamand_velocity_UNCONFIRMED,2026-01-07 12:50:59,6.24,vel_K.csv,statistical_outlier_iqr
Kamand,velocity_UNCONFIRMED,Kamand_velocity_UNCONFIRMED,2026-01-07 12:51:04,6.24,vel_K.csv,statistical_outlier_iqr
Kamand,velocity_UNCONFIRMED,Kamand_velocity_UNCONFIRMED,2026-01-07 12:51:09,6.24,vel_K.csv,statistical_outlier_iqr
Kamand,velocity_UNCONFIRMED,Kamand_velocity_UNCONFIRMED,2026-01-07 12:51:14,5.678,vel_K.csv,statistical_outlier_iqr
Kamand,velocity_UNCONFIRMED,Kamand_velocity_UNCONFIRMED,2026-01-07 12:51:19,5.34,vel_K.csv,statistical_outlier_iqr
Kamand,velocity_UNCONFIRMED,Kamand_velocity_UNCONFIRMED,2026-01-07 12:51:24,5.218,vel_K.csv,statistical_outlier_iqr
Kamand,velocity_UNCONFIRMED,Kamand_velocity_UNCONFIRMED,2026-01-07 12:51:29,5.218,vel_K.csv,statistical_outlier_iqr
Kamand,velocity_UNCONFIRMED,Kamand_velocity_UNCONFIRMED,2026-01-07 12:51:34,5.218,vel_K.csv,statistical_outlier_iqr
Kamand,velocity_UNCONFIRMED,Kamand_velocity_UNCONFIRMED,2026-01-07 12:51:39,5.34,vel_K.csv,statistical_outlier_iqr
Kamand,velocity_UNCONFIRMED,Kamand_velocity_UNCONFIRMED,2026-01-07 12:51:44,5.34,vel_K.csv,statistical_outlier_iqr
Kamand,velocity_UNCONFIRMED,Kamand_velocity_UNCONFIRMED,2026-01-07 12:51:49,5.517,vel_K.csv,statistical_outlier_iqr
Kamand,velocity_UNCONFIRMED,Kamand_velocity_UNCONFIRMED,2026-01-07 12:51:54,5.517,vel_K.csv,statistical_outlier_iqr
Kamand,velocity_UNCONFIRMED,Kamand_velocity_UNCONFIRMED,2026-01-07 12:51:59,5.517,vel_K.csv,statistical_outlier_iqr
Kamand,velocity_UNCONFIRMED,Kamand_velocity_UNCONFIRMED,2026-01-07 12:52:04,5.618,vel_K.csv,statistical_outlier_iqr
Kamand,velocity_UNCONFIRMED,Kamand_velocity_UNCONFIRMED,2026-01-07 12:52:09,6.003,vel_K.csv,statistical_outlier_iqr
Kamand,velocity_UNCONFIRMED,Kamand_velocity_UNCONFIRMED,2026-01-07 12:52:14,6.122,vel_K.csv,statistical_outlier_iqr
Kamand,velocity_UNCONFIRMED,Kamand_velocity_UNCONFIRMED,2026-01-07 12:52:19,6.351,vel_K.csv,statistical_outlier_iqr
Kamand,velocity_UNCONFIRMED,Kamand_velocity_UNCONFIRMED,2026-01-07 12:52:24,6.351,vel_K.csv,statistical_outlier_iqr
Kamand,velocity_UNCONFIRMED,Kamand_velocity_UNCONFIRMED,2026-01-07 12:52:29,6.473,vel_K.csv,statistical_outlier_iqr
Kamand,velocity_UNCONFIRMED,Kamand_velocity_UNCONFIRMED,2026-01-07 12:52:34,6.321,vel_K.csv,statistical_outlier_iqr
Kamand,velocity_UNCONFIRMED,Kamand_velocity_UNCONFIRMED,2026-01-07 12:52:39,6.614,vel_K.csv,statistical_outlier_iqr
Kamand,velocity_UNCONFIRMED,Kamand_velocity_UNCONFIRMED,2026-01-07 12:52:44,7.041,vel_K.csv,statistical_outlier_iqr
Kamand,velocity_UNCONFIRMED,Kamand_velocity_UNCONFIRMED,2026-01-07 12:52:49,7.041,vel_K.csv,statistical_outlier_iqr
Kamand,velocity_UNCONFIRMED,Kamand_velocity_UNCONFIRMED,2026-01-07 12:52:54,7.314,vel_K.csv,statistical_outlier_iqr
Kamand,velocity_UNCONFIRMED,Kamand_velocity_UNCONFIRMED,2026-01-07 12:52:59,7.212,vel_K.csv,statistical_outlier_iqr
Kamand,velocity_UNCONFIRMED,Kamand_velocity_UNCONFIRMED,2026-01-07 12:53:04,6.857,vel_K.csv,statistical_outlier_iqr
Kamand,velocity_UNCONFIRMED,Kamand_velocity_UNCONFIRMED,2026-01-07 12:53:09,6.676,vel_K.csv,statistical_outlier_iqr
Kamand,velocity_UNCONFIRMED,Kamand_velocity_UNCONFIRMED,2026-01-07 12:53:14,6.676,vel_K.csv,statistical_outlier_iqr
Kamand,velocity_UNCONFIRMED,Kamand_velocity_UNCONFIRMED,2026-01-07 12:53:19,6.433,vel_K.csv,statistical_outlier_iqr
Kamand,velocity_UNCONFIRMED,Kamand_velocity_UNCONFIRMED,2026-01-07 12:53:24,6.676,vel_K.csv,statistical_outlier_iqr
Kamand,velocity_UNCONFIRMED,Kamand_velocity_UNCONFIRMED,2026-01-07 12:53:29,6.676,vel_K.csv,statistical_outlier_iqr
Kamand,velocity_UNCONFIRMED,Kamand_velocity_UNCONFIRMED,2026-01-07 12:53:34,6.975,vel_K.csv,statistical_outlier_iqr
Kamand,velocity_UNCONFIRMED,Kamand_velocity_UNCONFIRMED,2026-01-07 12:53:39,6.676,vel_K.csv,statistical_outlier_iqr
Kamand,velocity_UNCONFIRMED,Kamand_velocity_UNCONFIRMED,2026-01-07 12:53:44,6.332,vel_K.csv,statistical_outlier_iqr
Kamand,velocity_UNCONFIRMED,Kamand_velocity_UNCONFIRMED,2026-01-07 12:53:49,5.954,vel_K.csv,statistical_outlier_iqr
Kamand,velocity_UNCONFIRMED,Kamand_velocity_UNCONFIRMED,2026-01-07 12:53:54,5.777,vel_K.csv,statistical_outlier_iqr
Kamand,velocity_UNCONFIRMED,Kamand_velocity_UNCONFIRMED,2026-01-07 12:53:59,5.777,vel_K.csv,statistical_outlier_iqr
Kamand,velocity_UNCONFIRMED,Kamand_velocity_UNCONFIRMED,2026-01-07 12:54:04,5.583,vel_K.csv,statistical_outlier_iqr
Kamand,velocity_UNCONFIRMED,Kamand_velocity_UNCONFIRMED,2026-01-07 12:54:09,5.583,vel_K.csv,statistical_outlier_iqr
Kamand,velocity_UNCONFIRMED,Kamand_velocity_UNCONFIRMED,2026-01-07 12:54:14,5.909,vel_K.csv,statistical_outlier_iqr
Kamand,velocity_UNCONFIRMED,Kamand_velocity_UNCONFIRMED,2026-01-07 12:54:19,6.065,vel_K.csv,statistical_outlier_iqr
Kamand,velocity_UNCONFIRMED,Kamand_velocity_UNCONFIRMED,2026-01-07 12:54:24,6.065,vel_K.csv,statistical_outlier_iqr
Kamand,velocity_UNCONFIRMED,Kamand_velocity_UNCONFIRMED,2026-01-07 12:54:29,6.065,vel_K.csv,statistical_outlier_iqr
Kamand,velocity_UNCONFIRMED,Kamand_velocity_UNCONFIRMED,2026-01-07 12:54:34,6.065,vel_K.csv,statistical_outlier_iqr
Kamand,velocity_UNCONFIRMED,Kamand_velocity_UNCONFIRMED,2026-01-07 12:54:39,6.485,vel_K.csv,statistical_outlier_iqr
Kamand,velocity_UNCONFIRMED,Kamand_velocity_UNCONFIRMED,2026-01-07 12:54:44,6.797,vel_K.csv,statistical_outlier_iqr
Kamand,velocity_UNCONFIRMED,Kamand_velocity_UNCONFIRMED,2026-01-07 12:54:49,7.045,vel_K.csv,statistical_outlier_iqr
Kamand,velocity_UNCONFIRMED,Kamand_velocity_UNCONFIRMED,2026-01-07 12:54:54,7.045,vel_K.csv,statistical_outlier_iqr
Kamand,velocity_UNCONFIRMED,Kamand_velocity_UNCONFIRMED,2026-01-07 12:54:59,7.045,vel_K.csv,statistical_outlier_iqr
Kamand,velocity_UNCONFIRMED,Kamand_velocity_UNCONFIRMED,2026-01-07 12:55:04,7.122,vel_K.csv,statistical_outlier_iqr
Kamand,velocity_UNCONFIRMED,Kamand_velocity_UNCONFIRMED,2026-01-07 12:55:09,7.045,vel_K.csv,statistical_outlier_iqr
Kamand,velocity_UNCONFIRMED,Kamand_velocity_UNCONFIRMED,2026-01-07 12:55:14,6.797,vel_K.csv,statistical_outlier_iqr
Kamand,velocity_UNCONFIRMED,Kamand_velocity_UNCONFIRMED,2026-01-07 12:55:19,7.097,vel_K.csv,statistical_outlier_iqr
Kamand,velocity_UNCONFIRMED,Kamand_velocity_UNCONFIRMED,2026-01-07 12:55:24,7.097,vel_K.csv,statistical_outlier_iqr
Kamand,velocity_UNCONFIRMED,Kamand_velocity_UNCONFIRMED,2026-01-07 12:55:29,6.797,vel_K.csv,statistical_outlier_iqr
Kamand,velocity_UNCONFIRMED,Kamand_velocity_UNCONFIRMED,2026-01-07 12:55:34,6.746,vel_K.csv,statistical_outlier_iqr
Kamand,velocity_UNCONFIRMED,Kamand_velocity_UNCONFIRMED,2026-01-07 12:55:39,6.574,vel_K.csv,statistical_outlier_iqr
Kamand,velocity_UNCONFIRMED,Kamand_velocity_UNCONFIRMED,2026-01-07 12:55:44,5.802,vel_K.csv,statistical_outlier_iqr
Kamand,velocity_UNCONFIRMED,Kamand_velocity_UNCONFIRMED,2026-01-07 12:55:49,5.802,vel_K.csv,statistical_outlier_iqr
Kamand,velocity_UNCONFIRMED,Kamand_velocity_UNCONFIRMED,2026-01-07 12:55:54,6.574,vel_K.csv,statistical_outlier_iqr
Kamand,velocity_UNCONFIRMED,Kamand_velocity_UNCONFIRMED,2026-01-07 12:55:59,7.045,vel_K.csv,statistical_outlier_iqr
Kamand,velocity_UNCONFIRMED,Kamand_velocity_UNCONFIRMED,2026-01-07 12:56:04,7.045,vel_K.csv,statistical_outlier_iqr
Kamand,velocity_UNCONFIRMED,Kamand_velocity_UNCONFIRMED,2026-01-07 12:56:09,7.045,vel_K.csv,statistical_outlier_iqr
Kamand,velocity_UNCONFIRMED,Kamand_velocity_UNCONFIRMED,2026-01-07 12:56:14,7.249,vel_K.csv,statistical_outlier_iqr
Kamand,velocity_UNCONFIRMED,Kamand_velocity_UNCONFIRMED,2026-01-07 12:56:19,7.122,vel_K.csv,statistical_outlier_iqr
Kamand,velocity_UNCONFIRMED,Kamand_velocity_UNCONFIRMED,2026-01-07 12:56:24,7.122,vel_K.csv,statistical_outlier_iqr
Kamand,velocity_UNCONFIRMED,Kamand_velocity_UNCONFIRMED,2026-01-07 12:56:29,7.122,vel_K.csv,statistical_outlier_iqr
Kamand,velocity_UNCONFIRMED,Kamand_velocity_UNCONFIRMED,2026-01-07 12:56:34,6.829,vel_K.csv,statistical_outlier_iqr
Kamand,velocity_UNCONFIRMED,Kamand_velocity_UNCONFIRMED,2026-01-07 12:56:39,6.829,vel_K.csv,statistical_outlier_iqr
Kamand,velocity_UNCONFIRMED,Kamand_velocity_UNCONFIRMED,2026-01-07 12:56:44,6.829,vel_K.csv,statistical_outlier_iqr
Kamand,velocity_UNCONFIRMED,Kamand_velocity_UNCONFIRMED,2026-01-07 12:56:49,6.473,vel_K.csv,statistical_outlier_iqr
Kamand,velocity_UNCONFIRMED,Kamand_velocity_UNCONFIRMED,2026-01-07 12:56:54,6.314,vel_K.csv,statistical_outlier_iqr
Kamand,velocity_UNCONFIRMED,Kamand_velocity_UNCONFIRMED,2026-01-07 12:56:59,6.314,vel_K.csv,statistical_outlier_iqr
Kamand,velocity_UNCONFIRMED,Kamand_velocity_UNCONFIRMED,2026-01-07 12:57:04,6.314,vel_K.csv,statistical_outlier_iqr
Kamand,velocity_UNCONFIRMED,Kamand_velocity_UNCONFIRMED,2026-01-07 12:57:09,6.322,vel_K.csv,statistical_outlier_iqr
Kamand,velocity_UNCONFIRMED,Kamand_velocity_UNCONFIRMED,2026-01-07 12:57:14,6.322,vel_K.csv,statistical_outlier_iqr
Kamand,velocity_UNCONFIRMED,Kamand_velocity_UNCONFIRMED,2026-01-07 12:57:19,6.384,vel_K.csv,statistical_outlier_iqr
Kamand,velocity_UNCONFIRMED,Kamand_velocity_UNCONFIRMED,2026-01-07 12:57:24,6.322,vel_K.csv,statistical_outlier_iqr
Kamand,velocity_UNCONFIRMED,Kamand_velocity_UNCONFIRMED,2026-01-07 12:57:29,6.384,vel_K.csv,statistical_outlier_iqr
Kamand,velocity_UNCONFIRMED,Kamand_velocity_UNCONFIRMED,2026-01-07 12:57:34,6.384,vel_K.csv,statistical_outlier_iqr
Kamand,velocity_UNCONFIRMED,Kamand_velocity_UNCONFIRMED,2026-01-07 12:57:39,6.45,vel_K.csv,statistical_outlier_iqr
Kamand,velocity_UNCONFIRMED,Kamand_velocity_UNCONFIRMED,2026-01-07 12:57:44,6.45,vel_K.csv,statistical_outlier_iqr
Kamand,velocity_UNCONFIRMED,Kamand_velocity_UNCONFIRMED,2026-01-07 12:57:49,6.45,vel_K.csv,statistical_outlier_iqr
Kamand,velocity_UNCONFIRMED,Kamand_velocity_UNCONFIRMED,2026-01-07 12:57:54,6.639,vel_K.csv,statistical_outlier_iqr
Kamand,velocity_UNCONFIRMED,Kamand_velocity_UNCONFIRMED,2026-01-07 12:57:59,6.726,vel_K.csv,statistical_outlier_iqr
Kamand,velocity_UNCONFIRMED,Kamand_velocity_UNCONFIRMED,2026-01-07 12:58:04,6.922,vel_K.csv,statistical_outlier_iqr
Kamand,velocity_UNCONFIRMED,Kamand_velocity_UNCONFIRMED,2026-01-07 12:58:09,7.138,vel_K.csv,statistical_outlier_iqr
Kamand,velocity_UNCONFIRMED,Kamand_velocity_UNCONFIRMED,2026-01-07 12:58:14,6.922,vel_K.csv,statistical_outlier_iqr
Kamand,velocity_UNCONFIRMED,Kamand_velocity_UNCONFIRMED,2026-01-07 12:58:19,6.922,vel_K.csv,statistical_outlier_iqr
Kamand,velocity_UNCONFIRMED,Kamand_velocity_UNCONFIRMED,2026-01-07 12:58:24,6.922,vel_K.csv,statistical_outlier_iqr
Kamand,velocity_UNCONFIRMED,Kamand_velocity_UNCONFIRMED,2026-01-07 12:58:29,7.089,vel_K.csv,statistical_outlier_iqr
Kamand,velocity_UNCONFIRMED,Kamand_velocity_UNCONFIRMED,2026-01-07 12:58:34,7.089,vel_K.csv,statistical_outlier_iqr
Kamand,velocity_UNCONFIRMED,Kamand_velocity_UNCONFIRMED,2026-01-07 12:58:39,7.089,vel_K.csv,statistical_outlier_iqr
Kamand,velocity_UNCONFIRMED,Kamand_velocity_UNCONFIRMED,2026-01-07 12:58:44,7.089,vel_K.csv,statistical_outlier_iqr
Kamand,velocity_UNCONFIRMED,Kamand_velocity_UNCONFIRMED,2026-01-07 12:58:49,6.699,vel_K.csv,statistical_outlier_iqr
Kamand,velocity_UNCONFIRMED,Kamand_velocity_UNCONFIRMED,2026-01-07 12:58:54,6.564,vel_K.csv,statistical_outlier_iqr
Kamand,velocity_UNCONFIRMED,Kamand_velocity_UNCONFIRMED,2026-01-07 12:58:59,6.29,vel_K.csv,statistical_outlier_iqr
Kamand,velocity_UNCONFIRMED,Kamand_velocity_UNCONFIRMED,2026-01-07 12:59:04,6.29,vel_K.csv,statistical_outlier_iqr
Kamand,velocity_UNCONFIRMED,Kamand_velocity_UNCONFIRMED,2026-01-07 12:59:09,6.29,vel_K.csv,statistical_outlier_iqr
Kamand,velocity_UNCONFIRMED,Kamand_velocity_UNCONFIRMED,2026-01-07 12:59:14,6.564,vel_K.csv,statistical_outlier_iqr
Kamand,velocity_UNCONFIRMED,Kamand_velocity_UNCONFIRMED,2026-01-07 12:59:19,6.564,vel_K.csv,statistical_outlier_iqr
Kamand,velocity_UNCONFIRMED,Kamand_velocity_UNCONFIRMED,2026-01-07 12:59:24,7.057,vel_K.csv,statistical_outlier_iqr
Kamand,velocity_UNCONFIRMED,Kamand_velocity_UNCONFIRMED,2026-01-07 12:59:29,6.981,vel_K.csv,statistical_outlier_iqr
Kamand,velocity_UNCONFIRMED,Kamand_velocity_UNCONFIRMED,2026-01-07 12:59:34,7.437,vel_K.csv,statistical_outlier_iqr
Kamand,velocity_UNCONFIRMED,Kamand_velocity_UNCONFIRMED,2026-01-07 12:59:39,7.35,vel_K.csv,statistical_outlier_iqr
Kamand,velocity_UNCONFIRMED,Kamand_velocity_UNCONFIRMED,2026-01-07 12:59:44,7.35,vel_K.csv,statistical_outlier_iqr
Kamand,velocity_UNCONFIRMED,Kamand_velocity_UNCONFIRMED,2026-01-07 12:59:49,7.437,vel_K.csv,statistical_outlier_iqr
Kamand,velocity_UNCONFIRMED,Kamand_velocity_UNCONFIRMED,2026-01-07 12:59:54,7.604,vel_K.csv,statistical_outlier_iqr
Kamand,velocity_UNCONFIRMED,Kamand_velocity_UNCONFIRMED,2026-01-07 12:59:59,7.604,vel_K.csv,statistical_outlier_iqr
Kamand,velocity_UNCONFIRMED,Kamand_velocity_UNCONFIRMED,2026-01-07 13:00:04,7.437,vel_K.csv,statistical_outlier_iqr
Kamand,velocity_UNCONFIRMED,Kamand_velocity_UNCONFIRMED,2026-01-07 13:00:09,7.437,vel_K.csv,statistical_outlier_iqr
Kamand,velocity_UNCONFIRMED,Kamand_velocity_UNCONFIRMED,2026-01-07 13:00:14,7.35,vel_K.csv,statistical_outlier_iqr
Kamand,velocity_UNCONFIRMED,Kamand_velocity_UNCONFIRMED,2026-01-07 13:00:19,7.35,vel_K.csv,statistical_outlier_iqr
Kamand,velocity_UNCONFIRMED,Kamand_velocity_UNCONFIRMED,2026-01-07 13:00:24,7.35,vel_K.csv,statistical_outlier_iqr
Kamand,velocity_UNCONFIRMED,Kamand_velocity_UNCONFIRMED,2026-01-07 13:00:29,7.36,vel_K.csv,statistical_outlier_iqr
Kamand,velocity_UNCONFIRMED,Kamand_velocity_UNCONFIRMED,2026-01-07 13:00:34,7.36,vel_K.csv,statistical_outlier_iqr
Kamand,velocity_UNCONFIRMED,Kamand_velocity_UNCONFIRMED,2026-01-07 13:00:39,7.229,vel_K.csv,statistical_outlier_iqr
Kamand,velocity_UNCONFIRMED,Kamand_velocity_UNCONFIRMED,2026-01-07 13:00:44,7.229,vel_K.csv,statistical_outlier_iqr
Kamand,velocity_UNCONFIRMED,Kamand_velocity_UNCONFIRMED,2026-01-07 13:00:49,6.881,vel_K.csv,statistical_outlier_iqr
Kamand,velocity_UNCONFIRMED,Kamand_velocity_UNCONFIRMED,2026-01-07 13:00:54,6.438,vel_K.csv,statistical_outlier_iqr
Kamand,velocity_UNCONFIRMED,Kamand_velocity_UNCONFIRMED,2026-01-07 13:00:59,6.881,vel_K.csv,statistical_outlier_iqr
Kamand,velocity_UNCONFIRMED,Kamand_velocity_UNCONFIRMED,2026-01-07 13:01:04,6.881,vel_K.csv,statistical_outlier_iqr
Kamand,velocity_UNCONFIRMED,Kamand_velocity_UNCONFIRMED,2026-01-07 13:01:09,6.127,vel_K.csv,statistical_outlier_iqr
Kamand,velocity_UNCONFIRMED,Kamand_velocity_UNCONFIRMED,2026-01-07 13:01:14,6.322,vel_K.csv,statistical_outlier_iqr
Kamand,velocity_UNCONFIRMED,Kamand_velocity_UNCONFIRMED,2026-01-07 13:01:19,6.0,vel_K.csv,statistical_outlier_iqr
Kamand,velocity_UNCONFIRMED,Kamand_velocity_UNCONFIRMED,2026-01-07 13:01:24,6.0,vel_K.csv,statistical_outlier_iqr
Kamand,velocity_UNCONFIRMED,Kamand_velocity_UNCONFIRMED,2026-01-07 13:01:29,6.0,vel_K.csv,statistical_outlier_iqr
Kamand,velocity_UNCONFIRMED,Kamand_velocity_UNCONFIRMED,2026-01-07 13:01:34,6.0,vel_K.csv,statistical_outlier_iqr
Kamand,velocity_UNCONFIRMED,Kamand_velocity_UNCONFIRMED,2026-01-07 13:01:39,6.445,vel_K.csv,statistical_outlier_iqr
Kamand,velocity_UNCONFIRMED,Kamand_velocity_UNCONFIRMED,2026-01-07 13:01:44,6.445,vel_K.csv,statistical_outlier_iqr
Kamand,velocity_UNCONFIRMED,Kamand_velocity_UNCONFIRMED,2026-01-07 13:01:49,6.445,vel_K.csv,statistical_outlier_iqr
Kamand,velocity_UNCONFIRMED,Kamand_velocity_UNCONFIRMED,2026-01-07 13:01:54,6.445,vel_K.csv,statistical_outlier_iqr
Kamand,velocity_UNCONFIRMED,Kamand_velocity_UNCONFIRMED,2026-01-07 13:01:59,6.43,vel_K.csv,statistical_outlier_iqr
Kamand,velocity_UNCONFIRMED,Kamand_velocity_UNCONFIRMED,2026-01-07 13:02:04,6.445,vel_K.csv,statistical_outlier_iqr
Kamand,velocity_UNCONFIRMED,Kamand_velocity_UNCONFIRMED,2026-01-07 13:02:09,6.445,vel_K.csv,statistical_outlier_iqr
Kamand,velocity_UNCONFIRMED,Kamand_velocity_UNCONFIRMED,2026-01-07 13:02:14,6.43,vel_K.csv,statistical_outlier_iqr
Kamand,velocity_UNCONFIRMED,Kamand_velocity_UNCONFIRMED,2026-01-07 13:02:19,6.338,vel_K.csv,statistical_outlier_iqr
Kamand,velocity_UNCONFIRMED,Kamand_velocity_UNCONFIRMED,2026-01-07 13:02:24,6.14,vel_K.csv,statistical_outlier_iqr
Kamand,velocity_UNCONFIRMED,Kamand_velocity_UNCONFIRMED,2026-01-07 13:02:29,6.121,vel_K.csv,statistical_outlier_iqr
Kamand,velocity_UNCONFIRMED,Kamand_velocity_UNCONFIRMED,2026-01-07 13:02:34,5.745,vel_K.csv,statistical_outlier_iqr
Kamand,velocity_UNCONFIRMED,Kamand_velocity_UNCONFIRMED,2026-01-07 13:02:39,5.631,vel_K.csv,statistical_outlier_iqr
Kamand,velocity_UNCONFIRMED,Kamand_velocity_UNCONFIRMED,2026-01-07 13:02:44,5.631,vel_K.csv,statistical_outlier_iqr
Kamand,velocity_UNCONFIRMED,Kamand_velocity_UNCONFIRMED,2026-01-07 13:02:49,5.631,vel_K.csv,statistical_outlier_iqr
Kamand,velocity_UNCONFIRMED,Kamand_velocity_UNCONFIRMED,2026-01-07 13:02:54,5.249,vel_K.csv,statistical_outlier_iqr
Kamand,velocity_UNCONFIRMED,Kamand_velocity_UNCONFIRMED,2026-01-07 13:02:59,5.249,vel_K.csv,statistical_outlier_iqr
Kamand,velocity_UNCONFIRMED,Kamand_velocity_UNCONFIRMED,2026-01-07 13:03:04,4.834,vel_K.csv,statistical_outlier_iqr
Kamand,velocity_UNCONFIRMED,Kamand_velocity_UNCONFIRMED,2026-01-07 13:03:09,4.463,vel_K.csv,statistical_outlier_iqr
Kamand,velocity_UNCONFIRMED,Kamand_velocity_UNCONFIRMED,2026-01-07 13:03:14,3.605,vel_K.csv,statistical_outlier_iqr
Kamand,velocity_UNCONFIRMED,Kamand_velocity_UNCONFIRMED,2026-01-07 13:03:19,3.605,vel_K.csv,statistical_outlier_iqr
Kamand,velocity_UNCONFIRMED,Kamand_velocity_UNCONFIRMED,2026-01-07 13:03:24,2.838,vel_K.csv,statistical_outlier_iqr
Kamand,velocity_UNCONFIRMED,Kamand_velocity_UNCONFIRMED,2026-01-07 13:03:29,2.789,vel_K.csv,statistical_outlier_iqr
Kamand,velocity_UNCONFIRMED,Kamand_velocity_UNCONFIRMED,2026-01-07 13:03:34,2.861,vel_K.csv,statistical_outlier_iqr
Kamand,velocity_UNCONFIRMED,Kamand_velocity_UNCONFIRMED,2026-01-07 13:03:39,2.631,vel_K.csv,statistical_outlier_iqr
Kamand,velocity_UNCONFIRMED,Kamand_velocity_UNCONFIRMED,2026-01-07 13:03:44,2.861,vel_K.csv,statistical_outlier_iqr
Kamand,velocity_UNCONFIRMED,Kamand_velocity_UNCONFIRMED,2026-01-07 13:03:49,2.861,vel_K.csv,statistical_outlier_iqr
Kamand,velocity_UNCONFIRMED,Kamand_velocity_UNCONFIRMED,2026-01-07 13:03:54,2.991,vel_K.csv,statistical_outlier_iqr
Kamand,velocity_UNCONFIRMED,Kamand_velocity_UNCONFIRMED,2026-01-07 13:03:59,3.339,vel_K.csv,statistical_outlier_iqr
Kamand,velocity_UNCONFIRMED,Kamand_velocity_UNCONFIRMED,2026-01-07 13:04:04,3.339,vel_K.csv,statistical_outlier_iqr
Kamand,velocity_UNCONFIRMED,Kamand_velocity_UNCONFIRMED,2026-01-07 13:04:09,3.339,vel_K.csv,statistical_outlier_iqr
Kamand,velocity_UNCONFIRMED,Kamand_velocity_UNCONFIRMED,2026-01-07 13:04:14,4.239,vel_K.csv,statistical_outlier_iqr
Kamand,velocity_UNCONFIRMED,Kamand_velocity_UNCONFIRMED,2026-01-07 13:04:19,4.186,vel_K.csv,statistical_outlier_iqr
Kamand,velocity_UNCONFIRMED,Kamand_velocity_UNCONFIRMED,2026-01-07 13:04:24,4.186,vel_K.csv,statistical_outlier_iqr
Kamand,velocity_UNCONFIRMED,Kamand_velocity_UNCONFIRMED,2026-01-07 13:04:29,4.818,vel_K.csv,statistical_outlier_iqr
Kamand,velocity_UNCONFIRMED,Kamand_velocity_UNCONFIRMED,2026-01-07 13:04:34,4.818,vel_K.csv,statistical_outlier_iqr
Kamand,velocity_UNCONFIRMED,Kamand_velocity_UNCONFIRMED,2026-01-07 13:04:39,4.874,vel_K.csv,statistical_outlier_iqr
Kamand,velocity_UNCONFIRMED,Kamand_velocity_UNCONFIRMED,2026-01-07 13:04:44,5.031,vel_K.csv,statistical_outlier_iqr
Kamand,velocity_UNCONFIRMED,Kamand_velocity_UNCONFIRMED,2026-01-07 13:04:49,5.031,vel_K.csv,statistical_outlier_iqr
Kamand,velocity_UNCONFIRMED,Kamand_velocity_UNCONFIRMED,2026-01-07 13:04:54,5.12,vel_K.csv,statistical_outlier_iqr
Kamand,velocity_UNCONFIRMED,Kamand_velocity_UNCONFIRMED,2026-01-07 13:04:59,5.283,vel_K.csv,statistical_outlier_iqr
Kamand,velocity_UNCONFIRMED,Kamand_velocity_UNCONFIRMED,2026-01-07 13:05:04,5.12,vel_K.csv,statistical_outlier_iqr
Kamand,velocity_UNCONFIRMED,Kamand_velocity_UNCONFIRMED,2026-01-07 13:05:09,5.12,vel_K.csv,statistical_outlier_iqr
Kamand,velocity_UNCONFIRMED,Kamand_velocity_UNCONFIRMED,2026-01-07 13:05:14,4.91,vel_K.csv,statistical_outlier_iqr
Kamand,velocity_UNCONFIRMED,Kamand_velocity_UNCONFIRMED,2026-01-07 13:05:19,4.885,vel_K.csv,statistical_outlier_iqr
Kamand,velocity_UNCONFIRMED,Kamand_velocity_UNCONFIRMED,2026-01-07 13:05:24,5.12,vel_K.csv,statistical_outlier_iqr
Kamand,velocity_UNCONFIRMED,Kamand_velocity_UNCONFIRMED,2026-01-07 13:05:29,4.885,vel_K.csv,statistical_outlier_iqr
Kamand,velocity_UNCONFIRMED,Kamand_velocity_UNCONFIRMED,2026-01-07 13:05:34,4.493,vel_K.csv,statistical_outlier_iqr
Kamand,velocity_UNCONFIRMED,Kamand_velocity_UNCONFIRMED,2026-01-07 13:05:39,4.486,vel_K.csv,statistical_outlier_iqr
Kamand,velocity_UNCONFIRMED,Kamand_velocity_UNCONFIRMED,2026-01-07 13:05:44,3.23,vel_K.csv,statistical_outlier_iqr
Kamand,velocity_UNCONFIRMED,Kamand_velocity_UNCONFIRMED,2026-01-07 13:05:49,2.445,vel_K.csv,statistical_outlier_iqr
Kamand,velocity_UNCONFIRMED,Kamand_velocity_UNCONFIRMED,2026-01-07 13:05:54,1.771,vel_K.csv,statistical_outlier_iqr
Kamand,velocity_UNCONFIRMED,Kamand_velocity_UNCONFIRMED,2026-01-07 13:06:09,1.831,vel_K.csv,statistical_outlier_iqr
Kamand,velocity_UNCONFIRMED,Kamand_velocity_UNCONFIRMED,2026-01-07 13:06:14,1.915,vel_K.csv,statistical_outlier_iqr
Kamand,velocity_UNCONFIRMED,Kamand_velocity_UNCONFIRMED,2026-01-07 13:06:19,2.152,vel_K.csv,statistical_outlier_iqr
Kamand,velocity_UNCONFIRMED,Kamand_velocity_UNCONFIRMED,2026-01-07 13:06:24,2.152,vel_K.csv,statistical_outlier_iqr
Kamand,velocity_UNCONFIRMED,Kamand_velocity_UNCONFIRMED,2026-01-07 13:06:29,3.467,vel_K.csv,statistical_outlier_iqr
Kamand,velocity_UNCONFIRMED,Kamand_velocity_UNCONFIRMED,2026-01-07 13:06:34,3.544,vel_K.csv,statistical_outlier_iqr
Kamand,velocity_UNCONFIRMED,Kamand_velocity_UNCONFIRMED,2026-01-07 13:06:39,3.544,vel_K.csv,statistical_outlier_iqr
Kamand,velocity_UNCONFIRMED,Kamand_velocity_UNCONFIRMED,2026-01-07 13:06:44,4.163,vel_K.csv,statistical_outlier_iqr
Kamand,velocity_UNCONFIRMED,Kamand_velocity_UNCONFIRMED,2026-01-07 13:06:49,4.163,vel_K.csv,statistical_outlier_iqr
Kamand,velocity_UNCONFIRMED,Kamand_velocity_UNCONFIRMED,2026-01-07 13:06:54,4.163,vel_K.csv,statistical_outlier_iqr
Kamand,velocity_UNCONFIRMED,Kamand_velocity_UNCONFIRMED,2026-01-07 13:06:59,4.163,vel_K.csv,statistical_outlier_iqr
Kamand,velocity_UNCONFIRMED,Kamand_velocity_UNCONFIRMED,2026-01-07 13:07:04,4.494,vel_K.csv,statistical_outlier_iqr
Kamand,velocity_UNCONFIRMED,Kamand_velocity_UNCONFIRMED,2026-01-07 13:07:09,4.674,vel_K.csv,statistical_outlier_iqr
Kamand,velocity_UNCONFIRMED,Kamand_velocity_UNCONFIRMED,2026-01-07 13:07:14,5.204,vel_K.csv,statistical_outlier_iqr
Kamand,velocity_UNCONFIRMED,Kamand_velocity_UNCONFIRMED,2026-01-07 13:07:19,4.674,vel_K.csv,statistical_outlier_iqr
Kamand,velocity_UNCONFIRMED,Kamand_velocity_UNCONFIRMED,2026-01-07 13:07:24,4.674,vel_K.csv,statistical_outlier_iqr
Kamand,velocity_UNCONFIRMED,Kamand_velocity_UNCONFIRMED,2026-01-07 13:07:29,4.516,vel_K.csv,statistical_outlier_iqr
Kamand,velocity_UNCONFIRMED,Kamand_velocity_UNCONFIRMED,2026-01-07 13:07:34,4.824,vel_K.csv,statistical_outlier_iqr
Kamand,velocity_UNCONFIRMED,Kamand_velocity_UNCONFIRMED,2026-01-07 13:07:39,4.516,vel_K.csv,statistical_outlier_iqr
Kamand,velocity_UNCONFIRMED,Kamand_velocity_UNCONFIRMED,2026-01-07 13:07:44,4.324,vel_K.csv,statistical_outlier_iqr
Kamand,velocity_UNCONFIRMED,Kamand_velocity_UNCONFIRMED,2026-01-07 13:07:49,4.324,vel_K.csv,statistical_outlier_iqr
Kamand,velocity_UNCONFIRMED,Kamand_velocity_UNCONFIRMED,2026-01-07 13:07:54,4.324,vel_K.csv,statistical_outlier_iqr
Kamand,velocity_UNCONFIRMED,Kamand_velocity_UNCONFIRMED,2026-01-07 13:07:59,4.824,vel_K.csv,statistical_outlier_iqr
Kamand,velocity_UNCONFIRMED,Kamand_velocity_UNCONFIRMED,2026-01-07 13:08:04,4.752,vel_K.csv,statistical_outlier_iqr
Kamand,velocity_UNCONFIRMED,Kamand_velocity_UNCONFIRMED,2026-01-07 13:08:09,4.752,vel_K.csv,statistical_outlier_iqr
Kamand,velocity_UNCONFIRMED,Kamand_velocity_UNCONFIRMED,2026-01-07 13:08:14,4.554,vel_K.csv,statistical_outlier_iqr
Kamand,velocity_UNCONFIRMED,Kamand_velocity_UNCONFIRMED,2026-01-07 13:08:19,4.752,vel_K.csv,statistical_outlier_iqr
Kamand,velocity_UNCONFIRMED,Kamand_velocity_UNCONFIRMED,2026-01-07 13:08:24,4.752,vel_K.csv,statistical_outlier_iqr
Kamand,velocity_UNCONFIRMED,Kamand_velocity_UNCONFIRMED,2026-01-07 13:08:29,4.786,vel_K.csv,statistical_outlier_iqr
Kamand,velocity_UNCONFIRMED,Kamand_velocity_UNCONFIRMED,2026-01-07 13:08:34,5.075,vel_K.csv,statistical_outlier_iqr
Kamand,velocity_UNCONFIRMED,Kamand_velocity_UNCONFIRMED,2026-01-07 13:08:39,5.733,vel_K.csv,statistical_outlier_iqr
Kamand,velocity_UNCONFIRMED,Kamand_velocity_UNCONFIRMED,2026-01-07 13:08:44,6.13,vel_K.csv,statistical_outlier_iqr
Kamand,velocity_UNCONFIRMED,Kamand_velocity_UNCONFIRMED,2026-01-07 13:08:49,6.472,vel_K.csv,statistical_outlier_iqr
Kamand,velocity_UNCONFIRMED,Kamand_velocity_UNCONFIRMED,2026-01-07 13:08:54,6.472,vel_K.csv,statistical_outlier_iqr
Kamand,velocity_UNCONFIRMED,Kamand_velocity_UNCONFIRMED,2026-01-07 13:08:59,6.73,vel_K.csv,statistical_outlier_iqr
Kamand,velocity_UNCONFIRMED,Kamand_velocity_UNCONFIRMED,2026-01-07 13:09:04,6.73,vel_K.csv,statistical_outlier_iqr
Kamand,velocity_UNCONFIRMED,Kamand_velocity_UNCONFIRMED,2026-01-07 13:09:09,6.73,vel_K.csv,statistical_outlier_iqr
Kamand,velocity_UNCONFIRMED,Kamand_velocity_UNCONFIRMED,2026-01-07 13:09:14,6.73,vel_K.csv,statistical_outlier_iqr
Kamand,velocity_UNCONFIRMED,Kamand_velocity_UNCONFIRMED,2026-01-07 13:09:19,6.73,vel_K.csv,statistical_outlier_iqr
Kamand,velocity_UNCONFIRMED,Kamand_velocity_UNCONFIRMED,2026-01-07 13:09:24,6.73,vel_K.csv,statistical_outlier_iqr
Kamand,velocity_UNCONFIRMED,Kamand_velocity_UNCONFIRMED,2026-01-07 13:09:29,6.73,vel_K.csv,statistical_outlier_iqr
Kamand,velocity_UNCONFIRMED,Kamand_velocity_UNCONFIRMED,2026-01-07 13:09:34,6.373,vel_K.csv,statistical_outlier_iqr
Kamand,velocity_UNCONFIRMED,Kamand_velocity_UNCONFIRMED,2026-01-07 13:09:39,6.373,vel_K.csv,statistical_outlier_iqr
Kamand,velocity_UNCONFIRMED,Kamand_velocity_UNCONFIRMED,2026-01-07 13:09:44,5.997,vel_K.csv,statistical_outlier_iqr
Kamand,velocity_UNCONFIRMED,Kamand_velocity_UNCONFIRMED,2026-01-07 13:09:49,5.997,vel_K.csv,statistical_outlier_iqr
Kamand,velocity_UNCONFIRMED,Kamand_velocity_UNCONFIRMED,2026-01-07 13:09:54,6.193,vel_K.csv,statistical_outlier_iqr
Kamand,velocity_UNCONFIRMED,Kamand_velocity_UNCONFIRMED,2026-01-07 13:09:59,6.193,vel_K.csv,statistical_outlier_iqr
Kamand,velocity_UNCONFIRMED,Kamand_velocity_UNCONFIRMED,2026-01-07 13:10:04,6.512,vel_K.csv,statistical_outlier_iqr
Kamand,velocity_UNCONFIRMED,Kamand_velocity_UNCONFIRMED,2026-01-07 13:10:09,6.512,vel_K.csv,statistical_outlier_iqr
Kamand,velocity_UNCONFIRMED,Kamand_velocity_UNCONFIRMED,2026-01-07 13:10:14,6.784,vel_K.csv,statistical_outlier_iqr
Kamand,velocity_UNCONFIRMED,Kamand_velocity_UNCONFIRMED,2026-01-07 13:10:19,6.784,vel_K.csv,statistical_outlier_iqr
Kamand,velocity_UNCONFIRMED,Kamand_velocity_UNCONFIRMED,2026-01-07 13:10:24,6.605,vel_K.csv,statistical_outlier_iqr
Kamand,velocity_UNCONFIRMED,Kamand_velocity_UNCONFIRMED,2026-01-07 13:10:29,6.605,vel_K.csv,statistical_outlier_iqr
Kamand,velocity_UNCONFIRMED,Kamand_velocity_UNCONFIRMED,2026-01-07 13:10:34,6.605,vel_K.csv,statistical_outlier_iqr
Kamand,velocity_UNCONFIRMED,Kamand_velocity_UNCONFIRMED,2026-01-07 13:10:39,6.45,vel_K.csv,statistical_outlier_iqr
Kamand,velocity_UNCONFIRMED,Kamand_velocity_UNCONFIRMED,2026-01-07 13:10:44,6.605,vel_K.csv,statistical_outlier_iqr
Kamand,velocity_UNCONFIRMED,Kamand_velocity_UNCONFIRMED,2026-01-07 13:10:49,6.605,vel_K.csv,statistical_outlier_iqr
Kamand,velocity_UNCONFIRMED,Kamand_velocity_UNCONFIRMED,2026-01-07 13:10:54,6.623,vel_K.csv,statistical_outlier_iqr
Kamand,velocity_UNCONFIRMED,Kamand_velocity_UNCONFIRMED,2026-01-07 13:10:59,6.623,vel_K.csv,statistical_outlier_iqr
Kamand,velocity_UNCONFIRMED,Kamand_velocity_UNCONFIRMED,2026-01-07 13:11:04,6.443,vel_K.csv,statistical_outlier_iqr
Kamand,velocity_UNCONFIRMED,Kamand_velocity_UNCONFIRMED,2026-01-07 13:11:09,6.443,vel_K.csv,statistical_outlier_iqr
Kamand,velocity_UNCONFIRMED,Kamand_velocity_UNCONFIRMED,2026-01-07 13:11:14,6.443,vel_K.csv,statistical_outlier_iqr
Kamand,velocity_UNCONFIRMED,Kamand_velocity_UNCONFIRMED,2026-01-07 13:11:19,6.443,vel_K.csv,statistical_outlier_iqr
Kamand,velocity_UNCONFIRMED,Kamand_velocity_UNCONFIRMED,2026-01-07 13:11:24,6.523,vel_K.csv,statistical_outlier_iqr
Kamand,velocity_UNCONFIRMED,Kamand_velocity_UNCONFIRMED,2026-01-07 13:11:29,6.523,vel_K.csv,statistical_outlier_iqr
Kamand,velocity_UNCONFIRMED,Kamand_velocity_UNCONFIRMED,2026-01-07 13:11:34,6.86,vel_K.csv,statistical_outlier_iqr
Kamand,velocity_UNCONFIRMED,Kamand_velocity_UNCONFIRMED,2026-01-07 13:11:39,6.86,vel_K.csv,statistical_outlier_iqr
Kamand,velocity_UNCONFIRMED,Kamand_velocity_UNCONFIRMED,2026-01-07 13:11:44,6.523,vel_K.csv,statistical_outlier_iqr
Kamand,velocity_UNCONFIRMED,Kamand_velocity_UNCONFIRMED,2026-01-07 13:11:49,6.731,vel_K.csv,statistical_outlier_iqr
Kamand,velocity_UNCONFIRMED,Kamand_velocity_UNCONFIRMED,2026-01-07 13:11:54,6.887,vel_K.csv,statistical_outlier_iqr
Kamand,velocity_UNCONFIRMED,Kamand_velocity_UNCONFIRMED,2026-01-07 13:11:59,6.887,vel_K.csv,statistical_outlier_iqr
Kamand,velocity_UNCONFIRMED,Kamand_velocity_UNCONFIRMED,2026-01-07 13:12:04,6.887,vel_K.csv,statistical_outlier_iqr
Kamand,velocity_UNCONFIRMED,Kamand_velocity_UNCONFIRMED,2026-01-07 13:12:09,6.887,vel_K.csv,statistical_outlier_iqr
Kamand,velocity_UNCONFIRMED,Kamand_velocity_UNCONFIRMED,2026-01-07 13:12:14,6.488,vel_K.csv,statistical_outlier_iqr
Kamand,velocity_UNCONFIRMED,Kamand_velocity_UNCONFIRMED,2026-01-07 13:12:19,6.138,vel_K.csv,statistical_outlier_iqr
Kamand,velocity_UNCONFIRMED,Kamand_velocity_UNCONFIRMED,2026-01-07 13:12:24,4.99,vel_K.csv,statistical_outlier_iqr
Kamand,velocity_UNCONFIRMED,Kamand_velocity_UNCONFIRMED,2026-01-07 13:12:29,4.442,vel_K.csv,statistical_outlier_iqr
Kamand,velocity_UNCONFIRMED,Kamand_velocity_UNCONFIRMED,2026-01-07 13:12:34,4.103,vel_K.csv,statistical_outlier_iqr
Kamand,velocity_UNCONFIRMED,Kamand_velocity_UNCONFIRMED,2026-01-07 13:12:39,3.921,vel_K.csv,statistical_outlier_iqr
Kamand,velocity_UNCONFIRMED,Kamand_velocity_UNCONFIRMED,2026-01-07 13:12:44,3.197,vel_K.csv,statistical_outlier_iqr
Kamand,velocity_UNCONFIRMED,Kamand_velocity_UNCONFIRMED,2026-01-07 13:12:49,2.931,vel_K.csv,statistical_outlier_iqr
Kamand,velocity_UNCONFIRMED,Kamand_velocity_UNCONFIRMED,2026-01-07 13:12:54,2.861,vel_K.csv,statistical_outlier_iqr
Kamand,velocity_UNCONFIRMED,Kamand_velocity_UNCONFIRMED,2026-01-07 13:12:59,2.861,vel_K.csv,statistical_outlier_iqr
Kamand,velocity_UNCONFIRMED,Kamand_velocity_UNCONFIRMED,2026-01-07 13:13:04,2.861,vel_K.csv,statistical_outlier_iqr
Kamand,velocity_UNCONFIRMED,Kamand_velocity_UNCONFIRMED,2026-01-07 13:13:09,2.589,vel_K.csv,statistical_outlier_iqr
Kamand,velocity_UNCONFIRMED,Kamand_velocity_UNCONFIRMED,2026-01-07 13:13:14,2.316,vel_K.csv,statistical_outlier_iqr
Kamand,velocity_UNCONFIRMED,Kamand_velocity_UNCONFIRMED,2026-01-07 13:13:19,2.589,vel_K.csv,statistical_outlier_iqr
Kamand,velocity_UNCONFIRMED,Kamand_velocity_UNCONFIRMED,2026-01-07 13:13:24,2.316,vel_K.csv,statistical_outlier_iqr
Kamand,velocity_UNCONFIRMED,Kamand_velocity_UNCONFIRMED,2026-01-07 13:13:29,2.316,vel_K.csv,statistical_outlier_iqr
Kamand,velocity_UNCONFIRMED,Kamand_velocity_UNCONFIRMED,2026-01-07 13:13:34,2.316,vel_K.csv,statistical_outlier_iqr
Kamand,velocity_UNCONFIRMED,Kamand_velocity_UNCONFIRMED,2026-01-07 13:13:39,2.102,vel_K.csv,statistical_outlier_iqr
Kamand,velocity_UNCONFIRMED,Kamand_velocity_UNCONFIRMED,2026-01-07 13:13:44,1.846,vel_K.csv,statistical_outlier_iqr
Kamand,velocity_UNCONFIRMED,Kamand_velocity_UNCONFIRMED,2026-01-07 13:13:49,2.102,vel_K.csv,statistical_outlier_iqr
Kamand,velocity_UNCONFIRMED,Kamand_velocity_UNCONFIRMED,2026-01-07 13:13:54,2.468,vel_K.csv,statistical_outlier_iqr
Kamand,velocity_UNCONFIRMED,Kamand_velocity_UNCONFIRMED,2026-01-07 13:13:59,2.468,vel_K.csv,statistical_outlier_iqr
Kamand,velocity_UNCONFIRMED,Kamand_velocity_UNCONFIRMED,2026-01-07 13:14:04,2.468,vel_K.csv,statistical_outlier_iqr
Kamand,velocity_UNCONFIRMED,Kamand_velocity_UNCONFIRMED,2026-01-07 13:14:09,2.281,vel_K.csv,statistical_outlier_iqr
Kamand,velocity_UNCONFIRMED,Kamand_velocity_UNCONFIRMED,2026-01-07 13:14:14,2.281,vel_K.csv,statistical_outlier_iqr
Kamand,velocity_UNCONFIRMED,Kamand_velocity_UNCONFIRMED,2026-01-07 13:14:19,1.846,vel_K.csv,statistical_outlier_iqr
Kamand,velocity_UNCONFIRMED,Kamand_velocity_UNCONFIRMED,2026-01-07 13:14:24,2.211,vel_K.csv,statistical_outlier_iqr
Kamand,velocity_UNCONFIRMED,Kamand_velocity_UNCONFIRMED,2026-01-07 13:14:29,2.211,vel_K.csv,statistical_outlier_iqr
Kamand,velocity_UNCONFIRMED,Kamand_velocity_UNCONFIRMED,2026-01-07 13:14:34,2.332,vel_K.csv,statistical_outlier_iqr
Kamand,velocity_UNCONFIRMED,Kamand_velocity_UNCONFIRMED,2026-01-07 13:14:39,2.814,vel_K.csv,statistical_outlier_iqr
Kamand,velocity_UNCONFIRMED,Kamand_velocity_UNCONFIRMED,2026-01-07 13:14:44,3.204,vel_K.csv,statistical_outlier_iqr
Kamand,velocity_UNCONFIRMED,Kamand_velocity_UNCONFIRMED,2026-01-07 13:14:49,3.204,vel_K.csv,statistical_outlier_iqr
Kamand,velocity_UNCONFIRMED,Kamand_velocity_UNCONFIRMED,2026-01-07 13:14:54,3.204,vel_K.csv,statistical_outlier_iqr
Kamand,velocity_UNCONFIRMED,Kamand_velocity_UNCONFIRMED,2026-01-07 13:14:59,3.204,vel_K.csv,statistical_outlier_iqr
Kamand,velocity_UNCONFIRMED,Kamand_velocity_UNCONFIRMED,2026-01-07 13:15:04,3.536,vel_K.csv,statistical_outlier_iqr
Kamand,velocity_UNCONFIRMED,Kamand_velocity_UNCONFIRMED,2026-01-07 13:15:09,3.536,vel_K.csv,statistical_outlier_iqr
Kamand,velocity_UNCONFIRMED,Kamand_velocity_UNCONFIRMED,2026-01-07 13:15:14,4.665,vel_K.csv,statistical_outlier_iqr
Kamand,velocity_UNCONFIRMED,Kamand_velocity_UNCONFIRMED,2026-01-07 13:15:19,5.747,vel_K.csv,statistical_outlier_iqr
Kamand,velocity_UNCONFIRMED,Kamand_velocity_UNCONFIRMED,2026-01-07 13:15:24,4.665,vel_K.csv,statistical_outlier_iqr
Kamand,velocity_UNCONFIRMED,Kamand_velocity_UNCONFIRMED,2026-01-07 13:15:29,3.976,vel_K.csv,statistical_outlier_iqr
Kamand,velocity_UNCONFIRMED,Kamand_velocity_UNCONFIRMED,2026-01-07 13:15:34,4.891,vel_K.csv,statistical_outlier_iqr
Kamand,velocity_UNCONFIRMED,Kamand_velocity_UNCONFIRMED,2026-01-07 13:15:39,4.891,vel_K.csv,statistical_outlier_iqr
Kamand,velocity_UNCONFIRMED,Kamand_velocity_UNCONFIRMED,2026-01-07 13:15:44,3.976,vel_K.csv,statistical_outlier_iqr
Kamand,velocity_UNCONFIRMED,Kamand_velocity_UNCONFIRMED,2026-01-07 13:15:49,4.891,vel_K.csv,statistical_outlier_iqr
Kamand,velocity_UNCONFIRMED,Kamand_velocity_UNCONFIRMED,2026-01-07 13:15:54,4.891,vel_K.csv,statistical_outlier_iqr
Kamand,velocity_UNCONFIRMED,Kamand_velocity_UNCONFIRMED,2026-01-07 13:15:59,3.912,vel_K.csv,statistical_outlier_iqr
Kamand,velocity_UNCONFIRMED,Kamand_velocity_UNCONFIRMED,2026-01-07 13:16:04,3.912,vel_K.csv,statistical_outlier_iqr
Kamand,velocity_UNCONFIRMED,Kamand_velocity_UNCONFIRMED,2026-01-07 13:16:09,4.116,vel_K.csv,statistical_outlier_iqr
Kamand,velocity_UNCONFIRMED,Kamand_velocity_UNCONFIRMED,2026-01-07 13:16:14,3.72,vel_K.csv,statistical_outlier_iqr
Kamand,velocity_UNCONFIRMED,Kamand_velocity_UNCONFIRMED,2026-01-07 13:16:19,3.422,vel_K.csv,statistical_outlier_iqr
Kamand,velocity_UNCONFIRMED,Kamand_velocity_UNCONFIRMED,2026-01-07 13:16:24,2.996,vel_K.csv,statistical_outlier_iqr
Kamand,velocity_UNCONFIRMED,Kamand_velocity_UNCONFIRMED,2026-01-07 13:16:29,2.381,vel_K.csv,statistical_outlier_iqr
Kamand,velocity_UNCONFIRMED,Kamand_velocity_UNCONFIRMED,2026-01-07 13:16:34,2.086,vel_K.csv,statistical_outlier_iqr
Kamand,velocity_UNCONFIRMED,Kamand_velocity_UNCONFIRMED,2026-01-07 13:16:39,2.086,vel_K.csv,statistical_outlier_iqr
Kamand,velocity_UNCONFIRMED,Kamand_velocity_UNCONFIRMED,2026-01-07 13:16:44,2.086,vel_K.csv,statistical_outlier_iqr
Kamand,velocity_UNCONFIRMED,Kamand_velocity_UNCONFIRMED,2026-01-07 13:16:49,2.086,vel_K.csv,statistical_outlier_iqr
Kamand,velocity_UNCONFIRMED,Kamand_velocity_UNCONFIRMED,2026-01-07 13:16:54,2.381,vel_K.csv,statistical_outlier_iqr
Kamand,velocity_UNCONFIRMED,Kamand_velocity_UNCONFIRMED,2026-01-07 13:16:59,3.054,vel_K.csv,statistical_outlier_iqr
Kamand,velocity_UNCONFIRMED,Kamand_velocity_UNCONFIRMED,2026-01-07 13:17:04,3.054,vel_K.csv,statistical_outlier_iqr
Kamand,velocity_UNCONFIRMED,Kamand_velocity_UNCONFIRMED,2026-01-07 13:17:09,3.054,vel_K.csv,statistical_outlier_iqr
Kamand,velocity_UNCONFIRMED,Kamand_velocity_UNCONFIRMED,2026-01-07 13:17:14,3.678,vel_K.csv,statistical_outlier_iqr
Kamand,velocity_UNCONFIRMED,Kamand_velocity_UNCONFIRMED,2026-01-07 13:17:19,3.85,vel_K.csv,statistical_outlier_iqr
Kamand,velocity_UNCONFIRMED,Kamand_velocity_UNCONFIRMED,2026-01-07 13:17:24,4.426,vel_K.csv,statistical_outlier_iqr
Kamand,velocity_UNCONFIRMED,Kamand_velocity_UNCONFIRMED,2026-01-07 13:17:29,6.244,vel_K.csv,statistical_outlier_iqr
Kamand,velocity_UNCONFIRMED,Kamand_velocity_UNCONFIRMED,2026-01-07 13:17:34,7.075,vel_K.csv,statistical_outlier_iqr
Kamand,velocity_UNCONFIRMED,Kamand_velocity_UNCONFIRMED,2026-01-07 13:17:39,7.614,vel_K.csv,statistical_outlier_iqr
Kamand,velocity_UNCONFIRMED,Kamand_velocity_UNCONFIRMED,2026-01-07 13:17:44,7.614,vel_K.csv,statistical_outlier_iqr
Kamand,velocity_UNCONFIRMED,Kamand_velocity_UNCONFIRMED,2026-01-07 13:17:49,7.614,vel_K.csv,statistical_outlier_iqr
Kamand,velocity_UNCONFIRMED,Kamand_velocity_UNCONFIRMED,2026-01-07 13:17:54,7.64,vel_K.csv,statistical_outlier_iqr
Kamand,velocity_UNCONFIRMED,Kamand_velocity_UNCONFIRMED,2026-01-07 13:17:59,7.614,vel_K.csv,statistical_outlier_iqr
Kamand,velocity_UNCONFIRMED,Kamand_velocity_UNCONFIRMED,2026-01-07 13:18:04,7.395,vel_K.csv,statistical_outlier_iqr
Kamand,velocity_UNCONFIRMED,Kamand_velocity_UNCONFIRMED,2026-01-07 13:18:09,6.857,vel_K.csv,statistical_outlier_iqr
Kamand,velocity_UNCONFIRMED,Kamand_velocity_UNCONFIRMED,2026-01-07 13:18:14,6.857,vel_K.csv,statistical_outlier_iqr
Kamand,velocity_UNCONFIRMED,Kamand_velocity_UNCONFIRMED,2026-01-07 13:18:19,6.356,vel_K.csv,statistical_outlier_iqr
Kamand,velocity_UNCONFIRMED,Kamand_velocity_UNCONFIRMED,2026-01-07 13:18:24,5.637,vel_K.csv,statistical_outlier_iqr
Kamand,velocity_UNCONFIRMED,Kamand_velocity_UNCONFIRMED,2026-01-07 13:18:29,4.972,vel_K.csv,statistical_outlier_iqr
Kamand,velocity_UNCONFIRMED,Kamand_velocity_UNCONFIRMED,2026-01-07 13:18:34,4.972,vel_K.csv,statistical_outlier_iqr
Kamand,velocity_UNCONFIRMED,Kamand_velocity_UNCONFIRMED,2026-01-07 13:18:39,4.169,vel_K.csv,statistical_outlier_iqr
Kamand,velocity_UNCONFIRMED,Kamand_velocity_UNCONFIRMED,2026-01-07 13:18:44,4.972,vel_K.csv,statistical_outlier_iqr
Kamand,velocity_UNCONFIRMED,Kamand_velocity_UNCONFIRMED,2026-01-07 13:18:49,4.591,vel_K.csv,statistical_outlier_iqr
Kamand,velocity_UNCONFIRMED,Kamand_velocity_UNCONFIRMED,2026-01-07 13:18:54,3.916,vel_K.csv,statistical_outlier_iqr
Kamand,velocity_UNCONFIRMED,Kamand_velocity_UNCONFIRMED,2026-01-07 13:18:59,4.591,vel_K.csv,statistical_outlier_iqr
Kamand,velocity_UNCONFIRMED,Kamand_velocity_UNCONFIRMED,2026-01-07 13:19:04,3.916,vel_K.csv,statistical_outlier_iqr
Kamand,velocity_UNCONFIRMED,Kamand_velocity_UNCONFIRMED,2026-01-07 13:19:09,3.916,vel_K.csv,statistical_outlier_iqr
Kamand,velocity_UNCONFIRMED,Kamand_velocity_UNCONFIRMED,2026-01-07 13:19:14,3.574,vel_K.csv,statistical_outlier_iqr
Kamand,velocity_UNCONFIRMED,Kamand_velocity_UNCONFIRMED,2026-01-07 13:19:19,2.716,vel_K.csv,statistical_outlier_iqr
Kamand,velocity_UNCONFIRMED,Kamand_velocity_UNCONFIRMED,2026-01-07 13:19:24,2.477,vel_K.csv,statistical_outlier_iqr
Kamand,velocity_UNCONFIRMED,Kamand_velocity_UNCONFIRMED,2026-01-07 13:19:29,2.269,vel_K.csv,statistical_outlier_iqr
Kamand,velocity_UNCONFIRMED,Kamand_velocity_UNCONFIRMED,2026-01-07 13:19:34,2.194,vel_K.csv,statistical_outlier_iqr
Kamand,velocity_UNCONFIRMED,Kamand_velocity_UNCONFIRMED,2026-01-07 13:19:39,2.269,vel_K.csv,statistical_outlier_iqr
Kamand,velocity_UNCONFIRMED,Kamand_velocity_UNCONFIRMED,2026-01-07 13:19:44,2.194,vel_K.csv,statistical_outlier_iqr
Kamand,velocity_UNCONFIRMED,Kamand_velocity_UNCONFIRMED,2026-01-07 13:19:49,2.038,vel_K.csv,statistical_outlier_iqr
Kamand,velocity_UNCONFIRMED,Kamand_velocity_UNCONFIRMED,2026-01-07 13:19:54,2.194,vel_K.csv,statistical_outlier_iqr
Kamand,velocity_UNCONFIRMED,Kamand_velocity_UNCONFIRMED,2026-01-07 13:19:59,2.038,vel_K.csv,statistical_outlier_iqr
Kamand,velocity_UNCONFIRMED,Kamand_velocity_UNCONFIRMED,2026-01-07 13:20:04,2.194,vel_K.csv,statistical_outlier_iqr
Kamand,velocity_UNCONFIRMED,Kamand_velocity_UNCONFIRMED,2026-01-07 13:20:09,1.985,vel_K.csv,statistical_outlier_iqr
Kamand,velocity_UNCONFIRMED,Kamand_velocity_UNCONFIRMED,2026-01-07 13:20:14,1.985,vel_K.csv,statistical_outlier_iqr
Kamand,velocity_UNCONFIRMED,Kamand_velocity_UNCONFIRMED,2026-01-07 13:20:19,1.985,vel_K.csv,statistical_outlier_iqr
Kamand,velocity_UNCONFIRMED,Kamand_velocity_UNCONFIRMED,2026-01-07 13:20:24,2.18,vel_K.csv,statistical_outlier_iqr
Kamand,velocity_UNCONFIRMED,Kamand_velocity_UNCONFIRMED,2026-01-07 13:20:29,2.18,vel_K.csv,statistical_outlier_iqr
Kamand,velocity_UNCONFIRMED,Kamand_velocity_UNCONFIRMED,2026-01-07 13:20:34,2.486,vel_K.csv,statistical_outlier_iqr
Kamand,velocity_UNCONFIRMED,Kamand_velocity_UNCONFIRMED,2026-01-07 13:20:39,2.486,vel_K.csv,statistical_outlier_iqr
Kamand,velocity_UNCONFIRMED,Kamand_velocity_UNCONFIRMED,2026-01-07 13:20:44,2.486,vel_K.csv,statistical_outlier_iqr
Kamand,velocity_UNCONFIRMED,Kamand_velocity_UNCONFIRMED,2026-01-07 13:20:49,2.486,vel_K.csv,statistical_outlier_iqr
Kamand,velocity_UNCONFIRMED,Kamand_velocity_UNCONFIRMED,2026-01-07 13:20:54,1.949,vel_K.csv,statistical_outlier_iqr
Kamand,velocity_UNCONFIRMED,Kamand_velocity_UNCONFIRMED,2026-01-07 13:20:59,1.949,vel_K.csv,statistical_outlier_iqr
Kamand,velocity_UNCONFIRMED,Kamand_velocity_UNCONFIRMED,2026-01-07 13:21:04,1.628,vel_K.csv,statistical_outlier_iqr
Kamand,velocity_UNCONFIRMED,Kamand_velocity_UNCONFIRMED,2026-01-07 13:21:09,1.591,vel_K.csv,statistical_outlier_iqr
Kamand,velocity_UNCONFIRMED,Kamand_velocity_UNCONFIRMED,2026-01-05 15:03:27,5.645,vel_K.csv,sudden_jump
Kamand,velocity_UNCONFIRMED,Kamand_velocity_UNCONFIRMED,2026-01-05 15:03:32,5.978,vel_K.csv,sudden_jump
Kamand,velocity_UNCONFIRMED,Kamand_velocity_UNCONFIRMED,2026-01-05 15:03:37,6.273,vel_K.csv,sudden_jump
Kamand,velocity_UNCONFIRMED,Kamand_velocity_UNCONFIRMED,2026-01-05 15:03:42,6.326,vel_K.csv,sudden_jump
Kamand,velocity_UNCONFIRMED,Kamand_velocity_UNCONFIRMED,2026-01-05 15:03:47,6.401,vel_K.csv,sudden_jump
Kamand,velocity_UNCONFIRMED,Kamand_velocity_UNCONFIRMED,2026-01-05 15:03:57,6.559,vel_K.csv,sudden_jump
Kamand,velocity_UNCONFIRMED,Kamand_velocity_UNCONFIRMED,2026-01-05 15:04:02,6.681,vel_K.csv,sudden_jump
Kamand,velocity_UNCONFIRMED,Kamand_velocity_UNCONFIRMED,2026-01-05 15:04:12,6.817,vel_K.csv,sudden_jump
Kamand,velocity_UNCONFIRMED,Kamand_velocity_UNCONFIRMED,2026-01-05 15:04:17,7.013,vel_K.csv,sudden_jump
Kamand,velocity_UNCONFIRMED,Kamand_velocity_UNCONFIRMED,2026-01-05 15:04:22,6.817,vel_K.csv,sudden_jump
Kamand,velocity_UNCONFIRMED,Kamand_velocity_UNCONFIRMED,2026-01-05 15:04:32,7.013,vel_K.csv,sudden_jump
Kamand,velocity_UNCONFIRMED,Kamand_velocity_UNCONFIRMED,2026-01-05 15:04:57,6.943,vel_K.csv,sudden_jump
Kamand,velocity_UNCONFIRMED,Kamand_velocity_UNCONFIRMED,2026-01-05 15:05:07,6.63,vel_K.csv,sudden_jump
Kamand,velocity_UNCONFIRMED,Kamand_velocity_UNCONFIRMED,2026-01-05 15:05:12,6.381,vel_K.csv,sudden_jump
Kamand,velocity_UNCONFIRMED,Kamand_velocity_UNCONFIRMED,2026-01-05 15:05:22,6.63,vel_K.csv,sudden_jump
Kamand,velocity_UNCONFIRMED,Kamand_velocity_UNCONFIRMED,2026-01-05 15:05:32,6.446,vel_K.csv,sudden_jump
Kamand,velocity_UNCONFIRMED,Kamand_velocity_UNCONFIRMED,2026-01-05 15:05:47,6.605,vel_K.csv,sudden_jump
Kamand,velocity_UNCONFIRMED,Kamand_velocity_UNCONFIRMED,2026-01-05 15:05:52,6.788,vel_K.csv,sudden_jump
Kamand,velocity_UNCONFIRMED,Kamand_velocity_UNCONFIRMED,2026-01-05 15:05:57,6.965,vel_K.csv,sudden_jump
Kamand,velocity_UNCONFIRMED,Kamand_velocity_UNCONFIRMED,2026-01-05 15:06:02,7.021,vel_K.csv,sudden_jump
Kamand,velocity_UNCONFIRMED,Kamand_velocity_UNCONFIRMED,2026-01-05 15:06:42,6.887,vel_K.csv,sudden_jump
Kamand,velocity_UNCONFIRMED,Kamand_velocity_UNCONFIRMED,2026-01-05 15:06:47,6.78,vel_K.csv,sudden_jump
Kamand,velocity_UNCONFIRMED,Kamand_velocity_UNCONFIRMED,2026-01-05 15:10:52,2.22,vel_K.csv,sudden_jump
Kamand,velocity_UNCONFIRMED,Kamand_velocity_UNCONFIRMED,2026-01-05 15:10:57,2.428,vel_K.csv,sudden_jump
Kamand,velocity_UNCONFIRMED,Kamand_velocity_UNCONFIRMED,2026-01-05 15:11:12,2.486,vel_K.csv,sudden_jump
Kamand,velocity_UNCONFIRMED,Kamand_velocity_UNCONFIRMED,2026-01-05 15:11:17,2.428,vel_K.csv,sudden_jump
Kamand,velocity_UNCONFIRMED,Kamand_velocity_UNCONFIRMED,2026-01-05 15:11:27,2.497,vel_K.csv,sudden_jump
Kamand,velocity_UNCONFIRMED,Kamand_velocity_UNCONFIRMED,2026-01-05 15:11:47,2.444,vel_K.csv,sudden_jump
Kamand,velocity_UNCONFIRMED,Kamand_velocity_UNCONFIRMED,2026-01-05 15:11:52,2.278,vel_K.csv,sudden_jump
Kamand,velocity_UNCONFIRMED,Kamand_velocity_UNCONFIRMED,2026-01-05 15:11:57,2.102,vel_K.csv,sudden_jump
Kamand,velocity_UNCONFIRMED,Kamand_velocity_UNCONFIRMED,2026-01-05 15:12:02,2.019,vel_K.csv,sudden_jump
Kamand,velocity_UNCONFIRMED,Kamand_velocity_UNCONFIRMED,2026-01-05 15:12:07,1.946,vel_K.csv,sudden_jump
Kamand,velocity_UNCONFIRMED,Kamand_velocity_UNCONFIRMED,2026-01-05 15:12:22,1.824,vel_K.csv,sudden_jump
Kamand,velocity_UNCONFIRMED,Kamand_velocity_UNCONFIRMED,2026-01-05 15:12:27,1.699,vel_K.csv,sudden_jump
Kamand,velocity_UNCONFIRMED,Kamand_velocity_UNCONFIRMED,2026-01-05 15:13:02,1.605,vel_K.csv,sudden_jump
Kamand,velocity_UNCONFIRMED,Kamand_velocity_UNCONFIRMED,2026-01-05 15:13:12,1.484,vel_K.csv,sudden_jump
Kamand,velocity_UNCONFIRMED,Kamand_velocity_UNCONFIRMED,2026-01-05 15:13:22,1.385,vel_K.csv,sudden_jump
Kamand,velocity_UNCONFIRMED,Kamand_velocity_UNCONFIRMED,2026-01-05 15:13:27,1.24,vel_K.csv,sudden_jump
Kamand,velocity_UNCONFIRMED,Kamand_velocity_UNCONFIRMED,2026-01-05 15:13:32,1.15,vel_K.csv,sudden_jump
Kamand,velocity_UNCONFIRMED,Kamand_velocity_UNCONFIRMED,2026-01-05 15:14:02,1.083,vel_K.csv,sudden_jump
Kamand,velocity_UNCONFIRMED,Kamand_velocity_UNCONFIRMED,2026-01-05 15:14:12,1.131,vel_K.csv,sudden_jump
Kamand,velocity_UNCONFIRMED,Kamand_velocity_UNCONFIRMED,2026-01-05 15:14:22,1.183,vel_K.csv,sudden_jump
Kamand,velocity_UNCONFIRMED,Kamand_velocity_UNCONFIRMED,2026-01-05 15:14:32,1.369,vel_K.csv,sudden_jump
Kamand,velocity_UNCONFIRMED,Kamand_velocity_UNCONFIRMED,2026-01-05 15:14:47,1.188,vel_K.csv,sudden_jump
Kamand,velocity_UNCONFIRMED,Kamand_velocity_UNCONFIRMED,2026-01-05 15:14:57,1.1,vel_K.csv,sudden_jump
Kamand,velocity_UNCONFIRMED,Kamand_velocity_UNCONFIRMED,2026-01-05 15:15:02,1.188,vel_K.csv,sudden_jump
Kamand,velocity_UNCONFIRMED,Kamand_velocity_UNCONFIRMED,2026-01-05 15:15:17,1.278,vel_K.csv,sudden_jump
Kamand,velocity_UNCONFIRMED,Kamand_velocity_UNCONFIRMED,2026-01-05 15:15:22,1.105,vel_K.csv,sudden_jump
Kamand,velocity_UNCONFIRMED,Kamand_velocity_UNCONFIRMED,2026-01-05 15:15:27,1.182,vel_K.csv,sudden_jump
Kamand,velocity_UNCONFIRMED,Kamand_velocity_UNCONFIRMED,2026-01-05 15:15:37,1.332,vel_K.csv,sudden_jump
Kamand,velocity_UNCONFIRMED,Kamand_velocity_UNCONFIRMED,2026-01-05 15:15:42,1.435,vel_K.csv,sudden_jump
Kamand,velocity_UNCONFIRMED,Kamand_velocity_UNCONFIRMED,2026-01-05 15:15:52,1.522,vel_K.csv,sudden_jump
Kamand,velocity_UNCONFIRMED,Kamand_velocity_UNCONFIRMED,2026-01-05 15:15:57,1.601,vel_K.csv,sudden_jump
Kamand,velocity_UNCONFIRMED,Kamand_velocity_UNCONFIRMED,2026-01-05 15:16:02,1.682,vel_K.csv,sudden_jump
Kamand,velocity_UNCONFIRMED,Kamand_velocity_UNCONFIRMED,2026-01-05 15:16:07,1.94,vel_K.csv,sudden_jump
Kamand,velocity_UNCONFIRMED,Kamand_velocity_UNCONFIRMED,2026-01-05 15:16:12,1.735,vel_K.csv,sudden_jump
Kamand,velocity_UNCONFIRMED,Kamand_velocity_UNCONFIRMED,2026-01-05 15:16:17,1.94,vel_K.csv,sudden_jump
Kamand,velocity_UNCONFIRMED,Kamand_velocity_UNCONFIRMED,2026-01-05 15:16:22,2.198,vel_K.csv,sudden_jump
Kamand,velocity_UNCONFIRMED,Kamand_velocity_UNCONFIRMED,2026-01-05 15:16:32,2.327,vel_K.csv,sudden_jump
Kamand,velocity_UNCONFIRMED,Kamand_velocity_UNCONFIRMED,2026-01-05 15:16:37,2.405,vel_K.csv,sudden_jump
Kamand,velocity_UNCONFIRMED,Kamand_velocity_UNCONFIRMED,2026-01-05 15:16:42,2.332,vel_K.csv,sudden_jump
Kamand,velocity_UNCONFIRMED,Kamand_velocity_UNCONFIRMED,2026-01-05 15:16:47,2.422,vel_K.csv,sudden_jump
Kamand,velocity_UNCONFIRMED,Kamand_velocity_UNCONFIRMED,2026-01-05 15:16:52,2.332,vel_K.csv,sudden_jump
Kamand,velocity_UNCONFIRMED,Kamand_velocity_UNCONFIRMED,2026-01-05 15:16:57,2.198,vel_K.csv,sudden_jump
Kamand,velocity_UNCONFIRMED,Kamand_velocity_UNCONFIRMED,2026-01-05 15:17:02,2.276,vel_K.csv,sudden_jump
Kamand,velocity_UNCONFIRMED,Kamand_velocity_UNCONFIRMED,2026-01-05 15:17:12,2.422,vel_K.csv,sudden_jump
Kamand,velocity_UNCONFIRMED,Kamand_velocity_UNCONFIRMED,2026-01-05 15:17:22,2.302,vel_K.csv,sudden_jump
Kamand,velocity_UNCONFIRMED,Kamand_velocity_UNCONFIRMED,2026-01-05 15:17:27,2.422,vel_K.csv,sudden_jump
Kamand,velocity_UNCONFIRMED,Kamand_velocity_UNCONFIRMED,2026-01-05 15:17:32,2.327,vel_K.csv,sudden_jump
Kamand,velocity_UNCONFIRMED,Kamand_velocity_UNCONFIRMED,2026-01-05 15:17:37,2.206,vel_K.csv,sudden_jump
Kamand,velocity_UNCONFIRMED,Kamand_velocity_UNCONFIRMED,2026-01-05 15:17:42,2.358,vel_K.csv,sudden_jump
Kamand,velocity_UNCONFIRMED,Kamand_velocity_UNCONFIRMED,2026-01-05 15:17:47,2.206,vel_K.csv,sudden_jump
Kamand,velocity_UNCONFIRMED,Kamand_velocity_UNCONFIRMED,2026-01-05 15:17:57,2.358,vel_K.csv,sudden_jump
Kamand,velocity_UNCONFIRMED,Kamand_velocity_UNCONFIRMED,2026-01-05 15:18:07,2.454,vel_K.csv,sudden_jump
Kamand,velocity_UNCONFIRMED,Kamand_velocity_UNCONFIRMED,2026-01-05 15:18:12,2.315,vel_K.csv,sudden_jump
Kamand,velocity_UNCONFIRMED,Kamand_velocity_UNCONFIRMED,2026-01-05 15:18:17,2.156,vel_K.csv,sudden_jump
Kamand,velocity_UNCONFIRMED,Kamand_velocity_UNCONFIRMED,2026-01-05 15:18:22,2.315,vel_K.csv,sudden_jump
Kamand,velocity_UNCONFIRMED,Kamand_velocity_UNCONFIRMED,2026-01-05 15:18:32,2.605,vel_K.csv,sudden_jump
Kamand,velocity_UNCONFIRMED,Kamand_velocity_UNCONFIRMED,2026-01-05 15:18:42,2.201,vel_K.csv,sudden_jump
Kamand,velocity_UNCONFIRMED,Kamand_velocity_UNCONFIRMED,2026-01-05 15:18:47,2.475,vel_K.csv,sudden_jump
Kamand,velocity_UNCONFIRMED,Kamand_velocity_UNCONFIRMED,2026-01-05 15:18:52,2.59,vel_K.csv,sudden_jump
Kamand,velocity_UNCONFIRMED,Kamand_velocity_UNCONFIRMED,2026-01-05 15:18:57,2.475,vel_K.csv,sudden_jump
Kamand,velocity_UNCONFIRMED,Kamand_velocity_UNCONFIRMED,2026-01-05 15:19:02,2.158,vel_K.csv,sudden_jump
Kamand,velocity_UNCONFIRMED,Kamand_velocity_UNCONFIRMED,2026-01-05 15:19:07,1.916,vel_K.csv,sudden_jump
Kamand,velocity_UNCONFIRMED,Kamand_velocity_UNCONFIRMED,2026-01-05 15:20:02,2.136,vel_K.csv,sudden_jump
Kamand,velocity_UNCONFIRMED,Kamand_velocity_UNCONFIRMED,2026-01-05 15:20:07,2.382,vel_K.csv,sudden_jump
Kamand,velocity_UNCONFIRMED,Kamand_velocity_UNCONFIRMED,2026-01-05 15:20:12,2.482,vel_K.csv,sudden_jump
Kamand,velocity_UNCONFIRMED,Kamand_velocity_UNCONFIRMED,2026-01-05 15:20:22,2.382,vel_K.csv,sudden_jump
Kamand,velocity_UNCONFIRMED,Kamand_velocity_UNCONFIRMED,2026-01-05 15:20:27,2.233,vel_K.csv,sudden_jump
Kamand,velocity_UNCONFIRMED,Kamand_velocity_UNCONFIRMED,2026-01-05 15:20:32,2.382,vel_K.csv,sudden_jump
Kamand,velocity_UNCONFIRMED,Kamand_velocity_UNCONFIRMED,2026-01-05 15:20:47,2.233,vel_K.csv,sudden_jump
Kamand,velocity_UNCONFIRMED,Kamand_velocity_UNCONFIRMED,2026-01-05 15:20:57,1.964,vel_K.csv,sudden_jump
Kamand,velocity_UNCONFIRMED,Kamand_velocity_UNCONFIRMED,2026-01-05 15:21:17,1.75,vel_K.csv,sudden_jump
Kamand,velocity_UNCONFIRMED,Kamand_velocity_UNCONFIRMED,2026-01-05 15:21:22,1.338,vel_K.csv,sudden_jump
Kamand,velocity_UNCONFIRMED,Kamand_velocity_UNCONFIRMED,2026-01-05 15:21:37,1.458,vel_K.csv,sudden_jump
Kamand,velocity_UNCONFIRMED,Kamand_velocity_UNCONFIRMED,2026-01-05 15:21:42,1.352,vel_K.csv,sudden_jump
Kamand,velocity_UNCONFIRMED,Kamand_velocity_UNCONFIRMED,2026-01-05 15:21:52,1.458,vel_K.csv,sudden_jump
Kamand,velocity_UNCONFIRMED,Kamand_velocity_UNCONFIRMED,2026-01-05 15:21:57,1.601,vel_K.csv,sudden_jump
Kamand,velocity_UNCONFIRMED,Kamand_velocity_UNCONFIRMED,2026-01-05 15:22:07,1.458,vel_K.csv,sudden_jump
Kamand,velocity_UNCONFIRMED,Kamand_velocity_UNCONFIRMED,2026-01-05 15:22:17,1.563,vel_K.csv,sudden_jump
Kamand,velocity_UNCONFIRMED,Kamand_velocity_UNCONFIRMED,2026-01-05 15:22:32,1.411,vel_K.csv,sudden_jump
Kamand,velocity_UNCONFIRMED,Kamand_velocity_UNCONFIRMED,2026-01-05 15:22:42,1.858,vel_K.csv,sudden_jump
Kamand,velocity_UNCONFIRMED,Kamand_velocity_UNCONFIRMED,2026-01-05 15:22:47,2.263,vel_K.csv,sudden_jump
Kamand,velocity_UNCONFIRMED,Kamand_velocity_UNCONFIRMED,2026-01-05 15:22:52,1.993,vel_K.csv,sudden_jump
Kamand,velocity_UNCONFIRMED,Kamand_velocity_UNCONFIRMED,2026-01-05 15:22:57,1.708,vel_K.csv,sudden_jump
Kamand,velocity_UNCONFIRMED,Kamand_velocity_UNCONFIRMED,2026-01-05 15:23:02,1.541,vel_K.csv,sudden_jump
Kamand,velocity_UNCONFIRMED,Kamand_velocity_UNCONFIRMED,2026-01-05 15:23:07,1.708,vel_K.csv,sudden_jump
Kamand,velocity_UNCONFIRMED,Kamand_velocity_UNCONFIRMED,2026-01-05 15:23:12,1.798,vel_K.csv,sudden_jump
Kamand,velocity_UNCONFIRMED,Kamand_velocity_UNCONFIRMED,2026-01-05 15:23:22,1.916,vel_K.csv,sudden_jump
Kamand,velocity_UNCONFIRMED,Kamand_velocity_UNCONFIRMED,2026-01-05 15:23:27,2.006,vel_K.csv,sudden_jump
Kamand,velocity_UNCONFIRMED,Kamand_velocity_UNCONFIRMED,2026-01-05 15:23:32,2.082,vel_K.csv,sudden_jump
Kamand,velocity_UNCONFIRMED,Kamand_velocity_UNCONFIRMED,2026-01-05 15:23:37,2.013,vel_K.csv,sudden_jump
Kamand,velocity_UNCONFIRMED,Kamand_velocity_UNCONFIRMED,2026-01-05 15:24:07,1.871,vel_K.csv,sudden_jump
Kamand,velocity_UNCONFIRMED,Kamand_velocity_UNCONFIRMED,2026-01-05 15:24:12,1.808,vel_K.csv,sudden_jump
Kamand,velocity_UNCONFIRMED,Kamand_velocity_UNCONFIRMED,2026-01-05 15:24:22,1.392,vel_K.csv,sudden_jump
Kamand,velocity_UNCONFIRMED,Kamand_velocity_UNCONFIRMED,2026-01-05 15:24:27,1.185,vel_K.csv,sudden_jump
Kamand,velocity_UNCONFIRMED,Kamand_velocity_UNCONFIRMED,2026-01-05 15:24:32,1.12,vel_K.csv,sudden_jump
Kamand,velocity_UNCONFIRMED,Kamand_velocity_UNCONFIRMED,2026-01-05 15:24:42,1.185,vel_K.csv,sudden_jump
Kamand,velocity_UNCONFIRMED,Kamand_velocity_UNCONFIRMED,2026-01-05 15:25:02,1.407,vel_K.csv,sudden_jump
Kamand,velocity_UNCONFIRMED,Kamand_velocity_UNCONFIRMED,2026-01-05 15:25:12,1.208,vel_K.csv,sudden_jump
Kamand,velocity_UNCONFIRMED,Kamand_velocity_UNCONFIRMED,2026-01-05 15:25:27,1.403,vel_K.csv,sudden_jump
Kamand,velocity_UNCONFIRMED,Kamand_velocity_UNCONFIRMED,2026-01-05 15:25:37,1.14,vel_K.csv,sudden_jump
Kamand,velocity_UNCONFIRMED,Kamand_velocity_UNCONFIRMED,2026-01-05 15:25:47,0.995,vel_K.csv,sudden_jump
Kamand,velocity_UNCONFIRMED,Kamand_velocity_UNCONFIRMED,2026-01-05 15:26:02,0.912,vel_K.csv,sudden_jump
Kamand,velocity_UNCONFIRMED,Kamand_velocity_UNCONFIRMED,2026-01-05 15:26:07,0.995,vel_K.csv,sudden_jump
Kamand,velocity_UNCONFIRMED,Kamand_velocity_UNCONFIRMED,2026-01-05 15:26:12,1.153,vel_K.csv,sudden_jump
Kamand,velocity_UNCONFIRMED,Kamand_velocity_UNCONFIRMED,2026-01-05 15:26:17,0.995,vel_K.csv,sudden_jump
Kamand,velocity_UNCONFIRMED,Kamand_velocity_UNCONFIRMED,2026-01-05 15:26:27,0.887,vel_K.csv,sudden_jump
Kamand,velocity_UNCONFIRMED,Kamand_velocity_UNCONFIRMED,2026-01-05 15:26:37,1.053,vel_K.csv,sudden_jump
Kamand,velocity_UNCONFIRMED,Kamand_velocity_UNCONFIRMED,2026-01-05 15:26:47,1.224,vel_K.csv,sudden_jump
Kamand,velocity_UNCONFIRMED,Kamand_velocity_UNCONFIRMED,2026-01-05 15:26:52,1.278,vel_K.csv,sudden_jump
Kamand,velocity_UNCONFIRMED,Kamand_velocity_UNCONFIRMED,2026-01-05 15:26:57,1.426,vel_K.csv,sudden_jump
Kamand,velocity_UNCONFIRMED,Kamand_velocity_UNCONFIRMED,2026-01-05 15:27:02,1.543,vel_K.csv,sudden_jump
Kamand,velocity_UNCONFIRMED,Kamand_velocity_UNCONFIRMED,2026-01-05 15:27:12,1.689,vel_K.csv,sudden_jump
Kamand,velocity_UNCONFIRMED,Kamand_velocity_UNCONFIRMED,2026-01-05 15:27:17,1.884,vel_K.csv,sudden_jump
Kamand,velocity_UNCONFIRMED,Kamand_velocity_UNCONFIRMED,2026-01-05 15:27:47,1.813,vel_K.csv,sudden_jump
Kamand,velocity_UNCONFIRMED,Kamand_velocity_UNCONFIRMED,2026-01-05 15:28:17,1.738,vel_K.csv,sudden_jump
Kamand,velocity_UNCONFIRMED,Kamand_velocity_UNCONFIRMED,2026-01-05 15:28:22,1.851,vel_K.csv,sudden_jump
Kamand,velocity_UNCONFIRMED,Kamand_velocity_UNCONFIRMED,2026-01-05 15:28:27,2.041,vel_K.csv,sudden_jump
Kamand,velocity_UNCONFIRMED,Kamand_velocity_UNCONFIRMED,2026-01-05 15:28:52,2.228,vel_K.csv,sudden_jump
Kamand,velocity_UNCONFIRMED,Kamand_velocity_UNCONFIRMED,2026-01-05 15:28:57,1.927,vel_K.csv,sudden_jump
Kamand,velocity_UNCONFIRMED,Kamand_velocity_UNCONFIRMED,2026-01-05 15:29:02,1.689,vel_K.csv,sudden_jump
Kamand,velocity_UNCONFIRMED,Kamand_velocity_UNCONFIRMED,2026-01-05 15:29:12,1.751,vel_K.csv,sudden_jump
Kamand,velocity_UNCONFIRMED,Kamand_velocity_UNCONFIRMED,2026-01-05 15:29:17,1.916,vel_K.csv,sudden_jump
Kamand,velocity_UNCONFIRMED,Kamand_velocity_UNCONFIRMED,2026-01-05 15:29:27,1.751,vel_K.csv,sudden_jump
Kamand,velocity_UNCONFIRMED,Kamand_velocity_UNCONFIRMED,2026-01-05 15:29:32,1.916,vel_K.csv,sudden_jump
Kamand,velocity_UNCONFIRMED,Kamand_velocity_UNCONFIRMED,2026-01-05 15:29:42,1.766,vel_K.csv,sudden_jump
Kamand,velocity_UNCONFIRMED,Kamand_velocity_UNCONFIRMED,2026-01-05 15:30:02,1.889,vel_K.csv,sudden_jump
Kamand,velocity_UNCONFIRMED,Kamand_velocity_UNCONFIRMED,2026-01-05 15:30:07,1.943,vel_K.csv,sudden_jump
Kamand,velocity_UNCONFIRMED,Kamand_velocity_UNCONFIRMED,2026-01-05 15:30:17,1.822,vel_K.csv,sudden_jump
Kamand,velocity_UNCONFIRMED,Kamand_velocity_UNCONFIRMED,2026-01-05 15:30:22,1.697,vel_K.csv,sudden_jump
Kamand,velocity_UNCONFIRMED,Kamand_velocity_UNCONFIRMED,2026-01-05 15:30:42,1.78,vel_K.csv,sudden_jump
Kamand,velocity_UNCONFIRMED,Kamand_velocity_UNCONFIRMED,2026-01-05 15:30:52,2.026,vel_K.csv,sudden_jump
Kamand,velocity_UNCONFIRMED,Kamand_velocity_UNCONFIRMED,2026-01-05 15:30:57,1.813,vel_K.csv,sudden_jump
Kamand,velocity_UNCONFIRMED,Kamand_velocity_UNCONFIRMED,2026-01-05 15:31:22,1.79,vel_K.csv,sudden_jump
Kamand,velocity_UNCONFIRMED,Kamand_velocity_UNCONFIRMED,2026-01-05 15:31:27,1.838,vel_K.csv,sudden_jump
Kamand,velocity_UNCONFIRMED,Kamand_velocity_UNCONFIRMED,2026-01-05 15:31:37,2.039,vel_K.csv,sudden_jump
Kamand,velocity_UNCONFIRMED,Kamand_velocity_UNCONFIRMED,2026-01-05 15:31:42,1.838,vel_K.csv,sudden_jump
Kamand,velocity_UNCONFIRMED,Kamand_velocity_UNCONFIRMED,2026-01-05 15:31:47,1.929,vel_K.csv,sudden_jump
Kamand,velocity_UNCONFIRMED,Kamand_velocity_UNCONFIRMED,2026-01-05 15:31:57,2.015,vel_K.csv,sudden_jump
Kamand,velocity_UNCONFIRMED,Kamand_velocity_UNCONFIRMED,2026-01-05 15:32:02,2.166,vel_K.csv,sudden_jump
Kamand,velocity_UNCONFIRMED,Kamand_velocity_UNCONFIRMED,2026-01-05 15:32:07,2.317,vel_K.csv,sudden_jump
Kamand,velocity_UNCONFIRMED,Kamand_velocity_UNCONFIRMED,2026-01-05 15:32:17,2.168,vel_K.csv,sudden_jump
Kamand,velocity_UNCONFIRMED,Kamand_velocity_UNCONFIRMED,2026-01-05 15:32:27,2.015,vel_K.csv,sudden_jump
Kamand,velocity_UNCONFIRMED,Kamand_velocity_UNCONFIRMED,2026-01-05 15:32:37,1.931,vel_K.csv,sudden_jump
Kamand,velocity_UNCONFIRMED,Kamand_velocity_UNCONFIRMED,2026-01-05 15:32:42,1.992,vel_K.csv,sudden_jump
Kamand,velocity_UNCONFIRMED,Kamand_velocity_UNCONFIRMED,2026-01-05 15:32:47,1.931,vel_K.csv,sudden_jump
Kamand,velocity_UNCONFIRMED,Kamand_velocity_UNCONFIRMED,2026-01-05 15:33:22,2.002,vel_K.csv,sudden_jump
Kamand,velocity_UNCONFIRMED,Kamand_velocity_UNCONFIRMED,2026-01-05 15:33:27,1.953,vel_K.csv,sudden_jump
Kamand,velocity_UNCONFIRMED,Kamand_velocity_UNCONFIRMED,2026-01-05 15:33:42,1.817,vel_K.csv,sudden_jump
Kamand,velocity_UNCONFIRMED,Kamand_velocity_UNCONFIRMED,2026-01-05 15:33:52,1.631,vel_K.csv,sudden_jump
Kamand,velocity_UNCONFIRMED,Kamand_velocity_UNCONFIRMED,2026-01-05 15:33:57,1.511,vel_K.csv,sudden_jump
Kamand,velocity_UNCONFIRMED,Kamand_velocity_UNCONFIRMED,2026-01-05 15:34:27,1.648,vel_K.csv,sudden_jump
Kamand,velocity_UNCONFIRMED,Kamand_velocity_UNCONFIRMED,2026-01-05 15:34:37,1.728,vel_K.csv,sudden_jump
Kamand,velocity_UNCONFIRMED,Kamand_velocity_UNCONFIRMED,2026-01-05 15:35:32,1.669,vel_K.csv,sudden_jump
Kamand,velocity_UNCONFIRMED,Kamand_velocity_UNCONFIRMED,2026-01-05 15:35:47,1.778,vel_K.csv,sudden_jump
Kamand,velocity_UNCONFIRMED,Kamand_velocity_UNCONFIRMED,2026-01-05 15:35:52,1.895,vel_K.csv,sudden_jump
Kamand,velocity_UNCONFIRMED,Kamand_velocity_UNCONFIRMED,2026-01-05 15:36:12,2.073,vel_K.csv,sudden_jump
Kamand,velocity_UNCONFIRMED,Kamand_velocity_UNCONFIRMED,2026-01-05 15:36:37,1.964,vel_K.csv,sudden_jump
Kamand,velocity_UNCONFIRMED,Kamand_velocity_UNCONFIRMED,2026-01-05 15:36:42,1.905,vel_K.csv,sudden_jump
Kamand,velocity_UNCONFIRMED,Kamand_velocity_UNCONFIRMED,2026-01-05 15:36:47,1.723,vel_K.csv,sudden_jump
Kamand,velocity_UNCONFIRMED,Kamand_velocity_UNCONFIRMED,2026-01-05 15:36:52,1.506,vel_K.csv,sudden_jump
Kamand,velocity_UNCONFIRMED,Kamand_velocity_UNCONFIRMED,2026-01-05 15:37:02,1.439,vel_K.csv,sudden_jump
Kamand,velocity_UNCONFIRMED,Kamand_velocity_UNCONFIRMED,2026-01-05 15:37:07,1.506,vel_K.csv,sudden_jump
Kamand,velocity_UNCONFIRMED,Kamand_velocity_UNCONFIRMED,2026-01-05 15:37:22,1.618,vel_K.csv,sudden_jump
Kamand,velocity_UNCONFIRMED,Kamand_velocity_UNCONFIRMED,2026-01-05 15:37:37,1.782,vel_K.csv,sudden_jump
Kamand,velocity_UNCONFIRMED,Kamand_velocity_UNCONFIRMED,2026-01-05 15:37:52,1.906,vel_K.csv,sudden_jump
Kamand,velocity_UNCONFIRMED,Kamand_velocity_UNCONFIRMED,2026-01-05 15:37:57,1.782,vel_K.csv,sudden_jump
Kamand,velocity_UNCONFIRMED,Kamand_velocity_UNCONFIRMED,2026-01-05 15:38:12,1.509,vel_K.csv,sudden_jump
Kamand,velocity_UNCONFIRMED,Kamand_velocity_UNCONFIRMED,2026-01-05 15:38:17,1.34,vel_K.csv,sudden_jump
Kamand,velocity_UNCONFIRMED,Kamand_velocity_UNCONFIRMED,2026-01-05 15:38:37,1.148,vel_K.csv,sudden_jump
Kamand,velocity_UNCONFIRMED,Kamand_velocity_UNCONFIRMED,2026-01-05 15:38:42,1.322,vel_K.csv,sudden_jump
Kamand,velocity_UNCONFIRMED,Kamand_velocity_UNCONFIRMED,2026-01-05 15:39:02,1.245,vel_K.csv,sudden_jump
Kamand,velocity_UNCONFIRMED,Kamand_velocity_UNCONFIRMED,2026-01-05 15:39:07,1.104,vel_K.csv,sudden_jump
Kamand,velocity_UNCONFIRMED,Kamand_velocity_UNCONFIRMED,2026-01-05 15:39:12,1.026,vel_K.csv,sudden_jump
Kamand,velocity_UNCONFIRMED,Kamand_velocity_UNCONFIRMED,2026-01-05 15:39:17,1.104,vel_K.csv,sudden_jump
Kamand,velocity_UNCONFIRMED,Kamand_velocity_UNCONFIRMED,2026-01-06 14:00:14,0.609,vel_K.csv,sudden_jump
Kamand,velocity_UNCONFIRMED,Kamand_velocity_UNCONFIRMED,2026-01-06 14:00:19,1.664,vel_K.csv,sudden_jump
Kamand,velocity_UNCONFIRMED,Kamand_velocity_UNCONFIRMED,2026-01-06 14:00:24,2.579,vel_K.csv,sudden_jump
Kamand,velocity_UNCONFIRMED,Kamand_velocity_UNCONFIRMED,2026-01-06 14:00:29,2.65,vel_K.csv,sudden_jump
Kamand,velocity_UNCONFIRMED,Kamand_velocity_UNCONFIRMED,2026-01-06 14:00:34,2.72,vel_K.csv,sudden_jump
Kamand,velocity_UNCONFIRMED,Kamand_velocity_UNCONFIRMED,2026-01-06 14:00:39,2.65,vel_K.csv,sudden_jump
Kamand,velocity_UNCONFIRMED,Kamand_velocity_UNCONFIRMED,2026-01-06 14:01:14,2.692,vel_K.csv,sudden_jump
Kamand,velocity_UNCONFIRMED,Kamand_velocity_UNCONFIRMED,2026-01-06 14:01:19,2.823,vel_K.csv,sudden_jump
Kamand,velocity_UNCONFIRMED,Kamand_velocity_UNCONFIRMED,2026-01-06 14:01:24,3.036,vel_K.csv,sudden_jump
Kamand,velocity_UNCONFIRMED,Kamand_velocity_UNCONFIRMED,2026-01-06 14:01:29,2.823,vel_K.csv,sudden_jump
Kamand,velocity_UNCONFIRMED,Kamand_velocity_UNCONFIRMED,2026-01-06 14:01:34,2.549,vel_K.csv,sudden_jump
Kamand,velocity_UNCONFIRMED,Kamand_velocity_UNCONFIRMED,2026-01-06 14:01:39,2.823,vel_K.csv,sudden_jump
Kamand,velocity_UNCONFIRMED,Kamand_velocity_UNCONFIRMED,2026-01-06 14:01:44,3.036,vel_K.csv,sudden_jump
Kamand,velocity_UNCONFIRMED,Kamand_velocity_UNCONFIRMED,2026-01-06 14:01:49,2.743,vel_K.csv,sudden_jump
Kamand,velocity_UNCONFIRMED,Kamand_velocity_UNCONFIRMED,2026-01-06 14:02:09,2.468,vel_K.csv,sudden_jump
Kamand,velocity_UNCONFIRMED,Kamand_velocity_UNCONFIRMED,2026-01-06 14:02:14,2.282,vel_K.csv,sudden_jump
Kamand,velocity_UNCONFIRMED,Kamand_velocity_UNCONFIRMED,2026-01-06 14:02:24,2.077,vel_K.csv,sudden_jump
Kamand,velocity_UNCONFIRMED,Kamand_velocity_UNCONFIRMED,2026-01-06 14:02:29,2.282,vel_K.csv,sudden_jump
Kamand,velocity_UNCONFIRMED,Kamand_velocity_UNCONFIRMED,2026-01-06 14:02:49,2.497,vel_K.csv,sudden_jump
Kamand,velocity_UNCONFIRMED,Kamand_velocity_UNCONFIRMED,2026-01-06 14:02:54,3.068,vel_K.csv,sudden_jump
Kamand,velocity_UNCONFIRMED,Kamand_velocity_UNCONFIRMED,2026-01-06 14:03:04,3.374,vel_K.csv,sudden_jump
Kamand,velocity_UNCONFIRMED,Kamand_velocity_UNCONFIRMED,2026-01-06 14:03:19,3.159,vel_K.csv,sudden_jump
Kamand,velocity_UNCONFIRMED,Kamand_velocity_UNCONFIRMED,2026-01-06 14:03:24,3.374,vel_K.csv,sudden_jump
Kamand,velocity_UNCONFIRMED,Kamand_velocity_UNCONFIRMED,2026-01-06 14:03:29,3.159,vel_K.csv,sudden_jump
Kamand,velocity_UNCONFIRMED,Kamand_velocity_UNCONFIRMED,2026-01-06 14:03:39,2.526,vel_K.csv,sudden_jump
Kamand,velocity_UNCONFIRMED,Kamand_velocity_UNCONFIRMED,2026-01-06 14:03:44,1.969,vel_K.csv,sudden_jump
Kamand,velocity_UNCONFIRMED,Kamand_velocity_UNCONFIRMED,2026-01-06 14:03:49,1.898,vel_K.csv,sudden_jump
Kamand,velocity_UNCONFIRMED,Kamand_velocity_UNCONFIRMED,2026-01-06 14:06:54,11.9,vel_K.csv,sudden_jump
Kamand,velocity_UNCONFIRMED,Kamand_velocity_UNCONFIRMED,2026-01-06 14:06:59,9.078,vel_K.csv,sudden_jump
Kamand,velocity_UNCONFIRMED,Kamand_velocity_UNCONFIRMED,2026-01-06 14:07:04,7.101,vel_K.csv,sudden_jump
Kamand,velocity_UNCONFIRMED,Kamand_velocity_UNCONFIRMED,2026-01-06 14:07:09,8.73,vel_K.csv,sudden_jump
Kamand,velocity_UNCONFIRMED,Kamand_velocity_UNCONFIRMED,2026-01-06 14:07:14,7.101,vel_K.csv,sudden_jump
Kamand,velocity_UNCONFIRMED,Kamand_velocity_UNCONFIRMED,2026-01-06 14:07:19,6.678,vel_K.csv,sudden_jump
Kamand,velocity_UNCONFIRMED,Kamand_velocity_UNCONFIRMED,2026-01-06 14:07:24,6.256,vel_K.csv,sudden_jump
Kamand,velocity_UNCONFIRMED,Kamand_velocity_UNCONFIRMED,2026-01-06 14:07:29,3.635,vel_K.csv,sudden_jump
Kamand,velocity_UNCONFIRMED,Kamand_velocity_UNCONFIRMED,2026-01-06 14:07:34,1.013,vel_K.csv,sudden_jump
Kamand,velocity_UNCONFIRMED,Kamand_velocity_UNCONFIRMED,2026-01-06 14:07:39,0.824,vel_K.csv,sudden_jump
Kamand,velocity_UNCONFIRMED,Kamand_velocity_UNCONFIRMED,2026-01-06 14:07:44,0.635,vel_K.csv,sudden_jump
Kamand,velocity_UNCONFIRMED,Kamand_velocity_UNCONFIRMED,2026-01-06 14:14:35,0.627,vel_K.csv,sudden_jump
Kamand,velocity_UNCONFIRMED,Kamand_velocity_UNCONFIRMED,2026-01-06 14:15:00,1.018,vel_K.csv,sudden_jump
Kamand,velocity_UNCONFIRMED,Kamand_velocity_UNCONFIRMED,2026-01-06 14:15:05,1.365,vel_K.csv,sudden_jump
Kamand,velocity_UNCONFIRMED,Kamand_velocity_UNCONFIRMED,2026-01-06 14:15:10,2.591,vel_K.csv,sudden_jump
Kamand,velocity_UNCONFIRMED,Kamand_velocity_UNCONFIRMED,2026-01-06 14:15:15,3.817,vel_K.csv,sudden_jump
Kamand,velocity_UNCONFIRMED,Kamand_velocity_UNCONFIRMED,2026-01-06 14:15:20,6.244,vel_K.csv,sudden_jump
Kamand,velocity_UNCONFIRMED,Kamand_velocity_UNCONFIRMED,2026-01-06 14:15:25,7.655,vel_K.csv,sudden_jump
Kamand,velocity_UNCONFIRMED,Kamand_velocity_UNCONFIRMED,2026-01-06 14:15:30,8.163,vel_K.csv,sudden_jump
Kamand,velocity_UNCONFIRMED,Kamand_velocity_UNCONFIRMED,2026-01-06 14:15:35,8.892,vel_K.csv,sudden_jump
Kamand,velocity_UNCONFIRMED,Kamand_velocity_UNCONFIRMED,2026-01-06 14:15:40,9.455,vel_K.csv,sudden_jump
Kamand,velocity_UNCONFIRMED,Kamand_velocity_UNCONFIRMED,2026-01-06 14:15:48,9.796,vel_K.csv,sudden_jump
Kamand,velocity_UNCONFIRMED,Kamand_velocity_UNCONFIRMED,2026-01-06 14:16:15,9.347,vel_K.csv,sudden_jump
Kamand,velocity_UNCONFIRMED,Kamand_velocity_UNCONFIRMED,2026-01-06 14:16:25,9.662,vel_K.csv,sudden_jump
Kamand,velocity_UNCONFIRMED,Kamand_velocity_UNCONFIRMED,2026-01-06 14:16:35,9.264,vel_K.csv,sudden_jump
Kamand,velocity_UNCONFIRMED,Kamand_velocity_UNCONFIRMED,2026-01-06 14:16:50,9.393,vel_K.csv,sudden_jump
Kamand,velocity_UNCONFIRMED,Kamand_velocity_UNCONFIRMED,2026-01-06 14:16:55,9.662,vel_K.csv,sudden_jump
Kamand,velocity_UNCONFIRMED,Kamand_velocity_UNCONFIRMED,2026-01-06 14:17:00,9.393,vel_K.csv,sudden_jump
Kamand,velocity_UNCONFIRMED,Kamand_velocity_UNCONFIRMED,2026-01-06 14:17:05,9.077,vel_K.csv,sudden_jump
Kamand,velocity_UNCONFIRMED,Kamand_velocity_UNCONFIRMED,2026-01-06 14:17:15,8.633,vel_K.csv,sudden_jump
Kamand,velocity_UNCONFIRMED,Kamand_velocity_UNCONFIRMED,2026-01-06 14:17:25,4.477,vel_K.csv,sudden_jump
Kamand,velocity_UNCONFIRMED,Kamand_velocity_UNCONFIRMED,2026-01-06 14:17:30,0.799,vel_K.csv,sudden_jump
Kamand,velocity_UNCONFIRMED,Kamand_velocity_UNCONFIRMED,2026-01-06 14:17:35,0.689,vel_K.csv,sudden_jump
Kamand,velocity_UNCONFIRMED,Kamand_velocity_UNCONFIRMED,2026-01-06 14:17:40,0.626,vel_K.csv,sudden_jump
Kamand,velocity_UNCONFIRMED,Kamand_velocity_UNCONFIRMED,2026-01-06 15:33:18,8.022,vel_K.csv,sudden_jump
Kamand,velocity_UNCONFIRMED,Kamand_velocity_UNCONFIRMED,2026-01-06 15:33:23,4.349,vel_K.csv,sudden_jump
Kamand,velocity_UNCONFIRMED,Kamand_velocity_UNCONFIRMED,2026-01-06 15:33:28,5.008,vel_K.csv,sudden_jump
Kamand,velocity_UNCONFIRMED,Kamand_velocity_UNCONFIRMED,2026-01-06 15:33:33,4.572,vel_K.csv,sudden_jump
Kamand,velocity_UNCONFIRMED,Kamand_velocity_UNCONFIRMED,2026-01-06 15:33:43,3.832,vel_K.csv,sudden_jump
Kamand,velocity_UNCONFIRMED,Kamand_velocity_UNCONFIRMED,2026-01-06 15:33:48,4.136,vel_K.csv,sudden_jump
Kamand,velocity_UNCONFIRMED,Kamand_velocity_UNCONFIRMED,2026-01-06 15:33:53,4.572,vel_K.csv,sudden_jump
Kamand,velocity_UNCONFIRMED,Kamand_velocity_UNCONFIRMED,2026-01-06 15:34:18,6.044,vel_K.csv,sudden_jump
Kamand,velocity_UNCONFIRMED,Kamand_velocity_UNCONFIRMED,2026-01-06 15:34:23,7.484,vel_K.csv,sudden_jump
Kamand,velocity_UNCONFIRMED,Kamand_velocity_UNCONFIRMED,2026-01-06 15:34:28,8.661,vel_K.csv,sudden_jump
Kamand,velocity_UNCONFIRMED,Kamand_velocity_UNCONFIRMED,2026-01-06 15:34:33,10.613,vel_K.csv,sudden_jump
Kamand,velocity_UNCONFIRMED,Kamand_velocity_UNCONFIRMED,2026-01-06 15:34:38,11.65,vel_K.csv,sudden_jump
Kamand,velocity_UNCONFIRMED,Kamand_velocity_UNCONFIRMED,2026-01-06 15:34:48,11.114,vel_K.csv,sudden_jump
Kamand,velocity_UNCONFIRMED,Kamand_velocity_UNCONFIRMED,2026-01-06 15:34:58,11.723,vel_K.csv,sudden_jump
Kamand,velocity_UNCONFIRMED,Kamand_velocity_UNCONFIRMED,2026-01-06 15:35:03,11.114,vel_K.csv,sudden_jump
Kamand,velocity_UNCONFIRMED,Kamand_velocity_UNCONFIRMED,2026-01-06 15:42:09,4.207,vel_K.csv,sudden_jump
Kamand,velocity_UNCONFIRMED,Kamand_velocity_UNCONFIRMED,2026-01-06 15:42:14,3.684,vel_K.csv,sudden_jump
Kamand,velocity_UNCONFIRMED,Kamand_velocity_UNCONFIRMED,2026-01-06 15:44:19,4.71,vel_K.csv,sudden_jump
Kamand,velocity_UNCONFIRMED,Kamand_velocity_UNCONFIRMED,2026-01-06 15:44:58,4.796,vel_K.csv,sudden_jump
Kamand,velocity_UNCONFIRMED,Kamand_velocity_UNCONFIRMED,2026-01-06 15:45:09,4.978,vel_K.csv,sudden_jump
Kamand,velocity_UNCONFIRMED,Kamand_velocity_UNCONFIRMED,2026-01-06 15:45:13,4.831,vel_K.csv,sudden_jump
Kamand,velocity_UNCONFIRMED,Kamand_velocity_UNCONFIRMED,2026-01-06 15:45:34,4.938,vel_K.csv,sudden_jump
Kamand,velocity_UNCONFIRMED,Kamand_velocity_UNCONFIRMED,2026-01-06 15:45:49,5.2,vel_K.csv,sudden_jump
Kamand,velocity_UNCONFIRMED,Kamand_velocity_UNCONFIRMED,2026-01-06 15:46:04,4.938,vel_K.csv,sudden_jump
Kamand,velocity_UNCONFIRMED,Kamand_velocity_UNCONFIRMED,2026-01-06 15:46:14,5.066,vel_K.csv,sudden_jump
Kamand,velocity_UNCONFIRMED,Kamand_velocity_UNCONFIRMED,2026-01-06 15:46:33,4.945,vel_K.csv,sudden_jump
Kamand,velocity_UNCONFIRMED,Kamand_velocity_UNCONFIRMED,2026-01-06 15:46:39,4.731,vel_K.csv,sudden_jump
Kamand,velocity_UNCONFIRMED,Kamand_velocity_UNCONFIRMED,2026-01-06 15:46:43,4.835,vel_K.csv,sudden_jump
Kamand,velocity_UNCONFIRMED,Kamand_velocity_UNCONFIRMED,2026-01-06 15:46:48,4.731,vel_K.csv,sudden_jump
Kamand,velocity_UNCONFIRMED,Kamand_velocity_UNCONFIRMED,2026-01-06 15:46:54,4.835,vel_K.csv,sudden_jump
Kamand,velocity_UNCONFIRMED,Kamand_velocity_UNCONFIRMED,2026-01-06 15:46:58,4.591,vel_K.csv,sudden_jump
Kamand,velocity_UNCONFIRMED,Kamand_velocity_UNCONFIRMED,2026-01-06 15:47:04,4.662,vel_K.csv,sudden_jump
Kamand,velocity_UNCONFIRMED,Kamand_velocity_UNCONFIRMED,2026-01-06 15:47:09,4.413,vel_K.csv,sudden_jump
Kamand,velocity_UNCONFIRMED,Kamand_velocity_UNCONFIRMED,2026-01-06 15:47:13,4.288,vel_K.csv,sudden_jump
Kamand,velocity_UNCONFIRMED,Kamand_velocity_UNCONFIRMED,2026-01-06 15:47:19,4.413,vel_K.csv,sudden_jump
Kamand,velocity_UNCONFIRMED,Kamand_velocity_UNCONFIRMED,2026-01-06 15:47:23,4.662,vel_K.csv,sudden_jump
Kamand,velocity_UNCONFIRMED,Kamand_velocity_UNCONFIRMED,2026-01-06 15:47:44,4.413,vel_K.csv,sudden_jump
Kamand,velocity_UNCONFIRMED,Kamand_velocity_UNCONFIRMED,2026-01-06 15:47:49,4.824,vel_K.csv,sudden_jump
Kamand,velocity_UNCONFIRMED,Kamand_velocity_UNCONFIRMED,2026-01-06 15:48:20,4.501,vel_K.csv,sudden_jump
Kamand,velocity_UNCONFIRMED,Kamand_velocity_UNCONFIRMED,2026-01-06 15:48:24,4.336,vel_K.csv,sudden_jump
Kamand,velocity_UNCONFIRMED,Kamand_velocity_UNCONFIRMED,2026-01-06 15:48:43,4.43,vel_K.csv,sudden_jump
Kamand,velocity_UNCONFIRMED,Kamand_velocity_UNCONFIRMED,2026-01-06 15:48:49,4.382,vel_K.csv,sudden_jump
Kamand,velocity_UNCONFIRMED,Kamand_velocity_UNCONFIRMED,2026-01-06 15:48:54,4.289,vel_K.csv,sudden_jump
Kamand,velocity_UNCONFIRMED,Kamand_velocity_UNCONFIRMED,2026-01-06 15:48:58,4.232,vel_K.csv,sudden_jump
Kamand,velocity_UNCONFIRMED,Kamand_velocity_UNCONFIRMED,2026-01-06 15:49:08,4.305,vel_K.csv,sudden_jump
Kamand,velocity_UNCONFIRMED,Kamand_velocity_UNCONFIRMED,2026-01-06 15:49:23,4.382,vel_K.csv,sudden_jump
Kamand,velocity_UNCONFIRMED,Kamand_velocity_UNCONFIRMED,2026-01-06 15:49:38,4.708,vel_K.csv,sudden_jump
Kamand,velocity_UNCONFIRMED,Kamand_velocity_UNCONFIRMED,2026-01-06 15:49:48,5.073,vel_K.csv,sudden_jump
Kamand,velocity_UNCONFIRMED,Kamand_velocity_UNCONFIRMED,2026-01-06 15:49:54,5.198,vel_K.csv,sudden_jump
Kamand,velocity_UNCONFIRMED,Kamand_velocity_UNCONFIRMED,2026-01-06 15:49:59,5.361,vel_K.csv,sudden_jump
Kamand,velocity_UNCONFIRMED,Kamand_velocity_UNCONFIRMED,2026-01-06 15:50:03,5.648,vel_K.csv,sudden_jump
Kamand,velocity_UNCONFIRMED,Kamand_velocity_UNCONFIRMED,2026-01-06 15:50:34,5.346,vel_K.csv,sudden_jump
Kamand,velocity_UNCONFIRMED,Kamand_velocity_UNCONFIRMED,2026-01-06 15:50:39,4.794,vel_K.csv,sudden_jump
Kamand,velocity_UNCONFIRMED,Kamand_velocity_UNCONFIRMED,2026-01-06 15:50:43,4.351,vel_K.csv,sudden_jump
Kamand,velocity_UNCONFIRMED,Kamand_velocity_UNCONFIRMED,2026-01-06 15:50:59,4.279,vel_K.csv,sudden_jump
Kamand,velocity_UNCONFIRMED,Kamand_velocity_UNCONFIRMED,2026-01-06 15:51:08,4.351,vel_K.csv,sudden_jump
Kamand,velocity_UNCONFIRMED,Kamand_velocity_UNCONFIRMED,2026-01-06 15:51:14,4.771,vel_K.csv,sudden_jump
Kamand,velocity_UNCONFIRMED,Kamand_velocity_UNCONFIRMED,2026-01-06 15:51:18,4.351,vel_K.csv,sudden_jump
Kamand,velocity_UNCONFIRMED,Kamand_velocity_UNCONFIRMED,2026-01-06 15:51:24,4.717,vel_K.csv,sudden_jump
Kamand,velocity_UNCONFIRMED,Kamand_velocity_UNCONFIRMED,2026-01-06 15:51:29,4.918,vel_K.csv,sudden_jump
Kamand,velocity_UNCONFIRMED,Kamand_velocity_UNCONFIRMED,2026-01-06 15:51:39,5.194,vel_K.csv,sudden_jump
Kamand,velocity_UNCONFIRMED,Kamand_velocity_UNCONFIRMED,2026-01-06 15:52:04,5.053,vel_K.csv,sudden_jump
Kamand,velocity_UNCONFIRMED,Kamand_velocity_UNCONFIRMED,2026-01-06 15:52:09,4.968,vel_K.csv,sudden_jump
Kamand,velocity_UNCONFIRMED,Kamand_velocity_UNCONFIRMED,2026-01-06 15:52:20,5.141,vel_K.csv,sudden_jump
Kamand,velocity_UNCONFIRMED,Kamand_velocity_UNCONFIRMED,2026-01-06 15:52:24,4.968,vel_K.csv,sudden_jump
Kamand,velocity_UNCONFIRMED,Kamand_velocity_UNCONFIRMED,2026-01-06 15:52:34,5.141,vel_K.csv,sudden_jump
Kamand,velocity_UNCONFIRMED,Kamand_velocity_UNCONFIRMED,2026-01-06 15:52:38,4.968,vel_K.csv,sudden_jump
Kamand,velocity_UNCONFIRMED,Kamand_velocity_UNCONFIRMED,2026-01-06 15:52:44,5.141,vel_K.csv,sudden_jump
Kamand,velocity_UNCONFIRMED,Kamand_velocity_UNCONFIRMED,2026-01-06 15:52:49,4.772,vel_K.csv,sudden_jump
Kamand,velocity_UNCONFIRMED,Kamand_velocity_UNCONFIRMED,2026-01-06 15:52:59,5.189,vel_K.csv,sudden_jump
Kamand,velocity_UNCONFIRMED,Kamand_velocity_UNCONFIRMED,2026-01-06 15:53:03,5.67,vel_K.csv,sudden_jump
Kamand,velocity_UNCONFIRMED,Kamand_velocity_UNCONFIRMED,2026-01-06 15:53:09,5.801,vel_K.csv,sudden_jump
Kamand,velocity_UNCONFIRMED,Kamand_velocity_UNCONFIRMED,2026-01-06 15:53:33,5.584,vel_K.csv,sudden_jump
Kamand,velocity_UNCONFIRMED,Kamand_velocity_UNCONFIRMED,2026-01-06 15:53:49,5.64,vel_K.csv,sudden_jump
Kamand,velocity_UNCONFIRMED,Kamand_velocity_UNCONFIRMED,2026-01-06 15:53:54,5.762,vel_K.csv,sudden_jump
Kamand,velocity_UNCONFIRMED,Kamand_velocity_UNCONFIRMED,2026-01-06 15:54:09,5.902,vel_K.csv,sudden_jump
Kamand,velocity_UNCONFIRMED,Kamand_velocity_UNCONFIRMED,2026-01-06 15:54:14,5.732,vel_K.csv,sudden_jump
Kamand,velocity_UNCONFIRMED,Kamand_velocity_UNCONFIRMED,2026-01-06 15:54:29,5.864,vel_K.csv,sudden_jump
Kamand,velocity_UNCONFIRMED,Kamand_velocity_UNCONFIRMED,2026-01-06 15:55:09,5.824,vel_K.csv,sudden_jump
Kamand,velocity_UNCONFIRMED,Kamand_velocity_UNCONFIRMED,2026-01-06 15:55:18,5.637,vel_K.csv,sudden_jump
Kamand,velocity_UNCONFIRMED,Kamand_velocity_UNCONFIRMED,2026-01-06 15:55:28,5.382,vel_K.csv,sudden_jump
Kamand,velocity_UNCONFIRMED,Kamand_velocity_UNCONFIRMED,2026-01-06 15:55:39,5.203,vel_K.csv,sudden_jump
Kamand,velocity_UNCONFIRMED,Kamand_velocity_UNCONFIRMED,2026-01-06 15:55:59,5.382,vel_K.csv,sudden_jump
Kamand,velocity_UNCONFIRMED,Kamand_velocity_UNCONFIRMED,2026-01-06 15:56:20,4.756,vel_K.csv,sudden_jump
Kamand,velocity_UNCONFIRMED,Kamand_velocity_UNCONFIRMED,2026-01-06 15:56:29,5.509,vel_K.csv,sudden_jump
Kamand,velocity_UNCONFIRMED,Kamand_velocity_UNCONFIRMED,2026-01-06 15:56:33,5.661,vel_K.csv,sudden_jump
Kamand,velocity_UNCONFIRMED,Kamand_velocity_UNCONFIRMED,2026-01-06 15:56:39,5.708,vel_K.csv,sudden_jump
Kamand,velocity_UNCONFIRMED,Kamand_velocity_UNCONFIRMED,2026-01-06 15:56:48,5.647,vel_K.csv,sudden_jump
Kamand,velocity_UNCONFIRMED,Kamand_velocity_UNCONFIRMED,2026-01-06 15:56:54,5.708,vel_K.csv,sudden_jump
Kamand,velocity_UNCONFIRMED,Kamand_velocity_UNCONFIRMED,2026-01-06 15:56:59,5.555,vel_K.csv,sudden_jump
Kamand,velocity_UNCONFIRMED,Kamand_velocity_UNCONFIRMED,2026-01-06 15:57:04,5.724,vel_K.csv,sudden_jump
Kamand,velocity_UNCONFIRMED,Kamand_velocity_UNCONFIRMED,2026-01-06 15:57:24,5.812,vel_K.csv,sudden_jump
Kamand,velocity_UNCONFIRMED,Kamand_velocity_UNCONFIRMED,2026-01-06 15:57:28,5.724,vel_K.csv,sudden_jump
Kamand,velocity_UNCONFIRMED,Kamand_velocity_UNCONFIRMED,2026-01-06 15:57:38,5.543,vel_K.csv,sudden_jump
Kamand,velocity_UNCONFIRMED,Kamand_velocity_UNCONFIRMED,2026-01-06 15:57:44,5.303,vel_K.csv,sudden_jump
Kamand,velocity_UNCONFIRMED,Kamand_velocity_UNCONFIRMED,2026-01-06 15:57:53,5.048,vel_K.csv,sudden_jump
Kamand,velocity_UNCONFIRMED,Kamand_velocity_UNCONFIRMED,2026-01-06 15:58:14,4.636,vel_K.csv,sudden_jump
Kamand,velocity_UNCONFIRMED,Kamand_velocity_UNCONFIRMED,2026-01-06 15:58:29,4.908,vel_K.csv,sudden_jump
Kamand,velocity_UNCONFIRMED,Kamand_velocity_UNCONFIRMED,2026-01-06 15:58:44,5.011,vel_K.csv,sudden_jump
Kamand,velocity_UNCONFIRMED,Kamand_velocity_UNCONFIRMED,2026-01-06 15:58:49,5.127,vel_K.csv,sudden_jump
Kamand,velocity_UNCONFIRMED,Kamand_velocity_UNCONFIRMED,2026-01-06 15:58:54,5.307,vel_K.csv,sudden_jump
Kamand,velocity_UNCONFIRMED,Kamand_velocity_UNCONFIRMED,2026-01-06 15:59:04,5.195,vel_K.csv,sudden_jump
Kamand,velocity_UNCONFIRMED,Kamand_velocity_UNCONFIRMED,2026-01-06 15:59:19,5.274,vel_K.csv,sudden_jump
Kamand,velocity_UNCONFIRMED,Kamand_velocity_UNCONFIRMED,2026-01-06 15:59:23,5.376,vel_K.csv,sudden_jump
Kamand,velocity_UNCONFIRMED,Kamand_velocity_UNCONFIRMED,2026-01-06 15:59:29,5.264,vel_K.csv,sudden_jump
Kamand,velocity_UNCONFIRMED,Kamand_velocity_UNCONFIRMED,2026-01-06 15:59:34,5.18,vel_K.csv,sudden_jump
Kamand,velocity_UNCONFIRMED,Kamand_velocity_UNCONFIRMED,2026-01-06 15:59:38,5.282,vel_K.csv,sudden_jump
Kamand,velocity_UNCONFIRMED,Kamand_velocity_UNCONFIRMED,2026-01-06 15:59:49,5.18,vel_K.csv,sudden_jump
Kamand,velocity_UNCONFIRMED,Kamand_velocity_UNCONFIRMED,2026-01-06 15:59:54,5.113,vel_K.csv,sudden_jump
Kamand,velocity_UNCONFIRMED,Kamand_velocity_UNCONFIRMED,2026-01-06 15:59:59,5.18,vel_K.csv,sudden_jump
Kamand,velocity_UNCONFIRMED,Kamand_velocity_UNCONFIRMED,2026-01-06 16:00:03,5.131,vel_K.csv,sudden_jump
Kamand,velocity_UNCONFIRMED,Kamand_velocity_UNCONFIRMED,2026-01-06 16:00:09,5.241,vel_K.csv,sudden_jump
Kamand,velocity_UNCONFIRMED,Kamand_velocity_UNCONFIRMED,2026-01-06 16:00:14,5.325,vel_K.csv,sudden_jump
Kamand,velocity_UNCONFIRMED,Kamand_velocity_UNCONFIRMED,2026-01-06 16:00:20,5.241,vel_K.csv,sudden_jump
Kamand,velocity_UNCONFIRMED,Kamand_velocity_UNCONFIRMED,2026-01-06 16:00:24,5.051,vel_K.csv,sudden_jump
Kamand,velocity_UNCONFIRMED,Kamand_velocity_UNCONFIRMED,2026-01-06 16:00:34,5.001,vel_K.csv,sudden_jump
Kamand,velocity_UNCONFIRMED,Kamand_velocity_UNCONFIRMED,2026-01-06 16:00:39,4.889,vel_K.csv,sudden_jump
Kamand,velocity_UNCONFIRMED,Kamand_velocity_UNCONFIRMED,2026-01-06 16:00:49,4.632,vel_K.csv,sudden_jump
Kamand,velocity_UNCONFIRMED,Kamand_velocity_UNCONFIRMED,2026-01-06 16:00:54,4.889,vel_K.csv,sudden_jump
Kamand,velocity_UNCONFIRMED,Kamand_velocity_UNCONFIRMED,2026-01-06 16:01:04,4.99,vel_K.csv,sudden_jump
Kamand,velocity_UNCONFIRMED,Kamand_velocity_UNCONFIRMED,2026-01-06 16:01:14,4.507,vel_K.csv,sudden_jump
Kamand,velocity_UNCONFIRMED,Kamand_velocity_UNCONFIRMED,2026-01-06 16:01:19,4.362,vel_K.csv,sudden_jump
Kamand,velocity_UNCONFIRMED,Kamand_velocity_UNCONFIRMED,2026-01-06 16:01:23,4.845,vel_K.csv,sudden_jump
Kamand,velocity_UNCONFIRMED,Kamand_velocity_UNCONFIRMED,2026-01-06 16:01:29,5.088,vel_K.csv,sudden_jump
Kamand,velocity_UNCONFIRMED,Kamand_velocity_UNCONFIRMED,2026-01-06 16:01:34,5.17,vel_K.csv,sudden_jump
Kamand,velocity_UNCONFIRMED,Kamand_velocity_UNCONFIRMED,2026-01-06 16:01:39,5.337,vel_K.csv,sudden_jump
Kamand,velocity_UNCONFIRMED,Kamand_velocity_UNCONFIRMED,2026-01-06 16:01:54,5.17,vel_K.csv,sudden_jump
Kamand,velocity_UNCONFIRMED,Kamand_velocity_UNCONFIRMED,2026-01-06 16:01:59,5.089,vel_K.csv,sudden_jump
Kamand,velocity_UNCONFIRMED,Kamand_velocity_UNCONFIRMED,2026-01-06 16:02:03,4.862,vel_K.csv,sudden_jump
Kamand,velocity_UNCONFIRMED,Kamand_velocity_UNCONFIRMED,2026-01-06 16:02:13,5.089,vel_K.csv,sudden_jump
Kamand,velocity_UNCONFIRMED,Kamand_velocity_UNCONFIRMED,2026-01-06 16:02:24,4.862,vel_K.csv,sudden_jump
Kamand,velocity_UNCONFIRMED,Kamand_velocity_UNCONFIRMED,2026-01-06 16:02:44,4.948,vel_K.csv,sudden_jump
Kamand,velocity_UNCONFIRMED,Kamand_velocity_UNCONFIRMED,2026-01-06 16:02:49,5.161,vel_K.csv,sudden_jump
Kamand,velocity_UNCONFIRMED,Kamand_velocity_UNCONFIRMED,2026-01-06 16:03:08,5.094,vel_K.csv,sudden_jump
Kamand,velocity_UNCONFIRMED,Kamand_velocity_UNCONFIRMED,2026-01-06 16:03:14,4.711,vel_K.csv,sudden_jump
Kamand,velocity_UNCONFIRMED,Kamand_velocity_UNCONFIRMED,2026-01-06 16:03:19,5.094,vel_K.csv,sudden_jump
Kamand,velocity_UNCONFIRMED,Kamand_velocity_UNCONFIRMED,2026-01-06 16:03:29,4.711,vel_K.csv,sudden_jump
Kamand,velocity_UNCONFIRMED,Kamand_velocity_UNCONFIRMED,2026-01-06 16:03:33,4.302,vel_K.csv,sudden_jump
Kamand,velocity_UNCONFIRMED,Kamand_velocity_UNCONFIRMED,2026-01-06 16:03:39,4.222,vel_K.csv,sudden_jump
Kamand,velocity_UNCONFIRMED,Kamand_velocity_UNCONFIRMED,2026-01-06 16:03:44,4.11,vel_K.csv,sudden_jump
Kamand,velocity_UNCONFIRMED,Kamand_velocity_UNCONFIRMED,2026-01-06 16:03:58,3.991,vel_K.csv,sudden_jump
Kamand,velocity_UNCONFIRMED,Kamand_velocity_UNCONFIRMED,2026-01-06 16:04:13,4.249,vel_K.csv,sudden_jump
Kamand,velocity_UNCONFIRMED,Kamand_velocity_UNCONFIRMED,2026-01-06 16:04:20,4.017,vel_K.csv,sudden_jump
Kamand,velocity_UNCONFIRMED,Kamand_velocity_UNCONFIRMED,2026-01-06 16:04:24,3.845,vel_K.csv,sudden_jump
Kamand,velocity_UNCONFIRMED,Kamand_velocity_UNCONFIRMED,2026-01-06 16:04:34,4.034,vel_K.csv,sudden_jump
Kamand,velocity_UNCONFIRMED,Kamand_velocity_UNCONFIRMED,2026-01-06 16:04:38,4.253,vel_K.csv,sudden_jump
Kamand,velocity_UNCONFIRMED,Kamand_velocity_UNCONFIRMED,2026-01-06 16:04:53,4.345,vel_K.csv,sudden_jump
Kamand,velocity_UNCONFIRMED,Kamand_velocity_UNCONFIRMED,2026-01-06 16:04:59,4.773,vel_K.csv,sudden_jump
Kamand,velocity_UNCONFIRMED,Kamand_velocity_UNCONFIRMED,2026-01-06 16:05:09,5.175,vel_K.csv,sudden_jump
Kamand,velocity_UNCONFIRMED,Kamand_velocity_UNCONFIRMED,2026-01-06 16:05:14,5.238,vel_K.csv,sudden_jump
Kamand,velocity_UNCONFIRMED,Kamand_velocity_UNCONFIRMED,2026-01-06 16:05:18,5.289,vel_K.csv,sudden_jump
Kamand,velocity_UNCONFIRMED,Kamand_velocity_UNCONFIRMED,2026-01-06 16:05:24,5.465,vel_K.csv,sudden_jump
Kamand,velocity_UNCONFIRMED,Kamand_velocity_UNCONFIRMED,2026-01-06 16:05:29,5.62,vel_K.csv,sudden_jump
Kamand,velocity_UNCONFIRMED,Kamand_velocity_UNCONFIRMED,2026-01-06 16:05:54,5.722,vel_K.csv,sudden_jump
Kamand,velocity_UNCONFIRMED,Kamand_velocity_UNCONFIRMED,2026-01-06 16:06:09,5.431,vel_K.csv,sudden_jump
Kamand,velocity_UNCONFIRMED,Kamand_velocity_UNCONFIRMED,2026-01-06 16:06:20,5.229,vel_K.csv,sudden_jump
Kamand,velocity_UNCONFIRMED,Kamand_velocity_UNCONFIRMED,2026-01-06 16:06:23,5.166,vel_K.csv,sudden_jump
Kamand,velocity_UNCONFIRMED,Kamand_velocity_UNCONFIRMED,2026-01-06 16:06:38,4.849,vel_K.csv,sudden_jump
Kamand,velocity_UNCONFIRMED,Kamand_velocity_UNCONFIRMED,2026-01-06 16:06:44,5.229,vel_K.csv,sudden_jump
Kamand,velocity_UNCONFIRMED,Kamand_velocity_UNCONFIRMED,2026-01-06 16:06:54,4.849,vel_K.csv,sudden_jump
Kamand,velocity_UNCONFIRMED,Kamand_velocity_UNCONFIRMED,2026-01-06 16:06:59,4.659,vel_K.csv,sudden_jump
Kamand,velocity_UNCONFIRMED,Kamand_velocity_UNCONFIRMED,2026-01-06 16:07:03,5.039,vel_K.csv,sudden_jump
Kamand,velocity_UNCONFIRMED,Kamand_velocity_UNCONFIRMED,2026-01-06 16:07:14,5.506,vel_K.csv,sudden_jump
Kamand,velocity_UNCONFIRMED,Kamand_velocity_UNCONFIRMED,2026-01-06 16:07:24,5.786,vel_K.csv,sudden_jump
Kamand,velocity_UNCONFIRMED,Kamand_velocity_UNCONFIRMED,2026-01-06 16:07:28,5.531,vel_K.csv,sudden_jump
Kamand,velocity_UNCONFIRMED,Kamand_velocity_UNCONFIRMED,2026-01-06 16:07:34,5.408,vel_K.csv,sudden_jump
Kamand,velocity_UNCONFIRMED,Kamand_velocity_UNCONFIRMED,2026-01-06 16:07:54,5.486,vel_K.csv,sudden_jump
Kamand,velocity_UNCONFIRMED,Kamand_velocity_UNCONFIRMED,2026-01-06 16:08:04,5.408,vel_K.csv,sudden_jump
Kamand,velocity_UNCONFIRMED,Kamand_velocity_UNCONFIRMED,2026-01-06 16:08:08,5.486,vel_K.csv,sudden_jump
Kamand,velocity_UNCONFIRMED,Kamand_velocity_UNCONFIRMED,2026-01-06 16:08:14,5.408,vel_K.csv,sudden_jump
Kamand,velocity_UNCONFIRMED,Kamand_velocity_UNCONFIRMED,2026-01-06 16:08:21,5.486,vel_K.csv,sudden_jump
Kamand,velocity_UNCONFIRMED,Kamand_velocity_UNCONFIRMED,2026-01-06 16:08:24,5.125,vel_K.csv,sudden_jump
Kamand,velocity_UNCONFIRMED,Kamand_velocity_UNCONFIRMED,2026-01-06 16:08:29,5.486,vel_K.csv,sudden_jump
Kamand,velocity_UNCONFIRMED,Kamand_velocity_UNCONFIRMED,2026-01-06 16:08:33,5.311,vel_K.csv,sudden_jump
Kamand,velocity_UNCONFIRMED,Kamand_velocity_UNCONFIRMED,2026-01-06 16:08:44,4.886,vel_K.csv,sudden_jump
Kamand,velocity_UNCONFIRMED,Kamand_velocity_UNCONFIRMED,2026-01-06 16:08:59,4.973,vel_K.csv,sudden_jump
Kamand,velocity_UNCONFIRMED,Kamand_velocity_UNCONFIRMED,2026-01-06 16:09:04,5.449,vel_K.csv,sudden_jump
Kamand,velocity_UNCONFIRMED,Kamand_velocity_UNCONFIRMED,2026-01-06 16:09:19,5.145,vel_K.csv,sudden_jump
Kamand,velocity_UNCONFIRMED,Kamand_velocity_UNCONFIRMED,2026-01-06 16:09:24,5.531,vel_K.csv,sudden_jump
Kamand,velocity_UNCONFIRMED,Kamand_velocity_UNCONFIRMED,2026-01-06 16:09:39,5.91,vel_K.csv,sudden_jump
Kamand,velocity_UNCONFIRMED,Kamand_velocity_UNCONFIRMED,2026-01-06 16:09:49,5.985,vel_K.csv,sudden_jump
Kamand,velocity_UNCONFIRMED,Kamand_velocity_UNCONFIRMED,2026-01-06 16:09:53,6.077,vel_K.csv,sudden_jump
Kamand,velocity_UNCONFIRMED,Kamand_velocity_UNCONFIRMED,2026-01-06 16:10:09,5.87,vel_K.csv,sudden_jump
Kamand,velocity_UNCONFIRMED,Kamand_velocity_UNCONFIRMED,2026-01-06 16:10:20,6.09,vel_K.csv,sudden_jump
Kamand,velocity_UNCONFIRMED,Kamand_velocity_UNCONFIRMED,2026-01-06 16:10:24,5.87,vel_K.csv,sudden_jump
Kamand,velocity_UNCONFIRMED,Kamand_velocity_UNCONFIRMED,2026-01-06 16:10:29,6.009,vel_K.csv,sudden_jump
Kamand,velocity_UNCONFIRMED,Kamand_velocity_UNCONFIRMED,2026-01-06 16:10:33,6.285,vel_K.csv,sudden_jump
Kamand,velocity_UNCONFIRMED,Kamand_velocity_UNCONFIRMED,2026-01-06 16:10:39,6.014,vel_K.csv,sudden_jump
Kamand,velocity_UNCONFIRMED,Kamand_velocity_UNCONFIRMED,2026-01-06 16:10:44,6.117,vel_K.csv,sudden_jump
Kamand,velocity_UNCONFIRMED,Kamand_velocity_UNCONFIRMED,2026-01-06 16:11:04,5.782,vel_K.csv,sudden_jump
Kamand,velocity_UNCONFIRMED,Kamand_velocity_UNCONFIRMED,2026-01-06 16:11:09,6.16,vel_K.csv,sudden_jump
Kamand,velocity_UNCONFIRMED,Kamand_velocity_UNCONFIRMED,2026-01-06 16:11:19,5.781,vel_K.csv,sudden_jump
Kamand,velocity_UNCONFIRMED,Kamand_velocity_UNCONFIRMED,2026-01-06 16:11:23,6.16,vel_K.csv,sudden_jump
Kamand,velocity_UNCONFIRMED,Kamand_velocity_UNCONFIRMED,2026-01-06 16:11:29,5.781,vel_K.csv,sudden_jump
Kamand,velocity_UNCONFIRMED,Kamand_velocity_UNCONFIRMED,2026-01-06 16:11:34,5.562,vel_K.csv,sudden_jump
Kamand,velocity_UNCONFIRMED,Kamand_velocity_UNCONFIRMED,2026-01-06 16:11:38,5.781,vel_K.csv,sudden_jump
Kamand,velocity_UNCONFIRMED,Kamand_velocity_UNCONFIRMED,2026-01-06 16:11:54,5.562,vel_K.csv,sudden_jump
Kamand,velocity_UNCONFIRMED,Kamand_velocity_UNCONFIRMED,2026-01-06 16:12:03,5.748,vel_K.csv,sudden_jump
Kamand,velocity_UNCONFIRMED,Kamand_velocity_UNCONFIRMED,2026-01-06 16:12:09,5.686,vel_K.csv,sudden_jump
Kamand,velocity_UNCONFIRMED,Kamand_velocity_UNCONFIRMED,2026-01-06 16:12:20,5.816,vel_K.csv,sudden_jump
Kamand,velocity_UNCONFIRMED,Kamand_velocity_UNCONFIRMED,2026-01-06 16:12:24,5.63,vel_K.csv,sudden_jump
Kamand,velocity_UNCONFIRMED,Kamand_velocity_UNCONFIRMED,2026-01-06 16:12:29,5.816,vel_K.csv,sudden_jump
Kamand,velocity_UNCONFIRMED,Kamand_velocity_UNCONFIRMED,2026-01-06 16:12:34,5.972,vel_K.csv,sudden_jump
Kamand,velocity_UNCONFIRMED,Kamand_velocity_UNCONFIRMED,2026-01-06 16:12:54,6.271,vel_K.csv,sudden_jump
Kamand,velocity_UNCONFIRMED,Kamand_velocity_UNCONFIRMED,2026-01-06 16:12:59,6.541,vel_K.csv,sudden_jump
Kamand,velocity_UNCONFIRMED,Kamand_velocity_UNCONFIRMED,2026-01-06 16:13:04,6.336,vel_K.csv,sudden_jump
Kamand,velocity_UNCONFIRMED,Kamand_velocity_UNCONFIRMED,2026-01-06 16:13:19,6.263,vel_K.csv,sudden_jump
Kamand,velocity_UNCONFIRMED,Kamand_velocity_UNCONFIRMED,2026-01-06 16:13:23,6.617,vel_K.csv,sudden_jump
Kamand,velocity_UNCONFIRMED,Kamand_velocity_UNCONFIRMED,2026-01-06 16:13:29,6.263,vel_K.csv,sudden_jump
Kamand,velocity_UNCONFIRMED,Kamand_velocity_UNCONFIRMED,2026-01-06 16:13:34,5.881,vel_K.csv,sudden_jump
Kamand,velocity_UNCONFIRMED,Kamand_velocity_UNCONFIRMED,2026-01-06 16:13:39,5.759,vel_K.csv,sudden_jump
Kamand,velocity_UNCONFIRMED,Kamand_velocity_UNCONFIRMED,2026-01-06 16:13:44,5.601,vel_K.csv,sudden_jump
Kamand,velocity_UNCONFIRMED,Kamand_velocity_UNCONFIRMED,2026-01-06 16:13:54,5.511,vel_K.csv,sudden_jump
Kamand,velocity_UNCONFIRMED,Kamand_velocity_UNCONFIRMED,2026-01-06 16:14:14,5.657,vel_K.csv,sudden_jump
Kamand,velocity_UNCONFIRMED,Kamand_velocity_UNCONFIRMED,2026-01-06 16:14:20,6.121,vel_K.csv,sudden_jump
Kamand,velocity_UNCONFIRMED,Kamand_velocity_UNCONFIRMED,2026-01-06 16:14:24,5.657,vel_K.csv,sudden_jump
Kamand,velocity_UNCONFIRMED,Kamand_velocity_UNCONFIRMED,2026-01-06 16:14:28,6.121,vel_K.csv,sudden_jump
Kamand,velocity_UNCONFIRMED,Kamand_velocity_UNCONFIRMED,2026-01-06 16:14:34,6.213,vel_K.csv,sudden_jump
Kamand,velocity_UNCONFIRMED,Kamand_velocity_UNCONFIRMED,2026-01-06 16:14:44,6.49,vel_K.csv,sudden_jump
Kamand,velocity_UNCONFIRMED,Kamand_velocity_UNCONFIRMED,2026-01-06 16:14:49,6.213,vel_K.csv,sudden_jump
Kamand,velocity_UNCONFIRMED,Kamand_velocity_UNCONFIRMED,2026-01-06 16:15:04,6.494,vel_K.csv,sudden_jump
Kamand,velocity_UNCONFIRMED,Kamand_velocity_UNCONFIRMED,2026-01-06 16:15:14,6.423,vel_K.csv,sudden_jump
Kamand,velocity_UNCONFIRMED,Kamand_velocity_UNCONFIRMED,2026-01-06 16:15:24,6.579,vel_K.csv,sudden_jump
Kamand,velocity_UNCONFIRMED,Kamand_velocity_UNCONFIRMED,2026-01-06 16:15:29,6.423,vel_K.csv,sudden_jump
Kamand,velocity_UNCONFIRMED,Kamand_velocity_UNCONFIRMED,2026-01-06 16:15:39,6.511,vel_K.csv,sudden_jump
Kamand,velocity_UNCONFIRMED,Kamand_velocity_UNCONFIRMED,2026-01-06 16:16:04,6.503,vel_K.csv,sudden_jump
Kamand,velocity_UNCONFIRMED,Kamand_velocity_UNCONFIRMED,2026-01-06 16:16:09,6.399,vel_K.csv,sudden_jump
Kamand,velocity_UNCONFIRMED,Kamand_velocity_UNCONFIRMED,2026-01-06 16:16:13,6.503,vel_K.csv,sudden_jump
Kamand,velocity_UNCONFIRMED,Kamand_velocity_UNCONFIRMED,2026-01-06 16:16:20,6.366,vel_K.csv,sudden_jump
Kamand,velocity_UNCONFIRMED,Kamand_velocity_UNCONFIRMED,2026-01-06 16:16:24,6.034,vel_K.csv,sudden_jump
Kamand,velocity_UNCONFIRMED,Kamand_velocity_UNCONFIRMED,2026-01-06 16:16:38,5.764,vel_K.csv,sudden_jump
Kamand,velocity_UNCONFIRMED,Kamand_velocity_UNCONFIRMED,2026-01-06 16:16:53,0.629,vel_K.csv,sudden_jump
Kamand,velocity_UNCONFIRMED,Kamand_velocity_UNCONFIRMED,2026-01-06 16:17:28,0.773,vel_K.csv,sudden_jump
Kamand,velocity_UNCONFIRMED,Kamand_velocity_UNCONFIRMED,2026-01-06 16:17:33,0.844,vel_K.csv,sudden_jump
Kamand,velocity_UNCONFIRMED,Kamand_velocity_UNCONFIRMED,2026-01-06 16:17:38,0.773,vel_K.csv,sudden_jump
Kamand,velocity_UNCONFIRMED,Kamand_velocity_UNCONFIRMED,2026-01-06 16:17:43,0.702,vel_K.csv,sudden_jump
Kamand,velocity_UNCONFIRMED,Kamand_velocity_UNCONFIRMED,2026-01-06 17:36:32,0.745,vel_K.csv,sudden_jump
Kamand,velocity_UNCONFIRMED,Kamand_velocity_UNCONFIRMED,2026-01-06 17:36:37,1.177,vel_K.csv,sudden_jump
Kamand,velocity_UNCONFIRMED,Kamand_velocity_UNCONFIRMED,2026-01-06 17:36:42,0.745,vel_K.csv,sudden_jump
Kamand,velocity_UNCONFIRMED,Kamand_velocity_UNCONFIRMED,2026-01-06 17:36:48,0.587,vel_K.csv,sudden_jump
Kamand,velocity_UNCONFIRMED,Kamand_velocity_UNCONFIRMED,2026-01-06 17:36:53,0.67,vel_K.csv,sudden_jump
Kamand,velocity_UNCONFIRMED,Kamand_velocity_UNCONFIRMED,2026-01-06 17:36:58,0.753,vel_K.csv,sudden_jump
Kamand,velocity_UNCONFIRMED,Kamand_velocity_UNCONFIRMED,2026-01-06 17:37:03,0.674,vel_K.csv,sudden_jump
Kamand,velocity_UNCONFIRMED,Kamand_velocity_UNCONFIRMED,2026-01-06 17:37:08,0.753,vel_K.csv,sudden_jump
Kamand,velocity_UNCONFIRMED,Kamand_velocity_UNCONFIRMED,2026-01-06 17:37:23,1.264,vel_K.csv,sudden_jump
Kamand,velocity_UNCONFIRMED,Kamand_velocity_UNCONFIRMED,2026-01-06 17:37:28,1.702,vel_K.csv,sudden_jump
Kamand,velocity_UNCONFIRMED,Kamand_velocity_UNCONFIRMED,2026-01-06 17:37:33,1.368,vel_K.csv,sudden_jump
Kamand,velocity_UNCONFIRMED,Kamand_velocity_UNCONFIRMED,2026-01-06 17:37:38,1.034,vel_K.csv,sudden_jump
Kamand,velocity_UNCONFIRMED,Kamand_velocity_UNCONFIRMED,2026-01-06 17:37:43,0.93,vel_K.csv,sudden_jump
Kamand,velocity_UNCONFIRMED,Kamand_velocity_UNCONFIRMED,2026-01-06 17:37:59,0.655,vel_K.csv,sudden_jump
Kamand,velocity_UNCONFIRMED,Kamand_velocity_UNCONFIRMED,2026-01-06 17:39:04,0.616,vel_K.csv,sudden_jump
Kamand,velocity_UNCONFIRMED,Kamand_velocity_UNCONFIRMED,2026-01-06 17:40:09,0.735,vel_K.csv,sudden_jump
Kamand,velocity_UNCONFIRMED,Kamand_velocity_UNCONFIRMED,2026-01-06 17:40:24,1.081,vel_K.csv,sudden_jump
Kamand,velocity_UNCONFIRMED,Kamand_velocity_UNCONFIRMED,2026-01-06 17:40:34,1.303,vel_K.csv,sudden_jump
Kamand,velocity_UNCONFIRMED,Kamand_velocity_UNCONFIRMED,2026-01-06 17:40:39,1.356,vel_K.csv,sudden_jump
Kamand,velocity_UNCONFIRMED,Kamand_velocity_UNCONFIRMED,2026-01-06 17:40:49,1.869,vel_K.csv,sudden_jump
Kamand,velocity_UNCONFIRMED,Kamand_velocity_UNCONFIRMED,2026-01-06 17:40:54,2.777,vel_K.csv,sudden_jump
Kamand,velocity_UNCONFIRMED,Kamand_velocity_UNCONFIRMED,2026-01-06 17:40:59,2.295,vel_K.csv,sudden_jump
Kamand,velocity_UNCONFIRMED,Kamand_velocity_UNCONFIRMED,2026-01-06 17:41:09,1.368,vel_K.csv,sudden_jump
Kamand,velocity_UNCONFIRMED,Kamand_velocity_UNCONFIRMED,2026-01-06 17:41:14,1.315,vel_K.csv,sudden_jump
Kamand,velocity_UNCONFIRMED,Kamand_velocity_UNCONFIRMED,2026-01-06 17:41:19,1.368,vel_K.csv,sudden_jump
Kamand,velocity_UNCONFIRMED,Kamand_velocity_UNCONFIRMED,2026-01-06 17:41:24,1.315,vel_K.csv,sudden_jump
Kamand,velocity_UNCONFIRMED,Kamand_velocity_UNCONFIRMED,2026-01-06 17:41:34,1.21,vel_K.csv,sudden_jump
Kamand,velocity_UNCONFIRMED,Kamand_velocity_UNCONFIRMED,2026-01-06 17:41:39,0.975,vel_K.csv,sudden_jump
Kamand,velocity_UNCONFIRMED,Kamand_velocity_UNCONFIRMED,2026-01-06 17:41:44,0.858,vel_K.csv,sudden_jump
Kamand,velocity_UNCONFIRMED,Kamand_velocity_UNCONFIRMED,2026-01-06 17:45:29,0.75,vel_K.csv,sudden_jump
Kamand,velocity_UNCONFIRMED,Kamand_velocity_UNCONFIRMED,2026-01-06 17:46:34,0.811,vel_K.csv,sudden_jump
Kamand,velocity_UNCONFIRMED,Kamand_velocity_UNCONFIRMED,2026-01-06 17:46:49,0.772,vel_K.csv,sudden_jump
Kamand,velocity_UNCONFIRMED,Kamand_velocity_UNCONFIRMED,2026-01-06 17:46:59,0.834,vel_K.csv,sudden_jump
Kamand,velocity_UNCONFIRMED,Kamand_velocity_UNCONFIRMED,2026-01-06 17:47:04,0.77,vel_K.csv,sudden_jump
Kamand,velocity_UNCONFIRMED,Kamand_velocity_UNCONFIRMED,2026-01-06 17:48:19,0.827,vel_K.csv,sudden_jump
Kamand,velocity_UNCONFIRMED,Kamand_velocity_UNCONFIRMED,2026-01-06 17:48:31,0.767,vel_K.csv,sudden_jump
Kamand,velocity_UNCONFIRMED,Kamand_velocity_UNCONFIRMED,2026-01-06 17:48:34,0.827,vel_K.csv,sudden_jump
Kamand,velocity_UNCONFIRMED,Kamand_velocity_UNCONFIRMED,2026-01-06 17:48:39,0.921,vel_K.csv,sudden_jump
Kamand,velocity_UNCONFIRMED,Kamand_velocity_UNCONFIRMED,2026-01-06 17:48:44,0.996,vel_K.csv,sudden_jump
Kamand,velocity_UNCONFIRMED,Kamand_velocity_UNCONFIRMED,2026-01-06 17:48:49,0.921,vel_K.csv,sudden_jump
Kamand,velocity_UNCONFIRMED,Kamand_velocity_UNCONFIRMED,2026-01-06 17:48:54,0.996,vel_K.csv,sudden_jump
Kamand,velocity_UNCONFIRMED,Kamand_velocity_UNCONFIRMED,2026-01-06 17:49:04,1.045,vel_K.csv,sudden_jump
Kamand,velocity_UNCONFIRMED,Kamand_velocity_UNCONFIRMED,2026-01-06 17:49:09,0.996,vel_K.csv,sudden_jump
Kamand,velocity_UNCONFIRMED,Kamand_velocity_UNCONFIRMED,2026-01-06 17:49:14,1.045,vel_K.csv,sudden_jump
Kamand,velocity_UNCONFIRMED,Kamand_velocity_UNCONFIRMED,2026-01-06 17:49:39,0.967,vel_K.csv,sudden_jump
Kamand,velocity_UNCONFIRMED,Kamand_velocity_UNCONFIRMED,2026-01-06 17:49:54,0.805,vel_K.csv,sudden_jump
Kamand,velocity_UNCONFIRMED,Kamand_velocity_UNCONFIRMED,2026-01-06 17:50:09,0.751,vel_K.csv,sudden_jump
Kamand,velocity_UNCONFIRMED,Kamand_velocity_UNCONFIRMED,2026-01-06 17:50:31,0.903,vel_K.csv,sudden_jump
Kamand,velocity_UNCONFIRMED,Kamand_velocity_UNCONFIRMED,2026-01-06 17:50:34,0.951,vel_K.csv,sudden_jump
Kamand,velocity_UNCONFIRMED,Kamand_velocity_UNCONFIRMED,2026-01-06 17:50:39,1.047,vel_K.csv,sudden_jump
Kamand,velocity_UNCONFIRMED,Kamand_velocity_UNCONFIRMED,2026-01-06 17:51:04,0.98,vel_K.csv,sudden_jump
Kamand,velocity_UNCONFIRMED,Kamand_velocity_UNCONFIRMED,2026-01-06 17:51:19,0.916,vel_K.csv,sudden_jump
Kamand,velocity_UNCONFIRMED,Kamand_velocity_UNCONFIRMED,2026-01-06 17:51:24,0.839,vel_K.csv,sudden_jump
Kamand,velocity_UNCONFIRMED,Kamand_velocity_UNCONFIRMED,2026-01-06 17:51:29,0.78,vel_K.csv,sudden_jump
Kamand,velocity_UNCONFIRMED,Kamand_velocity_UNCONFIRMED,2026-01-06 17:52:09,0.826,vel_K.csv,sudden_jump
Kamand,velocity_UNCONFIRMED,Kamand_velocity_UNCONFIRMED,2026-01-06 17:52:19,0.952,vel_K.csv,sudden_jump
Kamand,velocity_UNCONFIRMED,Kamand_velocity_UNCONFIRMED,2026-01-06 17:52:31,1.092,vel_K.csv,sudden_jump
Kamand,velocity_UNCONFIRMED,Kamand_velocity_UNCONFIRMED,2026-01-06 17:52:34,1.024,vel_K.csv,sudden_jump
Kamand,velocity_UNCONFIRMED,Kamand_velocity_UNCONFIRMED,2026-01-06 17:52:39,1.148,vel_K.csv,sudden_jump
Kamand,velocity_UNCONFIRMED,Kamand_velocity_UNCONFIRMED,2026-01-06 17:53:19,1.008,vel_K.csv,sudden_jump
Kamand,velocity_UNCONFIRMED,Kamand_velocity_UNCONFIRMED,2026-01-06 17:53:44,0.883,vel_K.csv,sudden_jump
Kamand,velocity_UNCONFIRMED,Kamand_velocity_UNCONFIRMED,2026-01-06 17:53:49,0.8,vel_K.csv,sudden_jump
Kamand,velocity_UNCONFIRMED,Kamand_velocity_UNCONFIRMED,2026-01-06 17:54:19,0.898,vel_K.csv,sudden_jump
Kamand,velocity_UNCONFIRMED,Kamand_velocity_UNCONFIRMED,2026-01-06 17:54:24,0.839,vel_K.csv,sudden_jump
Kamand,velocity_UNCONFIRMED,Kamand_velocity_UNCONFIRMED,2026-01-06 17:54:59,0.8,vel_K.csv,sudden_jump
Kamand,velocity_UNCONFIRMED,Kamand_velocity_UNCONFIRMED,2026-01-06 17:55:04,0.726,vel_K.csv,sudden_jump
Kamand,velocity_UNCONFIRMED,Kamand_velocity_UNCONFIRMED,2026-01-06 17:55:09,0.8,vel_K.csv,sudden_jump
Kamand,velocity_UNCONFIRMED,Kamand_velocity_UNCONFIRMED,2026-01-06 17:55:24,0.855,vel_K.csv,sudden_jump
Kamand,velocity_UNCONFIRMED,Kamand_velocity_UNCONFIRMED,2026-01-06 17:55:39,0.888,vel_K.csv,sudden_jump
Kamand,velocity_UNCONFIRMED,Kamand_velocity_UNCONFIRMED,2026-01-06 17:55:44,0.832,vel_K.csv,sudden_jump
Kamand,velocity_UNCONFIRMED,Kamand_velocity_UNCONFIRMED,2026-01-06 17:55:49,0.888,vel_K.csv,sudden_jump
Kamand,velocity_UNCONFIRMED,Kamand_velocity_UNCONFIRMED,2026-01-06 17:55:54,0.832,vel_K.csv,sudden_jump
Kamand,velocity_UNCONFIRMED,Kamand_velocity_UNCONFIRMED,2026-01-06 17:55:59,0.888,vel_K.csv,sudden_jump
Kamand,velocity_UNCONFIRMED,Kamand_velocity_UNCONFIRMED,2026-01-06 17:56:09,0.832,vel_K.csv,sudden_jump
Kamand,velocity_UNCONFIRMED,Kamand_velocity_UNCONFIRMED,2026-01-06 17:56:32,0.845,vel_K.csv,sudden_jump
Kamand,velocity_UNCONFIRMED,Kamand_velocity_UNCONFIRMED,2026-01-06 17:56:34,0.902,vel_K.csv,sudden_jump
Kamand,velocity_UNCONFIRMED,Kamand_velocity_UNCONFIRMED,2026-01-06 17:56:49,0.803,vel_K.csv,sudden_jump
Kamand,velocity_UNCONFIRMED,Kamand_velocity_UNCONFIRMED,2026-01-06 17:56:59,0.75,vel_K.csv,sudden_jump
Kamand,velocity_UNCONFIRMED,Kamand_velocity_UNCONFIRMED,2026-01-06 17:58:04,0.859,vel_K.csv,sudden_jump
Kamand,velocity_UNCONFIRMED,Kamand_velocity_UNCONFIRMED,2026-01-06 17:58:31,0.823,vel_K.csv,sudden_jump
Kamand,velocity_UNCONFIRMED,Kamand_velocity_UNCONFIRMED,2026-01-06 18:00:44,0.854,vel_K.csv,sudden_jump
Kamand,velocity_UNCONFIRMED,Kamand_velocity_UNCONFIRMED,2026-01-06 18:00:49,0.935,vel_K.csv,sudden_jump
Kamand,velocity_UNCONFIRMED,Kamand_velocity_UNCONFIRMED,2026-01-06 18:00:54,1.122,vel_K.csv,sudden_jump
Kamand,velocity_UNCONFIRMED,Kamand_velocity_UNCONFIRMED,2026-01-06 18:01:09,0.939,vel_K.csv,sudden_jump
Kamand,velocity_UNCONFIRMED,Kamand_velocity_UNCONFIRMED,2026-01-06 18:01:34,0.881,vel_K.csv,sudden_jump
Kamand,velocity_UNCONFIRMED,Kamand_velocity_UNCONFIRMED,2026-01-06 18:01:39,0.834,vel_K.csv,sudden_jump
Kamand,velocity_UNCONFIRMED,Kamand_velocity_UNCONFIRMED,2026-01-06 18:05:24,0.935,vel_K.csv,sudden_jump
Kamand,velocity_UNCONFIRMED,Kamand_velocity_UNCONFIRMED,2026-01-06 18:05:34,0.812,vel_K.csv,sudden_jump
Kamand,velocity_UNCONFIRMED,Kamand_velocity_UNCONFIRMED,2026-01-06 18:05:44,0.76,vel_K.csv,sudden_jump
Kamand,velocity_UNCONFIRMED,Kamand_velocity_UNCONFIRMED,2026-01-06 18:05:49,0.812,vel_K.csv,sudden_jump
Kamand,velocity_UNCONFIRMED,Kamand_velocity_UNCONFIRMED,2026-01-06 18:06:04,0.76,vel_K.csv,sudden_jump
Kamand,velocity_UNCONFIRMED,Kamand_velocity_UNCONFIRMED,2026-01-06 18:06:24,0.738,vel_K.csv,sudden_jump
Kamand,velocity_UNCONFIRMED,Kamand_velocity_UNCONFIRMED,2026-01-06 18:06:32,0.785,vel_K.csv,sudden_jump
Kamand,velocity_UNCONFIRMED,Kamand_velocity_UNCONFIRMED,2026-01-06 18:06:34,0.851,vel_K.csv,sudden_jump
Kamand,velocity_UNCONFIRMED,Kamand_velocity_UNCONFIRMED,2026-01-06 18:06:39,0.79,vel_K.csv,sudden_jump
Kamand,velocity_UNCONFIRMED,Kamand_velocity_UNCONFIRMED,2026-01-06 18:06:44,0.851,vel_K.csv,sudden_jump
Kamand,velocity_UNCONFIRMED,Kamand_velocity_UNCONFIRMED,2026-01-06 18:07:59,0.844,vel_K.csv,sudden_jump
Kamand,velocity_UNCONFIRMED,Kamand_velocity_UNCONFIRMED,2026-01-06 18:08:14,0.79,vel_K.csv,sudden_jump
Kamand,velocity_UNCONFIRMED,Kamand_velocity_UNCONFIRMED,2026-01-06 18:08:31,0.752,vel_K.csv,sudden_jump
Kamand,velocity_UNCONFIRMED,Kamand_velocity_UNCONFIRMED,2026-01-06 18:10:19,0.922,vel_K.csv,sudden_jump
Kamand,velocity_UNCONFIRMED,Kamand_velocity_UNCONFIRMED,2026-01-06 18:10:31,0.978,vel_K.csv,sudden_jump
Kamand,velocity_UNCONFIRMED,Kamand_velocity_UNCONFIRMED,2026-01-06 18:10:39,1.051,vel_K.csv,sudden_jump
Kamand,velocity_UNCONFIRMED,Kamand_velocity_UNCONFIRMED,2026-01-06 18:10:49,1.124,vel_K.csv,sudden_jump
Kamand,velocity_UNCONFIRMED,Kamand_velocity_UNCONFIRMED,2026-01-06 18:10:59,1.044,vel_K.csv,sudden_jump
Kamand,velocity_UNCONFIRMED,Kamand_velocity_UNCONFIRMED,2026-01-06 18:11:04,1.115,vel_K.csv,sudden_jump
Kamand,velocity_UNCONFIRMED,Kamand_velocity_UNCONFIRMED,2026-01-06 18:11:19,0.95,vel_K.csv,sudden_jump
Kamand,velocity_UNCONFIRMED,Kamand_velocity_UNCONFIRMED,2026-01-06 18:11:29,0.846,vel_K.csv,sudden_jump
Kamand,velocity_UNCONFIRMED,Kamand_velocity_UNCONFIRMED,2026-01-06 18:11:34,0.786,vel_K.csv,sudden_jump
Kamand,velocity_UNCONFIRMED,Kamand_velocity_UNCONFIRMED,2026-01-06 18:11:49,0.733,vel_K.csv,sudden_jump
Kamand,velocity_UNCONFIRMED,Kamand_velocity_UNCONFIRMED,2026-01-06 18:11:54,0.786,vel_K.csv,sudden_jump
Kamand,velocity_UNCONFIRMED,Kamand_velocity_UNCONFIRMED,2026-01-06 18:12:24,0.887,vel_K.csv,sudden_jump
Kamand,velocity_UNCONFIRMED,Kamand_velocity_UNCONFIRMED,2026-01-06 18:12:32,0.938,vel_K.csv,sudden_jump
Kamand,velocity_UNCONFIRMED,Kamand_velocity_UNCONFIRMED,2026-01-06 18:12:34,1.053,vel_K.csv,sudden_jump
Kamand,velocity_UNCONFIRMED,Kamand_velocity_UNCONFIRMED,2026-01-06 18:12:54,0.986,vel_K.csv,sudden_jump
Kamand,velocity_UNCONFIRMED,Kamand_velocity_UNCONFIRMED,2026-01-06 18:13:09,0.923,vel_K.csv,sudden_jump
Kamand,velocity_UNCONFIRMED,Kamand_velocity_UNCONFIRMED,2026-01-06 18:13:24,0.817,vel_K.csv,sudden_jump
Kamand,velocity_UNCONFIRMED,Kamand_velocity_UNCONFIRMED,2026-01-06 18:14:49,0.758,vel_K.csv,sudden_jump
Kamand,velocity_UNCONFIRMED,Kamand_velocity_UNCONFIRMED,2026-01-06 18:14:54,0.805,vel_K.csv,sudden_jump
Kamand,velocity_UNCONFIRMED,Kamand_velocity_UNCONFIRMED,2026-01-06 18:15:14,0.887,vel_K.csv,sudden_jump
Kamand,velocity_UNCONFIRMED,Kamand_velocity_UNCONFIRMED,2026-01-06 18:15:24,0.777,vel_K.csv,sudden_jump
Kamand,velocity_UNCONFIRMED,Kamand_velocity_UNCONFIRMED,2026-01-06 18:15:29,0.887,vel_K.csv,sudden_jump
Kamand,velocity_UNCONFIRMED,Kamand_velocity_UNCONFIRMED,2026-01-06 18:15:34,0.777,vel_K.csv,sudden_jump
Kamand,velocity_UNCONFIRMED,Kamand_velocity_UNCONFIRMED,2026-01-06 18:19:59,0.866,vel_K.csv,sudden_jump
Kamand,velocity_UNCONFIRMED,Kamand_velocity_UNCONFIRMED,2026-01-06 18:20:09,0.804,vel_K.csv,sudden_jump
Kamand,velocity_UNCONFIRMED,Kamand_velocity_UNCONFIRMED,2026-01-06 18:20:32,0.844,vel_K.csv,sudden_jump
Kamand,velocity_UNCONFIRMED,Kamand_velocity_UNCONFIRMED,2026-01-06 18:20:54,0.798,vel_K.csv,sudden_jump
Kamand,velocity_UNCONFIRMED,Kamand_velocity_UNCONFIRMED,2026-01-06 18:23:49,0.913,vel_K.csv,sudden_jump
Kamand,velocity_UNCONFIRMED,Kamand_velocity_UNCONFIRMED,2026-01-06 18:23:54,0.77,vel_K.csv,sudden_jump
Kamand,velocity_UNCONFIRMED,Kamand_velocity_UNCONFIRMED,2026-01-06 18:25:04,0.829,vel_K.csv,sudden_jump
Kamand,velocity_UNCONFIRMED,Kamand_velocity_UNCONFIRMED,2026-01-06 18:25:09,0.93,vel_K.csv,sudden_jump
Kamand,velocity_UNCONFIRMED,Kamand_velocity_UNCONFIRMED,2026-01-06 18:25:14,0.829,vel_K.csv,sudden_jump
Kamand,velocity_UNCONFIRMED,Kamand_velocity_UNCONFIRMED,2026-01-06 18:25:19,0.745,vel_K.csv,sudden_jump
Kamand,velocity_UNCONFIRMED,Kamand_velocity_UNCONFIRMED,2026-01-06 18:25:24,0.829,vel_K.csv,sudden_jump
Kamand,velocity_UNCONFIRMED,Kamand_velocity_UNCONFIRMED,2026-01-06 18:25:54,0.93,vel_K.csv,sudden_jump
Kamand,velocity_UNCONFIRMED,Kamand_velocity_UNCONFIRMED,2026-01-06 18:26:59,0.792,vel_K.csv,sudden_jump
Kamand,velocity_UNCONFIRMED,Kamand_velocity_UNCONFIRMED,2026-01-06 18:30:04,0.852,vel_K.csv,sudden_jump
Kamand,velocity_UNCONFIRMED,Kamand_velocity_UNCONFIRMED,2026-01-06 18:30:19,0.988,vel_K.csv,sudden_jump
Kamand,velocity_UNCONFIRMED,Kamand_velocity_UNCONFIRMED,2026-01-06 18:30:29,0.941,vel_K.csv,sudden_jump
Kamand,velocity_UNCONFIRMED,Kamand_velocity_UNCONFIRMED,2026-01-06 18:30:34,1.01,vel_K.csv,sudden_jump
Kamand,velocity_UNCONFIRMED,Kamand_velocity_UNCONFIRMED,2026-01-06 18:30:39,1.289,vel_K.csv,sudden_jump
Kamand,velocity_UNCONFIRMED,Kamand_velocity_UNCONFIRMED,2026-01-06 18:30:44,1.124,vel_K.csv,sudden_jump
Kamand,velocity_UNCONFIRMED,Kamand_velocity_UNCONFIRMED,2026-01-06 18:30:49,0.82,vel_K.csv,sudden_jump
Kamand,velocity_UNCONFIRMED,Kamand_velocity_UNCONFIRMED,2026-01-06 18:30:54,1.051,vel_K.csv,sudden_jump
Kamand,velocity_UNCONFIRMED,Kamand_velocity_UNCONFIRMED,2026-01-06 18:30:59,0.82,vel_K.csv,sudden_jump
Kamand,velocity_UNCONFIRMED,Kamand_velocity_UNCONFIRMED,2026-01-06 18:31:04,0.766,vel_K.csv,sudden_jump
Kamand,velocity_UNCONFIRMED,Kamand_velocity_UNCONFIRMED,2026-01-06 18:31:24,0.892,vel_K.csv,sudden_jump
Kamand,velocity_UNCONFIRMED,Kamand_velocity_UNCONFIRMED,2026-01-06 18:31:29,0.837,vel_K.csv,sudden_jump
Kamand,velocity_UNCONFIRMED,Kamand_velocity_UNCONFIRMED,2026-01-06 18:31:34,0.727,vel_K.csv,sudden_jump
Kamand,velocity_UNCONFIRMED,Kamand_velocity_UNCONFIRMED,2026-01-06 18:31:49,0.837,vel_K.csv,sudden_jump
Kamand,velocity_UNCONFIRMED,Kamand_velocity_UNCONFIRMED,2026-01-06 18:31:59,0.959,vel_K.csv,sudden_jump
Kamand,velocity_UNCONFIRMED,Kamand_velocity_UNCONFIRMED,2026-01-06 18:32:14,0.903,vel_K.csv,sudden_jump
Kamand,velocity_UNCONFIRMED,Kamand_velocity_UNCONFIRMED,2026-01-06 18:32:29,1.049,vel_K.csv,sudden_jump
Kamand,velocity_UNCONFIRMED,Kamand_velocity_UNCONFIRMED,2026-01-06 18:32:39,0.941,vel_K.csv,sudden_jump
Kamand,velocity_UNCONFIRMED,Kamand_velocity_UNCONFIRMED,2026-01-06 18:32:44,1.049,vel_K.csv,sudden_jump
Kamand,velocity_UNCONFIRMED,Kamand_velocity_UNCONFIRMED,2026-01-06 18:32:49,0.941,vel_K.csv,sudden_jump
Kamand,velocity_UNCONFIRMED,Kamand_velocity_UNCONFIRMED,2026-01-06 18:32:54,0.843,vel_K.csv,sudden_jump
Kamand,velocity_UNCONFIRMED,Kamand_velocity_UNCONFIRMED,2026-01-06 18:33:04,1.011,vel_K.csv,sudden_jump
Kamand,velocity_UNCONFIRMED,Kamand_velocity_UNCONFIRMED,2026-01-06 18:33:14,1.231,vel_K.csv,sudden_jump
Kamand,velocity_UNCONFIRMED,Kamand_velocity_UNCONFIRMED,2026-01-06 18:33:19,1.358,vel_K.csv,sudden_jump
Kamand,velocity_UNCONFIRMED,Kamand_velocity_UNCONFIRMED,2026-01-06 18:33:24,1.01,vel_K.csv,sudden_jump
Kamand,velocity_UNCONFIRMED,Kamand_velocity_UNCONFIRMED,2026-01-06 18:33:29,0.755,vel_K.csv,sudden_jump
Kamand,velocity_UNCONFIRMED,Kamand_velocity_UNCONFIRMED,2026-01-06 18:33:34,1.003,vel_K.csv,sudden_jump
Kamand,velocity_UNCONFIRMED,Kamand_velocity_UNCONFIRMED,2026-01-06 18:33:44,0.803,vel_K.csv,sudden_jump
Kamand,velocity_UNCONFIRMED,Kamand_velocity_UNCONFIRMED,2026-01-06 18:33:49,0.856,vel_K.csv,sudden_jump
Kamand,velocity_UNCONFIRMED,Kamand_velocity_UNCONFIRMED,2026-01-06 18:33:54,1.058,vel_K.csv,sudden_jump
Kamand,velocity_UNCONFIRMED,Kamand_velocity_UNCONFIRMED,2026-01-06 18:34:14,0.958,vel_K.csv,sudden_jump
Kamand,velocity_UNCONFIRMED,Kamand_velocity_UNCONFIRMED,2026-01-06 18:34:19,0.856,vel_K.csv,sudden_jump
Kamand,velocity_UNCONFIRMED,Kamand_velocity_UNCONFIRMED,2026-01-06 18:34:24,0.958,vel_K.csv,sudden_jump
Kamand,velocity_UNCONFIRMED,Kamand_velocity_UNCONFIRMED,2026-01-06 18:34:39,1.039,vel_K.csv,sudden_jump
Kamand,velocity_UNCONFIRMED,Kamand_velocity_UNCONFIRMED,2026-01-06 18:34:49,1.09,vel_K.csv,sudden_jump
Kamand,velocity_UNCONFIRMED,Kamand_velocity_UNCONFIRMED,2026-01-06 18:35:04,1.039,vel_K.csv,sudden_jump
Kamand,velocity_UNCONFIRMED,Kamand_velocity_UNCONFIRMED,2026-01-06 18:35:24,0.971,vel_K.csv,sudden_jump
Kamand,velocity_UNCONFIRMED,Kamand_velocity_UNCONFIRMED,2026-01-06 18:35:34,1.022,vel_K.csv,sudden_jump
Kamand,velocity_UNCONFIRMED,Kamand_velocity_UNCONFIRMED,2026-01-06 18:35:39,0.899,vel_K.csv,sudden_jump
Kamand,velocity_UNCONFIRMED,Kamand_velocity_UNCONFIRMED,2026-01-06 18:35:54,0.794,vel_K.csv,sudden_jump
Kamand,velocity_UNCONFIRMED,Kamand_velocity_UNCONFIRMED,2026-01-06 18:36:09,0.845,vel_K.csv,sudden_jump
Kamand,velocity_UNCONFIRMED,Kamand_velocity_UNCONFIRMED,2026-01-06 18:36:24,1.027,vel_K.csv,sudden_jump
Kamand,velocity_UNCONFIRMED,Kamand_velocity_UNCONFIRMED,2026-01-06 18:36:39,1.342,vel_K.csv,sudden_jump
Kamand,velocity_UNCONFIRMED,Kamand_velocity_UNCONFIRMED,2026-01-06 18:36:54,1.523,vel_K.csv,sudden_jump
Kamand,velocity_UNCONFIRMED,Kamand_velocity_UNCONFIRMED,2026-01-06 18:37:04,1.403,vel_K.csv,sudden_jump
Kamand,velocity_UNCONFIRMED,Kamand_velocity_UNCONFIRMED,2026-01-06 18:37:09,1.523,vel_K.csv,sudden_jump
Kamand,velocity_UNCONFIRMED,Kamand_velocity_UNCONFIRMED,2026-01-06 18:37:14,2.045,vel_K.csv,sudden_jump
Kamand,velocity_UNCONFIRMED,Kamand_velocity_UNCONFIRMED,2026-01-06 18:37:29,2.105,vel_K.csv,sudden_jump
Kamand,velocity_UNCONFIRMED,Kamand_velocity_UNCONFIRMED,2026-01-06 18:37:39,1.589,vel_K.csv,sudden_jump
Kamand,velocity_UNCONFIRMED,Kamand_velocity_UNCONFIRMED,2026-01-06 18:37:49,1.409,vel_K.csv,sudden_jump
Kamand,velocity_UNCONFIRMED,Kamand_velocity_UNCONFIRMED,2026-01-06 18:37:54,1.245,vel_K.csv,sudden_jump
Kamand,velocity_UNCONFIRMED,Kamand_velocity_UNCONFIRMED,2026-01-06 18:38:04,1.353,vel_K.csv,sudden_jump
Kamand,velocity_UNCONFIRMED,Kamand_velocity_UNCONFIRMED,2026-01-06 18:38:09,0.987,vel_K.csv,sudden_jump
Kamand,velocity_UNCONFIRMED,Kamand_velocity_UNCONFIRMED,2026-01-06 18:38:24,1.209,vel_K.csv,sudden_jump
Kamand,velocity_UNCONFIRMED,Kamand_velocity_UNCONFIRMED,2026-01-06 18:38:59,1.095,vel_K.csv,sudden_jump
Kamand,velocity_UNCONFIRMED,Kamand_velocity_UNCONFIRMED,2026-01-06 18:39:04,0.883,vel_K.csv,sudden_jump
Kamand,velocity_UNCONFIRMED,Kamand_velocity_UNCONFIRMED,2026-01-06 18:39:09,1.095,vel_K.csv,sudden_jump
Kamand,velocity_UNCONFIRMED,Kamand_velocity_UNCONFIRMED,2026-01-06 18:39:14,0.883,vel_K.csv,sudden_jump
Kamand,velocity_UNCONFIRMED,Kamand_velocity_UNCONFIRMED,2026-01-06 18:39:24,0.803,vel_K.csv,sudden_jump
Kamand,velocity_UNCONFIRMED,Kamand_velocity_UNCONFIRMED,2026-01-06 18:40:19,0.879,vel_K.csv,sudden_jump
Kamand,velocity_UNCONFIRMED,Kamand_velocity_UNCONFIRMED,2026-01-06 18:40:24,0.933,vel_K.csv,sudden_jump
Kamand,velocity_UNCONFIRMED,Kamand_velocity_UNCONFIRMED,2026-01-06 18:40:29,1.192,vel_K.csv,sudden_jump
Kamand,velocity_UNCONFIRMED,Kamand_velocity_UNCONFIRMED,2026-01-06 18:40:34,0.933,vel_K.csv,sudden_jump
Kamand,velocity_UNCONFIRMED,Kamand_velocity_UNCONFIRMED,2026-01-06 18:40:39,0.879,vel_K.csv,sudden_jump
Kamand,velocity_UNCONFIRMED,Kamand_velocity_UNCONFIRMED,2026-01-06 18:41:19,1.105,vel_K.csv,sudden_jump
Kamand,velocity_UNCONFIRMED,Kamand_velocity_UNCONFIRMED,2026-01-06 18:41:29,0.928,vel_K.csv,sudden_jump
Kamand,velocity_UNCONFIRMED,Kamand_velocity_UNCONFIRMED,2026-01-06 18:41:39,1.079,vel_K.csv,sudden_jump
Kamand,velocity_UNCONFIRMED,Kamand_velocity_UNCONFIRMED,2026-01-06 18:41:44,0.928,vel_K.csv,sudden_jump
Kamand,velocity_UNCONFIRMED,Kamand_velocity_UNCONFIRMED,2026-01-06 18:41:59,0.98,vel_K.csv,sudden_jump
Kamand,velocity_UNCONFIRMED,Kamand_velocity_UNCONFIRMED,2026-01-06 18:42:04,1.145,vel_K.csv,sudden_jump
Kamand,velocity_UNCONFIRMED,Kamand_velocity_UNCONFIRMED,2026-01-06 18:42:09,0.98,vel_K.csv,sudden_jump
Kamand,velocity_UNCONFIRMED,Kamand_velocity_UNCONFIRMED,2026-01-06 18:42:14,0.867,vel_K.csv,sudden_jump
Kamand,velocity_UNCONFIRMED,Kamand_velocity_UNCONFIRMED,2026-01-06 18:42:19,0.81,vel_K.csv,sudden_jump
Kamand,velocity_UNCONFIRMED,Kamand_velocity_UNCONFIRMED,2026-01-06 18:42:24,0.763,vel_K.csv,sudden_jump
Kamand,velocity_UNCONFIRMED,Kamand_velocity_UNCONFIRMED,2026-01-06 18:42:29,0.81,vel_K.csv,sudden_jump
Kamand,velocity_UNCONFIRMED,Kamand_velocity_UNCONFIRMED,2026-01-06 18:42:39,0.793,vel_K.csv,sudden_jump
Kamand,velocity_UNCONFIRMED,Kamand_velocity_UNCONFIRMED,2026-01-06 18:42:44,0.845,vel_K.csv,sudden_jump
Kamand,velocity_UNCONFIRMED,Kamand_velocity_UNCONFIRMED,2026-01-06 18:42:59,0.793,vel_K.csv,sudden_jump
Kamand,velocity_UNCONFIRMED,Kamand_velocity_UNCONFIRMED,2026-01-06 18:43:04,0.73,vel_K.csv,sudden_jump
Kamand,velocity_UNCONFIRMED,Kamand_velocity_UNCONFIRMED,2026-01-06 18:43:09,0.793,vel_K.csv,sudden_jump
Kamand,velocity_UNCONFIRMED,Kamand_velocity_UNCONFIRMED,2026-01-06 18:43:19,0.852,vel_K.csv,sudden_jump
Kamand,velocity_UNCONFIRMED,Kamand_velocity_UNCONFIRMED,2026-01-06 18:43:34,0.795,vel_K.csv,sudden_jump
Kamand,velocity_UNCONFIRMED,Kamand_velocity_UNCONFIRMED,2026-01-06 18:43:39,0.867,vel_K.csv,sudden_jump
Kamand,velocity_UNCONFIRMED,Kamand_velocity_UNCONFIRMED,2026-01-06 18:43:44,0.795,vel_K.csv,sudden_jump
Kamand,velocity_UNCONFIRMED,Kamand_velocity_UNCONFIRMED,2026-01-06 18:43:54,0.996,vel_K.csv,sudden_jump
Kamand,velocity_UNCONFIRMED,Kamand_velocity_UNCONFIRMED,2026-01-06 18:44:19,0.83,vel_K.csv,sudden_jump
Kamand,velocity_UNCONFIRMED,Kamand_velocity_UNCONFIRMED,2026-01-06 18:44:24,0.927,vel_K.csv,sudden_jump
Kamand,velocity_UNCONFIRMED,Kamand_velocity_UNCONFIRMED,2026-01-06 18:44:44,1.065,vel_K.csv,sudden_jump
Kamand,velocity_UNCONFIRMED,Kamand_velocity_UNCONFIRMED,2026-01-06 18:44:49,0.918,vel_K.csv,sudden_jump
Kamand,velocity_UNCONFIRMED,Kamand_velocity_UNCONFIRMED,2026-01-06 18:44:59,1.065,vel_K.csv,sudden_jump
Kamand,velocity_UNCONFIRMED,Kamand_velocity_UNCONFIRMED,2026-01-06 18:45:09,0.903,vel_K.csv,sudden_jump
Kamand,velocity_UNCONFIRMED,Kamand_velocity_UNCONFIRMED,2026-01-06 18:45:14,0.743,vel_K.csv,sudden_jump
Kamand,velocity_UNCONFIRMED,Kamand_velocity_UNCONFIRMED,2026-01-06 18:45:19,0.903,vel_K.csv,sudden_jump
Kamand,velocity_UNCONFIRMED,Kamand_velocity_UNCONFIRMED,2026-01-06 18:45:34,1.089,vel_K.csv,sudden_jump
Kamand,velocity_UNCONFIRMED,Kamand_velocity_UNCONFIRMED,2026-01-06 18:45:39,0.903,vel_K.csv,sudden_jump
Kamand,velocity_UNCONFIRMED,Kamand_velocity_UNCONFIRMED,2026-01-06 18:45:49,1.093,vel_K.csv,sudden_jump
Kamand,velocity_UNCONFIRMED,Kamand_velocity_UNCONFIRMED,2026-01-06 18:45:59,0.907,vel_K.csv,sudden_jump
Kamand,velocity_UNCONFIRMED,Kamand_velocity_UNCONFIRMED,2026-01-06 18:46:24,0.778,vel_K.csv,sudden_jump
Kamand,velocity_UNCONFIRMED,Kamand_velocity_UNCONFIRMED,2026-01-06 18:46:29,0.926,vel_K.csv,sudden_jump
Kamand,velocity_UNCONFIRMED,Kamand_velocity_UNCONFIRMED,2026-01-06 18:46:34,0.816,vel_K.csv,sudden_jump
Kamand,velocity_UNCONFIRMED,Kamand_velocity_UNCONFIRMED,2026-01-06 18:47:14,0.908,vel_K.csv,sudden_jump
Kamand,velocity_UNCONFIRMED,Kamand_velocity_UNCONFIRMED,2026-01-06 18:47:19,0.852,vel_K.csv,sudden_jump
Kamand,velocity_UNCONFIRMED,Kamand_velocity_UNCONFIRMED,2026-01-06 18:47:24,0.908,vel_K.csv,sudden_jump
Kamand,velocity_UNCONFIRMED,Kamand_velocity_UNCONFIRMED,2026-01-06 18:47:29,0.852,vel_K.csv,sudden_jump
Kamand,velocity_UNCONFIRMED,Kamand_velocity_UNCONFIRMED,2026-01-06 18:47:34,0.908,vel_K.csv,sudden_jump
Kamand,velocity_UNCONFIRMED,Kamand_velocity_UNCONFIRMED,2026-01-06 18:47:54,0.971,vel_K.csv,sudden_jump
Kamand,velocity_UNCONFIRMED,Kamand_velocity_UNCONFIRMED,2026-01-06 18:48:34,0.831,vel_K.csv,sudden_jump
Kamand,velocity_UNCONFIRMED,Kamand_velocity_UNCONFIRMED,2026-01-06 18:48:39,0.939,vel_K.csv,sudden_jump
Kamand,velocity_UNCONFIRMED,Kamand_velocity_UNCONFIRMED,2026-01-06 18:48:44,0.831,vel_K.csv,sudden_jump
Kamand,velocity_UNCONFIRMED,Kamand_velocity_UNCONFIRMED,2026-01-06 18:48:54,0.764,vel_K.csv,sudden_jump
Kamand,velocity_UNCONFIRMED,Kamand_velocity_UNCONFIRMED,2026-01-06 18:49:49,0.939,vel_K.csv,sudden_jump
Kamand,velocity_UNCONFIRMED,Kamand_velocity_UNCONFIRMED,2026-01-06 18:49:54,1.072,vel_K.csv,sudden_jump
Kamand,velocity_UNCONFIRMED,Kamand_velocity_UNCONFIRMED,2026-01-06 18:49:59,0.935,vel_K.csv,sudden_jump
Kamand,velocity_UNCONFIRMED,Kamand_velocity_UNCONFIRMED,2026-01-06 18:50:04,1.152,vel_K.csv,sudden_jump
Kamand,velocity_UNCONFIRMED,Kamand_velocity_UNCONFIRMED,2026-01-06 18:50:19,1.203,vel_K.csv,sudden_jump
Kamand,velocity_UNCONFIRMED,Kamand_velocity_UNCONFIRMED,2026-01-06 18:50:29,1.011,vel_K.csv,sudden_jump
Kamand,velocity_UNCONFIRMED,Kamand_velocity_UNCONFIRMED,2026-01-06 18:50:49,0.858,vel_K.csv,sudden_jump
Kamand,velocity_UNCONFIRMED,Kamand_velocity_UNCONFIRMED,2026-01-06 18:50:59,0.974,vel_K.csv,sudden_jump
Kamand,velocity_UNCONFIRMED,Kamand_velocity_UNCONFIRMED,2026-01-06 18:51:09,1.037,vel_K.csv,sudden_jump
Kamand,velocity_UNCONFIRMED,Kamand_velocity_UNCONFIRMED,2026-01-06 18:51:14,1.113,vel_K.csv,sudden_jump
Kamand,velocity_UNCONFIRMED,Kamand_velocity_UNCONFIRMED,2026-01-06 18:51:19,1.037,vel_K.csv,sudden_jump
Kamand,velocity_UNCONFIRMED,Kamand_velocity_UNCONFIRMED,2026-01-06 18:51:29,1.113,vel_K.csv,sudden_jump
Kamand,velocity_UNCONFIRMED,Kamand_velocity_UNCONFIRMED,2026-01-06 18:51:39,1.037,vel_K.csv,sudden_jump
Kamand,velocity_UNCONFIRMED,Kamand_velocity_UNCONFIRMED,2026-01-06 18:51:54,1.108,vel_K.csv,sudden_jump
Kamand,velocity_UNCONFIRMED,Kamand_velocity_UNCONFIRMED,2026-01-06 18:52:04,0.978,vel_K.csv,sudden_jump
Kamand,velocity_UNCONFIRMED,Kamand_velocity_UNCONFIRMED,2026-01-06 18:52:09,0.857,vel_K.csv,sudden_jump
Kamand,velocity_UNCONFIRMED,Kamand_velocity_UNCONFIRMED,2026-01-06 18:52:24,0.806,vel_K.csv,sudden_jump
Kamand,velocity_UNCONFIRMED,Kamand_velocity_UNCONFIRMED,2026-01-06 18:54:59,0.99,vel_K.csv,sudden_jump
Kamand,velocity_UNCONFIRMED,Kamand_velocity_UNCONFIRMED,2026-01-06 18:55:09,1.197,vel_K.csv,sudden_jump
Kamand,velocity_UNCONFIRMED,Kamand_velocity_UNCONFIRMED,2026-01-06 18:55:19,1.338,vel_K.csv,sudden_jump
Kamand,velocity_UNCONFIRMED,Kamand_velocity_UNCONFIRMED,2026-01-06 18:55:29,1.502,vel_K.csv,sudden_jump
Kamand,velocity_UNCONFIRMED,Kamand_velocity_UNCONFIRMED,2026-01-06 18:55:44,1.582,vel_K.csv,sudden_jump
Kamand,velocity_UNCONFIRMED,Kamand_velocity_UNCONFIRMED,2026-01-06 18:55:49,1.697,vel_K.csv,sudden_jump
Kamand,velocity_UNCONFIRMED,Kamand_velocity_UNCONFIRMED,2026-01-06 18:55:54,2.041,vel_K.csv,sudden_jump
Kamand,velocity_UNCONFIRMED,Kamand_velocity_UNCONFIRMED,2026-01-06 18:56:09,1.726,vel_K.csv,sudden_jump
Kamand,velocity_UNCONFIRMED,Kamand_velocity_UNCONFIRMED,2026-01-06 18:56:24,1.693,vel_K.csv,sudden_jump
Kamand,velocity_UNCONFIRMED,Kamand_velocity_UNCONFIRMED,2026-01-06 18:56:29,1.292,vel_K.csv,sudden_jump
Kamand,velocity_UNCONFIRMED,Kamand_velocity_UNCONFIRMED,2026-01-06 18:56:34,0.974,vel_K.csv,sudden_jump
Kamand,velocity_UNCONFIRMED,Kamand_velocity_UNCONFIRMED,2026-01-06 18:56:54,0.931,vel_K.csv,sudden_jump
Kamand,velocity_UNCONFIRMED,Kamand_velocity_UNCONFIRMED,2026-01-06 18:56:59,0.992,vel_K.csv,sudden_jump
Kamand,velocity_UNCONFIRMED,Kamand_velocity_UNCONFIRMED,2026-01-06 18:57:24,1.043,vel_K.csv,sudden_jump
Kamand,velocity_UNCONFIRMED,Kamand_velocity_UNCONFIRMED,2026-01-06 18:57:44,0.896,vel_K.csv,sudden_jump
Kamand,velocity_UNCONFIRMED,Kamand_velocity_UNCONFIRMED,2026-01-06 18:57:49,0.774,vel_K.csv,sudden_jump
Kamand,velocity_UNCONFIRMED,Kamand_velocity_UNCONFIRMED,2026-01-06 18:57:54,0.895,vel_K.csv,sudden_jump
Kamand,velocity_UNCONFIRMED,Kamand_velocity_UNCONFIRMED,2026-01-06 18:57:59,0.774,vel_K.csv,sudden_jump
Kamand,velocity_UNCONFIRMED,Kamand_velocity_UNCONFIRMED,2026-01-06 19:01:14,0.904,vel_K.csv,sudden_jump
Kamand,velocity_UNCONFIRMED,Kamand_velocity_UNCONFIRMED,2026-01-06 19:01:34,1.114,vel_K.csv,sudden_jump
Kamand,velocity_UNCONFIRMED,Kamand_velocity_UNCONFIRMED,2026-01-06 19:01:44,1.279,vel_K.csv,sudden_jump
Kamand,velocity_UNCONFIRMED,Kamand_velocity_UNCONFIRMED,2026-01-06 19:01:49,1.114,vel_K.csv,sudden_jump
Kamand,velocity_UNCONFIRMED,Kamand_velocity_UNCONFIRMED,2026-01-06 19:01:59,1.235,vel_K.csv,sudden_jump
Kamand,velocity_UNCONFIRMED,Kamand_velocity_UNCONFIRMED,2026-01-06 19:02:04,1.413,vel_K.csv,sudden_jump
Kamand,velocity_UNCONFIRMED,Kamand_velocity_UNCONFIRMED,2026-01-06 19:02:09,1.235,vel_K.csv,sudden_jump
Kamand,velocity_UNCONFIRMED,Kamand_velocity_UNCONFIRMED,2026-01-06 19:02:14,1.033,vel_K.csv,sudden_jump
Kamand,velocity_UNCONFIRMED,Kamand_velocity_UNCONFIRMED,2026-01-06 19:02:19,1.235,vel_K.csv,sudden_jump
Kamand,velocity_UNCONFIRMED,Kamand_velocity_UNCONFIRMED,2026-01-06 19:02:24,1.102,vel_K.csv,sudden_jump
Kamand,velocity_UNCONFIRMED,Kamand_velocity_UNCONFIRMED,2026-01-06 19:02:29,1.21,vel_K.csv,sudden_jump
Kamand,velocity_UNCONFIRMED,Kamand_velocity_UNCONFIRMED,2026-01-06 19:02:34,1.102,vel_K.csv,sudden_jump
Kamand,velocity_UNCONFIRMED,Kamand_velocity_UNCONFIRMED,2026-01-06 19:02:44,0.913,vel_K.csv,sudden_jump
Kamand,velocity_UNCONFIRMED,Kamand_velocity_UNCONFIRMED,2026-01-06 19:02:54,0.959,vel_K.csv,sudden_jump
Kamand,velocity_UNCONFIRMED,Kamand_velocity_UNCONFIRMED,2026-01-06 19:03:04,0.76,vel_K.csv,sudden_jump
Kamand,velocity_UNCONFIRMED,Kamand_velocity_UNCONFIRMED,2026-01-06 19:03:09,0.949,vel_K.csv,sudden_jump
Kamand,velocity_UNCONFIRMED,Kamand_velocity_UNCONFIRMED,2026-01-06 19:03:19,0.779,vel_K.csv,sudden_jump
Kamand,velocity_UNCONFIRMED,Kamand_velocity_UNCONFIRMED,2026-01-06 19:03:39,0.821,vel_K.csv,sudden_jump
Kamand,velocity_UNCONFIRMED,Kamand_velocity_UNCONFIRMED,2026-01-06 19:03:49,0.948,vel_K.csv,sudden_jump
Kamand,velocity_UNCONFIRMED,Kamand_velocity_UNCONFIRMED,2026-01-06 19:03:54,0.821,vel_K.csv,sudden_jump
Kamand,velocity_UNCONFIRMED,Kamand_velocity_UNCONFIRMED,2026-01-06 19:03:59,0.772,vel_K.csv,sudden_jump
Kamand,velocity_UNCONFIRMED,Kamand_velocity_UNCONFIRMED,2026-01-06 19:05:09,0.829,vel_K.csv,sudden_jump
Kamand,velocity_UNCONFIRMED,Kamand_velocity_UNCONFIRMED,2026-01-06 19:05:14,0.92,vel_K.csv,sudden_jump
Kamand,velocity_UNCONFIRMED,Kamand_velocity_UNCONFIRMED,2026-01-06 19:05:24,1.147,vel_K.csv,sudden_jump
Kamand,velocity_UNCONFIRMED,Kamand_velocity_UNCONFIRMED,2026-01-06 19:05:29,0.932,vel_K.csv,sudden_jump
Kamand,velocity_UNCONFIRMED,Kamand_velocity_UNCONFIRMED,2026-01-06 19:05:49,1.654,vel_K.csv,sudden_jump
Kamand,velocity_UNCONFIRMED,Kamand_velocity_UNCONFIRMED,2026-01-06 19:05:54,1.989,vel_K.csv,sudden_jump
Kamand,velocity_UNCONFIRMED,Kamand_velocity_UNCONFIRMED,2026-01-06 19:05:59,1.353,vel_K.csv,sudden_jump
Kamand,velocity_UNCONFIRMED,Kamand_velocity_UNCONFIRMED,2026-01-06 19:06:04,1.571,vel_K.csv,sudden_jump
Kamand,velocity_UNCONFIRMED,Kamand_velocity_UNCONFIRMED,2026-01-06 19:06:14,1.471,vel_K.csv,sudden_jump
Kamand,velocity_UNCONFIRMED,Kamand_velocity_UNCONFIRMED,2026-01-06 19:06:19,1.253,vel_K.csv,sudden_jump
Kamand,velocity_UNCONFIRMED,Kamand_velocity_UNCONFIRMED,2026-01-06 19:06:24,1.018,vel_K.csv,sudden_jump
Kamand,velocity_UNCONFIRMED,Kamand_velocity_UNCONFIRMED,2026-01-06 19:06:34,1.173,vel_K.csv,sudden_jump
Kamand,velocity_UNCONFIRMED,Kamand_velocity_UNCONFIRMED,2026-01-06 19:06:39,1.359,vel_K.csv,sudden_jump
Kamand,velocity_UNCONFIRMED,Kamand_velocity_UNCONFIRMED,2026-01-06 19:06:54,1.173,vel_K.csv,sudden_jump
Kamand,velocity_UNCONFIRMED,Kamand_velocity_UNCONFIRMED,2026-01-06 19:06:59,1.342,vel_K.csv,sudden_jump
Kamand,velocity_UNCONFIRMED,Kamand_velocity_UNCONFIRMED,2026-01-06 19:07:09,1.214,vel_K.csv,sudden_jump
Kamand,velocity_UNCONFIRMED,Kamand_velocity_UNCONFIRMED,2026-01-06 19:07:14,1.042,vel_K.csv,sudden_jump
Kamand,velocity_UNCONFIRMED,Kamand_velocity_UNCONFIRMED,2026-01-06 19:07:19,1.214,vel_K.csv,sudden_jump
Kamand,velocity_UNCONFIRMED,Kamand_velocity_UNCONFIRMED,2026-01-06 19:07:24,1.335,vel_K.csv,sudden_jump
Kamand,velocity_UNCONFIRMED,Kamand_velocity_UNCONFIRMED,2026-01-06 19:07:34,1.264,vel_K.csv,sudden_jump
Kamand,velocity_UNCONFIRMED,Kamand_velocity_UNCONFIRMED,2026-01-06 19:07:39,1.042,vel_K.csv,sudden_jump
Kamand,velocity_UNCONFIRMED,Kamand_velocity_UNCONFIRMED,2026-01-06 19:07:49,0.913,vel_K.csv,sudden_jump
Kamand,velocity_UNCONFIRMED,Kamand_velocity_UNCONFIRMED,2026-01-06 19:08:09,0.831,vel_K.csv,sudden_jump
Kamand,velocity_UNCONFIRMED,Kamand_velocity_UNCONFIRMED,2026-01-06 19:08:54,0.966,vel_K.csv,sudden_jump
Kamand,velocity_UNCONFIRMED,Kamand_velocity_UNCONFIRMED,2026-01-06 19:08:59,1.095,vel_K.csv,sudden_jump
Kamand,velocity_UNCONFIRMED,Kamand_velocity_UNCONFIRMED,2026-01-06 19:09:04,1.037,vel_K.csv,sudden_jump
Kamand,velocity_UNCONFIRMED,Kamand_velocity_UNCONFIRMED,2026-01-06 19:09:34,0.949,vel_K.csv,sudden_jump
Kamand,velocity_UNCONFIRMED,Kamand_velocity_UNCONFIRMED,2026-01-06 19:09:44,0.87,vel_K.csv,sudden_jump
Kamand,velocity_UNCONFIRMED,Kamand_velocity_UNCONFIRMED,2026-01-06 19:09:49,0.805,vel_K.csv,sudden_jump
Kamand,velocity_UNCONFIRMED,Kamand_velocity_UNCONFIRMED,2026-01-06 19:12:39,0.779,vel_K.csv,sudden_jump
Kamand,velocity_UNCONFIRMED,Kamand_velocity_UNCONFIRMED,2026-01-06 19:12:59,0.868,vel_K.csv,sudden_jump
Kamand,velocity_UNCONFIRMED,Kamand_velocity_UNCONFIRMED,2026-01-06 19:14:09,0.834,vel_K.csv,sudden_jump
Kamand,velocity_UNCONFIRMED,Kamand_velocity_UNCONFIRMED,2026-01-06 19:14:59,0.886,vel_K.csv,sudden_jump
Kamand,velocity_UNCONFIRMED,Kamand_velocity_UNCONFIRMED,2026-01-06 19:15:39,0.851,vel_K.csv,sudden_jump
Kamand,velocity_UNCONFIRMED,Kamand_velocity_UNCONFIRMED,2026-01-06 19:16:19,0.916,vel_K.csv,sudden_jump
Kamand,velocity_UNCONFIRMED,Kamand_velocity_UNCONFIRMED,2026-01-06 19:16:24,0.849,vel_K.csv,sudden_jump
Kamand,velocity_UNCONFIRMED,Kamand_velocity_UNCONFIRMED,2026-01-06 19:16:39,0.916,vel_K.csv,sudden_jump
Kamand,velocity_UNCONFIRMED,Kamand_velocity_UNCONFIRMED,2026-01-06 19:16:49,0.778,vel_K.csv,sudden_jump
Kamand,velocity_UNCONFIRMED,Kamand_velocity_UNCONFIRMED,2026-01-06 19:19:34,0.816,vel_K.csv,sudden_jump
Kamand,velocity_UNCONFIRMED,Kamand_velocity_UNCONFIRMED,2026-01-06 19:19:39,0.766,vel_K.csv,sudden_jump
Kamand,velocity_UNCONFIRMED,Kamand_velocity_UNCONFIRMED,2026-01-06 19:22:24,0.879,vel_K.csv,sudden_jump
Kamand,velocity_UNCONFIRMED,Kamand_velocity_UNCONFIRMED,2026-01-06 19:22:34,1.037,vel_K.csv,sudden_jump
Kamand,velocity_UNCONFIRMED,Kamand_velocity_UNCONFIRMED,2026-01-06 19:22:39,0.934,vel_K.csv,sudden_jump
Kamand,velocity_UNCONFIRMED,Kamand_velocity_UNCONFIRMED,2026-01-06 19:22:49,0.824,vel_K.csv,sudden_jump
Kamand,velocity_UNCONFIRMED,Kamand_velocity_UNCONFIRMED,2026-01-06 19:22:54,0.934,vel_K.csv,sudden_jump
Kamand,velocity_UNCONFIRMED,Kamand_velocity_UNCONFIRMED,2026-01-06 19:23:04,1.058,vel_K.csv,sudden_jump
Kamand,velocity_UNCONFIRMED,Kamand_velocity_UNCONFIRMED,2026-01-06 19:23:09,0.934,vel_K.csv,sudden_jump
Kamand,velocity_UNCONFIRMED,Kamand_velocity_UNCONFIRMED,2026-01-06 19:23:19,0.834,vel_K.csv,sudden_jump
Kamand,velocity_UNCONFIRMED,Kamand_velocity_UNCONFIRMED,2026-01-06 19:23:24,0.788,vel_K.csv,sudden_jump
Kamand,velocity_UNCONFIRMED,Kamand_velocity_UNCONFIRMED,2026-01-06 19:23:29,0.868,vel_K.csv,sudden_jump
Kamand,velocity_UNCONFIRMED,Kamand_velocity_UNCONFIRMED,2026-01-06 19:23:34,0.796,vel_K.csv,sudden_jump
Kamand,velocity_UNCONFIRMED,Kamand_velocity_UNCONFIRMED,2026-01-06 19:23:49,0.902,vel_K.csv,sudden_jump
Kamand,velocity_UNCONFIRMED,Kamand_velocity_UNCONFIRMED,2026-01-06 19:23:54,0.796,vel_K.csv,sudden_jump
Kamand,velocity_UNCONFIRMED,Kamand_velocity_UNCONFIRMED,2026-01-06 19:24:19,0.902,vel_K.csv,sudden_jump
Kamand,velocity_UNCONFIRMED,Kamand_velocity_UNCONFIRMED,2026-01-06 19:24:29,0.801,vel_K.csv,sudden_jump
Kamand,velocity_UNCONFIRMED,Kamand_velocity_UNCONFIRMED,2026-01-06 19:24:34,0.895,vel_K.csv,sudden_jump
Kamand,velocity_UNCONFIRMED,Kamand_velocity_UNCONFIRMED,2026-01-06 19:24:39,0.801,vel_K.csv,sudden_jump
Kamand,velocity_UNCONFIRMED,Kamand_velocity_UNCONFIRMED,2026-01-06 19:24:59,0.967,vel_K.csv,sudden_jump
Kamand,velocity_UNCONFIRMED,Kamand_velocity_UNCONFIRMED,2026-01-06 19:25:04,1.134,vel_K.csv,sudden_jump
Kamand,velocity_UNCONFIRMED,Kamand_velocity_UNCONFIRMED,2026-01-06 19:25:09,0.967,vel_K.csv,sudden_jump
Kamand,velocity_UNCONFIRMED,Kamand_velocity_UNCONFIRMED,2026-01-06 19:25:19,0.895,vel_K.csv,sudden_jump
Kamand,velocity_UNCONFIRMED,Kamand_velocity_UNCONFIRMED,2026-01-06 19:25:29,1.012,vel_K.csv,sudden_jump
Kamand,velocity_UNCONFIRMED,Kamand_velocity_UNCONFIRMED,2026-01-06 19:25:34,0.895,vel_K.csv,sudden_jump
Kamand,velocity_UNCONFIRMED,Kamand_velocity_UNCONFIRMED,2026-01-06 19:25:39,1.012,vel_K.csv,sudden_jump
Kamand,velocity_UNCONFIRMED,Kamand_velocity_UNCONFIRMED,2026-01-06 19:25:49,0.895,vel_K.csv,sudden_jump
Kamand,velocity_UNCONFIRMED,Kamand_velocity_UNCONFIRMED,2026-01-06 19:25:54,0.992,vel_K.csv,sudden_jump
Kamand,velocity_UNCONFIRMED,Kamand_velocity_UNCONFIRMED,2026-01-06 19:25:59,0.867,vel_K.csv,sudden_jump
Kamand,velocity_UNCONFIRMED,Kamand_velocity_UNCONFIRMED,2026-01-06 19:26:04,0.743,vel_K.csv,sudden_jump
Kamand,velocity_UNCONFIRMED,Kamand_velocity_UNCONFIRMED,2026-01-06 19:26:09,0.851,vel_K.csv,sudden_jump
Kamand,velocity_UNCONFIRMED,Kamand_velocity_UNCONFIRMED,2026-01-06 19:26:19,0.77,vel_K.csv,sudden_jump
Kamand,velocity_UNCONFIRMED,Kamand_velocity_UNCONFIRMED,2026-01-06 19:26:24,0.838,vel_K.csv,sudden_jump
Kamand,velocity_UNCONFIRMED,Kamand_velocity_UNCONFIRMED,2026-01-06 19:26:29,0.791,vel_K.csv,sudden_jump
Kamand,velocity_UNCONFIRMED,Kamand_velocity_UNCONFIRMED,2026-01-06 19:27:44,0.851,vel_K.csv,sudden_jump
Kamand,velocity_UNCONFIRMED,Kamand_velocity_UNCONFIRMED,2026-01-06 19:27:54,0.783,vel_K.csv,sudden_jump
Kamand,velocity_UNCONFIRMED,Kamand_velocity_UNCONFIRMED,2026-01-06 19:27:59,0.851,vel_K.csv,sudden_jump
Kamand,velocity_UNCONFIRMED,Kamand_velocity_UNCONFIRMED,2026-01-06 19:28:04,0.78,vel_K.csv,sudden_jump
Kamand,velocity_UNCONFIRMED,Kamand_velocity_UNCONFIRMED,2026-01-06 19:31:34,0.844,vel_K.csv,sudden_jump
Kamand,velocity_UNCONFIRMED,Kamand_velocity_UNCONFIRMED,2026-01-06 19:31:39,0.778,vel_K.csv,sudden_jump
Kamand,velocity_UNCONFIRMED,Kamand_velocity_UNCONFIRMED,2026-01-06 19:32:14,0.792,vel_K.csv,sudden_jump
Kamand,velocity_UNCONFIRMED,Kamand_velocity_UNCONFIRMED,2026-01-06 19:32:19,0.929,vel_K.csv,sudden_jump
Kamand,velocity_UNCONFIRMED,Kamand_velocity_UNCONFIRMED,2026-01-06 19:32:24,1.036,vel_K.csv,sudden_jump
Kamand,velocity_UNCONFIRMED,Kamand_velocity_UNCONFIRMED,2026-01-06 19:32:44,1.027,vel_K.csv,sudden_jump
Kamand,velocity_UNCONFIRMED,Kamand_velocity_UNCONFIRMED,2026-01-06 19:32:49,0.951,vel_K.csv,sudden_jump
Kamand,velocity_UNCONFIRMED,Kamand_velocity_UNCONFIRMED,2026-01-06 19:32:54,1.027,vel_K.csv,sudden_jump
Kamand,velocity_UNCONFIRMED,Kamand_velocity_UNCONFIRMED,2026-01-06 19:33:19,0.951,vel_K.csv,sudden_jump
Kamand,velocity_UNCONFIRMED,Kamand_velocity_UNCONFIRMED,2026-01-06 19:33:24,0.893,vel_K.csv,sudden_jump
Kamand,velocity_UNCONFIRMED,Kamand_velocity_UNCONFIRMED,2026-01-06 19:33:34,0.802,vel_K.csv,sudden_jump
Kamand,velocity_UNCONFIRMED,Kamand_velocity_UNCONFIRMED,2026-01-06 19:33:39,0.863,vel_K.csv,sudden_jump
Kamand,velocity_UNCONFIRMED,Kamand_velocity_UNCONFIRMED,2026-01-06 19:33:44,0.802,vel_K.csv,sudden_jump
Kamand,velocity_UNCONFIRMED,Kamand_velocity_UNCONFIRMED,2026-01-06 19:33:54,0.704,vel_K.csv,sudden_jump
Kamand,velocity_UNCONFIRMED,Kamand_velocity_UNCONFIRMED,2026-01-06 19:34:19,0.765,vel_K.csv,sudden_jump
Kamand,velocity_UNCONFIRMED,Kamand_velocity_UNCONFIRMED,2026-01-06 19:34:24,0.865,vel_K.csv,sudden_jump
Kamand,velocity_UNCONFIRMED,Kamand_velocity_UNCONFIRMED,2026-01-06 19:34:54,0.958,vel_K.csv,sudden_jump
Kamand,velocity_UNCONFIRMED,Kamand_velocity_UNCONFIRMED,2026-01-06 19:35:49,0.878,vel_K.csv,sudden_jump
Kamand,velocity_UNCONFIRMED,Kamand_velocity_UNCONFIRMED,2026-01-06 19:36:04,0.773,vel_K.csv,sudden_jump
Kamand,velocity_UNCONFIRMED,Kamand_velocity_UNCONFIRMED,2026-01-06 19:36:14,0.837,vel_K.csv,sudden_jump
Kamand,velocity_UNCONFIRMED,Kamand_velocity_UNCONFIRMED,2026-01-06 19:36:19,0.789,vel_K.csv,sudden_jump
Kamand,velocity_UNCONFIRMED,Kamand_velocity_UNCONFIRMED,2026-01-06 19:38:34,0.815,vel_K.csv,sudden_jump
Kamand,velocity_UNCONFIRMED,Kamand_velocity_UNCONFIRMED,2026-01-06 19:38:59,0.801,vel_K.csv,sudden_jump
Kamand,velocity_UNCONFIRMED,Kamand_velocity_UNCONFIRMED,2026-01-06 19:39:09,0.888,vel_K.csv,sudden_jump
Kamand,velocity_UNCONFIRMED,Kamand_velocity_UNCONFIRMED,2026-01-06 19:39:24,0.806,vel_K.csv,sudden_jump
Kamand,velocity_UNCONFIRMED,Kamand_velocity_UNCONFIRMED,2026-01-06 19:39:39,0.809,vel_K.csv,sudden_jump
Kamand,velocity_UNCONFIRMED,Kamand_velocity_UNCONFIRMED,2026-01-06 19:39:44,0.878,vel_K.csv,sudden_jump
Kamand,velocity_UNCONFIRMED,Kamand_velocity_UNCONFIRMED,2026-01-06 19:40:29,0.935,vel_K.csv,sudden_jump
Kamand,velocity_UNCONFIRMED,Kamand_velocity_UNCONFIRMED,2026-01-06 19:41:29,1.272,vel_K.csv,sudden_jump
Kamand,velocity_UNCONFIRMED,Kamand_velocity_UNCONFIRMED,2026-01-06 19:41:39,1.465,vel_K.csv,sudden_jump
Kamand,velocity_UNCONFIRMED,Kamand_velocity_UNCONFIRMED,2026-01-06 19:41:44,1.272,vel_K.csv,sudden_jump
Kamand,velocity_UNCONFIRMED,Kamand_velocity_UNCONFIRMED,2026-01-06 19:41:54,1.465,vel_K.csv,sudden_jump
Kamand,velocity_UNCONFIRMED,Kamand_velocity_UNCONFIRMED,2026-01-06 19:41:59,1.272,vel_K.csv,sudden_jump
Kamand,velocity_UNCONFIRMED,Kamand_velocity_UNCONFIRMED,2026-01-06 19:42:09,1.059,vel_K.csv,sudden_jump
Kamand,velocity_UNCONFIRMED,Kamand_velocity_UNCONFIRMED,2026-01-06 19:42:19,1.284,vel_K.csv,sudden_jump
Kamand,velocity_UNCONFIRMED,Kamand_velocity_UNCONFIRMED,2026-01-06 19:42:24,1.018,vel_K.csv,sudden_jump
Kamand,velocity_UNCONFIRMED,Kamand_velocity_UNCONFIRMED,2026-01-06 19:42:29,0.946,vel_K.csv,sudden_jump
Kamand,velocity_UNCONFIRMED,Kamand_velocity_UNCONFIRMED,2026-01-06 19:42:34,1.016,vel_K.csv,sudden_jump
Kamand,velocity_UNCONFIRMED,Kamand_velocity_UNCONFIRMED,2026-01-06 19:42:39,0.834,vel_K.csv,sudden_jump
Kamand,velocity_UNCONFIRMED,Kamand_velocity_UNCONFIRMED,2026-01-06 19:42:44,1.016,vel_K.csv,sudden_jump
Kamand,velocity_UNCONFIRMED,Kamand_velocity_UNCONFIRMED,2026-01-06 19:42:49,1.084,vel_K.csv,sudden_jump
Kamand,velocity_UNCONFIRMED,Kamand_velocity_UNCONFIRMED,2026-01-06 19:43:09,1.148,vel_K.csv,sudden_jump
Kamand,velocity_UNCONFIRMED,Kamand_velocity_UNCONFIRMED,2026-01-06 19:43:29,1.18,vel_K.csv,sudden_jump
Kamand,velocity_UNCONFIRMED,Kamand_velocity_UNCONFIRMED,2026-01-06 19:43:54,1.121,vel_K.csv,sudden_jump
Kamand,velocity_UNCONFIRMED,Kamand_velocity_UNCONFIRMED,2026-01-06 19:44:09,1.055,vel_K.csv,sudden_jump
Kamand,velocity_UNCONFIRMED,Kamand_velocity_UNCONFIRMED,2026-01-06 19:44:14,0.918,vel_K.csv,sudden_jump
Kamand,velocity_UNCONFIRMED,Kamand_velocity_UNCONFIRMED,2026-01-06 19:44:39,0.802,vel_K.csv,sudden_jump
Kamand,velocity_UNCONFIRMED,Kamand_velocity_UNCONFIRMED,2026-01-06 19:44:44,0.887,vel_K.csv,sudden_jump
Kamand,velocity_UNCONFIRMED,Kamand_velocity_UNCONFIRMED,2026-01-06 19:45:04,0.796,vel_K.csv,sudden_jump
Kamand,velocity_UNCONFIRMED,Kamand_velocity_UNCONFIRMED,2026-01-06 19:45:24,0.887,vel_K.csv,sudden_jump
Kamand,velocity_UNCONFIRMED,Kamand_velocity_UNCONFIRMED,2026-01-06 19:45:34,0.772,vel_K.csv,sudden_jump
Kamand,velocity_UNCONFIRMED,Kamand_velocity_UNCONFIRMED,2026-01-06 19:47:04,0.877,vel_K.csv,sudden_jump
Kamand,velocity_UNCONFIRMED,Kamand_velocity_UNCONFIRMED,2026-01-06 19:47:14,1.002,vel_K.csv,sudden_jump
Kamand,velocity_UNCONFIRMED,Kamand_velocity_UNCONFIRMED,2026-01-06 19:47:19,0.902,vel_K.csv,sudden_jump
Kamand,velocity_UNCONFIRMED,Kamand_velocity_UNCONFIRMED,2026-01-06 19:47:29,0.977,vel_K.csv,sudden_jump
Kamand,velocity_UNCONFIRMED,Kamand_velocity_UNCONFIRMED,2026-01-06 19:48:39,0.811,vel_K.csv,sudden_jump
Kamand,velocity_UNCONFIRMED,Kamand_velocity_UNCONFIRMED,2026-01-06 19:48:44,0.871,vel_K.csv,sudden_jump
Kamand,velocity_UNCONFIRMED,Kamand_velocity_UNCONFIRMED,2026-01-06 19:48:49,0.811,vel_K.csv,sudden_jump
Kamand,velocity_UNCONFIRMED,Kamand_velocity_UNCONFIRMED,2026-01-06 19:48:54,0.871,vel_K.csv,sudden_jump
Kamand,velocity_UNCONFIRMED,Kamand_velocity_UNCONFIRMED,2026-01-06 19:48:59,0.822,vel_K.csv,sudden_jump
Kamand,velocity_UNCONFIRMED,Kamand_velocity_UNCONFIRMED,2026-01-06 19:49:09,0.917,vel_K.csv,sudden_jump
Kamand,velocity_UNCONFIRMED,Kamand_velocity_UNCONFIRMED,2026-01-06 19:49:14,0.813,vel_K.csv,sudden_jump
Kamand,velocity_UNCONFIRMED,Kamand_velocity_UNCONFIRMED,2026-01-06 19:49:19,0.917,vel_K.csv,sudden_jump
Kamand,velocity_UNCONFIRMED,Kamand_velocity_UNCONFIRMED,2026-01-06 19:49:24,0.813,vel_K.csv,sudden_jump
Kamand,velocity_UNCONFIRMED,Kamand_velocity_UNCONFIRMED,2026-01-06 19:49:29,0.735,vel_K.csv,sudden_jump
Kamand,velocity_UNCONFIRMED,Kamand_velocity_UNCONFIRMED,2026-01-06 19:49:34,0.813,vel_K.csv,sudden_jump
Kamand,velocity_UNCONFIRMED,Kamand_velocity_UNCONFIRMED,2026-01-06 19:49:39,0.917,vel_K.csv,sudden_jump
Kamand,velocity_UNCONFIRMED,Kamand_velocity_UNCONFIRMED,2026-01-06 19:49:44,0.848,vel_K.csv,sudden_jump
Kamand,velocity_UNCONFIRMED,Kamand_velocity_UNCONFIRMED,2026-01-06 19:49:49,0.964,vel_K.csv,sudden_jump
Kamand,velocity_UNCONFIRMED,Kamand_velocity_UNCONFIRMED,2026-01-06 19:50:04,0.828,vel_K.csv,sudden_jump
Kamand,velocity_UNCONFIRMED,Kamand_velocity_UNCONFIRMED,2026-01-06 19:50:09,0.73,vel_K.csv,sudden_jump
Kamand,velocity_UNCONFIRMED,Kamand_velocity_UNCONFIRMED,2026-01-06 19:51:19,0.811,vel_K.csv,sudden_jump
Kamand,velocity_UNCONFIRMED,Kamand_velocity_UNCONFIRMED,2026-01-06 19:51:49,0.721,vel_K.csv,sudden_jump
Kamand,velocity_UNCONFIRMED,Kamand_velocity_UNCONFIRMED,2026-01-06 19:52:39,0.788,vel_K.csv,sudden_jump
Kamand,velocity_UNCONFIRMED,Kamand_velocity_UNCONFIRMED,2026-01-06 19:52:44,0.856,vel_K.csv,sudden_jump
Kamand,velocity_UNCONFIRMED,Kamand_velocity_UNCONFIRMED,2026-01-06 19:53:14,0.776,vel_K.csv,sudden_jump
Kamand,velocity_UNCONFIRMED,Kamand_velocity_UNCONFIRMED,2026-01-06 19:53:19,0.844,vel_K.csv,sudden_jump
Kamand,velocity_UNCONFIRMED,Kamand_velocity_UNCONFIRMED,2026-01-06 19:53:24,0.892,vel_K.csv,sudden_jump
Kamand,velocity_UNCONFIRMED,Kamand_velocity_UNCONFIRMED,2026-01-06 19:53:29,0.844,vel_K.csv,sudden_jump
Kamand,velocity_UNCONFIRMED,Kamand_velocity_UNCONFIRMED,2026-01-06 19:53:39,0.901,vel_K.csv,sudden_jump
Kamand,velocity_UNCONFIRMED,Kamand_velocity_UNCONFIRMED,2026-01-06 19:53:44,0.815,vel_K.csv,sudden_jump
Kamand,velocity_UNCONFIRMED,Kamand_velocity_UNCONFIRMED,2026-01-06 19:53:49,0.865,vel_K.csv,sudden_jump
Kamand,velocity_UNCONFIRMED,Kamand_velocity_UNCONFIRMED,2026-01-06 19:54:09,0.954,vel_K.csv,sudden_jump
Kamand,velocity_UNCONFIRMED,Kamand_velocity_UNCONFIRMED,2026-01-06 19:54:19,0.89,vel_K.csv,sudden_jump
Kamand,velocity_UNCONFIRMED,Kamand_velocity_UNCONFIRMED,2026-01-06 19:54:24,0.841,vel_K.csv,sudden_jump
Kamand,velocity_UNCONFIRMED,Kamand_velocity_UNCONFIRMED,2026-01-06 19:54:59,0.864,vel_K.csv,sudden_jump
Kamand,velocity_UNCONFIRMED,Kamand_velocity_UNCONFIRMED,2026-01-06 19:55:19,0.91,vel_K.csv,sudden_jump
Kamand,velocity_UNCONFIRMED,Kamand_velocity_UNCONFIRMED,2026-01-06 19:55:34,0.991,vel_K.csv,sudden_jump
Kamand,velocity_UNCONFIRMED,Kamand_velocity_UNCONFIRMED,2026-01-06 19:55:39,0.927,vel_K.csv,sudden_jump
Kamand,velocity_UNCONFIRMED,Kamand_velocity_UNCONFIRMED,2026-01-06 19:56:04,0.813,vel_K.csv,sudden_jump
Kamand,velocity_UNCONFIRMED,Kamand_velocity_UNCONFIRMED,2026-01-06 19:56:34,0.807,vel_K.csv,sudden_jump
Kamand,velocity_UNCONFIRMED,Kamand_velocity_UNCONFIRMED,2026-01-06 19:57:04,0.939,vel_K.csv,sudden_jump
Kamand,velocity_UNCONFIRMED,Kamand_velocity_UNCONFIRMED,2026-01-06 19:57:09,0.791,vel_K.csv,sudden_jump
Kamand,velocity_UNCONFIRMED,Kamand_velocity_UNCONFIRMED,2026-01-06 19:57:14,0.893,vel_K.csv,sudden_jump
Kamand,velocity_UNCONFIRMED,Kamand_velocity_UNCONFIRMED,2026-01-06 19:57:19,0.741,vel_K.csv,sudden_jump
Kamand,velocity_UNCONFIRMED,Kamand_velocity_UNCONFIRMED,2026-01-06 19:58:59,0.82,vel_K.csv,sudden_jump
Kamand,velocity_UNCONFIRMED,Kamand_velocity_UNCONFIRMED,2026-01-06 19:59:09,0.899,vel_K.csv,sudden_jump
Kamand,velocity_UNCONFIRMED,Kamand_velocity_UNCONFIRMED,2026-01-06 19:59:44,0.961,vel_K.csv,sudden_jump
Kamand,velocity_UNCONFIRMED,Kamand_velocity_UNCONFIRMED,2026-01-06 19:59:54,0.876,vel_K.csv,sudden_jump
Kamand,velocity_UNCONFIRMED,Kamand_velocity_UNCONFIRMED,2026-01-06 20:00:04,0.827,vel_K.csv,sudden_jump
Kamand,velocity_UNCONFIRMED,Kamand_velocity_UNCONFIRMED,2026-01-06 20:00:09,0.769,vel_K.csv,sudden_jump
Kamand,velocity_UNCONFIRMED,Kamand_velocity_UNCONFIRMED,2026-01-06 20:00:14,0.827,vel_K.csv,sudden_jump
Kamand,velocity_UNCONFIRMED,Kamand_velocity_UNCONFIRMED,2026-01-06 20:00:19,0.769,vel_K.csv,sudden_jump
Kamand,velocity_UNCONFIRMED,Kamand_velocity_UNCONFIRMED,2026-01-06 20:00:24,0.827,vel_K.csv,sudden_jump
Kamand,velocity_UNCONFIRMED,Kamand_velocity_UNCONFIRMED,2026-01-06 20:00:29,0.765,vel_K.csv,sudden_jump
Kamand,velocity_UNCONFIRMED,Kamand_velocity_UNCONFIRMED,2026-01-06 20:00:34,0.874,vel_K.csv,sudden_jump
Kamand,velocity_UNCONFIRMED,Kamand_velocity_UNCONFIRMED,2026-01-06 20:00:39,1.038,vel_K.csv,sudden_jump
Kamand,velocity_UNCONFIRMED,Kamand_velocity_UNCONFIRMED,2026-01-06 20:00:44,0.925,vel_K.csv,sudden_jump
Kamand,velocity_UNCONFIRMED,Kamand_velocity_UNCONFIRMED,2026-01-06 20:00:59,0.778,vel_K.csv,sudden_jump
Kamand,velocity_UNCONFIRMED,Kamand_velocity_UNCONFIRMED,2026-01-06 20:01:24,0.72,vel_K.csv,sudden_jump
Kamand,velocity_UNCONFIRMED,Kamand_velocity_UNCONFIRMED,2026-01-06 20:01:29,0.773,vel_K.csv,sudden_jump
Kamand,velocity_UNCONFIRMED,Kamand_velocity_UNCONFIRMED,2026-01-06 20:04:24,0.915,vel_K.csv,sudden_jump
Kamand,velocity_UNCONFIRMED,Kamand_velocity_UNCONFIRMED,2026-01-06 20:04:39,0.79,vel_K.csv,sudden_jump
Kamand,velocity_UNCONFIRMED,Kamand_velocity_UNCONFIRMED,2026-01-06 20:04:54,0.946,vel_K.csv,sudden_jump
Kamand,velocity_UNCONFIRMED,Kamand_velocity_UNCONFIRMED,2026-01-06 20:04:59,0.809,vel_K.csv,sudden_jump
Kamand,velocity_UNCONFIRMED,Kamand_velocity_UNCONFIRMED,2026-01-06 20:06:29,0.931,vel_K.csv,sudden_jump
Kamand,velocity_UNCONFIRMED,Kamand_velocity_UNCONFIRMED,2026-01-06 20:06:54,0.78,vel_K.csv,sudden_jump
Kamand,velocity_UNCONFIRMED,Kamand_velocity_UNCONFIRMED,2026-01-06 20:07:14,0.826,vel_K.csv,sudden_jump
Kamand,velocity_UNCONFIRMED,Kamand_velocity_UNCONFIRMED,2026-01-06 20:07:24,0.78,vel_K.csv,sudden_jump
Kamand,velocity_UNCONFIRMED,Kamand_velocity_UNCONFIRMED,2026-01-06 20:07:49,0.749,vel_K.csv,sudden_jump
Kamand,velocity_UNCONFIRMED,Kamand_velocity_UNCONFIRMED,2026-01-06 20:07:54,0.795,vel_K.csv,sudden_jump
Kamand,velocity_UNCONFIRMED,Kamand_velocity_UNCONFIRMED,2026-01-06 20:08:04,0.911,vel_K.csv,sudden_jump
Kamand,velocity_UNCONFIRMED,Kamand_velocity_UNCONFIRMED,2026-01-06 20:08:14,0.791,vel_K.csv,sudden_jump
Kamand,velocity_UNCONFIRMED,Kamand_velocity_UNCONFIRMED,2026-01-06 20:08:29,0.766,vel_K.csv,sudden_jump
Kamand,velocity_UNCONFIRMED,Kamand_velocity_UNCONFIRMED,2026-01-06 20:08:34,0.829,vel_K.csv,sudden_jump
Kamand,velocity_UNCONFIRMED,Kamand_velocity_UNCONFIRMED,2026-01-06 20:08:39,0.766,vel_K.csv,sudden_jump
Kamand,velocity_UNCONFIRMED,Kamand_velocity_UNCONFIRMED,2026-01-06 20:08:49,0.829,vel_K.csv,sudden_jump
Kamand,velocity_UNCONFIRMED,Kamand_velocity_UNCONFIRMED,2026-01-06 20:08:59,0.772,vel_K.csv,sudden_jump
Kamand,velocity_UNCONFIRMED,Kamand_velocity_UNCONFIRMED,2026-01-06 20:09:04,0.716,vel_K.csv,sudden_jump
Kamand,velocity_UNCONFIRMED,Kamand_velocity_UNCONFIRMED,2026-01-06 20:09:14,0.791,vel_K.csv,sudden_jump
Kamand,velocity_UNCONFIRMED,Kamand_velocity_UNCONFIRMED,2026-01-06 20:10:54,0.789,vel_K.csv,sudden_jump
Kamand,velocity_UNCONFIRMED,Kamand_velocity_UNCONFIRMED,2026-01-06 20:11:04,0.848,vel_K.csv,sudden_jump
Kamand,velocity_UNCONFIRMED,Kamand_velocity_UNCONFIRMED,2026-01-06 20:11:59,0.796,vel_K.csv,sudden_jump
Kamand,velocity_UNCONFIRMED,Kamand_velocity_UNCONFIRMED,2026-01-06 20:12:59,0.9,vel_K.csv,sudden_jump
Kamand,velocity_UNCONFIRMED,Kamand_velocity_UNCONFIRMED,2026-01-06 20:13:09,0.799,vel_K.csv,sudden_jump
Kamand,velocity_UNCONFIRMED,Kamand_velocity_UNCONFIRMED,2026-01-06 20:13:19,0.962,vel_K.csv,sudden_jump
Kamand,velocity_UNCONFIRMED,Kamand_velocity_UNCONFIRMED,2026-01-06 20:13:34,0.777,vel_K.csv,sudden_jump
Kamand,velocity_UNCONFIRMED,Kamand_velocity_UNCONFIRMED,2026-01-06 20:16:14,0.821,vel_K.csv,sudden_jump
Kamand,velocity_UNCONFIRMED,Kamand_velocity_UNCONFIRMED,2026-01-06 20:16:19,0.918,vel_K.csv,sudden_jump
Kamand,velocity_UNCONFIRMED,Kamand_velocity_UNCONFIRMED,2026-01-06 20:16:24,0.836,vel_K.csv,sudden_jump
Kamand,velocity_UNCONFIRMED,Kamand_velocity_UNCONFIRMED,2026-01-06 20:16:29,0.918,vel_K.csv,sudden_jump
Kamand,velocity_UNCONFIRMED,Kamand_velocity_UNCONFIRMED,2026-01-06 20:16:44,0.973,vel_K.csv,sudden_jump
Kamand,velocity_UNCONFIRMED,Kamand_velocity_UNCONFIRMED,2026-01-06 20:16:54,1.033,vel_K.csv,sudden_jump
Kamand,velocity_UNCONFIRMED,Kamand_velocity_UNCONFIRMED,2026-01-06 20:16:59,0.986,vel_K.csv,sudden_jump
Kamand,velocity_UNCONFIRMED,Kamand_velocity_UNCONFIRMED,2026-01-06 20:17:34,0.852,vel_K.csv,sudden_jump
Kamand,velocity_UNCONFIRMED,Kamand_velocity_UNCONFIRMED,2026-01-06 20:17:44,0.821,vel_K.csv,sudden_jump
Kamand,velocity_UNCONFIRMED,Kamand_velocity_UNCONFIRMED,2026-01-06 20:20:04,0.845,vel_K.csv,sudden_jump
Kamand,velocity_UNCONFIRMED,Kamand_velocity_UNCONFIRMED,2026-01-06 20:20:29,0.789,vel_K.csv,sudden_jump
Kamand,velocity_UNCONFIRMED,Kamand_velocity_UNCONFIRMED,2026-01-06 20:21:09,0.852,vel_K.csv,sudden_jump
Kamand,velocity_UNCONFIRMED,Kamand_velocity_UNCONFIRMED,2026-01-06 20:21:14,0.916,vel_K.csv,sudden_jump
Kamand,velocity_UNCONFIRMED,Kamand_velocity_UNCONFIRMED,2026-01-06 20:21:34,0.973,vel_K.csv,sudden_jump
Kamand,velocity_UNCONFIRMED,Kamand_velocity_UNCONFIRMED,2026-01-06 20:21:44,0.925,vel_K.csv,sudden_jump
Kamand,velocity_UNCONFIRMED,Kamand_velocity_UNCONFIRMED,2026-01-06 20:21:49,0.973,vel_K.csv,sudden_jump
Kamand,velocity_UNCONFIRMED,Kamand_velocity_UNCONFIRMED,2026-01-06 20:21:54,0.925,vel_K.csv,sudden_jump
Kamand,velocity_UNCONFIRMED,Kamand_velocity_UNCONFIRMED,2026-01-06 20:22:24,0.79,vel_K.csv,sudden_jump
Kamand,velocity_UNCONFIRMED,Kamand_velocity_UNCONFIRMED,2026-01-06 20:22:34,0.721,vel_K.csv,sudden_jump
Kamand,velocity_UNCONFIRMED,Kamand_velocity_UNCONFIRMED,2026-01-06 20:22:39,0.79,vel_K.csv,sudden_jump
Kamand,velocity_UNCONFIRMED,Kamand_velocity_UNCONFIRMED,2026-01-06 20:22:59,0.729,vel_K.csv,sudden_jump
Kamand,velocity_UNCONFIRMED,Kamand_velocity_UNCONFIRMED,2026-01-06 20:28:24,0.907,vel_K.csv,sudden_jump
Kamand,velocity_UNCONFIRMED,Kamand_velocity_UNCONFIRMED,2026-01-06 20:28:29,0.827,vel_K.csv,sudden_jump
Kamand,velocity_UNCONFIRMED,Kamand_velocity_UNCONFIRMED,2026-01-06 20:28:39,0.907,vel_K.csv,sudden_jump
Kamand,velocity_UNCONFIRMED,Kamand_velocity_UNCONFIRMED,2026-01-06 20:28:44,0.819,vel_K.csv,sudden_jump
Kamand,velocity_UNCONFIRMED,Kamand_velocity_UNCONFIRMED,2026-01-06 20:28:49,0.909,vel_K.csv,sudden_jump
Kamand,velocity_UNCONFIRMED,Kamand_velocity_UNCONFIRMED,2026-01-06 20:28:54,0.819,vel_K.csv,sudden_jump
Kamand,velocity_UNCONFIRMED,Kamand_velocity_UNCONFIRMED,2026-01-06 20:29:04,0.797,vel_K.csv,sudden_jump
Kamand,velocity_UNCONFIRMED,Kamand_velocity_UNCONFIRMED,2026-01-06 20:29:09,0.887,vel_K.csv,sudden_jump
Kamand,velocity_UNCONFIRMED,Kamand_velocity_UNCONFIRMED,2026-01-06 20:30:19,0.832,vel_K.csv,sudden_jump
Kamand,velocity_UNCONFIRMED,Kamand_velocity_UNCONFIRMED,2026-01-06 20:30:29,1.0,vel_K.csv,sudden_jump
Kamand,velocity_UNCONFIRMED,Kamand_velocity_UNCONFIRMED,2026-01-06 20:30:34,0.86,vel_K.csv,sudden_jump
Kamand,velocity_UNCONFIRMED,Kamand_velocity_UNCONFIRMED,2026-01-06 20:30:39,0.743,vel_K.csv,sudden_jump
Kamand,velocity_UNCONFIRMED,Kamand_velocity_UNCONFIRMED,2026-01-06 20:31:19,0.812,vel_K.csv,sudden_jump
Kamand,velocity_UNCONFIRMED,Kamand_velocity_UNCONFIRMED,2026-01-06 20:31:24,0.751,vel_K.csv,sudden_jump
Kamand,velocity_UNCONFIRMED,Kamand_velocity_UNCONFIRMED,2026-01-06 20:31:54,0.812,vel_K.csv,sudden_jump
Kamand,velocity_UNCONFIRMED,Kamand_velocity_UNCONFIRMED,2026-01-06 20:32:14,0.76,vel_K.csv,sudden_jump
Kamand,velocity_UNCONFIRMED,Kamand_velocity_UNCONFIRMED,2026-01-06 20:32:29,0.85,vel_K.csv,sudden_jump
Kamand,velocity_UNCONFIRMED,Kamand_velocity_UNCONFIRMED,2026-01-06 20:32:34,0.795,vel_K.csv,sudden_jump
Kamand,velocity_UNCONFIRMED,Kamand_velocity_UNCONFIRMED,2026-01-06 20:32:44,0.85,vel_K.csv,sudden_jump
Kamand,velocity_UNCONFIRMED,Kamand_velocity_UNCONFIRMED,2026-01-06 20:32:54,0.795,vel_K.csv,sudden_jump
Kamand,velocity_UNCONFIRMED,Kamand_velocity_UNCONFIRMED,2026-01-06 20:32:59,0.851,vel_K.csv,sudden_jump
Kamand,velocity_UNCONFIRMED,Kamand_velocity_UNCONFIRMED,2026-01-06 20:33:29,0.798,vel_K.csv,sudden_jump
Kamand,velocity_UNCONFIRMED,Kamand_velocity_UNCONFIRMED,2026-01-06 20:33:39,0.845,vel_K.csv,sudden_jump
Kamand,velocity_UNCONFIRMED,Kamand_velocity_UNCONFIRMED,2026-01-06 20:33:44,0.798,vel_K.csv,sudden_jump
Kamand,velocity_UNCONFIRMED,Kamand_velocity_UNCONFIRMED,2026-01-06 20:34:49,0.76,vel_K.csv,sudden_jump
Kamand,velocity_UNCONFIRMED,Kamand_velocity_UNCONFIRMED,2026-01-06 20:35:09,0.814,vel_K.csv,sudden_jump
Kamand,velocity_UNCONFIRMED,Kamand_velocity_UNCONFIRMED,2026-01-06 20:35:19,0.896,vel_K.csv,sudden_jump
Kamand,velocity_UNCONFIRMED,Kamand_velocity_UNCONFIRMED,2026-01-06 20:35:54,0.914,vel_K.csv,sudden_jump
Kamand,velocity_UNCONFIRMED,Kamand_velocity_UNCONFIRMED,2026-01-06 20:36:09,0.852,vel_K.csv,sudden_jump
Kamand,velocity_UNCONFIRMED,Kamand_velocity_UNCONFIRMED,2026-01-06 20:36:14,0.776,vel_K.csv,sudden_jump
Kamand,velocity_UNCONFIRMED,Kamand_velocity_UNCONFIRMED,2026-01-06 20:37:39,0.791,vel_K.csv,sudden_jump
Kamand,velocity_UNCONFIRMED,Kamand_velocity_UNCONFIRMED,2026-01-06 20:37:59,0.762,vel_K.csv,sudden_jump
Kamand,velocity_UNCONFIRMED,Kamand_velocity_UNCONFIRMED,2026-01-06 20:40:34,0.847,vel_K.csv,sudden_jump
Kamand,velocity_UNCONFIRMED,Kamand_velocity_UNCONFIRMED,2026-01-06 20:40:44,0.795,vel_K.csv,sudden_jump
Kamand,velocity_UNCONFIRMED,Kamand_velocity_UNCONFIRMED,2026-01-06 20:42:24,0.898,vel_K.csv,sudden_jump
Kamand,velocity_UNCONFIRMED,Kamand_velocity_UNCONFIRMED,2026-01-06 20:43:24,0.926,vel_K.csv,sudden_jump
Kamand,velocity_UNCONFIRMED,Kamand_velocity_UNCONFIRMED,2026-01-06 20:43:44,0.847,vel_K.csv,sudden_jump
Kamand,velocity_UNCONFIRMED,Kamand_velocity_UNCONFIRMED,2026-01-06 20:43:59,0.903,vel_K.csv,sudden_jump
Kamand,velocity_UNCONFIRMED,Kamand_velocity_UNCONFIRMED,2026-01-06 20:44:04,0.824,vel_K.csv,sudden_jump
Kamand,velocity_UNCONFIRMED,Kamand_velocity_UNCONFIRMED,2026-01-06 20:44:09,0.903,vel_K.csv,sudden_jump
Kamand,velocity_UNCONFIRMED,Kamand_velocity_UNCONFIRMED,2026-01-06 20:44:19,0.824,vel_K.csv,sudden_jump
Kamand,velocity_UNCONFIRMED,Kamand_velocity_UNCONFIRMED,2026-01-06 20:44:59,0.749,vel_K.csv,sudden_jump
Kamand,velocity_UNCONFIRMED,Kamand_velocity_UNCONFIRMED,2026-01-06 20:45:24,0.78,vel_K.csv,sudden_jump
Kamand,velocity_UNCONFIRMED,Kamand_velocity_UNCONFIRMED,2026-01-06 20:45:29,0.73,vel_K.csv,sudden_jump
Kamand,velocity_UNCONFIRMED,Kamand_velocity_UNCONFIRMED,2026-01-06 20:45:44,0.795,vel_K.csv,sudden_jump
Kamand,velocity_UNCONFIRMED,Kamand_velocity_UNCONFIRMED,2026-01-06 20:46:04,0.859,vel_K.csv,sudden_jump
Kamand,velocity_UNCONFIRMED,Kamand_velocity_UNCONFIRMED,2026-01-06 20:46:14,0.808,vel_K.csv,sudden_jump
Kamand,velocity_UNCONFIRMED,Kamand_velocity_UNCONFIRMED,2026-01-06 20:46:19,0.749,vel_K.csv,sudden_jump
Kamand,velocity_UNCONFIRMED,Kamand_velocity_UNCONFIRMED,2026-01-06 20:46:29,0.815,vel_K.csv,sudden_jump
Kamand,velocity_UNCONFIRMED,Kamand_velocity_UNCONFIRMED,2026-01-06 20:46:34,0.904,vel_K.csv,sudden_jump
Kamand,velocity_UNCONFIRMED,Kamand_velocity_UNCONFIRMED,2026-01-06 20:46:39,0.815,vel_K.csv,sudden_jump
Kamand,velocity_UNCONFIRMED,Kamand_velocity_UNCONFIRMED,2026-01-06 20:46:49,0.904,vel_K.csv,sudden_jump
Kamand,velocity_UNCONFIRMED,Kamand_velocity_UNCONFIRMED,2026-01-06 20:46:54,1.059,vel_K.csv,sudden_jump
Kamand,velocity_UNCONFIRMED,Kamand_velocity_UNCONFIRMED,2026-01-06 20:47:04,0.911,vel_K.csv,sudden_jump
Kamand,velocity_UNCONFIRMED,Kamand_velocity_UNCONFIRMED,2026-01-06 20:47:34,0.802,vel_K.csv,sudden_jump
Kamand,velocity_UNCONFIRMED,Kamand_velocity_UNCONFIRMED,2026-01-06 20:47:39,0.868,vel_K.csv,sudden_jump
Kamand,velocity_UNCONFIRMED,Kamand_velocity_UNCONFIRMED,2026-01-06 20:47:44,0.795,vel_K.csv,sudden_jump
Kamand,velocity_UNCONFIRMED,Kamand_velocity_UNCONFIRMED,2026-01-06 20:47:54,0.708,vel_K.csv,sudden_jump
Kamand,velocity_UNCONFIRMED,Kamand_velocity_UNCONFIRMED,2026-01-06 20:48:19,0.764,vel_K.csv,sudden_jump
Kamand,velocity_UNCONFIRMED,Kamand_velocity_UNCONFIRMED,2026-01-06 20:48:24,0.811,vel_K.csv,sudden_jump
Kamand,velocity_UNCONFIRMED,Kamand_velocity_UNCONFIRMED,2026-01-06 20:48:29,0.764,vel_K.csv,sudden_jump
Kamand,velocity_UNCONFIRMED,Kamand_velocity_UNCONFIRMED,2026-01-06 20:50:24,0.842,vel_K.csv,sudden_jump
Kamand,velocity_UNCONFIRMED,Kamand_velocity_UNCONFIRMED,2026-01-06 20:50:34,0.885,vel_K.csv,sudden_jump
Kamand,velocity_UNCONFIRMED,Kamand_velocity_UNCONFIRMED,2026-01-06 20:50:44,0.813,vel_K.csv,sudden_jump
Kamand,velocity_UNCONFIRMED,Kamand_velocity_UNCONFIRMED,2026-01-06 20:50:54,0.875,vel_K.csv,sudden_jump
Kamand,velocity_UNCONFIRMED,Kamand_velocity_UNCONFIRMED,2026-01-06 20:51:14,0.774,vel_K.csv,sudden_jump
Kamand,velocity_UNCONFIRMED,Kamand_velocity_UNCONFIRMED,2026-01-06 20:52:29,0.827,vel_K.csv,sudden_jump
Kamand,velocity_UNCONFIRMED,Kamand_velocity_UNCONFIRMED,2026-01-06 20:52:49,0.763,vel_K.csv,sudden_jump
Kamand,velocity_UNCONFIRMED,Kamand_velocity_UNCONFIRMED,2026-01-06 20:53:14,0.725,vel_K.csv,sudden_jump
Kamand,velocity_UNCONFIRMED,Kamand_velocity_UNCONFIRMED,2026-01-06 20:58:59,0.904,vel_K.csv,sudden_jump
Kamand,velocity_UNCONFIRMED,Kamand_velocity_UNCONFIRMED,2026-01-06 20:59:24,0.84,vel_K.csv,sudden_jump
Kamand,velocity_UNCONFIRMED,Kamand_velocity_UNCONFIRMED,2026-01-06 20:59:39,0.728,vel_K.csv,sudden_jump
Kamand,velocity_UNCONFIRMED,Kamand_velocity_UNCONFIRMED,2026-01-06 21:01:14,0.799,vel_K.csv,sudden_jump
Kamand,velocity_UNCONFIRMED,Kamand_velocity_UNCONFIRMED,2026-01-06 21:01:29,0.919,vel_K.csv,sudden_jump
Kamand,velocity_UNCONFIRMED,Kamand_velocity_UNCONFIRMED,2026-01-06 21:01:34,0.811,vel_K.csv,sudden_jump
Kamand,velocity_UNCONFIRMED,Kamand_velocity_UNCONFIRMED,2026-01-06 21:01:54,0.91,vel_K.csv,sudden_jump
Kamand,velocity_UNCONFIRMED,Kamand_velocity_UNCONFIRMED,2026-01-06 21:01:59,0.841,vel_K.csv,sudden_jump
Kamand,velocity_UNCONFIRMED,Kamand_velocity_UNCONFIRMED,2026-01-06 21:02:44,0.81,vel_K.csv,sudden_jump
Kamand,velocity_UNCONFIRMED,Kamand_velocity_UNCONFIRMED,2026-01-06 21:02:49,0.88,vel_K.csv,sudden_jump
Kamand,velocity_UNCONFIRMED,Kamand_velocity_UNCONFIRMED,2026-01-06 21:02:54,0.81,vel_K.csv,sudden_jump
Kamand,velocity_UNCONFIRMED,Kamand_velocity_UNCONFIRMED,2026-01-06 21:03:19,1.007,vel_K.csv,sudden_jump
Kamand,velocity_UNCONFIRMED,Kamand_velocity_UNCONFIRMED,2026-01-06 21:03:24,0.82,vel_K.csv,sudden_jump
Kamand,velocity_UNCONFIRMED,Kamand_velocity_UNCONFIRMED,2026-01-06 21:04:34,0.976,vel_K.csv,sudden_jump
Kamand,velocity_UNCONFIRMED,Kamand_velocity_UNCONFIRMED,2026-01-06 21:04:49,0.808,vel_K.csv,sudden_jump
Kamand,velocity_UNCONFIRMED,Kamand_velocity_UNCONFIRMED,2026-01-06 21:05:54,0.884,vel_K.csv,sudden_jump
Kamand,velocity_UNCONFIRMED,Kamand_velocity_UNCONFIRMED,2026-01-06 21:05:59,1.021,vel_K.csv,sudden_jump
Kamand,velocity_UNCONFIRMED,Kamand_velocity_UNCONFIRMED,2026-01-06 21:06:34,0.979,vel_K.csv,sudden_jump
Kamand,velocity_UNCONFIRMED,Kamand_velocity_UNCONFIRMED,2026-01-06 21:06:44,0.888,vel_K.csv,sudden_jump
Kamand,velocity_UNCONFIRMED,Kamand_velocity_UNCONFIRMED,2026-01-06 21:06:54,0.837,vel_K.csv,sudden_jump
Kamand,velocity_UNCONFIRMED,Kamand_velocity_UNCONFIRMED,2026-01-06 21:06:59,0.769,vel_K.csv,sudden_jump
Kamand,velocity_UNCONFIRMED,Kamand_velocity_UNCONFIRMED,2026-01-06 21:07:04,0.837,vel_K.csv,sudden_jump
Kamand,velocity_UNCONFIRMED,Kamand_velocity_UNCONFIRMED,2026-01-06 21:07:14,0.771,vel_K.csv,sudden_jump
Kamand,velocity_UNCONFIRMED,Kamand_velocity_UNCONFIRMED,2026-01-06 21:07:34,0.798,vel_K.csv,sudden_jump
Kamand,velocity_UNCONFIRMED,Kamand_velocity_UNCONFIRMED,2026-01-06 21:07:44,0.913,vel_K.csv,sudden_jump
Kamand,velocity_UNCONFIRMED,Kamand_velocity_UNCONFIRMED,2026-01-06 21:08:09,0.866,vel_K.csv,sudden_jump
Kamand,velocity_UNCONFIRMED,Kamand_velocity_UNCONFIRMED,2026-01-06 21:08:34,0.827,vel_K.csv,sudden_jump
Kamand,velocity_UNCONFIRMED,Kamand_velocity_UNCONFIRMED,2026-01-06 21:09:09,0.796,vel_K.csv,sudden_jump
Kamand,velocity_UNCONFIRMED,Kamand_velocity_UNCONFIRMED,2026-01-06 21:09:39,0.922,vel_K.csv,sudden_jump
Kamand,velocity_UNCONFIRMED,Kamand_velocity_UNCONFIRMED,2026-01-06 21:09:44,1.005,vel_K.csv,sudden_jump
Kamand,velocity_UNCONFIRMED,Kamand_velocity_UNCONFIRMED,2026-01-06 21:09:49,0.908,vel_K.csv,sudden_jump
Kamand,velocity_UNCONFIRMED,Kamand_velocity_UNCONFIRMED,2026-01-06 21:09:54,1.002,vel_K.csv,sudden_jump
Kamand,velocity_UNCONFIRMED,Kamand_velocity_UNCONFIRMED,2026-01-06 21:09:59,0.867,vel_K.csv,sudden_jump
Kamand,velocity_UNCONFIRMED,Kamand_velocity_UNCONFIRMED,2026-01-06 21:10:04,0.924,vel_K.csv,sudden_jump
Kamand,velocity_UNCONFIRMED,Kamand_velocity_UNCONFIRMED,2026-01-06 21:10:09,0.8,vel_K.csv,sudden_jump
Kamand,velocity_UNCONFIRMED,Kamand_velocity_UNCONFIRMED,2026-01-06 21:10:14,0.859,vel_K.csv,sudden_jump
Kamand,velocity_UNCONFIRMED,Kamand_velocity_UNCONFIRMED,2026-01-06 21:10:54,0.808,vel_K.csv,sudden_jump
Kamand,velocity_UNCONFIRMED,Kamand_velocity_UNCONFIRMED,2026-01-06 21:11:04,0.802,vel_K.csv,sudden_jump
Kamand,velocity_UNCONFIRMED,Kamand_velocity_UNCONFIRMED,2026-01-06 21:11:09,0.853,vel_K.csv,sudden_jump
Kamand,velocity_UNCONFIRMED,Kamand_velocity_UNCONFIRMED,2026-01-06 21:11:59,0.767,vel_K.csv,sudden_jump
Kamand,velocity_UNCONFIRMED,Kamand_velocity_UNCONFIRMED,2026-01-06 21:12:24,0.794,vel_K.csv,sudden_jump
Kamand,velocity_UNCONFIRMED,Kamand_velocity_UNCONFIRMED,2026-01-06 21:12:59,0.831,vel_K.csv,sudden_jump
Kamand,velocity_UNCONFIRMED,Kamand_velocity_UNCONFIRMED,2026-01-06 21:13:04,0.894,vel_K.csv,sudden_jump
Kamand,velocity_UNCONFIRMED,Kamand_velocity_UNCONFIRMED,2026-01-06 21:13:09,0.831,vel_K.csv,sudden_jump
Kamand,velocity_UNCONFIRMED,Kamand_velocity_UNCONFIRMED,2026-01-06 21:13:19,0.768,vel_K.csv,sudden_jump
Kamand,velocity_UNCONFIRMED,Kamand_velocity_UNCONFIRMED,2026-01-06 21:14:19,0.818,vel_K.csv,sudden_jump
Kamand,velocity_UNCONFIRMED,Kamand_velocity_UNCONFIRMED,2026-01-06 21:14:54,0.785,vel_K.csv,sudden_jump
Kamand,velocity_UNCONFIRMED,Kamand_velocity_UNCONFIRMED,2026-01-06 21:17:09,1.01,vel_K.csv,sudden_jump
Kamand,velocity_UNCONFIRMED,Kamand_velocity_UNCONFIRMED,2026-01-06 21:17:24,0.921,vel_K.csv,sudden_jump
Kamand,velocity_UNCONFIRMED,Kamand_velocity_UNCONFIRMED,2026-01-06 21:17:29,0.83,vel_K.csv,sudden_jump
Kamand,velocity_UNCONFIRMED,Kamand_velocity_UNCONFIRMED,2026-01-06 21:17:34,0.723,vel_K.csv,sudden_jump
Kamand,velocity_UNCONFIRMED,Kamand_velocity_UNCONFIRMED,2026-01-06 21:19:24,0.872,vel_K.csv,sudden_jump
Kamand,velocity_UNCONFIRMED,Kamand_velocity_UNCONFIRMED,2026-01-06 21:19:29,0.789,vel_K.csv,sudden_jump
Kamand,velocity_UNCONFIRMED,Kamand_velocity_UNCONFIRMED,2026-01-06 21:20:39,0.812,vel_K.csv,sudden_jump
Kamand,velocity_UNCONFIRMED,Kamand_velocity_UNCONFIRMED,2026-01-06 21:20:44,0.877,vel_K.csv,sudden_jump
Kamand,velocity_UNCONFIRMED,Kamand_velocity_UNCONFIRMED,2026-01-06 21:20:49,0.829,vel_K.csv,sudden_jump
Kamand,velocity_UNCONFIRMED,Kamand_velocity_UNCONFIRMED,2026-01-06 21:21:04,0.932,vel_K.csv,sudden_jump
Kamand,velocity_UNCONFIRMED,Kamand_velocity_UNCONFIRMED,2026-01-06 21:21:09,1.057,vel_K.csv,sudden_jump
Kamand,velocity_UNCONFIRMED,Kamand_velocity_UNCONFIRMED,2026-01-06 21:21:34,0.836,vel_K.csv,sudden_jump
Kamand,velocity_UNCONFIRMED,Kamand_velocity_UNCONFIRMED,2026-01-06 21:21:39,0.78,vel_K.csv,sudden_jump
Kamand,velocity_UNCONFIRMED,Kamand_velocity_UNCONFIRMED,2026-01-06 21:22:24,0.857,vel_K.csv,sudden_jump
Kamand,velocity_UNCONFIRMED,Kamand_velocity_UNCONFIRMED,2026-01-06 21:22:35,1.014,vel_K.csv,sudden_jump
Kamand,velocity_UNCONFIRMED,Kamand_velocity_UNCONFIRMED,2026-01-06 21:22:39,1.074,vel_K.csv,sudden_jump
Kamand,velocity_UNCONFIRMED,Kamand_velocity_UNCONFIRMED,2026-01-06 21:22:54,1.185,vel_K.csv,sudden_jump
Kamand,velocity_UNCONFIRMED,Kamand_velocity_UNCONFIRMED,2026-01-06 21:23:19,1.304,vel_K.csv,sudden_jump
Kamand,velocity_UNCONFIRMED,Kamand_velocity_UNCONFIRMED,2026-01-06 21:23:39,1.129,vel_K.csv,sudden_jump
Kamand,velocity_UNCONFIRMED,Kamand_velocity_UNCONFIRMED,2026-01-06 21:23:44,1.224,vel_K.csv,sudden_jump
Kamand,velocity_UNCONFIRMED,Kamand_velocity_UNCONFIRMED,2026-01-06 21:23:49,1.099,vel_K.csv,sudden_jump
Kamand,velocity_UNCONFIRMED,Kamand_velocity_UNCONFIRMED,2026-01-06 21:23:54,0.971,vel_K.csv,sudden_jump
Kamand,velocity_UNCONFIRMED,Kamand_velocity_UNCONFIRMED,2026-01-06 21:23:59,0.878,vel_K.csv,sudden_jump
Kamand,velocity_UNCONFIRMED,Kamand_velocity_UNCONFIRMED,2026-01-06 21:24:04,0.806,vel_K.csv,sudden_jump
Kamand,velocity_UNCONFIRMED,Kamand_velocity_UNCONFIRMED,2026-01-06 21:26:04,0.788,vel_K.csv,sudden_jump
Kamand,velocity_UNCONFIRMED,Kamand_velocity_UNCONFIRMED,2026-01-06 21:26:19,0.887,vel_K.csv,sudden_jump
Kamand,velocity_UNCONFIRMED,Kamand_velocity_UNCONFIRMED,2026-01-06 21:26:24,0.958,vel_K.csv,sudden_jump
Kamand,velocity_UNCONFIRMED,Kamand_velocity_UNCONFIRMED,2026-01-06 21:26:29,0.887,vel_K.csv,sudden_jump
Kamand,velocity_UNCONFIRMED,Kamand_velocity_UNCONFIRMED,2026-01-06 21:26:39,0.958,vel_K.csv,sudden_jump
Kamand,velocity_UNCONFIRMED,Kamand_velocity_UNCONFIRMED,2026-01-06 21:26:44,1.019,vel_K.csv,sudden_jump
Kamand,velocity_UNCONFIRMED,Kamand_velocity_UNCONFIRMED,2026-01-06 21:26:49,0.958,vel_K.csv,sudden_jump
Kamand,velocity_UNCONFIRMED,Kamand_velocity_UNCONFIRMED,2026-01-06 21:27:04,1.096,vel_K.csv,sudden_jump
Kamand,velocity_UNCONFIRMED,Kamand_velocity_UNCONFIRMED,2026-01-06 21:27:14,0.902,vel_K.csv,sudden_jump
Kamand,velocity_UNCONFIRMED,Kamand_velocity_UNCONFIRMED,2026-01-06 21:27:19,0.737,vel_K.csv,sudden_jump
Kamand,velocity_UNCONFIRMED,Kamand_velocity_UNCONFIRMED,2026-01-06 21:29:14,0.77,vel_K.csv,sudden_jump
Kamand,velocity_UNCONFIRMED,Kamand_velocity_UNCONFIRMED,2026-01-06 21:29:44,0.833,vel_K.csv,sudden_jump
Kamand,velocity_UNCONFIRMED,Kamand_velocity_UNCONFIRMED,2026-01-06 21:29:59,0.743,vel_K.csv,sudden_jump
Kamand,velocity_UNCONFIRMED,Kamand_velocity_UNCONFIRMED,2026-01-06 21:30:35,0.823,vel_K.csv,sudden_jump
Kamand,velocity_UNCONFIRMED,Kamand_velocity_UNCONFIRMED,2026-01-06 21:30:44,0.727,vel_K.csv,sudden_jump
Kamand,velocity_UNCONFIRMED,Kamand_velocity_UNCONFIRMED,2026-01-06 21:30:49,0.678,vel_K.csv,sudden_jump
Kamand,velocity_UNCONFIRMED,Kamand_velocity_UNCONFIRMED,2026-01-06 21:30:54,0.736,vel_K.csv,sudden_jump
Kamand,velocity_UNCONFIRMED,Kamand_velocity_UNCONFIRMED,2026-01-06 21:31:04,0.874,vel_K.csv,sudden_jump
Kamand,velocity_UNCONFIRMED,Kamand_velocity_UNCONFIRMED,2026-01-06 21:31:09,0.745,vel_K.csv,sudden_jump
Kamand,velocity_UNCONFIRMED,Kamand_velocity_UNCONFIRMED,2026-01-06 21:31:24,0.826,vel_K.csv,sudden_jump
Kamand,velocity_UNCONFIRMED,Kamand_velocity_UNCONFIRMED,2026-01-06 21:31:29,0.745,vel_K.csv,sudden_jump
Kamand,velocity_UNCONFIRMED,Kamand_velocity_UNCONFIRMED,2026-01-06 21:31:39,0.699,vel_K.csv,sudden_jump
Kamand,velocity_UNCONFIRMED,Kamand_velocity_UNCONFIRMED,2026-01-06 21:31:44,0.75,vel_K.csv,sudden_jump
Kamand,velocity_UNCONFIRMED,Kamand_velocity_UNCONFIRMED,2026-01-06 21:31:49,0.832,vel_K.csv,sudden_jump
Kamand,velocity_UNCONFIRMED,Kamand_velocity_UNCONFIRMED,2026-01-06 21:31:54,0.778,vel_K.csv,sudden_jump
Kamand,velocity_UNCONFIRMED,Kamand_velocity_UNCONFIRMED,2026-01-06 21:31:59,0.832,vel_K.csv,sudden_jump
Kamand,velocity_UNCONFIRMED,Kamand_velocity_UNCONFIRMED,2026-01-06 21:32:04,0.778,vel_K.csv,sudden_jump
Kamand,velocity_UNCONFIRMED,Kamand_velocity_UNCONFIRMED,2026-01-06 21:32:29,0.835,vel_K.csv,sudden_jump
Kamand,velocity_UNCONFIRMED,Kamand_velocity_UNCONFIRMED,2026-01-06 21:33:29,0.776,vel_K.csv,sudden_jump
Kamand,velocity_UNCONFIRMED,Kamand_velocity_UNCONFIRMED,2026-01-06 21:33:49,0.721,vel_K.csv,sudden_jump
Kamand,velocity_UNCONFIRMED,Kamand_velocity_UNCONFIRMED,2026-01-06 21:36:59,0.894,vel_K.csv,sudden_jump
Kamand,velocity_UNCONFIRMED,Kamand_velocity_UNCONFIRMED,2026-01-06 21:37:04,0.951,vel_K.csv,sudden_jump
Kamand,velocity_UNCONFIRMED,Kamand_velocity_UNCONFIRMED,2026-01-06 21:37:19,0.85,vel_K.csv,sudden_jump
Kamand,velocity_UNCONFIRMED,Kamand_velocity_UNCONFIRMED,2026-01-06 21:37:39,0.739,vel_K.csv,sudden_jump
Kamand,velocity_UNCONFIRMED,Kamand_velocity_UNCONFIRMED,2026-01-06 21:39:34,0.793,vel_K.csv,sudden_jump
Kamand,velocity_UNCONFIRMED,Kamand_velocity_UNCONFIRMED,2026-01-06 21:39:44,0.854,vel_K.csv,sudden_jump
Kamand,velocity_UNCONFIRMED,Kamand_velocity_UNCONFIRMED,2026-01-06 21:39:59,0.751,vel_K.csv,sudden_jump
Kamand,velocity_UNCONFIRMED,Kamand_velocity_UNCONFIRMED,2026-01-06 21:40:24,0.795,vel_K.csv,sudden_jump
Kamand,velocity_UNCONFIRMED,Kamand_velocity_UNCONFIRMED,2026-01-06 21:40:44,0.734,vel_K.csv,sudden_jump
Kamand,velocity_UNCONFIRMED,Kamand_velocity_UNCONFIRMED,2026-01-06 21:41:04,0.798,vel_K.csv,sudden_jump
Kamand,velocity_UNCONFIRMED,Kamand_velocity_UNCONFIRMED,2026-01-06 21:42:44,0.857,vel_K.csv,sudden_jump
Kamand,velocity_UNCONFIRMED,Kamand_velocity_UNCONFIRMED,2026-01-06 21:43:09,0.779,vel_K.csv,sudden_jump
Kamand,velocity_UNCONFIRMED,Kamand_velocity_UNCONFIRMED,2026-01-06 21:45:09,0.778,vel_K.csv,sudden_jump
Kamand,velocity_UNCONFIRMED,Kamand_velocity_UNCONFIRMED,2026-01-06 21:45:59,0.855,vel_K.csv,sudden_jump
Kamand,velocity_UNCONFIRMED,Kamand_velocity_UNCONFIRMED,2026-01-06 21:46:04,0.931,vel_K.csv,sudden_jump
Kamand,velocity_UNCONFIRMED,Kamand_velocity_UNCONFIRMED,2026-01-06 21:46:09,0.88,vel_K.csv,sudden_jump
Kamand,velocity_UNCONFIRMED,Kamand_velocity_UNCONFIRMED,2026-01-06 21:46:59,0.904,vel_K.csv,sudden_jump
Kamand,velocity_UNCONFIRMED,Kamand_velocity_UNCONFIRMED,2026-01-06 21:47:09,0.954,vel_K.csv,sudden_jump
Kamand,velocity_UNCONFIRMED,Kamand_velocity_UNCONFIRMED,2026-01-06 21:47:19,0.915,vel_K.csv,sudden_jump
Kamand,velocity_UNCONFIRMED,Kamand_velocity_UNCONFIRMED,2026-01-06 21:47:44,1.033,vel_K.csv,sudden_jump
Kamand,velocity_UNCONFIRMED,Kamand_velocity_UNCONFIRMED,2026-01-06 21:47:49,1.213,vel_K.csv,sudden_jump
Kamand,velocity_UNCONFIRMED,Kamand_velocity_UNCONFIRMED,2026-01-06 21:47:54,0.916,vel_K.csv,sudden_jump
Kamand,velocity_UNCONFIRMED,Kamand_velocity_UNCONFIRMED,2026-01-06 21:48:04,1.154,vel_K.csv,sudden_jump
Kamand,velocity_UNCONFIRMED,Kamand_velocity_UNCONFIRMED,2026-01-06 21:48:09,0.855,vel_K.csv,sudden_jump
Kamand,velocity_UNCONFIRMED,Kamand_velocity_UNCONFIRMED,2026-01-06 21:48:14,0.806,vel_K.csv,sudden_jump
Kamand,velocity_UNCONFIRMED,Kamand_velocity_UNCONFIRMED,2026-01-06 21:52:24,0.832,vel_K.csv,sudden_jump
Kamand,velocity_UNCONFIRMED,Kamand_velocity_UNCONFIRMED,2026-01-06 21:52:29,0.885,vel_K.csv,sudden_jump
Kamand,velocity_UNCONFIRMED,Kamand_velocity_UNCONFIRMED,2026-01-06 21:52:39,0.945,vel_K.csv,sudden_jump
Kamand,velocity_UNCONFIRMED,Kamand_velocity_UNCONFIRMED,2026-01-06 21:53:09,0.976,vel_K.csv,sudden_jump
Kamand,velocity_UNCONFIRMED,Kamand_velocity_UNCONFIRMED,2026-01-06 21:53:14,0.915,vel_K.csv,sudden_jump
Kamand,velocity_UNCONFIRMED,Kamand_velocity_UNCONFIRMED,2026-01-06 21:53:19,0.976,vel_K.csv,sudden_jump
Kamand,velocity_UNCONFIRMED,Kamand_velocity_UNCONFIRMED,2026-01-06 21:53:24,0.891,vel_K.csv,sudden_jump
Kamand,velocity_UNCONFIRMED,Kamand_velocity_UNCONFIRMED,2026-01-06 21:53:29,0.829,vel_K.csv,sudden_jump
Kamand,velocity_UNCONFIRMED,Kamand_velocity_UNCONFIRMED,2026-01-06 21:53:34,0.78,vel_K.csv,sudden_jump
Kamand,velocity_UNCONFIRMED,Kamand_velocity_UNCONFIRMED,2026-01-06 21:53:44,0.829,vel_K.csv,sudden_jump
Kamand,velocity_UNCONFIRMED,Kamand_velocity_UNCONFIRMED,2026-01-06 21:53:49,0.78,vel_K.csv,sudden_jump
Kamand,velocity_UNCONFIRMED,Kamand_velocity_UNCONFIRMED,2026-01-06 21:55:19,0.878,vel_K.csv,sudden_jump
Kamand,velocity_UNCONFIRMED,Kamand_velocity_UNCONFIRMED,2026-01-06 21:55:24,0.804,vel_K.csv,sudden_jump
Kamand,velocity_UNCONFIRMED,Kamand_velocity_UNCONFIRMED,2026-01-06 21:56:44,0.814,vel_K.csv,sudden_jump
Kamand,velocity_UNCONFIRMED,Kamand_velocity_UNCONFIRMED,2026-01-06 21:57:09,0.738,vel_K.csv,sudden_jump
Kamand,velocity_UNCONFIRMED,Kamand_velocity_UNCONFIRMED,2026-01-06 21:58:04,0.792,vel_K.csv,sudden_jump
Kamand,velocity_UNCONFIRMED,Kamand_velocity_UNCONFIRMED,2026-01-06 21:58:14,0.842,vel_K.csv,sudden_jump
Kamand,velocity_UNCONFIRMED,Kamand_velocity_UNCONFIRMED,2026-01-06 21:58:59,0.883,vel_K.csv,sudden_jump
Kamand,velocity_UNCONFIRMED,Kamand_velocity_UNCONFIRMED,2026-01-06 21:59:04,0.828,vel_K.csv,sudden_jump
Kamand,velocity_UNCONFIRMED,Kamand_velocity_UNCONFIRMED,2026-01-06 21:59:19,0.902,vel_K.csv,sudden_jump
Kamand,velocity_UNCONFIRMED,Kamand_velocity_UNCONFIRMED,2026-01-06 21:59:29,0.836,vel_K.csv,sudden_jump
Kamand,velocity_UNCONFIRMED,Kamand_velocity_UNCONFIRMED,2026-01-06 22:02:49,0.784,vel_K.csv,sudden_jump
Kamand,velocity_UNCONFIRMED,Kamand_velocity_UNCONFIRMED,2026-01-06 22:04:04,0.799,vel_K.csv,sudden_jump
Kamand,velocity_UNCONFIRMED,Kamand_velocity_UNCONFIRMED,2026-01-06 22:04:19,0.811,vel_K.csv,sudden_jump
Kamand,velocity_UNCONFIRMED,Kamand_velocity_UNCONFIRMED,2026-01-06 22:04:24,0.863,vel_K.csv,sudden_jump
Kamand,velocity_UNCONFIRMED,Kamand_velocity_UNCONFIRMED,2026-01-06 22:04:29,0.811,vel_K.csv,sudden_jump
Kamand,velocity_UNCONFIRMED,Kamand_velocity_UNCONFIRMED,2026-01-06 22:04:39,0.863,vel_K.csv,sudden_jump
Kamand,velocity_UNCONFIRMED,Kamand_velocity_UNCONFIRMED,2026-01-06 22:04:49,0.811,vel_K.csv,sudden_jump
Kamand,velocity_UNCONFIRMED,Kamand_velocity_UNCONFIRMED,2026-01-06 22:05:49,0.831,vel_K.csv,sudden_jump
Kamand,velocity_UNCONFIRMED,Kamand_velocity_UNCONFIRMED,2026-01-06 22:05:54,0.951,vel_K.csv,sudden_jump
Kamand,velocity_UNCONFIRMED,Kamand_velocity_UNCONFIRMED,2026-01-06 22:06:09,0.826,vel_K.csv,sudden_jump
Kamand,velocity_UNCONFIRMED,Kamand_velocity_UNCONFIRMED,2026-01-06 22:06:24,0.746,vel_K.csv,sudden_jump
Kamand,velocity_UNCONFIRMED,Kamand_velocity_UNCONFIRMED,2026-01-06 22:07:04,0.866,vel_K.csv,sudden_jump
Kamand,velocity_UNCONFIRMED,Kamand_velocity_UNCONFIRMED,2026-01-06 22:07:09,0.969,vel_K.csv,sudden_jump
Kamand,velocity_UNCONFIRMED,Kamand_velocity_UNCONFIRMED,2026-01-06 22:08:04,0.79,vel_K.csv,sudden_jump
Kamand,velocity_UNCONFIRMED,Kamand_velocity_UNCONFIRMED,2026-01-06 22:08:09,0.706,vel_K.csv,sudden_jump
Kamand,velocity_UNCONFIRMED,Kamand_velocity_UNCONFIRMED,2026-01-06 22:08:19,0.768,vel_K.csv,sudden_jump
Kamand,velocity_UNCONFIRMED,Kamand_velocity_UNCONFIRMED,2026-01-06 22:08:44,0.788,vel_K.csv,sudden_jump
Kamand,velocity_UNCONFIRMED,Kamand_velocity_UNCONFIRMED,2026-01-06 22:09:49,0.818,vel_K.csv,sudden_jump
Kamand,velocity_UNCONFIRMED,Kamand_velocity_UNCONFIRMED,2026-01-06 22:09:54,0.872,vel_K.csv,sudden_jump
Kamand,velocity_UNCONFIRMED,Kamand_velocity_UNCONFIRMED,2026-01-06 22:10:49,0.924,vel_K.csv,sudden_jump
Kamand,velocity_UNCONFIRMED,Kamand_velocity_UNCONFIRMED,2026-01-06 22:10:54,0.855,vel_K.csv,sudden_jump
Kamand,velocity_UNCONFIRMED,Kamand_velocity_UNCONFIRMED,2026-01-06 22:11:49,0.779,vel_K.csv,sudden_jump
Kamand,velocity_UNCONFIRMED,Kamand_velocity_UNCONFIRMED,2026-01-06 22:12:24,0.821,vel_K.csv,sudden_jump
Kamand,velocity_UNCONFIRMED,Kamand_velocity_UNCONFIRMED,2026-01-06 22:12:44,0.94,vel_K.csv,sudden_jump
Kamand,velocity_UNCONFIRMED,Kamand_velocity_UNCONFIRMED,2026-01-06 22:12:59,0.865,vel_K.csv,sudden_jump
Kamand,velocity_UNCONFIRMED,Kamand_velocity_UNCONFIRMED,2026-01-06 22:13:14,0.816,vel_K.csv,sudden_jump
Kamand,velocity_UNCONFIRMED,Kamand_velocity_UNCONFIRMED,2026-01-06 22:13:39,0.719,vel_K.csv,sudden_jump
Kamand,velocity_UNCONFIRMED,Kamand_velocity_UNCONFIRMED,2026-01-06 22:15:14,0.819,vel_K.csv,sudden_jump
Kamand,velocity_UNCONFIRMED,Kamand_velocity_UNCONFIRMED,2026-01-06 22:17:04,0.846,vel_K.csv,sudden_jump
Kamand,velocity_UNCONFIRMED,Kamand_velocity_UNCONFIRMED,2026-01-06 22:17:09,0.798,vel_K.csv,sudden_jump
Kamand,velocity_UNCONFIRMED,Kamand_velocity_UNCONFIRMED,2026-01-06 22:17:14,0.876,vel_K.csv,sudden_jump
Kamand,velocity_UNCONFIRMED,Kamand_velocity_UNCONFIRMED,2026-01-06 22:17:19,0.975,vel_K.csv,sudden_jump
Kamand,velocity_UNCONFIRMED,Kamand_velocity_UNCONFIRMED,2026-01-06 22:17:39,0.914,vel_K.csv,sudden_jump
Kamand,velocity_UNCONFIRMED,Kamand_velocity_UNCONFIRMED,2026-01-06 22:17:44,0.835,vel_K.csv,sudden_jump
Kamand,velocity_UNCONFIRMED,Kamand_velocity_UNCONFIRMED,2026-01-06 22:17:49,0.9,vel_K.csv,sudden_jump
Kamand,velocity_UNCONFIRMED,Kamand_velocity_UNCONFIRMED,2026-01-06 22:17:54,0.837,vel_K.csv,sudden_jump
Kamand,velocity_UNCONFIRMED,Kamand_velocity_UNCONFIRMED,2026-01-06 22:19:24,0.823,vel_K.csv,sudden_jump
Kamand,velocity_UNCONFIRMED,Kamand_velocity_UNCONFIRMED,2026-01-06 22:19:44,0.747,vel_K.csv,sudden_jump
Kamand,velocity_UNCONFIRMED,Kamand_velocity_UNCONFIRMED,2026-01-06 22:21:34,0.812,vel_K.csv,sudden_jump
Kamand,velocity_UNCONFIRMED,Kamand_velocity_UNCONFIRMED,2026-01-06 22:21:59,0.757,vel_K.csv,sudden_jump
Kamand,velocity_UNCONFIRMED,Kamand_velocity_UNCONFIRMED,2026-01-06 22:22:04,0.81,vel_K.csv,sudden_jump
Kamand,velocity_UNCONFIRMED,Kamand_velocity_UNCONFIRMED,2026-01-06 22:24:36,0.824,vel_K.csv,sudden_jump
Kamand,velocity_UNCONFIRMED,Kamand_velocity_UNCONFIRMED,2026-01-06 22:24:39,0.882,vel_K.csv,sudden_jump
Kamand,velocity_UNCONFIRMED,Kamand_velocity_UNCONFIRMED,2026-01-06 22:24:44,0.824,vel_K.csv,sudden_jump
Kamand,velocity_UNCONFIRMED,Kamand_velocity_UNCONFIRMED,2026-01-06 22:24:49,0.882,vel_K.csv,sudden_jump
Kamand,velocity_UNCONFIRMED,Kamand_velocity_UNCONFIRMED,2026-01-06 22:28:59,0.832,vel_K.csv,sudden_jump
Kamand,velocity_UNCONFIRMED,Kamand_velocity_UNCONFIRMED,2026-01-06 22:29:04,0.88,vel_K.csv,sudden_jump
Kamand,velocity_UNCONFIRMED,Kamand_velocity_UNCONFIRMED,2026-01-06 22:30:14,0.771,vel_K.csv,sudden_jump
Kamand,velocity_UNCONFIRMED,Kamand_velocity_UNCONFIRMED,2026-01-06 22:30:29,0.817,vel_K.csv,sudden_jump
Kamand,velocity_UNCONFIRMED,Kamand_velocity_UNCONFIRMED,2026-01-06 22:31:44,0.771,vel_K.csv,sudden_jump
Kamand,velocity_UNCONFIRMED,Kamand_velocity_UNCONFIRMED,2026-01-06 22:32:04,0.817,vel_K.csv,sudden_jump
Kamand,velocity_UNCONFIRMED,Kamand_velocity_UNCONFIRMED,2026-01-06 22:32:24,0.912,vel_K.csv,sudden_jump
Kamand,velocity_UNCONFIRMED,Kamand_velocity_UNCONFIRMED,2026-01-06 22:32:29,0.846,vel_K.csv,sudden_jump
Kamand,velocity_UNCONFIRMED,Kamand_velocity_UNCONFIRMED,2026-01-06 22:34:39,0.883,vel_K.csv,sudden_jump
Kamand,velocity_UNCONFIRMED,Kamand_velocity_UNCONFIRMED,2026-01-06 22:34:44,0.749,vel_K.csv,sudden_jump
Kamand,velocity_UNCONFIRMED,Kamand_velocity_UNCONFIRMED,2026-01-06 22:35:49,0.859,vel_K.csv,sudden_jump
Kamand,velocity_UNCONFIRMED,Kamand_velocity_UNCONFIRMED,2026-01-06 22:36:14,0.761,vel_K.csv,sudden_jump
Kamand,velocity_UNCONFIRMED,Kamand_velocity_UNCONFIRMED,2026-01-06 22:38:49,0.772,vel_K.csv,sudden_jump
Kamand,velocity_UNCONFIRMED,Kamand_velocity_UNCONFIRMED,2026-01-06 22:40:54,0.796,vel_K.csv,sudden_jump
Kamand,velocity_UNCONFIRMED,Kamand_velocity_UNCONFIRMED,2026-01-06 22:40:59,0.881,vel_K.csv,sudden_jump
Kamand,velocity_UNCONFIRMED,Kamand_velocity_UNCONFIRMED,2026-01-06 22:41:28,0.835,vel_K.csv,sudden_jump
Kamand,velocity_UNCONFIRMED,Kamand_velocity_UNCONFIRMED,2026-01-06 22:41:59,0.772,vel_K.csv,sudden_jump
Kamand,velocity_UNCONFIRMED,Kamand_velocity_UNCONFIRMED,2026-01-06 22:42:24,0.862,vel_K.csv,sudden_jump
Kamand,velocity_UNCONFIRMED,Kamand_velocity_UNCONFIRMED,2026-01-06 22:42:36,0.773,vel_K.csv,sudden_jump
Kamand,velocity_UNCONFIRMED,Kamand_velocity_UNCONFIRMED,2026-01-06 22:42:44,0.955,vel_K.csv,sudden_jump
Kamand,velocity_UNCONFIRMED,Kamand_velocity_UNCONFIRMED,2026-01-06 22:42:49,1.108,vel_K.csv,sudden_jump
Kamand,velocity_UNCONFIRMED,Kamand_velocity_UNCONFIRMED,2026-01-06 22:42:54,0.931,vel_K.csv,sudden_jump
Kamand,velocity_UNCONFIRMED,Kamand_velocity_UNCONFIRMED,2026-01-06 22:43:19,0.705,vel_K.csv,sudden_jump
Kamand,velocity_UNCONFIRMED,Kamand_velocity_UNCONFIRMED,2026-01-06 22:44:04,0.764,vel_K.csv,sudden_jump
Kamand,velocity_UNCONFIRMED,Kamand_velocity_UNCONFIRMED,2026-01-06 22:44:14,0.709,vel_K.csv,sudden_jump
Kamand,velocity_UNCONFIRMED,Kamand_velocity_UNCONFIRMED,2026-01-06 22:44:24,0.764,vel_K.csv,sudden_jump
Kamand,velocity_UNCONFIRMED,Kamand_velocity_UNCONFIRMED,2026-01-06 22:44:29,0.831,vel_K.csv,sudden_jump
Kamand,velocity_UNCONFIRMED,Kamand_velocity_UNCONFIRMED,2026-01-06 22:44:54,0.715,vel_K.csv,sudden_jump
Kamand,velocity_UNCONFIRMED,Kamand_velocity_UNCONFIRMED,2026-01-06 22:46:58,0.901,vel_K.csv,sudden_jump
Kamand,velocity_UNCONFIRMED,Kamand_velocity_UNCONFIRMED,2026-01-06 22:47:14,0.791,vel_K.csv,sudden_jump
Kamand,velocity_UNCONFIRMED,Kamand_velocity_UNCONFIRMED,2026-01-06 22:47:19,0.902,vel_K.csv,sudden_jump
Kamand,velocity_UNCONFIRMED,Kamand_velocity_UNCONFIRMED,2026-01-06 22:47:23,1.012,vel_K.csv,sudden_jump
Kamand,velocity_UNCONFIRMED,Kamand_velocity_UNCONFIRMED,2026-01-06 22:47:59,0.879,vel_K.csv,sudden_jump
Kamand,velocity_UNCONFIRMED,Kamand_velocity_UNCONFIRMED,2026-01-06 22:48:19,0.867,vel_K.csv,sudden_jump
Kamand,velocity_UNCONFIRMED,Kamand_velocity_UNCONFIRMED,2026-01-06 22:49:04,0.815,vel_K.csv,sudden_jump
Kamand,velocity_UNCONFIRMED,Kamand_velocity_UNCONFIRMED,2026-01-06 22:49:14,0.793,vel_K.csv,sudden_jump
Kamand,velocity_UNCONFIRMED,Kamand_velocity_UNCONFIRMED,2026-01-06 22:49:19,0.868,vel_K.csv,sudden_jump
Kamand,velocity_UNCONFIRMED,Kamand_velocity_UNCONFIRMED,2026-01-06 22:49:24,0.961,vel_K.csv,sudden_jump
Kamand,velocity_UNCONFIRMED,Kamand_velocity_UNCONFIRMED,2026-01-06 22:49:29,0.889,vel_K.csv,sudden_jump
Kamand,velocity_UNCONFIRMED,Kamand_velocity_UNCONFIRMED,2026-01-06 22:49:33,0.832,vel_K.csv,sudden_jump
Kamand,velocity_UNCONFIRMED,Kamand_velocity_UNCONFIRMED,2026-01-06 22:49:48,0.889,vel_K.csv,sudden_jump
Kamand,velocity_UNCONFIRMED,Kamand_velocity_UNCONFIRMED,2026-01-06 22:49:54,0.832,vel_K.csv,sudden_jump
Kamand,velocity_UNCONFIRMED,Kamand_velocity_UNCONFIRMED,2026-01-06 22:51:08,0.757,vel_K.csv,sudden_jump
Kamand,velocity_UNCONFIRMED,Kamand_velocity_UNCONFIRMED,2026-01-06 22:52:23,0.819,vel_K.csv,sudden_jump
Kamand,velocity_UNCONFIRMED,Kamand_velocity_UNCONFIRMED,2026-01-06 22:52:38,0.909,vel_K.csv,sudden_jump
Kamand,velocity_UNCONFIRMED,Kamand_velocity_UNCONFIRMED,2026-01-06 22:52:49,0.808,vel_K.csv,sudden_jump
Kamand,velocity_UNCONFIRMED,Kamand_velocity_UNCONFIRMED,2026-01-06 22:55:03,0.772,vel_K.csv,sudden_jump
Kamand,velocity_UNCONFIRMED,Kamand_velocity_UNCONFIRMED,2026-01-06 22:55:18,0.828,vel_K.csv,sudden_jump
Kamand,velocity_UNCONFIRMED,Kamand_velocity_UNCONFIRMED,2026-01-06 22:55:24,0.761,vel_K.csv,sudden_jump
Kamand,velocity_UNCONFIRMED,Kamand_velocity_UNCONFIRMED,2026-01-06 22:56:44,0.67,vel_K.csv,sudden_jump
Kamand,velocity_UNCONFIRMED,Kamand_velocity_UNCONFIRMED,2026-01-06 22:58:48,0.821,vel_K.csv,sudden_jump
Kamand,velocity_UNCONFIRMED,Kamand_velocity_UNCONFIRMED,2026-01-06 22:58:54,0.894,vel_K.csv,sudden_jump
Kamand,velocity_UNCONFIRMED,Kamand_velocity_UNCONFIRMED,2026-01-06 22:59:04,0.841,vel_K.csv,sudden_jump
Kamand,velocity_UNCONFIRMED,Kamand_velocity_UNCONFIRMED,2026-01-06 22:59:13,0.703,vel_K.csv,sudden_jump
Kamand,velocity_UNCONFIRMED,Kamand_velocity_UNCONFIRMED,2026-01-06 23:00:08,0.849,vel_K.csv,sudden_jump
Kamand,velocity_UNCONFIRMED,Kamand_velocity_UNCONFIRMED,2026-01-06 23:00:14,0.907,vel_K.csv,sudden_jump
Kamand,velocity_UNCONFIRMED,Kamand_velocity_UNCONFIRMED,2026-01-06 23:00:18,0.849,vel_K.csv,sudden_jump
Kamand,velocity_UNCONFIRMED,Kamand_velocity_UNCONFIRMED,2026-01-06 23:00:24,0.793,vel_K.csv,sudden_jump
Kamand,velocity_UNCONFIRMED,Kamand_velocity_UNCONFIRMED,2026-01-06 23:00:44,0.907,vel_K.csv,sudden_jump
Kamand,velocity_UNCONFIRMED,Kamand_velocity_UNCONFIRMED,2026-01-06 23:00:54,0.817,vel_K.csv,sudden_jump
Kamand,velocity_UNCONFIRMED,Kamand_velocity_UNCONFIRMED,2026-01-06 23:00:59,0.739,vel_K.csv,sudden_jump
Kamand,velocity_UNCONFIRMED,Kamand_velocity_UNCONFIRMED,2026-01-06 23:02:29,0.966,vel_K.csv,sudden_jump
Kamand,velocity_UNCONFIRMED,Kamand_velocity_UNCONFIRMED,2026-01-06 23:02:37,0.826,vel_K.csv,sudden_jump
Kamand,velocity_UNCONFIRMED,Kamand_velocity_UNCONFIRMED,2026-01-06 23:02:39,0.966,vel_K.csv,sudden_jump
Kamand,velocity_UNCONFIRMED,Kamand_velocity_UNCONFIRMED,2026-01-06 23:02:44,0.865,vel_K.csv,sudden_jump
Kamand,velocity_UNCONFIRMED,Kamand_velocity_UNCONFIRMED,2026-01-06 23:02:49,0.993,vel_K.csv,sudden_jump
Kamand,velocity_UNCONFIRMED,Kamand_velocity_UNCONFIRMED,2026-01-06 23:03:14,0.838,vel_K.csv,sudden_jump
Kamand,velocity_UNCONFIRMED,Kamand_velocity_UNCONFIRMED,2026-01-06 23:05:29,0.828,vel_K.csv,sudden_jump
Kamand,velocity_UNCONFIRMED,Kamand_velocity_UNCONFIRMED,2026-01-06 23:05:34,0.774,vel_K.csv,sudden_jump
Kamand,velocity_UNCONFIRMED,Kamand_velocity_UNCONFIRMED,2026-01-06 23:07:34,0.845,vel_K.csv,sudden_jump
Kamand,velocity_UNCONFIRMED,Kamand_velocity_UNCONFIRMED,2026-01-06 23:07:49,0.784,vel_K.csv,sudden_jump
Kamand,velocity_UNCONFIRMED,Kamand_velocity_UNCONFIRMED,2026-01-06 23:11:04,0.854,vel_K.csv,sudden_jump
Kamand,velocity_UNCONFIRMED,Kamand_velocity_UNCONFIRMED,2026-01-06 23:11:09,0.808,vel_K.csv,sudden_jump
Kamand,velocity_UNCONFIRMED,Kamand_velocity_UNCONFIRMED,2026-01-06 23:11:24,0.87,vel_K.csv,sudden_jump
Kamand,velocity_UNCONFIRMED,Kamand_velocity_UNCONFIRMED,2026-01-06 23:11:44,0.886,vel_K.csv,sudden_jump
Kamand,velocity_UNCONFIRMED,Kamand_velocity_UNCONFIRMED,2026-01-06 23:11:54,0.83,vel_K.csv,sudden_jump
Kamand,velocity_UNCONFIRMED,Kamand_velocity_UNCONFIRMED,2026-01-06 23:13:39,0.769,vel_K.csv,sudden_jump
Kamand,velocity_UNCONFIRMED,Kamand_velocity_UNCONFIRMED,2026-01-06 23:14:34,0.828,vel_K.csv,sudden_jump
Kamand,velocity_UNCONFIRMED,Kamand_velocity_UNCONFIRMED,2026-01-06 23:14:39,0.897,vel_K.csv,sudden_jump
Kamand,velocity_UNCONFIRMED,Kamand_velocity_UNCONFIRMED,2026-01-06 23:14:59,0.883,vel_K.csv,sudden_jump
Kamand,velocity_UNCONFIRMED,Kamand_velocity_UNCONFIRMED,2026-01-06 23:15:14,0.929,vel_K.csv,sudden_jump
Kamand,velocity_UNCONFIRMED,Kamand_velocity_UNCONFIRMED,2026-01-06 23:15:19,0.883,vel_K.csv,sudden_jump
Kamand,velocity_UNCONFIRMED,Kamand_velocity_UNCONFIRMED,2026-01-06 23:18:14,0.809,vel_K.csv,sudden_jump
Kamand,velocity_UNCONFIRMED,Kamand_velocity_UNCONFIRMED,2026-01-06 23:18:19,0.757,vel_K.csv,sudden_jump
Kamand,velocity_UNCONFIRMED,Kamand_velocity_UNCONFIRMED,2026-01-06 23:18:24,0.815,vel_K.csv,sudden_jump
Kamand,velocity_UNCONFIRMED,Kamand_velocity_UNCONFIRMED,2026-01-06 23:18:29,0.756,vel_K.csv,sudden_jump
Kamand,velocity_UNCONFIRMED,Kamand_velocity_UNCONFIRMED,2026-01-06 23:21:29,0.781,vel_K.csv,sudden_jump
Kamand,velocity_UNCONFIRMED,Kamand_velocity_UNCONFIRMED,2026-01-06 23:22:44,0.846,vel_K.csv,sudden_jump
Kamand,velocity_UNCONFIRMED,Kamand_velocity_UNCONFIRMED,2026-01-06 23:22:59,0.899,vel_K.csv,sudden_jump
Kamand,velocity_UNCONFIRMED,Kamand_velocity_UNCONFIRMED,2026-01-06 23:24:49,0.904,vel_K.csv,sudden_jump
Kamand,velocity_UNCONFIRMED,Kamand_velocity_UNCONFIRMED,2026-01-06 23:25:04,1.001,vel_K.csv,sudden_jump
Kamand,velocity_UNCONFIRMED,Kamand_velocity_UNCONFIRMED,2026-01-06 23:25:34,1.045,vel_K.csv,sudden_jump
Kamand,velocity_UNCONFIRMED,Kamand_velocity_UNCONFIRMED,2026-01-06 23:25:39,0.991,vel_K.csv,sudden_jump
Kamand,velocity_UNCONFIRMED,Kamand_velocity_UNCONFIRMED,2026-01-06 23:25:44,0.862,vel_K.csv,sudden_jump
Kamand,velocity_UNCONFIRMED,Kamand_velocity_UNCONFIRMED,2026-01-06 23:26:04,0.787,vel_K.csv,sudden_jump
Kamand,velocity_UNCONFIRMED,Kamand_velocity_UNCONFIRMED,2026-01-06 23:26:09,0.916,vel_K.csv,sudden_jump
Kamand,velocity_UNCONFIRMED,Kamand_velocity_UNCONFIRMED,2026-01-06 23:26:19,0.787,vel_K.csv,sudden_jump
Kamand,velocity_UNCONFIRMED,Kamand_velocity_UNCONFIRMED,2026-01-06 23:27:29,0.803,vel_K.csv,sudden_jump
Kamand,velocity_UNCONFIRMED,Kamand_velocity_UNCONFIRMED,2026-01-06 23:30:39,0.79,vel_K.csv,sudden_jump
Kamand,velocity_UNCONFIRMED,Kamand_velocity_UNCONFIRMED,2026-01-06 23:31:04,0.873,vel_K.csv,sudden_jump
Kamand,velocity_UNCONFIRMED,Kamand_velocity_UNCONFIRMED,2026-01-06 23:31:14,0.793,vel_K.csv,sudden_jump
Kamand,velocity_UNCONFIRMED,Kamand_velocity_UNCONFIRMED,2026-01-06 23:32:29,0.807,vel_K.csv,sudden_jump
Kamand,velocity_UNCONFIRMED,Kamand_velocity_UNCONFIRMED,2026-01-06 23:32:39,0.781,vel_K.csv,sudden_jump
Kamand,velocity_UNCONFIRMED,Kamand_velocity_UNCONFIRMED,2026-01-06 23:34:23,0.932,vel_K.csv,sudden_jump
Kamand,velocity_UNCONFIRMED,Kamand_velocity_UNCONFIRMED,2026-01-06 23:34:29,0.813,vel_K.csv,sudden_jump
Kamand,velocity_UNCONFIRMED,Kamand_velocity_UNCONFIRMED,2026-01-06 23:34:38,0.762,vel_K.csv,sudden_jump
Kamand,velocity_UNCONFIRMED,Kamand_velocity_UNCONFIRMED,2026-01-06 23:34:54,0.812,vel_K.csv,sudden_jump
Kamand,velocity_UNCONFIRMED,Kamand_velocity_UNCONFIRMED,2026-01-06 23:34:59,0.754,vel_K.csv,sudden_jump
Kamand,velocity_UNCONFIRMED,Kamand_velocity_UNCONFIRMED,2026-01-06 23:35:49,0.783,vel_K.csv,sudden_jump
Kamand,velocity_UNCONFIRMED,Kamand_velocity_UNCONFIRMED,2026-01-06 23:35:54,0.73,vel_K.csv,sudden_jump
Kamand,velocity_UNCONFIRMED,Kamand_velocity_UNCONFIRMED,2026-01-06 23:37:19,0.779,vel_K.csv,sudden_jump
Kamand,velocity_UNCONFIRMED,Kamand_velocity_UNCONFIRMED,2026-01-06 23:39:04,0.721,vel_K.csv,sudden_jump
Kamand,velocity_UNCONFIRMED,Kamand_velocity_UNCONFIRMED,2026-01-06 23:40:43,0.799,vel_K.csv,sudden_jump
Kamand,velocity_UNCONFIRMED,Kamand_velocity_UNCONFIRMED,2026-01-06 23:41:04,0.802,vel_K.csv,sudden_jump
Kamand,velocity_UNCONFIRMED,Kamand_velocity_UNCONFIRMED,2026-01-06 23:41:09,0.756,vel_K.csv,sudden_jump
Kamand,velocity_UNCONFIRMED,Kamand_velocity_UNCONFIRMED,2026-01-06 23:41:14,0.802,vel_K.csv,sudden_jump
Kamand,velocity_UNCONFIRMED,Kamand_velocity_UNCONFIRMED,2026-01-06 23:42:59,0.826,vel_K.csv,sudden_jump
Kamand,velocity_UNCONFIRMED,Kamand_velocity_UNCONFIRMED,2026-01-06 23:43:04,0.771,vel_K.csv,sudden_jump
Kamand,velocity_UNCONFIRMED,Kamand_velocity_UNCONFIRMED,2026-01-06 23:45:44,0.802,vel_K.csv,sudden_jump
Kamand,velocity_UNCONFIRMED,Kamand_velocity_UNCONFIRMED,2026-01-06 23:45:54,0.854,vel_K.csv,sudden_jump
Kamand,velocity_UNCONFIRMED,Kamand_velocity_UNCONFIRMED,2026-01-06 23:45:59,0.802,vel_K.csv,sudden_jump
Kamand,velocity_UNCONFIRMED,Kamand_velocity_UNCONFIRMED,2026-01-06 23:46:04,0.749,vel_K.csv,sudden_jump
Kamand,velocity_UNCONFIRMED,Kamand_velocity_UNCONFIRMED,2026-01-06 23:46:09,0.802,vel_K.csv,sudden_jump
Kamand,velocity_UNCONFIRMED,Kamand_velocity_UNCONFIRMED,2026-01-06 23:46:14,0.749,vel_K.csv,sudden_jump
Kamand,velocity_UNCONFIRMED,Kamand_velocity_UNCONFIRMED,2026-01-06 23:46:24,0.798,vel_K.csv,sudden_jump
Kamand,velocity_UNCONFIRMED,Kamand_velocity_UNCONFIRMED,2026-01-06 23:46:29,0.741,vel_K.csv,sudden_jump
Kamand,velocity_UNCONFIRMED,Kamand_velocity_UNCONFIRMED,2026-01-06 23:48:09,0.826,vel_K.csv,sudden_jump
Kamand,velocity_UNCONFIRMED,Kamand_velocity_UNCONFIRMED,2026-01-06 23:50:29,0.745,vel_K.csv,sudden_jump
Kamand,velocity_UNCONFIRMED,Kamand_velocity_UNCONFIRMED,2026-01-06 23:51:34,0.796,vel_K.csv,sudden_jump
Kamand,velocity_UNCONFIRMED,Kamand_velocity_UNCONFIRMED,2026-01-06 23:51:54,0.86,vel_K.csv,sudden_jump
Kamand,velocity_UNCONFIRMED,Kamand_velocity_UNCONFIRMED,2026-01-06 23:52:09,0.803,vel_K.csv,sudden_jump
Kamand,velocity_UNCONFIRMED,Kamand_velocity_UNCONFIRMED,2026-01-06 23:52:29,0.742,vel_K.csv,sudden_jump
Kamand,velocity_UNCONFIRMED,Kamand_velocity_UNCONFIRMED,2026-01-06 23:54:54,0.834,vel_K.csv,sudden_jump
Kamand,velocity_UNCONFIRMED,Kamand_velocity_UNCONFIRMED,2026-01-06 23:54:59,0.927,vel_K.csv,sudden_jump
Kamand,velocity_UNCONFIRMED,Kamand_velocity_UNCONFIRMED,2026-01-06 23:55:34,0.84,vel_K.csv,sudden_jump
Kamand,velocity_UNCONFIRMED,Kamand_velocity_UNCONFIRMED,2026-01-06 23:55:54,0.785,vel_K.csv,sudden_jump
Kamand,velocity_UNCONFIRMED,Kamand_velocity_UNCONFIRMED,2026-01-06 23:56:19,0.882,vel_K.csv,sudden_jump
Kamand,velocity_UNCONFIRMED,Kamand_velocity_UNCONFIRMED,2026-01-06 23:56:24,0.785,vel_K.csv,sudden_jump
Kamand,velocity_UNCONFIRMED,Kamand_velocity_UNCONFIRMED,2026-01-06 23:56:29,0.882,vel_K.csv,sudden_jump
Kamand,velocity_UNCONFIRMED,Kamand_velocity_UNCONFIRMED,2026-01-06 23:56:34,0.961,vel_K.csv,sudden_jump
Kamand,velocity_UNCONFIRMED,Kamand_velocity_UNCONFIRMED,2026-01-06 23:56:44,0.861,vel_K.csv,sudden_jump
Kamand,velocity_UNCONFIRMED,Kamand_velocity_UNCONFIRMED,2026-01-06 23:56:49,0.938,vel_K.csv,sudden_jump
Kamand,velocity_UNCONFIRMED,Kamand_velocity_UNCONFIRMED,2026-01-06 23:56:59,0.883,vel_K.csv,sudden_jump
Kamand,velocity_UNCONFIRMED,Kamand_velocity_UNCONFIRMED,2026-01-06 23:58:24,0.788,vel_K.csv,sudden_jump
Kamand,velocity_UNCONFIRMED,Kamand_velocity_UNCONFIRMED,2026-01-06 23:58:40,0.825,vel_K.csv,sudden_jump
Kamand,velocity_UNCONFIRMED,Kamand_velocity_UNCONFIRMED,2026-01-06 23:58:54,0.924,vel_K.csv,sudden_jump
Kamand,velocity_UNCONFIRMED,Kamand_velocity_UNCONFIRMED,2026-01-06 23:59:09,0.853,vel_K.csv,sudden_jump
Kamand,velocity_UNCONFIRMED,Kamand_velocity_UNCONFIRMED,2026-01-06 23:59:19,0.778,vel_K.csv,sudden_jump
Kamand,velocity_UNCONFIRMED,Kamand_velocity_UNCONFIRMED,2026-01-06 23:59:24,0.837,vel_K.csv,sudden_jump
Kamand,velocity_UNCONFIRMED,Kamand_velocity_UNCONFIRMED,2026-01-06 23:59:39,0.785,vel_K.csv,sudden_jump
Kamand,velocity_UNCONFIRMED,Kamand_velocity_UNCONFIRMED,2026-01-06 23:59:59,0.839,vel_K.csv,sudden_jump
Kamand,velocity_UNCONFIRMED,Kamand_velocity_UNCONFIRMED,2026-01-07 00:00:14,0.882,vel_K.csv,sudden_jump
Kamand,velocity_UNCONFIRMED,Kamand_velocity_UNCONFIRMED,2026-01-07 00:04:54,0.921,vel_K.csv,sudden_jump
Kamand,velocity_UNCONFIRMED,Kamand_velocity_UNCONFIRMED,2026-01-07 00:04:59,0.797,vel_K.csv,sudden_jump
Kamand,velocity_UNCONFIRMED,Kamand_velocity_UNCONFIRMED,2026-01-07 00:05:04,0.919,vel_K.csv,sudden_jump
Kamand,velocity_UNCONFIRMED,Kamand_velocity_UNCONFIRMED,2026-01-07 00:05:14,0.992,vel_K.csv,sudden_jump
Kamand,velocity_UNCONFIRMED,Kamand_velocity_UNCONFIRMED,2026-01-07 00:05:19,1.048,vel_K.csv,sudden_jump
Kamand,velocity_UNCONFIRMED,Kamand_velocity_UNCONFIRMED,2026-01-07 00:05:24,0.992,vel_K.csv,sudden_jump
Kamand,velocity_UNCONFIRMED,Kamand_velocity_UNCONFIRMED,2026-01-07 00:05:29,0.86,vel_K.csv,sudden_jump
Kamand,velocity_UNCONFIRMED,Kamand_velocity_UNCONFIRMED,2026-01-07 00:05:39,0.992,vel_K.csv,sudden_jump
Kamand,velocity_UNCONFIRMED,Kamand_velocity_UNCONFIRMED,2026-01-07 00:05:44,0.892,vel_K.csv,sudden_jump
Kamand,velocity_UNCONFIRMED,Kamand_velocity_UNCONFIRMED,2026-01-07 00:05:49,0.837,vel_K.csv,sudden_jump
Kamand,velocity_UNCONFIRMED,Kamand_velocity_UNCONFIRMED,2026-01-07 00:06:49,0.727,vel_K.csv,sudden_jump
Kamand,velocity_UNCONFIRMED,Kamand_velocity_UNCONFIRMED,2026-01-07 00:08:49,0.82,vel_K.csv,sudden_jump
Kamand,velocity_UNCONFIRMED,Kamand_velocity_UNCONFIRMED,2026-01-07 00:08:54,0.739,vel_K.csv,sudden_jump
Kamand,velocity_UNCONFIRMED,Kamand_velocity_UNCONFIRMED,2026-01-07 00:12:59,0.846,vel_K.csv,sudden_jump
Kamand,velocity_UNCONFIRMED,Kamand_velocity_UNCONFIRMED,2026-01-07 00:13:04,0.908,vel_K.csv,sudden_jump
Kamand,velocity_UNCONFIRMED,Kamand_velocity_UNCONFIRMED,2026-01-07 00:13:14,0.825,vel_K.csv,sudden_jump
Kamand,velocity_UNCONFIRMED,Kamand_velocity_UNCONFIRMED,2026-01-07 00:13:19,0.9,vel_K.csv,sudden_jump
Kamand,velocity_UNCONFIRMED,Kamand_velocity_UNCONFIRMED,2026-01-07 00:13:29,1.083,vel_K.csv,sudden_jump
Kamand,velocity_UNCONFIRMED,Kamand_velocity_UNCONFIRMED,2026-01-07 00:13:59,0.952,vel_K.csv,sudden_jump
Kamand,velocity_UNCONFIRMED,Kamand_velocity_UNCONFIRMED,2026-01-07 00:14:04,0.777,vel_K.csv,sudden_jump
Kamand,velocity_UNCONFIRMED,Kamand_velocity_UNCONFIRMED,2026-01-07 00:14:09,0.871,vel_K.csv,sudden_jump
Kamand,velocity_UNCONFIRMED,Kamand_velocity_UNCONFIRMED,2026-01-07 00:14:19,0.821,vel_K.csv,sudden_jump
Kamand,velocity_UNCONFIRMED,Kamand_velocity_UNCONFIRMED,2026-01-07 00:14:24,0.871,vel_K.csv,sudden_jump
Kamand,velocity_UNCONFIRMED,Kamand_velocity_UNCONFIRMED,2026-01-07 00:14:29,0.821,vel_K.csv,sudden_jump
Kamand,velocity_UNCONFIRMED,Kamand_velocity_UNCONFIRMED,2026-01-07 00:14:34,0.774,vel_K.csv,sudden_jump
Kamand,velocity_UNCONFIRMED,Kamand_velocity_UNCONFIRMED,2026-01-07 00:17:44,0.723,vel_K.csv,sudden_jump
Kamand,velocity_UNCONFIRMED,Kamand_velocity_UNCONFIRMED,2026-01-07 00:18:09,0.772,vel_K.csv,sudden_jump
Kamand,velocity_UNCONFIRMED,Kamand_velocity_UNCONFIRMED,2026-01-07 00:18:29,0.929,vel_K.csv,sudden_jump
Kamand,velocity_UNCONFIRMED,Kamand_velocity_UNCONFIRMED,2026-01-07 00:18:40,0.784,vel_K.csv,sudden_jump
Kamand,velocity_UNCONFIRMED,Kamand_velocity_UNCONFIRMED,2026-01-07 00:18:44,0.885,vel_K.csv,sudden_jump
Kamand,velocity_UNCONFIRMED,Kamand_velocity_UNCONFIRMED,2026-01-07 00:18:54,0.784,vel_K.csv,sudden_jump
Kamand,velocity_UNCONFIRMED,Kamand_velocity_UNCONFIRMED,2026-01-07 00:18:59,0.839,vel_K.csv,sudden_jump
Kamand,velocity_UNCONFIRMED,Kamand_velocity_UNCONFIRMED,2026-01-07 00:19:04,0.784,vel_K.csv,sudden_jump
Kamand,velocity_UNCONFIRMED,Kamand_velocity_UNCONFIRMED,2026-01-07 00:19:59,0.804,vel_K.csv,sudden_jump
Kamand,velocity_UNCONFIRMED,Kamand_velocity_UNCONFIRMED,2026-01-07 00:21:29,0.863,vel_K.csv,sudden_jump
Kamand,velocity_UNCONFIRMED,Kamand_velocity_UNCONFIRMED,2026-01-07 00:21:34,0.91,vel_K.csv,sudden_jump
Kamand,velocity_UNCONFIRMED,Kamand_velocity_UNCONFIRMED,2026-01-07 00:21:39,0.863,vel_K.csv,sudden_jump
Kamand,velocity_UNCONFIRMED,Kamand_velocity_UNCONFIRMED,2026-01-07 00:21:44,0.809,vel_K.csv,sudden_jump
Kamand,velocity_UNCONFIRMED,Kamand_velocity_UNCONFIRMED,2026-01-07 00:21:54,0.757,vel_K.csv,sudden_jump
Kamand,velocity_UNCONFIRMED,Kamand_velocity_UNCONFIRMED,2026-01-07 00:21:59,0.804,vel_K.csv,sudden_jump
Kamand,velocity_UNCONFIRMED,Kamand_velocity_UNCONFIRMED,2026-01-07 00:24:14,0.796,vel_K.csv,sudden_jump
Kamand,velocity_UNCONFIRMED,Kamand_velocity_UNCONFIRMED,2026-01-07 00:24:24,0.716,vel_K.csv,sudden_jump
Kamand,velocity_UNCONFIRMED,Kamand_velocity_UNCONFIRMED,2026-01-07 00:24:34,0.767,vel_K.csv,sudden_jump
Kamand,velocity_UNCONFIRMED,Kamand_velocity_UNCONFIRMED,2026-01-07 00:25:39,0.826,vel_K.csv,sudden_jump
Kamand,velocity_UNCONFIRMED,Kamand_velocity_UNCONFIRMED,2026-01-07 00:25:44,0.774,vel_K.csv,sudden_jump
Kamand,velocity_UNCONFIRMED,Kamand_velocity_UNCONFIRMED,2026-01-07 00:33:24,0.879,vel_K.csv,sudden_jump
Kamand,velocity_UNCONFIRMED,Kamand_velocity_UNCONFIRMED,2026-01-07 00:33:29,1.005,vel_K.csv,sudden_jump
Kamand,velocity_UNCONFIRMED,Kamand_velocity_UNCONFIRMED,2026-01-07 00:33:34,0.879,vel_K.csv,sudden_jump
Kamand,velocity_UNCONFIRMED,Kamand_velocity_UNCONFIRMED,2026-01-07 00:33:44,0.765,vel_K.csv,sudden_jump
Kamand,velocity_UNCONFIRMED,Kamand_velocity_UNCONFIRMED,2026-01-07 00:36:41,0.867,vel_K.csv,sudden_jump
Kamand,velocity_UNCONFIRMED,Kamand_velocity_UNCONFIRMED,2026-01-07 00:36:44,1.035,vel_K.csv,sudden_jump
Kamand,velocity_UNCONFIRMED,Kamand_velocity_UNCONFIRMED,2026-01-07 00:37:04,0.981,vel_K.csv,sudden_jump
Kamand,velocity_UNCONFIRMED,Kamand_velocity_UNCONFIRMED,2026-01-07 00:37:09,0.88,vel_K.csv,sudden_jump
Kamand,velocity_UNCONFIRMED,Kamand_velocity_UNCONFIRMED,2026-01-07 00:37:19,0.79,vel_K.csv,sudden_jump
Kamand,velocity_UNCONFIRMED,Kamand_velocity_UNCONFIRMED,2026-01-07 00:38:04,0.731,vel_K.csv,sudden_jump
Kamand,velocity_UNCONFIRMED,Kamand_velocity_UNCONFIRMED,2026-01-07 00:38:09,0.674,vel_K.csv,sudden_jump
Kamand,velocity_UNCONFIRMED,Kamand_velocity_UNCONFIRMED,2026-01-07 00:38:41,0.778,vel_K.csv,sudden_jump
Kamand,velocity_UNCONFIRMED,Kamand_velocity_UNCONFIRMED,2026-01-07 00:41:14,0.896,vel_K.csv,sudden_jump
Kamand,velocity_UNCONFIRMED,Kamand_velocity_UNCONFIRMED,2026-01-07 00:41:29,0.799,vel_K.csv,sudden_jump
Kamand,velocity_UNCONFIRMED,Kamand_velocity_UNCONFIRMED,2026-01-07 00:41:34,0.896,vel_K.csv,sudden_jump
Kamand,velocity_UNCONFIRMED,Kamand_velocity_UNCONFIRMED,2026-01-07 00:41:39,0.799,vel_K.csv,sudden_jump
Kamand,velocity_UNCONFIRMED,Kamand_velocity_UNCONFIRMED,2026-01-07 00:41:49,0.749,vel_K.csv,sudden_jump
Kamand,velocity_UNCONFIRMED,Kamand_velocity_UNCONFIRMED,2026-01-07 00:44:19,0.783,vel_K.csv,sudden_jump
Kamand,velocity_UNCONFIRMED,Kamand_velocity_UNCONFIRMED,2026-01-07 00:44:24,0.836,vel_K.csv,sudden_jump
Kamand,velocity_UNCONFIRMED,Kamand_velocity_UNCONFIRMED,2026-01-07 00:44:44,0.933,vel_K.csv,sudden_jump
Kamand,velocity_UNCONFIRMED,Kamand_velocity_UNCONFIRMED,2026-01-07 00:44:59,0.79,vel_K.csv,sudden_jump
Kamand,velocity_UNCONFIRMED,Kamand_velocity_UNCONFIRMED,2026-01-07 00:45:14,0.775,vel_K.csv,sudden_jump
Kamand,velocity_UNCONFIRMED,Kamand_velocity_UNCONFIRMED,2026-01-07 00:46:44,0.814,vel_K.csv,sudden_jump
Kamand,velocity_UNCONFIRMED,Kamand_velocity_UNCONFIRMED,2026-01-07 00:46:49,0.871,vel_K.csv,sudden_jump
Kamand,velocity_UNCONFIRMED,Kamand_velocity_UNCONFIRMED,2026-01-07 00:46:54,0.777,vel_K.csv,sudden_jump
Kamand,velocity_UNCONFIRMED,Kamand_velocity_UNCONFIRMED,2026-01-07 00:47:09,0.717,vel_K.csv,sudden_jump
Kamand,velocity_UNCONFIRMED,Kamand_velocity_UNCONFIRMED,2026-01-07 00:47:34,0.779,vel_K.csv,sudden_jump
Kamand,velocity_UNCONFIRMED,Kamand_velocity_UNCONFIRMED,2026-01-07 00:47:39,0.713,vel_K.csv,sudden_jump
Kamand,velocity_UNCONFIRMED,Kamand_velocity_UNCONFIRMED,2026-01-07 00:50:19,0.863,vel_K.csv,sudden_jump
Kamand,velocity_UNCONFIRMED,Kamand_velocity_UNCONFIRMED,2026-01-07 00:50:24,0.775,vel_K.csv,sudden_jump
Kamand,velocity_UNCONFIRMED,Kamand_velocity_UNCONFIRMED,2026-01-07 00:55:24,0.806,vel_K.csv,sudden_jump
Kamand,velocity_UNCONFIRMED,Kamand_velocity_UNCONFIRMED,2026-01-07 00:55:49,0.776,vel_K.csv,sudden_jump
Kamand,velocity_UNCONFIRMED,Kamand_velocity_UNCONFIRMED,2026-01-07 00:57:14,0.878,vel_K.csv,sudden_jump
Kamand,velocity_UNCONFIRMED,Kamand_velocity_UNCONFIRMED,2026-01-07 00:57:19,0.995,vel_K.csv,sudden_jump
Kamand,velocity_UNCONFIRMED,Kamand_velocity_UNCONFIRMED,2026-01-07 00:57:29,0.878,vel_K.csv,sudden_jump
Kamand,velocity_UNCONFIRMED,Kamand_velocity_UNCONFIRMED,2026-01-07 00:57:34,0.995,vel_K.csv,sudden_jump
Kamand,velocity_UNCONFIRMED,Kamand_velocity_UNCONFIRMED,2026-01-07 00:57:44,0.878,vel_K.csv,sudden_jump
Kamand,velocity_UNCONFIRMED,Kamand_velocity_UNCONFIRMED,2026-01-07 00:57:49,0.995,vel_K.csv,sudden_jump
Kamand,velocity_UNCONFIRMED,Kamand_velocity_UNCONFIRMED,2026-01-07 00:58:09,0.871,vel_K.csv,sudden_jump
Kamand,velocity_UNCONFIRMED,Kamand_velocity_UNCONFIRMED,2026-01-07 00:58:24,0.769,vel_K.csv,sudden_jump
Kamand,velocity_UNCONFIRMED,Kamand_velocity_UNCONFIRMED,2026-01-07 00:58:54,0.842,vel_K.csv,sudden_jump
Kamand,velocity_UNCONFIRMED,Kamand_velocity_UNCONFIRMED,2026-01-07 00:58:59,0.792,vel_K.csv,sudden_jump
Kamand,velocity_UNCONFIRMED,Kamand_velocity_UNCONFIRMED,2026-01-07 01:01:24,0.878,vel_K.csv,sudden_jump
Kamand,velocity_UNCONFIRMED,Kamand_velocity_UNCONFIRMED,2026-01-07 01:01:29,0.928,vel_K.csv,sudden_jump
Kamand,velocity_UNCONFIRMED,Kamand_velocity_UNCONFIRMED,2026-01-07 01:01:34,0.878,vel_K.csv,sudden_jump
Kamand,velocity_UNCONFIRMED,Kamand_velocity_UNCONFIRMED,2026-01-07 01:01:59,0.794,vel_K.csv,sudden_jump
Kamand,velocity_UNCONFIRMED,Kamand_velocity_UNCONFIRMED,2026-01-07 01:02:14,0.896,vel_K.csv,sudden_jump
Kamand,velocity_UNCONFIRMED,Kamand_velocity_UNCONFIRMED,2026-01-07 01:02:29,0.803,vel_K.csv,sudden_jump
Kamand,velocity_UNCONFIRMED,Kamand_velocity_UNCONFIRMED,2026-01-07 01:02:41,0.868,vel_K.csv,sudden_jump
Kamand,velocity_UNCONFIRMED,Kamand_velocity_UNCONFIRMED,2026-01-07 01:02:44,0.956,vel_K.csv,sudden_jump
Kamand,velocity_UNCONFIRMED,Kamand_velocity_UNCONFIRMED,2026-01-07 01:02:49,1.061,vel_K.csv,sudden_jump
Kamand,velocity_UNCONFIRMED,Kamand_velocity_UNCONFIRMED,2026-01-07 01:03:04,0.992,vel_K.csv,sudden_jump
Kamand,velocity_UNCONFIRMED,Kamand_velocity_UNCONFIRMED,2026-01-07 01:03:19,0.917,vel_K.csv,sudden_jump
Kamand,velocity_UNCONFIRMED,Kamand_velocity_UNCONFIRMED,2026-01-07 01:03:39,0.809,vel_K.csv,sudden_jump
Kamand,velocity_UNCONFIRMED,Kamand_velocity_UNCONFIRMED,2026-01-07 01:03:59,0.733,vel_K.csv,sudden_jump
Kamand,velocity_UNCONFIRMED,Kamand_velocity_UNCONFIRMED,2026-01-07 01:04:19,0.818,vel_K.csv,sudden_jump
Kamand,velocity_UNCONFIRMED,Kamand_velocity_UNCONFIRMED,2026-01-07 01:05:04,0.862,vel_K.csv,sudden_jump
Kamand,velocity_UNCONFIRMED,Kamand_velocity_UNCONFIRMED,2026-01-07 01:05:09,0.816,vel_K.csv,sudden_jump
Kamand,velocity_UNCONFIRMED,Kamand_velocity_UNCONFIRMED,2026-01-07 01:05:39,0.847,vel_K.csv,sudden_jump
Kamand,velocity_UNCONFIRMED,Kamand_velocity_UNCONFIRMED,2026-01-07 01:05:44,0.787,vel_K.csv,sudden_jump
Kamand,velocity_UNCONFIRMED,Kamand_velocity_UNCONFIRMED,2026-01-07 01:05:54,0.729,vel_K.csv,sudden_jump
Kamand,velocity_UNCONFIRMED,Kamand_velocity_UNCONFIRMED,2026-01-07 01:06:19,0.741,vel_K.csv,sudden_jump
Kamand,velocity_UNCONFIRMED,Kamand_velocity_UNCONFIRMED,2026-01-07 01:06:54,0.808,vel_K.csv,sudden_jump
Kamand,velocity_UNCONFIRMED,Kamand_velocity_UNCONFIRMED,2026-01-07 01:07:04,0.759,vel_K.csv,sudden_jump
Kamand,velocity_UNCONFIRMED,Kamand_velocity_UNCONFIRMED,2026-01-07 01:07:09,0.809,vel_K.csv,sudden_jump
Kamand,velocity_UNCONFIRMED,Kamand_velocity_UNCONFIRMED,2026-01-07 01:07:34,0.779,vel_K.csv,sudden_jump
Kamand,velocity_UNCONFIRMED,Kamand_velocity_UNCONFIRMED,2026-01-07 01:07:39,0.706,vel_K.csv,sudden_jump
Kamand,velocity_UNCONFIRMED,Kamand_velocity_UNCONFIRMED,2026-01-07 01:08:19,0.738,vel_K.csv,sudden_jump
Kamand,velocity_UNCONFIRMED,Kamand_velocity_UNCONFIRMED,2026-01-07 01:12:34,0.955,vel_K.csv,sudden_jump
Kamand,velocity_UNCONFIRMED,Kamand_velocity_UNCONFIRMED,2026-01-07 01:12:44,1.091,vel_K.csv,sudden_jump
Kamand,velocity_UNCONFIRMED,Kamand_velocity_UNCONFIRMED,2026-01-07 01:12:49,1.192,vel_K.csv,sudden_jump
Kamand,velocity_UNCONFIRMED,Kamand_velocity_UNCONFIRMED,2026-01-07 01:12:54,1.091,vel_K.csv,sudden_jump
Kamand,velocity_UNCONFIRMED,Kamand_velocity_UNCONFIRMED,2026-01-07 01:13:04,1.192,vel_K.csv,sudden_jump
Kamand,velocity_UNCONFIRMED,Kamand_velocity_UNCONFIRMED,2026-01-07 01:13:14,1.096,vel_K.csv,sudden_jump
Kamand,velocity_UNCONFIRMED,Kamand_velocity_UNCONFIRMED,2026-01-07 01:13:24,0.986,vel_K.csv,sudden_jump
Kamand,velocity_UNCONFIRMED,Kamand_velocity_UNCONFIRMED,2026-01-07 01:13:34,0.796,vel_K.csv,sudden_jump
Kamand,velocity_UNCONFIRMED,Kamand_velocity_UNCONFIRMED,2026-01-07 01:14:54,0.765,vel_K.csv,sudden_jump
Kamand,velocity_UNCONFIRMED,Kamand_velocity_UNCONFIRMED,2026-01-07 01:15:39,0.99,vel_K.csv,sudden_jump
Kamand,velocity_UNCONFIRMED,Kamand_velocity_UNCONFIRMED,2026-01-07 01:15:44,0.92,vel_K.csv,sudden_jump
Kamand,velocity_UNCONFIRMED,Kamand_velocity_UNCONFIRMED,2026-01-07 01:16:04,0.804,vel_K.csv,sudden_jump
Kamand,velocity_UNCONFIRMED,Kamand_velocity_UNCONFIRMED,2026-01-07 01:16:14,0.748,vel_K.csv,sudden_jump
Kamand,velocity_UNCONFIRMED,Kamand_velocity_UNCONFIRMED,2026-01-07 01:17:04,0.773,vel_K.csv,sudden_jump
Kamand,velocity_UNCONFIRMED,Kamand_velocity_UNCONFIRMED,2026-01-07 01:18:19,0.921,vel_K.csv,sudden_jump
Kamand,velocity_UNCONFIRMED,Kamand_velocity_UNCONFIRMED,2026-01-07 01:18:24,0.868,vel_K.csv,sudden_jump
Kamand,velocity_UNCONFIRMED,Kamand_velocity_UNCONFIRMED,2026-01-07 01:18:44,0.757,vel_K.csv,sudden_jump
Kamand,velocity_UNCONFIRMED,Kamand_velocity_UNCONFIRMED,2026-01-07 01:23:44,0.726,vel_K.csv,sudden_jump
Kamand,velocity_UNCONFIRMED,Kamand_velocity_UNCONFIRMED,2026-01-07 01:24:49,0.881,vel_K.csv,sudden_jump
Kamand,velocity_UNCONFIRMED,Kamand_velocity_UNCONFIRMED,2026-01-07 01:25:04,0.979,vel_K.csv,sudden_jump
Kamand,velocity_UNCONFIRMED,Kamand_velocity_UNCONFIRMED,2026-01-07 01:25:14,0.891,vel_K.csv,sudden_jump
Kamand,velocity_UNCONFIRMED,Kamand_velocity_UNCONFIRMED,2026-01-07 01:25:29,0.979,vel_K.csv,sudden_jump
Kamand,velocity_UNCONFIRMED,Kamand_velocity_UNCONFIRMED,2026-01-07 01:25:39,0.924,vel_K.csv,sudden_jump
Kamand,velocity_UNCONFIRMED,Kamand_velocity_UNCONFIRMED,2026-01-07 01:26:04,0.794,vel_K.csv,sudden_jump
Kamand,velocity_UNCONFIRMED,Kamand_velocity_UNCONFIRMED,2026-01-07 01:33:54,0.902,vel_K.csv,sudden_jump
Kamand,velocity_UNCONFIRMED,Kamand_velocity_UNCONFIRMED,2026-01-07 01:34:14,0.856,vel_K.csv,sudden_jump
Kamand,velocity_UNCONFIRMED,Kamand_velocity_UNCONFIRMED,2026-01-07 01:34:19,0.808,vel_K.csv,sudden_jump
Kamand,velocity_UNCONFIRMED,Kamand_velocity_UNCONFIRMED,2026-01-07 01:35:39,0.932,vel_K.csv,sudden_jump
Kamand,velocity_UNCONFIRMED,Kamand_velocity_UNCONFIRMED,2026-01-07 01:35:44,0.878,vel_K.csv,sudden_jump
Kamand,velocity_UNCONFIRMED,Kamand_velocity_UNCONFIRMED,2026-01-07 01:36:09,0.761,vel_K.csv,sudden_jump
Kamand,velocity_UNCONFIRMED,Kamand_velocity_UNCONFIRMED,2026-01-07 01:39:09,0.844,vel_K.csv,sudden_jump
Kamand,velocity_UNCONFIRMED,Kamand_velocity_UNCONFIRMED,2026-01-07 01:39:59,0.776,vel_K.csv,sudden_jump
Kamand,velocity_UNCONFIRMED,Kamand_velocity_UNCONFIRMED,2026-01-07 01:40:24,0.807,vel_K.csv,sudden_jump
Kamand,velocity_UNCONFIRMED,Kamand_velocity_UNCONFIRMED,2026-01-07 01:40:39,0.912,vel_K.csv,sudden_jump
Kamand,velocity_UNCONFIRMED,Kamand_velocity_UNCONFIRMED,2026-01-07 01:40:54,0.816,vel_K.csv,sudden_jump
Kamand,velocity_UNCONFIRMED,Kamand_velocity_UNCONFIRMED,2026-01-07 01:41:14,0.912,vel_K.csv,sudden_jump
Kamand,velocity_UNCONFIRMED,Kamand_velocity_UNCONFIRMED,2026-01-07 01:41:19,0.843,vel_K.csv,sudden_jump
Kamand,velocity_UNCONFIRMED,Kamand_velocity_UNCONFIRMED,2026-01-07 01:43:29,0.86,vel_K.csv,sudden_jump
Kamand,velocity_UNCONFIRMED,Kamand_velocity_UNCONFIRMED,2026-01-07 01:43:39,0.812,vel_K.csv,sudden_jump
Kamand,velocity_UNCONFIRMED,Kamand_velocity_UNCONFIRMED,2026-01-07 01:43:59,0.793,vel_K.csv,sudden_jump
Kamand,velocity_UNCONFIRMED,Kamand_velocity_UNCONFIRMED,2026-01-07 01:45:24,0.823,vel_K.csv,sudden_jump
Kamand,velocity_UNCONFIRMED,Kamand_velocity_UNCONFIRMED,2026-01-07 01:45:29,0.752,vel_K.csv,sudden_jump
Kamand,velocity_UNCONFIRMED,Kamand_velocity_UNCONFIRMED,2026-01-07 01:50:29,0.833,vel_K.csv,sudden_jump
Kamand,velocity_UNCONFIRMED,Kamand_velocity_UNCONFIRMED,2026-01-07 01:50:54,0.985,vel_K.csv,sudden_jump
Kamand,velocity_UNCONFIRMED,Kamand_velocity_UNCONFIRMED,2026-01-07 01:51:09,1.041,vel_K.csv,sudden_jump
Kamand,velocity_UNCONFIRMED,Kamand_velocity_UNCONFIRMED,2026-01-07 01:51:14,0.803,vel_K.csv,sudden_jump
Kamand,velocity_UNCONFIRMED,Kamand_velocity_UNCONFIRMED,2026-01-07 01:51:34,0.915,vel_K.csv,sudden_jump
Kamand,velocity_UNCONFIRMED,Kamand_velocity_UNCONFIRMED,2026-01-07 01:51:44,0.811,vel_K.csv,sudden_jump
Kamand,velocity_UNCONFIRMED,Kamand_velocity_UNCONFIRMED,2026-01-07 01:53:04,0.842,vel_K.csv,sudden_jump
Kamand,velocity_UNCONFIRMED,Kamand_velocity_UNCONFIRMED,2026-01-07 01:53:14,0.772,vel_K.csv,sudden_jump
Kamand,velocity_UNCONFIRMED,Kamand_velocity_UNCONFIRMED,2026-01-07 02:01:49,0.805,vel_K.csv,sudden_jump
Kamand,velocity_UNCONFIRMED,Kamand_velocity_UNCONFIRMED,2026-01-07 02:02:19,0.755,vel_K.csv,sudden_jump
Kamand,velocity_UNCONFIRMED,Kamand_velocity_UNCONFIRMED,2026-01-07 02:02:24,0.815,vel_K.csv,sudden_jump
Kamand,velocity_UNCONFIRMED,Kamand_velocity_UNCONFIRMED,2026-01-07 02:07:19,0.809,vel_K.csv,sudden_jump
Kamand,velocity_UNCONFIRMED,Kamand_velocity_UNCONFIRMED,2026-01-07 02:10:54,0.831,vel_K.csv,sudden_jump
Kamand,velocity_UNCONFIRMED,Kamand_velocity_UNCONFIRMED,2026-01-07 02:11:04,0.752,vel_K.csv,sudden_jump
Kamand,velocity_UNCONFIRMED,Kamand_velocity_UNCONFIRMED,2026-01-07 02:11:09,0.824,vel_K.csv,sudden_jump
Kamand,velocity_UNCONFIRMED,Kamand_velocity_UNCONFIRMED,2026-01-07 02:11:39,0.874,vel_K.csv,sudden_jump
Kamand,velocity_UNCONFIRMED,Kamand_velocity_UNCONFIRMED,2026-01-07 02:11:54,0.784,vel_K.csv,sudden_jump
Kamand,velocity_UNCONFIRMED,Kamand_velocity_UNCONFIRMED,2026-01-07 02:12:59,0.796,vel_K.csv,sudden_jump
Kamand,velocity_UNCONFIRMED,Kamand_velocity_UNCONFIRMED,2026-01-07 02:13:04,0.85,vel_K.csv,sudden_jump
Kamand,velocity_UNCONFIRMED,Kamand_velocity_UNCONFIRMED,2026-01-07 02:13:09,0.9,vel_K.csv,sudden_jump
Kamand,velocity_UNCONFIRMED,Kamand_velocity_UNCONFIRMED,2026-01-07 02:13:19,0.795,vel_K.csv,sudden_jump
Kamand,velocity_UNCONFIRMED,Kamand_velocity_UNCONFIRMED,2026-01-07 02:13:24,0.9,vel_K.csv,sudden_jump
Kamand,velocity_UNCONFIRMED,Kamand_velocity_UNCONFIRMED,2026-01-07 02:13:54,0.786,vel_K.csv,sudden_jump
Kamand,velocity_UNCONFIRMED,Kamand_velocity_UNCONFIRMED,2026-01-07 02:14:54,0.941,vel_K.csv,sudden_jump
Kamand,velocity_UNCONFIRMED,Kamand_velocity_UNCONFIRMED,2026-01-07 02:14:59,1.035,vel_K.csv,sudden_jump
Kamand,velocity_UNCONFIRMED,Kamand_velocity_UNCONFIRMED,2026-01-07 02:15:04,0.898,vel_K.csv,sudden_jump
Kamand,velocity_UNCONFIRMED,Kamand_velocity_UNCONFIRMED,2026-01-07 02:15:29,0.832,vel_K.csv,sudden_jump
Kamand,velocity_UNCONFIRMED,Kamand_velocity_UNCONFIRMED,2026-01-07 02:15:49,0.751,vel_K.csv,sudden_jump
Kamand,velocity_UNCONFIRMED,Kamand_velocity_UNCONFIRMED,2026-01-07 02:16:49,0.839,vel_K.csv,sudden_jump
Kamand,velocity_UNCONFIRMED,Kamand_velocity_UNCONFIRMED,2026-01-07 02:16:59,0.81,vel_K.csv,sudden_jump
Kamand,velocity_UNCONFIRMED,Kamand_velocity_UNCONFIRMED,2026-01-07 02:27:44,0.733,vel_K.csv,sudden_jump
Kamand,velocity_UNCONFIRMED,Kamand_velocity_UNCONFIRMED,2026-01-07 02:30:34,0.848,vel_K.csv,sudden_jump
Kamand,velocity_UNCONFIRMED,Kamand_velocity_UNCONFIRMED,2026-01-07 02:30:49,0.823,vel_K.csv,sudden_jump
Kamand,velocity_UNCONFIRMED,Kamand_velocity_UNCONFIRMED,2026-01-07 02:30:54,0.77,vel_K.csv,sudden_jump
Kamand,velocity_UNCONFIRMED,Kamand_velocity_UNCONFIRMED,2026-01-07 02:30:59,0.823,vel_K.csv,sudden_jump
Kamand,velocity_UNCONFIRMED,Kamand_velocity_UNCONFIRMED,2026-01-07 02:31:19,0.769,vel_K.csv,sudden_jump
Kamand,velocity_UNCONFIRMED,Kamand_velocity_UNCONFIRMED,2026-01-07 02:32:39,0.809,vel_K.csv,sudden_jump
Kamand,velocity_UNCONFIRMED,Kamand_velocity_UNCONFIRMED,2026-01-07 02:32:59,0.755,vel_K.csv,sudden_jump
Kamand,velocity_UNCONFIRMED,Kamand_velocity_UNCONFIRMED,2026-01-07 02:33:24,0.728,vel_K.csv,sudden_jump
Kamand,velocity_UNCONFIRMED,Kamand_velocity_UNCONFIRMED,2026-01-07 02:35:24,0.877,vel_K.csv,sudden_jump
Kamand,velocity_UNCONFIRMED,Kamand_velocity_UNCONFIRMED,2026-01-07 02:35:29,0.928,vel_K.csv,sudden_jump
Kamand,velocity_UNCONFIRMED,Kamand_velocity_UNCONFIRMED,2026-01-07 02:35:44,0.877,vel_K.csv,sudden_jump
Kamand,velocity_UNCONFIRMED,Kamand_velocity_UNCONFIRMED,2026-01-07 02:36:19,0.768,vel_K.csv,sudden_jump
Kamand,velocity_UNCONFIRMED,Kamand_velocity_UNCONFIRMED,2026-01-07 02:38:14,0.883,vel_K.csv,sudden_jump
Kamand,velocity_UNCONFIRMED,Kamand_velocity_UNCONFIRMED,2026-01-07 02:38:54,0.856,vel_K.csv,sudden_jump
Kamand,velocity_UNCONFIRMED,Kamand_velocity_UNCONFIRMED,2026-01-07 02:39:04,0.799,vel_K.csv,sudden_jump
Kamand,velocity_UNCONFIRMED,Kamand_velocity_UNCONFIRMED,2026-01-07 02:42:39,0.774,vel_K.csv,sudden_jump
Kamand,velocity_UNCONFIRMED,Kamand_velocity_UNCONFIRMED,2026-01-07 02:42:54,0.875,vel_K.csv,sudden_jump
Kamand,velocity_UNCONFIRMED,Kamand_velocity_UNCONFIRMED,2026-01-07 02:43:04,1.0,vel_K.csv,sudden_jump
Kamand,velocity_UNCONFIRMED,Kamand_velocity_UNCONFIRMED,2026-01-07 02:43:09,1.073,vel_K.csv,sudden_jump
Kamand,velocity_UNCONFIRMED,Kamand_velocity_UNCONFIRMED,2026-01-07 02:43:19,1.0,vel_K.csv,sudden_jump
Kamand,velocity_UNCONFIRMED,Kamand_velocity_UNCONFIRMED,2026-01-07 02:43:29,0.891,vel_K.csv,sudden_jump
Kamand,velocity_UNCONFIRMED,Kamand_velocity_UNCONFIRMED,2026-01-07 02:43:34,0.835,vel_K.csv,sudden_jump
Kamand,velocity_UNCONFIRMED,Kamand_velocity_UNCONFIRMED,2026-01-07 02:53:29,0.832,vel_K.csv,sudden_jump
Kamand,velocity_UNCONFIRMED,Kamand_velocity_UNCONFIRMED,2026-01-07 02:53:34,0.893,vel_K.csv,sudden_jump
Kamand,velocity_UNCONFIRMED,Kamand_velocity_UNCONFIRMED,2026-01-07 02:53:49,0.832,vel_K.csv,sudden_jump
Kamand,velocity_UNCONFIRMED,Kamand_velocity_UNCONFIRMED,2026-01-07 02:53:59,0.779,vel_K.csv,sudden_jump
Kamand,velocity_UNCONFIRMED,Kamand_velocity_UNCONFIRMED,2026-01-07 02:54:14,0.875,vel_K.csv,sudden_jump
Kamand,velocity_UNCONFIRMED,Kamand_velocity_UNCONFIRMED,2026-01-07 02:54:24,0.826,vel_K.csv,sudden_jump
Kamand,velocity_UNCONFIRMED,Kamand_velocity_UNCONFIRMED,2026-01-07 03:04:19,0.753,vel_K.csv,sudden_jump
Kamand,velocity_UNCONFIRMED,Kamand_velocity_UNCONFIRMED,2026-01-07 03:09:09,0.716,vel_K.csv,sudden_jump
Kamand,velocity_UNCONFIRMED,Kamand_velocity_UNCONFIRMED,2026-01-07 03:10:39,0.765,vel_K.csv,sudden_jump
Kamand,velocity_UNCONFIRMED,Kamand_velocity_UNCONFIRMED,2026-01-07 03:11:59,0.822,vel_K.csv,sudden_jump
Kamand,velocity_UNCONFIRMED,Kamand_velocity_UNCONFIRMED,2026-01-07 03:18:24,0.84,vel_K.csv,sudden_jump
Kamand,velocity_UNCONFIRMED,Kamand_velocity_UNCONFIRMED,2026-01-07 03:18:34,0.902,vel_K.csv,sudden_jump
Kamand,velocity_UNCONFIRMED,Kamand_velocity_UNCONFIRMED,2026-01-07 03:18:44,0.84,vel_K.csv,sudden_jump
Kamand,velocity_UNCONFIRMED,Kamand_velocity_UNCONFIRMED,2026-01-07 03:18:54,0.771,vel_K.csv,sudden_jump
Kamand,velocity_UNCONFIRMED,Kamand_velocity_UNCONFIRMED,2026-01-07 03:18:59,0.84,vel_K.csv,sudden_jump
Kamand,velocity_UNCONFIRMED,Kamand_velocity_UNCONFIRMED,2026-01-07 03:19:04,0.769,vel_K.csv,sudden_jump
Kamand,velocity_UNCONFIRMED,Kamand_velocity_UNCONFIRMED,2026-01-07 03:19:19,0.82,vel_K.csv,sudden_jump
Kamand,velocity_UNCONFIRMED,Kamand_velocity_UNCONFIRMED,2026-01-07 03:19:24,0.774,vel_K.csv,sudden_jump
Kamand,velocity_UNCONFIRMED,Kamand_velocity_UNCONFIRMED,2026-01-07 03:19:29,0.846,vel_K.csv,sudden_jump
Kamand,velocity_UNCONFIRMED,Kamand_velocity_UNCONFIRMED,2026-01-07 03:19:34,0.777,vel_K.csv,sudden_jump
Kamand,velocity_UNCONFIRMED,Kamand_velocity_UNCONFIRMED,2026-01-07 03:20:09,0.853,vel_K.csv,sudden_jump
Kamand,velocity_UNCONFIRMED,Kamand_velocity_UNCONFIRMED,2026-01-07 03:22:04,0.846,vel_K.csv,sudden_jump
Kamand,velocity_UNCONFIRMED,Kamand_velocity_UNCONFIRMED,2026-01-07 03:22:19,0.768,vel_K.csv,sudden_jump
Kamand,velocity_UNCONFIRMED,Kamand_velocity_UNCONFIRMED,2026-01-07 03:24:34,0.859,vel_K.csv,sudden_jump
Kamand,velocity_UNCONFIRMED,Kamand_velocity_UNCONFIRMED,2026-01-07 03:24:39,0.756,vel_K.csv,sudden_jump
Kamand,velocity_UNCONFIRMED,Kamand_velocity_UNCONFIRMED,2026-01-07 03:24:49,0.859,vel_K.csv,sudden_jump
Kamand,velocity_UNCONFIRMED,Kamand_velocity_UNCONFIRMED,2026-01-07 03:24:59,0.978,vel_K.csv,sudden_jump
Kamand,velocity_UNCONFIRMED,Kamand_velocity_UNCONFIRMED,2026-01-07 03:25:09,0.925,vel_K.csv,sudden_jump
Kamand,velocity_UNCONFIRMED,Kamand_velocity_UNCONFIRMED,2026-01-07 03:25:14,0.863,vel_K.csv,sudden_jump
Kamand,velocity_UNCONFIRMED,Kamand_velocity_UNCONFIRMED,2026-01-07 03:25:24,0.804,vel_K.csv,sudden_jump
Kamand,velocity_UNCONFIRMED,Kamand_velocity_UNCONFIRMED,2026-01-07 03:25:29,0.747,vel_K.csv,sudden_jump
Kamand,velocity_UNCONFIRMED,Kamand_velocity_UNCONFIRMED,2026-01-07 03:26:29,0.862,vel_K.csv,sudden_jump
Kamand,velocity_UNCONFIRMED,Kamand_velocity_UNCONFIRMED,2026-01-07 03:26:49,0.768,vel_K.csv,sudden_jump
Kamand,velocity_UNCONFIRMED,Kamand_velocity_UNCONFIRMED,2026-01-07 03:28:34,0.874,vel_K.csv,sudden_jump
Kamand,velocity_UNCONFIRMED,Kamand_velocity_UNCONFIRMED,2026-01-07 03:28:39,0.93,vel_K.csv,sudden_jump
Kamand,velocity_UNCONFIRMED,Kamand_velocity_UNCONFIRMED,2026-01-07 03:28:49,0.831,vel_K.csv,sudden_jump
Kamand,velocity_UNCONFIRMED,Kamand_velocity_UNCONFIRMED,2026-01-07 03:28:59,0.751,vel_K.csv,sudden_jump
Kamand,velocity_UNCONFIRMED,Kamand_velocity_UNCONFIRMED,2026-01-07 03:30:14,0.832,vel_K.csv,sudden_jump
Kamand,velocity_UNCONFIRMED,Kamand_velocity_UNCONFIRMED,2026-01-07 03:30:19,0.922,vel_K.csv,sudden_jump
Kamand,velocity_UNCONFIRMED,Kamand_velocity_UNCONFIRMED,2026-01-07 03:30:24,0.832,vel_K.csv,sudden_jump
Kamand,velocity_UNCONFIRMED,Kamand_velocity_UNCONFIRMED,2026-01-07 03:30:29,0.741,vel_K.csv,sudden_jump
Kamand,velocity_UNCONFIRMED,Kamand_velocity_UNCONFIRMED,2026-01-07 03:30:34,0.808,vel_K.csv,sudden_jump
Kamand,velocity_UNCONFIRMED,Kamand_velocity_UNCONFIRMED,2026-01-07 03:42:24,0.754,vel_K.csv,sudden_jump
Kamand,velocity_UNCONFIRMED,Kamand_velocity_UNCONFIRMED,2026-01-07 03:43:44,0.754,vel_K.csv,sudden_jump
Kamand,velocity_UNCONFIRMED,Kamand_velocity_UNCONFIRMED,2026-01-07 03:48:29,0.757,vel_K.csv,sudden_jump
Kamand,velocity_UNCONFIRMED,Kamand_velocity_UNCONFIRMED,2026-01-07 03:50:34,0.741,vel_K.csv,sudden_jump
Kamand,velocity_UNCONFIRMED,Kamand_velocity_UNCONFIRMED,2026-01-07 03:50:39,0.787,vel_K.csv,sudden_jump
Kamand,velocity_UNCONFIRMED,Kamand_velocity_UNCONFIRMED,2026-01-07 03:50:59,0.854,vel_K.csv,sudden_jump
Kamand,velocity_UNCONFIRMED,Kamand_velocity_UNCONFIRMED,2026-01-07 03:51:39,0.77,vel_K.csv,sudden_jump
Kamand,velocity_UNCONFIRMED,Kamand_velocity_UNCONFIRMED,2026-01-07 03:51:44,0.816,vel_K.csv,sudden_jump
Kamand,velocity_UNCONFIRMED,Kamand_velocity_UNCONFIRMED,2026-01-07 03:51:59,0.77,vel_K.csv,sudden_jump
Kamand,velocity_UNCONFIRMED,Kamand_velocity_UNCONFIRMED,2026-01-07 03:52:14,0.83,vel_K.csv,sudden_jump
Kamand,velocity_UNCONFIRMED,Kamand_velocity_UNCONFIRMED,2026-01-07 03:52:19,0.761,vel_K.csv,sudden_jump
Kamand,velocity_UNCONFIRMED,Kamand_velocity_UNCONFIRMED,2026-01-07 03:52:29,0.83,vel_K.csv,sudden_jump
Kamand,velocity_UNCONFIRMED,Kamand_velocity_UNCONFIRMED,2026-01-07 03:52:39,0.911,vel_K.csv,sudden_jump
Kamand,velocity_UNCONFIRMED,Kamand_velocity_UNCONFIRMED,2026-01-07 03:52:44,0.83,vel_K.csv,sudden_jump
Kamand,velocity_UNCONFIRMED,Kamand_velocity_UNCONFIRMED,2026-01-07 03:52:54,0.749,vel_K.csv,sudden_jump
Kamand,velocity_UNCONFIRMED,Kamand_velocity_UNCONFIRMED,2026-01-07 03:53:24,0.802,vel_K.csv,sudden_jump
Kamand,velocity_UNCONFIRMED,Kamand_velocity_UNCONFIRMED,2026-01-07 03:53:29,0.744,vel_K.csv,sudden_jump
Kamand,velocity_UNCONFIRMED,Kamand_velocity_UNCONFIRMED,2026-01-07 03:53:34,0.802,vel_K.csv,sudden_jump
Kamand,velocity_UNCONFIRMED,Kamand_velocity_UNCONFIRMED,2026-01-07 03:53:39,0.744,vel_K.csv,sudden_jump
Kamand,velocity_UNCONFIRMED,Kamand_velocity_UNCONFIRMED,2026-01-07 03:54:04,0.837,vel_K.csv,sudden_jump
Kamand,velocity_UNCONFIRMED,Kamand_velocity_UNCONFIRMED,2026-01-07 03:54:14,0.756,vel_K.csv,sudden_jump
Kamand,velocity_UNCONFIRMED,Kamand_velocity_UNCONFIRMED,2026-01-07 03:54:39,0.8,vel_K.csv,sudden_jump
Kamand,velocity_UNCONFIRMED,Kamand_velocity_UNCONFIRMED,2026-01-07 03:56:09,0.764,vel_K.csv,sudden_jump
Kamand,velocity_UNCONFIRMED,Kamand_velocity_UNCONFIRMED,2026-01-07 03:58:19,0.813,vel_K.csv,sudden_jump
Kamand,velocity_UNCONFIRMED,Kamand_velocity_UNCONFIRMED,2026-01-07 03:58:24,0.686,vel_K.csv,sudden_jump
Kamand,velocity_UNCONFIRMED,Kamand_velocity_UNCONFIRMED,2026-01-07 03:58:29,0.741,vel_K.csv,sudden_jump
Kamand,velocity_UNCONFIRMED,Kamand_velocity_UNCONFIRMED,2026-01-07 03:58:49,0.756,vel_K.csv,sudden_jump
Kamand,velocity_UNCONFIRMED,Kamand_velocity_UNCONFIRMED,2026-01-07 04:04:24,0.731,vel_K.csv,sudden_jump
Kamand,velocity_UNCONFIRMED,Kamand_velocity_UNCONFIRMED,2026-01-07 04:04:29,0.812,vel_K.csv,sudden_jump
Kamand,velocity_UNCONFIRMED,Kamand_velocity_UNCONFIRMED,2026-01-07 04:04:39,0.979,vel_K.csv,sudden_jump
Kamand,velocity_UNCONFIRMED,Kamand_velocity_UNCONFIRMED,2026-01-07 04:04:49,0.831,vel_K.csv,sudden_jump
Kamand,velocity_UNCONFIRMED,Kamand_velocity_UNCONFIRMED,2026-01-07 04:04:54,0.968,vel_K.csv,sudden_jump
Kamand,velocity_UNCONFIRMED,Kamand_velocity_UNCONFIRMED,2026-01-07 04:05:04,0.902,vel_K.csv,sudden_jump
Kamand,velocity_UNCONFIRMED,Kamand_velocity_UNCONFIRMED,2026-01-07 04:05:19,0.825,vel_K.csv,sudden_jump
Kamand,velocity_UNCONFIRMED,Kamand_velocity_UNCONFIRMED,2026-01-07 04:06:39,0.744,vel_K.csv,sudden_jump
Kamand,velocity_UNCONFIRMED,Kamand_velocity_UNCONFIRMED,2026-01-07 04:07:24,0.806,vel_K.csv,sudden_jump
Kamand,velocity_UNCONFIRMED,Kamand_velocity_UNCONFIRMED,2026-01-07 04:07:39,0.845,vel_K.csv,sudden_jump
Kamand,velocity_UNCONFIRMED,Kamand_velocity_UNCONFIRMED,2026-01-07 04:07:44,0.796,vel_K.csv,sudden_jump
Kamand,velocity_UNCONFIRMED,Kamand_velocity_UNCONFIRMED,2026-01-07 04:09:59,0.726,vel_K.csv,sudden_jump
Kamand,velocity_UNCONFIRMED,Kamand_velocity_UNCONFIRMED,2026-01-07 04:13:04,0.767,vel_K.csv,sudden_jump
Kamand,velocity_UNCONFIRMED,Kamand_velocity_UNCONFIRMED,2026-01-07 04:14:24,0.85,vel_K.csv,sudden_jump
Kamand,velocity_UNCONFIRMED,Kamand_velocity_UNCONFIRMED,2026-01-07 04:14:39,0.798,vel_K.csv,sudden_jump
Kamand,velocity_UNCONFIRMED,Kamand_velocity_UNCONFIRMED,2026-01-07 04:15:19,0.851,vel_K.csv,sudden_jump
Kamand,velocity_UNCONFIRMED,Kamand_velocity_UNCONFIRMED,2026-01-07 04:15:29,0.775,vel_K.csv,sudden_jump
Kamand,velocity_UNCONFIRMED,Kamand_velocity_UNCONFIRMED,2026-01-07 04:15:34,0.895,vel_K.csv,sudden_jump
Kamand,velocity_UNCONFIRMED,Kamand_velocity_UNCONFIRMED,2026-01-07 04:15:49,0.848,vel_K.csv,sudden_jump
Kamand,velocity_UNCONFIRMED,Kamand_velocity_UNCONFIRMED,2026-01-07 04:15:59,0.918,vel_K.csv,sudden_jump
Kamand,velocity_UNCONFIRMED,Kamand_velocity_UNCONFIRMED,2026-01-07 04:16:14,0.85,vel_K.csv,sudden_jump
Kamand,velocity_UNCONFIRMED,Kamand_velocity_UNCONFIRMED,2026-01-07 04:17:54,0.84,vel_K.csv,sudden_jump
Kamand,velocity_UNCONFIRMED,Kamand_velocity_UNCONFIRMED,2026-01-07 04:17:59,0.791,vel_K.csv,sudden_jump
Kamand,velocity_UNCONFIRMED,Kamand_velocity_UNCONFIRMED,2026-01-07 04:18:09,0.82,vel_K.csv,sudden_jump
Kamand,velocity_UNCONFIRMED,Kamand_velocity_UNCONFIRMED,2026-01-07 04:18:19,0.769,vel_K.csv,sudden_jump
Kamand,velocity_UNCONFIRMED,Kamand_velocity_UNCONFIRMED,2026-01-07 04:18:49,0.832,vel_K.csv,sudden_jump
Kamand,velocity_UNCONFIRMED,Kamand_velocity_UNCONFIRMED,2026-01-07 04:18:54,0.761,vel_K.csv,sudden_jump
Kamand,velocity_UNCONFIRMED,Kamand_velocity_UNCONFIRMED,2026-01-07 04:20:49,0.83,vel_K.csv,sudden_jump
Kamand,velocity_UNCONFIRMED,Kamand_velocity_UNCONFIRMED,2026-01-07 04:20:54,0.914,vel_K.csv,sudden_jump
Kamand,velocity_UNCONFIRMED,Kamand_velocity_UNCONFIRMED,2026-01-07 04:20:59,0.962,vel_K.csv,sudden_jump
Kamand,velocity_UNCONFIRMED,Kamand_velocity_UNCONFIRMED,2026-01-07 04:21:04,0.914,vel_K.csv,sudden_jump
Kamand,velocity_UNCONFIRMED,Kamand_velocity_UNCONFIRMED,2026-01-07 04:21:09,0.83,vel_K.csv,sudden_jump
Kamand,velocity_UNCONFIRMED,Kamand_velocity_UNCONFIRMED,2026-01-07 04:21:24,0.901,vel_K.csv,sudden_jump
Kamand,velocity_UNCONFIRMED,Kamand_velocity_UNCONFIRMED,2026-01-07 04:21:34,0.843,vel_K.csv,sudden_jump
Kamand,velocity_UNCONFIRMED,Kamand_velocity_UNCONFIRMED,2026-01-07 04:22:44,0.823,vel_K.csv,sudden_jump
Kamand,velocity_UNCONFIRMED,Kamand_velocity_UNCONFIRMED,2026-01-07 04:22:49,0.944,vel_K.csv,sudden_jump
Kamand,velocity_UNCONFIRMED,Kamand_velocity_UNCONFIRMED,2026-01-07 04:22:54,0.817,vel_K.csv,sudden_jump
Kamand,velocity_UNCONFIRMED,Kamand_velocity_UNCONFIRMED,2026-01-07 04:22:59,0.739,vel_K.csv,sudden_jump
Kamand,velocity_UNCONFIRMED,Kamand_velocity_UNCONFIRMED,2026-01-07 04:25:09,0.752,vel_K.csv,sudden_jump
Kamand,velocity_UNCONFIRMED,Kamand_velocity_UNCONFIRMED,2026-01-07 04:25:19,0.805,vel_K.csv,sudden_jump
Kamand,velocity_UNCONFIRMED,Kamand_velocity_UNCONFIRMED,2026-01-07 04:25:24,0.752,vel_K.csv,sudden_jump
Kamand,velocity_UNCONFIRMED,Kamand_velocity_UNCONFIRMED,2026-01-07 04:25:34,0.793,vel_K.csv,sudden_jump
Kamand,velocity_UNCONFIRMED,Kamand_velocity_UNCONFIRMED,2026-01-07 04:25:44,0.807,vel_K.csv,sudden_jump
Kamand,velocity_UNCONFIRMED,Kamand_velocity_UNCONFIRMED,2026-01-07 04:25:49,0.754,vel_K.csv,sudden_jump
Kamand,velocity_UNCONFIRMED,Kamand_velocity_UNCONFIRMED,2026-01-07 04:27:14,0.844,vel_K.csv,sudden_jump
Kamand,velocity_UNCONFIRMED,Kamand_velocity_UNCONFIRMED,2026-01-07 04:27:24,0.891,vel_K.csv,sudden_jump
Kamand,velocity_UNCONFIRMED,Kamand_velocity_UNCONFIRMED,2026-01-07 04:27:59,0.792,vel_K.csv,sudden_jump
Kamand,velocity_UNCONFIRMED,Kamand_velocity_UNCONFIRMED,2026-01-07 04:29:19,0.78,vel_K.csv,sudden_jump
Kamand,velocity_UNCONFIRMED,Kamand_velocity_UNCONFIRMED,2026-01-07 04:29:24,0.731,vel_K.csv,sudden_jump
Kamand,velocity_UNCONFIRMED,Kamand_velocity_UNCONFIRMED,2026-01-07 04:32:49,0.833,vel_K.csv,sudden_jump
Kamand,velocity_UNCONFIRMED,Kamand_velocity_UNCONFIRMED,2026-01-07 04:33:39,0.824,vel_K.csv,sudden_jump
Kamand,velocity_UNCONFIRMED,Kamand_velocity_UNCONFIRMED,2026-01-07 04:33:44,0.889,vel_K.csv,sudden_jump
Kamand,velocity_UNCONFIRMED,Kamand_velocity_UNCONFIRMED,2026-01-07 04:33:49,0.822,vel_K.csv,sudden_jump
Kamand,velocity_UNCONFIRMED,Kamand_velocity_UNCONFIRMED,2026-01-07 04:38:09,0.746,vel_K.csv,sudden_jump
Kamand,velocity_UNCONFIRMED,Kamand_velocity_UNCONFIRMED,2026-01-07 04:38:19,0.7,vel_K.csv,sudden_jump
Kamand,velocity_UNCONFIRMED,Kamand_velocity_UNCONFIRMED,2026-01-07 04:39:19,0.858,vel_K.csv,sudden_jump
Kamand,velocity_UNCONFIRMED,Kamand_velocity_UNCONFIRMED,2026-01-07 04:39:24,0.798,vel_K.csv,sudden_jump
Kamand,velocity_UNCONFIRMED,Kamand_velocity_UNCONFIRMED,2026-01-07 04:40:04,0.925,vel_K.csv,sudden_jump
Kamand,velocity_UNCONFIRMED,Kamand_velocity_UNCONFIRMED,2026-01-07 04:40:09,0.975,vel_K.csv,sudden_jump
Kamand,velocity_UNCONFIRMED,Kamand_velocity_UNCONFIRMED,2026-01-07 04:40:14,0.905,vel_K.csv,sudden_jump
Kamand,velocity_UNCONFIRMED,Kamand_velocity_UNCONFIRMED,2026-01-07 04:40:19,0.838,vel_K.csv,sudden_jump
Kamand,velocity_UNCONFIRMED,Kamand_velocity_UNCONFIRMED,2026-01-07 04:40:29,0.905,vel_K.csv,sudden_jump
Kamand,velocity_UNCONFIRMED,Kamand_velocity_UNCONFIRMED,2026-01-07 04:40:39,0.942,vel_K.csv,sudden_jump
Kamand,velocity_UNCONFIRMED,Kamand_velocity_UNCONFIRMED,2026-01-07 04:40:49,1.062,vel_K.csv,sudden_jump
Kamand,velocity_UNCONFIRMED,Kamand_velocity_UNCONFIRMED,2026-01-07 04:41:04,0.92,vel_K.csv,sudden_jump
Kamand,velocity_UNCONFIRMED,Kamand_velocity_UNCONFIRMED,2026-01-07 04:41:14,0.979,vel_K.csv,sudden_jump
Kamand,velocity_UNCONFIRMED,Kamand_velocity_UNCONFIRMED,2026-01-07 04:41:29,0.92,vel_K.csv,sudden_jump
Kamand,velocity_UNCONFIRMED,Kamand_velocity_UNCONFIRMED,2026-01-07 04:41:34,0.979,vel_K.csv,sudden_jump
Kamand,velocity_UNCONFIRMED,Kamand_velocity_UNCONFIRMED,2026-01-07 04:41:39,0.874,vel_K.csv,sudden_jump
Kamand,velocity_UNCONFIRMED,Kamand_velocity_UNCONFIRMED,2026-01-07 04:41:49,0.778,vel_K.csv,sudden_jump
Kamand,velocity_UNCONFIRMED,Kamand_velocity_UNCONFIRMED,2026-01-07 04:43:24,0.788,vel_K.csv,sudden_jump
Kamand,velocity_UNCONFIRMED,Kamand_velocity_UNCONFIRMED,2026-01-07 04:43:44,0.838,vel_K.csv,sudden_jump
Kamand,velocity_UNCONFIRMED,Kamand_velocity_UNCONFIRMED,2026-01-07 04:43:49,0.788,vel_K.csv,sudden_jump
Kamand,velocity_UNCONFIRMED,Kamand_velocity_UNCONFIRMED,2026-01-07 04:44:19,0.836,vel_K.csv,sudden_jump
Kamand,velocity_UNCONFIRMED,Kamand_velocity_UNCONFIRMED,2026-01-07 04:44:24,0.899,vel_K.csv,sudden_jump
Kamand,velocity_UNCONFIRMED,Kamand_velocity_UNCONFIRMED,2026-01-07 04:44:34,0.801,vel_K.csv,sudden_jump
Kamand,velocity_UNCONFIRMED,Kamand_velocity_UNCONFIRMED,2026-01-07 04:44:54,0.923,vel_K.csv,sudden_jump
Kamand,velocity_UNCONFIRMED,Kamand_velocity_UNCONFIRMED,2026-01-07 04:45:04,0.83,vel_K.csv,sudden_jump
Kamand,velocity_UNCONFIRMED,Kamand_velocity_UNCONFIRMED,2026-01-07 04:45:09,0.877,vel_K.csv,sudden_jump
Kamand,velocity_UNCONFIRMED,Kamand_velocity_UNCONFIRMED,2026-01-07 04:45:19,0.83,vel_K.csv,sudden_jump
Kamand,velocity_UNCONFIRMED,Kamand_velocity_UNCONFIRMED,2026-01-07 04:45:24,0.783,vel_K.csv,sudden_jump
Kamand,velocity_UNCONFIRMED,Kamand_velocity_UNCONFIRMED,2026-01-07 04:45:34,0.83,vel_K.csv,sudden_jump
Kamand,velocity_UNCONFIRMED,Kamand_velocity_UNCONFIRMED,2026-01-07 04:46:09,0.953,vel_K.csv,sudden_jump
Kamand,velocity_UNCONFIRMED,Kamand_velocity_UNCONFIRMED,2026-01-07 04:46:14,0.851,vel_K.csv,sudden_jump
Kamand,velocity_UNCONFIRMED,Kamand_velocity_UNCONFIRMED,2026-01-07 04:46:19,1.007,vel_K.csv,sudden_jump
Kamand,velocity_UNCONFIRMED,Kamand_velocity_UNCONFIRMED,2026-01-07 04:46:34,0.863,vel_K.csv,sudden_jump
Kamand,velocity_UNCONFIRMED,Kamand_velocity_UNCONFIRMED,2026-01-07 04:46:44,0.772,vel_K.csv,sudden_jump
Kamand,velocity_UNCONFIRMED,Kamand_velocity_UNCONFIRMED,2026-01-07 04:48:49,0.828,vel_K.csv,sudden_jump
Kamand,velocity_UNCONFIRMED,Kamand_velocity_UNCONFIRMED,2026-01-07 04:48:54,0.893,vel_K.csv,sudden_jump
Kamand,velocity_UNCONFIRMED,Kamand_velocity_UNCONFIRMED,2026-01-07 04:49:04,0.794,vel_K.csv,sudden_jump
Kamand,velocity_UNCONFIRMED,Kamand_velocity_UNCONFIRMED,2026-01-07 04:49:09,0.846,vel_K.csv,sudden_jump
Kamand,velocity_UNCONFIRMED,Kamand_velocity_UNCONFIRMED,2026-01-07 04:49:54,0.781,vel_K.csv,sudden_jump
Kamand,velocity_UNCONFIRMED,Kamand_velocity_UNCONFIRMED,2026-01-07 04:52:29,0.747,vel_K.csv,sudden_jump
Kamand,velocity_UNCONFIRMED,Kamand_velocity_UNCONFIRMED,2026-01-07 04:52:44,0.783,vel_K.csv,sudden_jump
Kamand,velocity_UNCONFIRMED,Kamand_velocity_UNCONFIRMED,2026-01-07 04:55:04,0.853,vel_K.csv,sudden_jump
Kamand,velocity_UNCONFIRMED,Kamand_velocity_UNCONFIRMED,2026-01-07 04:55:14,0.885,vel_K.csv,sudden_jump
Kamand,velocity_UNCONFIRMED,Kamand_velocity_UNCONFIRMED,2026-01-07 04:55:29,0.796,vel_K.csv,sudden_jump
Kamand,velocity_UNCONFIRMED,Kamand_velocity_UNCONFIRMED,2026-01-07 05:07:24,0.816,vel_K.csv,sudden_jump
Kamand,velocity_UNCONFIRMED,Kamand_velocity_UNCONFIRMED,2026-01-07 05:07:34,0.766,vel_K.csv,sudden_jump
Kamand,velocity_UNCONFIRMED,Kamand_velocity_UNCONFIRMED,2026-01-07 05:07:44,0.758,vel_K.csv,sudden_jump
Kamand,velocity_UNCONFIRMED,Kamand_velocity_UNCONFIRMED,2026-01-07 05:14:24,1.011,vel_K.csv,sudden_jump
Kamand,velocity_UNCONFIRMED,Kamand_velocity_UNCONFIRMED,2026-01-07 05:14:29,1.096,vel_K.csv,sudden_jump
Kamand,velocity_UNCONFIRMED,Kamand_velocity_UNCONFIRMED,2026-01-07 05:14:54,0.884,vel_K.csv,sudden_jump
Kamand,velocity_UNCONFIRMED,Kamand_velocity_UNCONFIRMED,2026-01-07 05:14:59,0.979,vel_K.csv,sudden_jump
Kamand,velocity_UNCONFIRMED,Kamand_velocity_UNCONFIRMED,2026-01-07 05:15:14,0.872,vel_K.csv,sudden_jump
Kamand,velocity_UNCONFIRMED,Kamand_velocity_UNCONFIRMED,2026-01-07 05:15:19,0.814,vel_K.csv,sudden_jump
Kamand,velocity_UNCONFIRMED,Kamand_velocity_UNCONFIRMED,2026-01-07 05:21:49,0.808,vel_K.csv,sudden_jump
Kamand,velocity_UNCONFIRMED,Kamand_velocity_UNCONFIRMED,2026-01-07 05:21:54,0.755,vel_K.csv,sudden_jump
Kamand,velocity_UNCONFIRMED,Kamand_velocity_UNCONFIRMED,2026-01-07 05:23:49,0.855,vel_K.csv,sudden_jump
Kamand,velocity_UNCONFIRMED,Kamand_velocity_UNCONFIRMED,2026-01-07 05:24:09,0.789,vel_K.csv,sudden_jump
Kamand,velocity_UNCONFIRMED,Kamand_velocity_UNCONFIRMED,2026-01-07 05:24:45,0.821,vel_K.csv,sudden_jump
Kamand,velocity_UNCONFIRMED,Kamand_velocity_UNCONFIRMED,2026-01-07 05:24:49,0.762,vel_K.csv,sudden_jump
Kamand,velocity_UNCONFIRMED,Kamand_velocity_UNCONFIRMED,2026-01-07 05:25:09,0.821,vel_K.csv,sudden_jump
Kamand,velocity_UNCONFIRMED,Kamand_velocity_UNCONFIRMED,2026-01-07 05:25:19,0.758,vel_K.csv,sudden_jump
Kamand,velocity_UNCONFIRMED,Kamand_velocity_UNCONFIRMED,2026-01-07 05:27:29,1.017,vel_K.csv,sudden_jump
Kamand,velocity_UNCONFIRMED,Kamand_velocity_UNCONFIRMED,2026-01-07 05:27:34,1.14,vel_K.csv,sudden_jump
Kamand,velocity_UNCONFIRMED,Kamand_velocity_UNCONFIRMED,2026-01-07 05:27:54,0.953,vel_K.csv,sudden_jump
Kamand,velocity_UNCONFIRMED,Kamand_velocity_UNCONFIRMED,2026-01-07 05:28:04,0.77,vel_K.csv,sudden_jump
Kamand,velocity_UNCONFIRMED,Kamand_velocity_UNCONFIRMED,2026-01-07 05:29:44,0.871,vel_K.csv,sudden_jump
Kamand,velocity_UNCONFIRMED,Kamand_velocity_UNCONFIRMED,2026-01-07 05:29:49,0.738,vel_K.csv,sudden_jump
Kamand,velocity_UNCONFIRMED,Kamand_velocity_UNCONFIRMED,2026-01-07 05:31:39,0.864,vel_K.csv,sudden_jump
Kamand,velocity_UNCONFIRMED,Kamand_velocity_UNCONFIRMED,2026-01-07 05:31:44,0.788,vel_K.csv,sudden_jump
Kamand,velocity_UNCONFIRMED,Kamand_velocity_UNCONFIRMED,2026-01-07 05:33:24,0.866,vel_K.csv,sudden_jump
Kamand,velocity_UNCONFIRMED,Kamand_velocity_UNCONFIRMED,2026-01-07 05:33:29,0.918,vel_K.csv,sudden_jump
Kamand,velocity_UNCONFIRMED,Kamand_velocity_UNCONFIRMED,2026-01-07 05:33:59,0.842,vel_K.csv,sudden_jump
Kamand,velocity_UNCONFIRMED,Kamand_velocity_UNCONFIRMED,2026-01-07 05:34:09,0.754,vel_K.csv,sudden_jump
Kamand,velocity_UNCONFIRMED,Kamand_velocity_UNCONFIRMED,2026-01-07 05:34:19,0.841,vel_K.csv,sudden_jump
Kamand,velocity_UNCONFIRMED,Kamand_velocity_UNCONFIRMED,2026-01-07 05:34:24,0.753,vel_K.csv,sudden_jump
Kamand,velocity_UNCONFIRMED,Kamand_velocity_UNCONFIRMED,2026-01-07 05:43:29,0.883,vel_K.csv,sudden_jump
Kamand,velocity_UNCONFIRMED,Kamand_velocity_UNCONFIRMED,2026-01-07 05:43:39,0.75,vel_K.csv,sudden_jump
Kamand,velocity_UNCONFIRMED,Kamand_velocity_UNCONFIRMED,2026-01-07 05:43:44,0.825,vel_K.csv,sudden_jump
Kamand,velocity_UNCONFIRMED,Kamand_velocity_UNCONFIRMED,2026-01-07 05:43:49,0.75,vel_K.csv,sudden_jump
Kamand,velocity_UNCONFIRMED,Kamand_velocity_UNCONFIRMED,2026-01-07 05:48:04,0.784,vel_K.csv,sudden_jump
Kamand,velocity_UNCONFIRMED,Kamand_velocity_UNCONFIRMED,2026-01-07 05:48:14,0.834,vel_K.csv,sudden_jump
Kamand,velocity_UNCONFIRMED,Kamand_velocity_UNCONFIRMED,2026-01-07 05:48:19,0.784,vel_K.csv,sudden_jump
Kamand,velocity_UNCONFIRMED,Kamand_velocity_UNCONFIRMED,2026-01-07 05:50:34,0.715,vel_K.csv,sudden_jump
Kamand,velocity_UNCONFIRMED,Kamand_velocity_UNCONFIRMED,2026-01-07 05:50:54,0.769,vel_K.csv,sudden_jump
Kamand,velocity_UNCONFIRMED,Kamand_velocity_UNCONFIRMED,2026-01-07 05:50:59,0.706,vel_K.csv,sudden_jump
Kamand,velocity_UNCONFIRMED,Kamand_velocity_UNCONFIRMED,2026-01-07 05:51:04,0.769,vel_K.csv,sudden_jump
Kamand,velocity_UNCONFIRMED,Kamand_velocity_UNCONFIRMED,2026-01-07 05:59:04,0.87,vel_K.csv,sudden_jump
Kamand,velocity_UNCONFIRMED,Kamand_velocity_UNCONFIRMED,2026-01-07 05:59:09,0.919,vel_K.csv,sudden_jump
Kamand,velocity_UNCONFIRMED,Kamand_velocity_UNCONFIRMED,2026-01-07 05:59:29,0.87,vel_K.csv,sudden_jump
Kamand,velocity_UNCONFIRMED,Kamand_velocity_UNCONFIRMED,2026-01-07 06:00:04,0.784,vel_K.csv,sudden_jump
Kamand,velocity_UNCONFIRMED,Kamand_velocity_UNCONFIRMED,2026-01-07 06:00:14,0.856,vel_K.csv,sudden_jump
Kamand,velocity_UNCONFIRMED,Kamand_velocity_UNCONFIRMED,2026-01-07 06:00:46,0.762,vel_K.csv,sudden_jump
Kamand,velocity_UNCONFIRMED,Kamand_velocity_UNCONFIRMED,2026-01-07 06:07:59,0.9,vel_K.csv,sudden_jump
Kamand,velocity_UNCONFIRMED,Kamand_velocity_UNCONFIRMED,2026-01-07 06:08:39,0.852,vel_K.csv,sudden_jump
Kamand,velocity_UNCONFIRMED,Kamand_velocity_UNCONFIRMED,2026-01-07 06:10:24,0.799,vel_K.csv,sudden_jump
Kamand,velocity_UNCONFIRMED,Kamand_velocity_UNCONFIRMED,2026-01-07 06:10:29,0.864,vel_K.csv,sudden_jump
Kamand,velocity_UNCONFIRMED,Kamand_velocity_UNCONFIRMED,2026-01-07 06:11:04,0.774,vel_K.csv,sudden_jump
Kamand,velocity_UNCONFIRMED,Kamand_velocity_UNCONFIRMED,2026-01-07 06:11:39,0.898,vel_K.csv,sudden_jump
Kamand,velocity_UNCONFIRMED,Kamand_velocity_UNCONFIRMED,2026-01-07 06:11:54,0.967,vel_K.csv,sudden_jump
Kamand,velocity_UNCONFIRMED,Kamand_velocity_UNCONFIRMED,2026-01-07 06:12:34,0.798,vel_K.csv,sudden_jump
Kamand,velocity_UNCONFIRMED,Kamand_velocity_UNCONFIRMED,2026-01-07 06:12:39,0.697,vel_K.csv,sudden_jump
Kamand,velocity_UNCONFIRMED,Kamand_velocity_UNCONFIRMED,2026-01-07 06:12:46,0.798,vel_K.csv,sudden_jump
Kamand,velocity_UNCONFIRMED,Kamand_velocity_UNCONFIRMED,2026-01-07 06:12:54,0.713,vel_K.csv,sudden_jump
Kamand,velocity_UNCONFIRMED,Kamand_velocity_UNCONFIRMED,2026-01-07 06:13:34,0.817,vel_K.csv,sudden_jump
Kamand,velocity_UNCONFIRMED,Kamand_velocity_UNCONFIRMED,2026-01-07 06:13:39,0.87,vel_K.csv,sudden_jump
Kamand,velocity_UNCONFIRMED,Kamand_velocity_UNCONFIRMED,2026-01-07 06:13:49,0.817,vel_K.csv,sudden_jump
Kamand,velocity_UNCONFIRMED,Kamand_velocity_UNCONFIRMED,2026-01-07 06:13:54,0.87,vel_K.csv,sudden_jump
Kamand,velocity_UNCONFIRMED,Kamand_velocity_UNCONFIRMED,2026-01-07 06:14:09,0.781,vel_K.csv,sudden_jump
Kamand,velocity_UNCONFIRMED,Kamand_velocity_UNCONFIRMED,2026-01-07 06:14:14,0.849,vel_K.csv,sudden_jump
Kamand,velocity_UNCONFIRMED,Kamand_velocity_UNCONFIRMED,2026-01-07 06:14:34,0.785,vel_K.csv,sudden_jump
Kamand,velocity_UNCONFIRMED,Kamand_velocity_UNCONFIRMED,2026-01-07 06:14:39,0.708,vel_K.csv,sudden_jump
Kamand,velocity_UNCONFIRMED,Kamand_velocity_UNCONFIRMED,2026-01-07 06:15:09,0.813,vel_K.csv,sudden_jump
Kamand,velocity_UNCONFIRMED,Kamand_velocity_UNCONFIRMED,2026-01-07 06:28:39,0.862,vel_K.csv,sudden_jump
Kamand,velocity_UNCONFIRMED,Kamand_velocity_UNCONFIRMED,2026-01-07 06:29:04,0.798,vel_K.csv,sudden_jump
Kamand,velocity_UNCONFIRMED,Kamand_velocity_UNCONFIRMED,2026-01-07 06:29:14,0.87,vel_K.csv,sudden_jump
Kamand,velocity_UNCONFIRMED,Kamand_velocity_UNCONFIRMED,2026-01-07 06:29:24,0.792,vel_K.csv,sudden_jump
Kamand,velocity_UNCONFIRMED,Kamand_velocity_UNCONFIRMED,2026-01-07 06:31:44,0.85,vel_K.csv,sudden_jump
Kamand,velocity_UNCONFIRMED,Kamand_velocity_UNCONFIRMED,2026-01-07 06:32:29,0.82,vel_K.csv,sudden_jump
Kamand,velocity_UNCONFIRMED,Kamand_velocity_UNCONFIRMED,2026-01-07 06:35:39,0.848,vel_K.csv,sudden_jump
Kamand,velocity_UNCONFIRMED,Kamand_velocity_UNCONFIRMED,2026-01-07 06:35:44,0.961,vel_K.csv,sudden_jump
Kamand,velocity_UNCONFIRMED,Kamand_velocity_UNCONFIRMED,2026-01-07 06:35:49,0.858,vel_K.csv,sudden_jump
Kamand,velocity_UNCONFIRMED,Kamand_velocity_UNCONFIRMED,2026-01-07 06:35:54,0.794,vel_K.csv,sudden_jump
Kamand,velocity_UNCONFIRMED,Kamand_velocity_UNCONFIRMED,2026-01-07 06:38:09,0.803,vel_K.csv,sudden_jump
Kamand,velocity_UNCONFIRMED,Kamand_velocity_UNCONFIRMED,2026-01-07 06:39:44,0.72,vel_K.csv,sudden_jump
Kamand,velocity_UNCONFIRMED,Kamand_velocity_UNCONFIRMED,2026-01-07 06:40:29,0.808,vel_K.csv,sudden_jump
Kamand,velocity_UNCONFIRMED,Kamand_velocity_UNCONFIRMED,2026-01-07 06:41:29,0.74,vel_K.csv,sudden_jump
Kamand,velocity_UNCONFIRMED,Kamand_velocity_UNCONFIRMED,2026-01-07 06:41:34,0.792,vel_K.csv,sudden_jump
Kamand,velocity_UNCONFIRMED,Kamand_velocity_UNCONFIRMED,2026-01-07 06:44:39,0.784,vel_K.csv,sudden_jump
Kamand,velocity_UNCONFIRMED,Kamand_velocity_UNCONFIRMED,2026-01-07 06:44:49,0.8,vel_K.csv,sudden_jump
Kamand,velocity_UNCONFIRMED,Kamand_velocity_UNCONFIRMED,2026-01-07 06:44:54,0.897,vel_K.csv,sudden_jump
Kamand,velocity_UNCONFIRMED,Kamand_velocity_UNCONFIRMED,2026-01-07 06:45:09,1.043,vel_K.csv,sudden_jump
Kamand,velocity_UNCONFIRMED,Kamand_velocity_UNCONFIRMED,2026-01-07 06:45:24,0.912,vel_K.csv,sudden_jump
Kamand,velocity_UNCONFIRMED,Kamand_velocity_UNCONFIRMED,2026-01-07 06:45:29,0.815,vel_K.csv,sudden_jump
Kamand,velocity_UNCONFIRMED,Kamand_velocity_UNCONFIRMED,2026-01-07 06:45:39,0.758,vel_K.csv,sudden_jump
Kamand,velocity_UNCONFIRMED,Kamand_velocity_UNCONFIRMED,2026-01-07 06:45:44,0.813,vel_K.csv,sudden_jump
Kamand,velocity_UNCONFIRMED,Kamand_velocity_UNCONFIRMED,2026-01-07 06:45:49,0.76,vel_K.csv,sudden_jump
Kamand,velocity_UNCONFIRMED,Kamand_velocity_UNCONFIRMED,2026-01-07 06:51:39,0.817,vel_K.csv,sudden_jump
Kamand,velocity_UNCONFIRMED,Kamand_velocity_UNCONFIRMED,2026-01-07 06:52:29,0.82,vel_K.csv,sudden_jump
Kamand,velocity_UNCONFIRMED,Kamand_velocity_UNCONFIRMED,2026-01-07 06:52:34,0.738,vel_K.csv,sudden_jump
Kamand,velocity_UNCONFIRMED,Kamand_velocity_UNCONFIRMED,2026-01-07 06:52:49,0.785,vel_K.csv,sudden_jump
Kamand,velocity_UNCONFIRMED,Kamand_velocity_UNCONFIRMED,2026-01-07 06:53:04,0.853,vel_K.csv,sudden_jump
Kamand,velocity_UNCONFIRMED,Kamand_velocity_UNCONFIRMED,2026-01-07 06:53:24,0.788,vel_K.csv,sudden_jump
Kamand,velocity_UNCONFIRMED,Kamand_velocity_UNCONFIRMED,2026-01-07 06:53:44,0.829,vel_K.csv,sudden_jump
Kamand,velocity_UNCONFIRMED,Kamand_velocity_UNCONFIRMED,2026-01-07 06:53:49,0.782,vel_K.csv,sudden_jump
Kamand,velocity_UNCONFIRMED,Kamand_velocity_UNCONFIRMED,2026-01-07 06:55:54,0.793,vel_K.csv,sudden_jump
Kamand,velocity_UNCONFIRMED,Kamand_velocity_UNCONFIRMED,2026-01-07 06:57:39,0.766,vel_K.csv,sudden_jump
Kamand,velocity_UNCONFIRMED,Kamand_velocity_UNCONFIRMED,2026-01-07 06:58:24,0.713,vel_K.csv,sudden_jump
Kamand,velocity_UNCONFIRMED,Kamand_velocity_UNCONFIRMED,2026-01-07 06:58:49,0.76,vel_K.csv,sudden_jump
Kamand,velocity_UNCONFIRMED,Kamand_velocity_UNCONFIRMED,2026-01-07 06:58:54,0.832,vel_K.csv,sudden_jump
Kamand,velocity_UNCONFIRMED,Kamand_velocity_UNCONFIRMED,2026-01-07 06:59:04,0.771,vel_K.csv,sudden_jump
Kamand,velocity_UNCONFIRMED,Kamand_velocity_UNCONFIRMED,2026-01-07 06:59:24,0.81,vel_K.csv,sudden_jump
Kamand,velocity_UNCONFIRMED,Kamand_velocity_UNCONFIRMED,2026-01-07 06:59:29,0.875,vel_K.csv,sudden_jump
Kamand,velocity_UNCONFIRMED,Kamand_velocity_UNCONFIRMED,2026-01-07 06:59:39,0.818,vel_K.csv,sudden_jump
Kamand,velocity_UNCONFIRMED,Kamand_velocity_UNCONFIRMED,2026-01-07 06:59:44,0.89,vel_K.csv,sudden_jump
Kamand,velocity_UNCONFIRMED,Kamand_velocity_UNCONFIRMED,2026-01-07 06:59:49,0.818,vel_K.csv,sudden_jump
Kamand,velocity_UNCONFIRMED,Kamand_velocity_UNCONFIRMED,2026-01-07 06:59:59,0.75,vel_K.csv,sudden_jump
Kamand,velocity_UNCONFIRMED,Kamand_velocity_UNCONFIRMED,2026-01-07 07:00:09,0.801,vel_K.csv,sudden_jump
Kamand,velocity_UNCONFIRMED,Kamand_velocity_UNCONFIRMED,2026-01-07 07:00:14,0.879,vel_K.csv,sudden_jump
Kamand,velocity_UNCONFIRMED,Kamand_velocity_UNCONFIRMED,2026-01-07 07:00:24,0.801,vel_K.csv,sudden_jump
Kamand,velocity_UNCONFIRMED,Kamand_velocity_UNCONFIRMED,2026-01-07 07:00:29,0.755,vel_K.csv,sudden_jump
Kamand,velocity_UNCONFIRMED,Kamand_velocity_UNCONFIRMED,2026-01-07 07:02:19,0.787,vel_K.csv,sudden_jump
Kamand,velocity_UNCONFIRMED,Kamand_velocity_UNCONFIRMED,2026-01-07 07:02:24,0.729,vel_K.csv,sudden_jump
Kamand,velocity_UNCONFIRMED,Kamand_velocity_UNCONFIRMED,2026-01-07 07:08:39,0.919,vel_K.csv,sudden_jump
Kamand,velocity_UNCONFIRMED,Kamand_velocity_UNCONFIRMED,2026-01-07 07:08:47,0.847,vel_K.csv,sudden_jump
Kamand,velocity_UNCONFIRMED,Kamand_velocity_UNCONFIRMED,2026-01-07 07:08:49,0.919,vel_K.csv,sudden_jump
Kamand,velocity_UNCONFIRMED,Kamand_velocity_UNCONFIRMED,2026-01-07 07:08:54,0.859,vel_K.csv,sudden_jump
Kamand,velocity_UNCONFIRMED,Kamand_velocity_UNCONFIRMED,2026-01-07 07:09:04,0.734,vel_K.csv,sudden_jump
Kamand,velocity_UNCONFIRMED,Kamand_velocity_UNCONFIRMED,2026-01-07 07:09:09,0.856,vel_K.csv,sudden_jump
Kamand,velocity_UNCONFIRMED,Kamand_velocity_UNCONFIRMED,2026-01-07 07:09:14,0.734,vel_K.csv,sudden_jump
Kamand,velocity_UNCONFIRMED,Kamand_velocity_UNCONFIRMED,2026-01-07 07:09:29,0.889,vel_K.csv,sudden_jump
Kamand,velocity_UNCONFIRMED,Kamand_velocity_UNCONFIRMED,2026-01-07 07:09:34,0.815,vel_K.csv,sudden_jump
Kamand,velocity_UNCONFIRMED,Kamand_velocity_UNCONFIRMED,2026-01-07 07:09:44,0.848,vel_K.csv,sudden_jump
Kamand,velocity_UNCONFIRMED,Kamand_velocity_UNCONFIRMED,2026-01-07 07:09:49,0.786,vel_K.csv,sudden_jump
Kamand,velocity_UNCONFIRMED,Kamand_velocity_UNCONFIRMED,2026-01-07 07:09:59,0.848,vel_K.csv,sudden_jump
Kamand,velocity_UNCONFIRMED,Kamand_velocity_UNCONFIRMED,2026-01-07 07:10:29,0.769,vel_K.csv,sudden_jump
Kamand,velocity_UNCONFIRMED,Kamand_velocity_UNCONFIRMED,2026-01-07 07:14:49,0.901,vel_K.csv,sudden_jump
Kamand,velocity_UNCONFIRMED,Kamand_velocity_UNCONFIRMED,2026-01-07 07:14:59,0.839,vel_K.csv,sudden_jump
Kamand,velocity_UNCONFIRMED,Kamand_velocity_UNCONFIRMED,2026-01-07 07:15:09,0.791,vel_K.csv,sudden_jump
Kamand,velocity_UNCONFIRMED,Kamand_velocity_UNCONFIRMED,2026-01-07 07:15:19,0.842,vel_K.csv,sudden_jump
Kamand,velocity_UNCONFIRMED,Kamand_velocity_UNCONFIRMED,2026-01-07 07:15:29,0.791,vel_K.csv,sudden_jump
Kamand,velocity_UNCONFIRMED,Kamand_velocity_UNCONFIRMED,2026-01-07 07:15:34,0.741,vel_K.csv,sudden_jump
Kamand,velocity_UNCONFIRMED,Kamand_velocity_UNCONFIRMED,2026-01-07 07:20:19,0.852,vel_K.csv,sudden_jump
Kamand,velocity_UNCONFIRMED,Kamand_velocity_UNCONFIRMED,2026-01-07 07:20:24,0.921,vel_K.csv,sudden_jump
Kamand,velocity_UNCONFIRMED,Kamand_velocity_UNCONFIRMED,2026-01-07 07:20:29,0.852,vel_K.csv,sudden_jump
Kamand,velocity_UNCONFIRMED,Kamand_velocity_UNCONFIRMED,2026-01-07 07:20:49,0.794,vel_K.csv,sudden_jump
Kamand,velocity_UNCONFIRMED,Kamand_velocity_UNCONFIRMED,2026-01-07 07:21:04,0.745,vel_K.csv,sudden_jump
Kamand,velocity_UNCONFIRMED,Kamand_velocity_UNCONFIRMED,2026-01-07 07:22:24,0.817,vel_K.csv,sudden_jump
Kamand,velocity_UNCONFIRMED,Kamand_velocity_UNCONFIRMED,2026-01-07 07:22:34,0.773,vel_K.csv,sudden_jump
Kamand,velocity_UNCONFIRMED,Kamand_velocity_UNCONFIRMED,2026-01-07 07:22:49,0.823,vel_K.csv,sudden_jump
Kamand,velocity_UNCONFIRMED,Kamand_velocity_UNCONFIRMED,2026-01-07 07:23:09,0.902,vel_K.csv,sudden_jump
Kamand,velocity_UNCONFIRMED,Kamand_velocity_UNCONFIRMED,2026-01-07 07:25:34,0.807,vel_K.csv,sudden_jump
Kamand,velocity_UNCONFIRMED,Kamand_velocity_UNCONFIRMED,2026-01-07 07:25:39,0.876,vel_K.csv,sudden_jump
Kamand,velocity_UNCONFIRMED,Kamand_velocity_UNCONFIRMED,2026-01-07 07:25:54,0.828,vel_K.csv,sudden_jump
Kamand,velocity_UNCONFIRMED,Kamand_velocity_UNCONFIRMED,2026-01-07 07:26:04,0.782,vel_K.csv,sudden_jump
Kamand,velocity_UNCONFIRMED,Kamand_velocity_UNCONFIRMED,2026-01-07 07:26:19,0.846,vel_K.csv,sudden_jump
Kamand,velocity_UNCONFIRMED,Kamand_velocity_UNCONFIRMED,2026-01-07 07:26:24,0.782,vel_K.csv,sudden_jump
Kamand,velocity_UNCONFIRMED,Kamand_velocity_UNCONFIRMED,2026-01-07 07:26:59,0.847,vel_K.csv,sudden_jump
Kamand,velocity_UNCONFIRMED,Kamand_velocity_UNCONFIRMED,2026-01-07 07:27:14,0.745,vel_K.csv,sudden_jump
Kamand,velocity_UNCONFIRMED,Kamand_velocity_UNCONFIRMED,2026-01-07 07:27:24,0.806,vel_K.csv,sudden_jump
Kamand,velocity_UNCONFIRMED,Kamand_velocity_UNCONFIRMED,2026-01-07 07:27:29,0.75,vel_K.csv,sudden_jump
Kamand,velocity_UNCONFIRMED,Kamand_velocity_UNCONFIRMED,2026-01-07 07:33:19,0.853,vel_K.csv,sudden_jump
Kamand,velocity_UNCONFIRMED,Kamand_velocity_UNCONFIRMED,2026-01-07 07:33:34,0.862,vel_K.csv,sudden_jump
Kamand,velocity_UNCONFIRMED,Kamand_velocity_UNCONFIRMED,2026-01-07 07:33:39,0.79,vel_K.csv,sudden_jump
Kamand,velocity_UNCONFIRMED,Kamand_velocity_UNCONFIRMED,2026-01-07 07:35:49,0.857,vel_K.csv,sudden_jump
Kamand,velocity_UNCONFIRMED,Kamand_velocity_UNCONFIRMED,2026-01-07 07:35:54,0.791,vel_K.csv,sudden_jump
Kamand,velocity_UNCONFIRMED,Kamand_velocity_UNCONFIRMED,2026-01-07 07:37:14,0.753,vel_K.csv,sudden_jump
Kamand,velocity_UNCONFIRMED,Kamand_velocity_UNCONFIRMED,2026-01-07 07:46:49,0.818,vel_K.csv,sudden_jump
Kamand,velocity_UNCONFIRMED,Kamand_velocity_UNCONFIRMED,2026-01-07 07:46:54,0.87,vel_K.csv,sudden_jump
Kamand,velocity_UNCONFIRMED,Kamand_velocity_UNCONFIRMED,2026-01-07 07:46:59,0.819,vel_K.csv,sudden_jump
Kamand,velocity_UNCONFIRMED,Kamand_velocity_UNCONFIRMED,2026-01-07 07:47:14,0.868,vel_K.csv,sudden_jump
Kamand,velocity_UNCONFIRMED,Kamand_velocity_UNCONFIRMED,2026-01-07 07:47:24,0.812,vel_K.csv,sudden_jump
Kamand,velocity_UNCONFIRMED,Kamand_velocity_UNCONFIRMED,2026-01-07 07:47:34,0.753,vel_K.csv,sudden_jump
Kamand,velocity_UNCONFIRMED,Kamand_velocity_UNCONFIRMED,2026-01-07 07:50:59,0.863,vel_K.csv,sudden_jump
Kamand,velocity_UNCONFIRMED,Kamand_velocity_UNCONFIRMED,2026-01-07 07:51:09,0.775,vel_K.csv,sudden_jump
Kamand,velocity_UNCONFIRMED,Kamand_velocity_UNCONFIRMED,2026-01-07 07:51:19,0.729,vel_K.csv,sudden_jump
Kamand,velocity_UNCONFIRMED,Kamand_velocity_UNCONFIRMED,2026-01-07 08:05:14,0.895,vel_K.csv,sudden_jump
Kamand,velocity_UNCONFIRMED,Kamand_velocity_UNCONFIRMED,2026-01-07 08:05:19,0.971,vel_K.csv,sudden_jump
Kamand,velocity_UNCONFIRMED,Kamand_velocity_UNCONFIRMED,2026-01-07 08:05:49,0.854,vel_K.csv,sudden_jump
Kamand,velocity_UNCONFIRMED,Kamand_velocity_UNCONFIRMED,2026-01-07 08:05:54,0.729,vel_K.csv,sudden_jump
Kamand,velocity_UNCONFIRMED,Kamand_velocity_UNCONFIRMED,2026-01-07 08:07:29,0.828,vel_K.csv,sudden_jump
Kamand,velocity_UNCONFIRMED,Kamand_velocity_UNCONFIRMED,2026-01-07 08:07:49,0.775,vel_K.csv,sudden_jump
Kamand,velocity_UNCONFIRMED,Kamand_velocity_UNCONFIRMED,2026-01-07 08:10:14,0.84,vel_K.csv,sudden_jump
Kamand,velocity_UNCONFIRMED,Kamand_velocity_UNCONFIRMED,2026-01-07 08:12:24,0.79,vel_K.csv,sudden_jump
Kamand,velocity_UNCONFIRMED,Kamand_velocity_UNCONFIRMED,2026-01-07 08:12:34,0.743,vel_K.csv,sudden_jump
Kamand,velocity_UNCONFIRMED,Kamand_velocity_UNCONFIRMED,2026-01-07 08:23:34,0.806,vel_K.csv,sudden_jump
Kamand,velocity_UNCONFIRMED,Kamand_velocity_UNCONFIRMED,2026-01-07 08:23:39,0.903,vel_K.csv,sudden_jump
Kamand,velocity_UNCONFIRMED,Kamand_velocity_UNCONFIRMED,2026-01-07 08:26:34,0.756,vel_K.csv,sudden_jump
Kamand,velocity_UNCONFIRMED,Kamand_velocity_UNCONFIRMED,2026-01-07 08:38:09,0.852,vel_K.csv,sudden_jump
Kamand,velocity_UNCONFIRMED,Kamand_velocity_UNCONFIRMED,2026-01-07 08:38:19,0.742,vel_K.csv,sudden_jump
Kamand,velocity_UNCONFIRMED,Kamand_velocity_UNCONFIRMED,2026-01-07 08:38:24,0.883,vel_K.csv,sudden_jump
Kamand,velocity_UNCONFIRMED,Kamand_velocity_UNCONFIRMED,2026-01-07 08:38:29,0.775,vel_K.csv,sudden_jump
Kamand,velocity_UNCONFIRMED,Kamand_velocity_UNCONFIRMED,2026-01-07 08:38:34,0.913,vel_K.csv,sudden_jump
Kamand,velocity_UNCONFIRMED,Kamand_velocity_UNCONFIRMED,2026-01-07 08:38:39,0.775,vel_K.csv,sudden_jump
Kamand,velocity_UNCONFIRMED,Kamand_velocity_UNCONFIRMED,2026-01-07 08:39:04,0.717,vel_K.csv,sudden_jump
Kamand,velocity_UNCONFIRMED,Kamand_velocity_UNCONFIRMED,2026-01-07 08:41:44,0.815,vel_K.csv,sudden_jump
Kamand,velocity_UNCONFIRMED,Kamand_velocity_UNCONFIRMED,2026-01-07 08:41:49,0.867,vel_K.csv,sudden_jump
Kamand,velocity_UNCONFIRMED,Kamand_velocity_UNCONFIRMED,2026-01-07 08:41:59,0.792,vel_K.csv,sudden_jump
Kamand,velocity_UNCONFIRMED,Kamand_velocity_UNCONFIRMED,2026-01-07 08:42:04,0.886,vel_K.csv,sudden_jump
Kamand,velocity_UNCONFIRMED,Kamand_velocity_UNCONFIRMED,2026-01-07 08:42:09,0.792,vel_K.csv,sudden_jump
Kamand,velocity_UNCONFIRMED,Kamand_velocity_UNCONFIRMED,2026-01-07 08:42:19,0.727,vel_K.csv,sudden_jump
Kamand,velocity_UNCONFIRMED,Kamand_velocity_UNCONFIRMED,2026-01-07 08:42:29,0.78,vel_K.csv,sudden_jump
Kamand,velocity_UNCONFIRMED,Kamand_velocity_UNCONFIRMED,2026-01-07 08:42:39,0.843,vel_K.csv,sudden_jump
Kamand,velocity_UNCONFIRMED,Kamand_velocity_UNCONFIRMED,2026-01-07 08:42:44,0.78,vel_K.csv,sudden_jump
Kamand,velocity_UNCONFIRMED,Kamand_velocity_UNCONFIRMED,2026-01-07 08:55:49,0.778,vel_K.csv,sudden_jump
Kamand,velocity_UNCONFIRMED,Kamand_velocity_UNCONFIRMED,2026-01-07 09:14:04,0.832,vel_K.csv,sudden_jump
Kamand,velocity_UNCONFIRMED,Kamand_velocity_UNCONFIRMED,2026-01-07 09:14:09,0.785,vel_K.csv,sudden_jump
Kamand,velocity_UNCONFIRMED,Kamand_velocity_UNCONFIRMED,2026-01-07 09:19:09,0.828,vel_K.csv,sudden_jump
Kamand,velocity_UNCONFIRMED,Kamand_velocity_UNCONFIRMED,2026-01-07 09:19:14,0.768,vel_K.csv,sudden_jump
Kamand,velocity_UNCONFIRMED,Kamand_velocity_UNCONFIRMED,2026-01-07 09:21:44,0.877,vel_K.csv,sudden_jump
Kamand,velocity_UNCONFIRMED,Kamand_velocity_UNCONFIRMED,2026-01-07 09:21:49,0.96,vel_K.csv,sudden_jump
Kamand,velocity_UNCONFIRMED,Kamand_velocity_UNCONFIRMED,2026-01-07 09:22:04,0.866,vel_K.csv,sudden_jump
Kamand,velocity_UNCONFIRMED,Kamand_velocity_UNCONFIRMED,2026-01-07 09:22:19,0.932,vel_K.csv,sudden_jump
Kamand,velocity_UNCONFIRMED,Kamand_velocity_UNCONFIRMED,2026-01-07 09:22:34,0.859,vel_K.csv,sudden_jump
Kamand,velocity_UNCONFIRMED,Kamand_velocity_UNCONFIRMED,2026-01-07 09:23:04,0.869,vel_K.csv,sudden_jump
Kamand,velocity_UNCONFIRMED,Kamand_velocity_UNCONFIRMED,2026-01-07 09:23:19,0.805,vel_K.csv,sudden_jump
Kamand,velocity_UNCONFIRMED,Kamand_velocity_UNCONFIRMED,2026-01-07 09:26:49,0.861,vel_K.csv,sudden_jump
Kamand,velocity_UNCONFIRMED,Kamand_velocity_UNCONFIRMED,2026-01-07 09:27:14,0.821,vel_K.csv,sudden_jump
Kamand,velocity_UNCONFIRMED,Kamand_velocity_UNCONFIRMED,2026-01-07 09:27:24,0.876,vel_K.csv,sudden_jump
Kamand,velocity_UNCONFIRMED,Kamand_velocity_UNCONFIRMED,2026-01-07 09:27:49,0.796,vel_K.csv,sudden_jump
Kamand,velocity_UNCONFIRMED,Kamand_velocity_UNCONFIRMED,2026-01-07 09:28:09,0.729,vel_K.csv,sudden_jump
Kamand,velocity_UNCONFIRMED,Kamand_velocity_UNCONFIRMED,2026-01-07 09:28:14,0.802,vel_K.csv,sudden_jump
Kamand,velocity_UNCONFIRMED,Kamand_velocity_UNCONFIRMED,2026-01-07 09:28:19,0.729,vel_K.csv,sudden_jump
Kamand,velocity_UNCONFIRMED,Kamand_velocity_UNCONFIRMED,2026-01-07 09:29:29,0.766,vel_K.csv,sudden_jump
Kamand,velocity_UNCONFIRMED,Kamand_velocity_UNCONFIRMED,2026-01-07 09:29:59,0.723,vel_K.csv,sudden_jump
Kamand,velocity_UNCONFIRMED,Kamand_velocity_UNCONFIRMED,2026-01-07 09:34:29,0.754,vel_K.csv,sudden_jump
Kamand,velocity_UNCONFIRMED,Kamand_velocity_UNCONFIRMED,2026-01-07 09:34:39,0.683,vel_K.csv,sudden_jump
Kamand,velocity_UNCONFIRMED,Kamand_velocity_UNCONFIRMED,2026-01-07 09:35:19,0.788,vel_K.csv,sudden_jump
Kamand,velocity_UNCONFIRMED,Kamand_velocity_UNCONFIRMED,2026-01-07 09:37:59,0.827,vel_K.csv,sudden_jump
Kamand,velocity_UNCONFIRMED,Kamand_velocity_UNCONFIRMED,2026-01-07 09:38:04,0.89,vel_K.csv,sudden_jump
Kamand,velocity_UNCONFIRMED,Kamand_velocity_UNCONFIRMED,2026-01-07 09:38:39,0.81,vel_K.csv,sudden_jump
Kamand,velocity_UNCONFIRMED,Kamand_velocity_UNCONFIRMED,2026-01-07 09:38:44,0.754,vel_K.csv,sudden_jump
Kamand,velocity_UNCONFIRMED,Kamand_velocity_UNCONFIRMED,2026-01-07 09:38:49,0.811,vel_K.csv,sudden_jump
Kamand,velocity_UNCONFIRMED,Kamand_velocity_UNCONFIRMED,2026-01-07 09:38:54,0.762,vel_K.csv,sudden_jump
Kamand,velocity_UNCONFIRMED,Kamand_velocity_UNCONFIRMED,2026-01-07 09:39:54,0.838,vel_K.csv,sudden_jump
Kamand,velocity_UNCONFIRMED,Kamand_velocity_UNCONFIRMED,2026-01-07 09:40:04,0.77,vel_K.csv,sudden_jump
Kamand,velocity_UNCONFIRMED,Kamand_velocity_UNCONFIRMED,2026-01-07 09:40:09,0.838,vel_K.csv,sudden_jump
Kamand,velocity_UNCONFIRMED,Kamand_velocity_UNCONFIRMED,2026-01-07 09:40:19,0.766,vel_K.csv,sudden_jump
Kamand,velocity_UNCONFIRMED,Kamand_velocity_UNCONFIRMED,2026-01-07 09:45:24,0.853,vel_K.csv,sudden_jump
Kamand,velocity_UNCONFIRMED,Kamand_velocity_UNCONFIRMED,2026-01-07 09:45:29,0.806,vel_K.csv,sudden_jump
Kamand,velocity_UNCONFIRMED,Kamand_velocity_UNCONFIRMED,2026-01-07 09:45:34,0.853,vel_K.csv,sudden_jump
Kamand,velocity_UNCONFIRMED,Kamand_velocity_UNCONFIRMED,2026-01-07 09:45:39,0.806,vel_K.csv,sudden_jump
Kamand,velocity_UNCONFIRMED,Kamand_velocity_UNCONFIRMED,2026-01-07 09:45:49,0.765,vel_K.csv,sudden_jump
Kamand,velocity_UNCONFIRMED,Kamand_velocity_UNCONFIRMED,2026-01-07 09:49:03,0.775,vel_K.csv,sudden_jump
Kamand,velocity_UNCONFIRMED,Kamand_velocity_UNCONFIRMED,2026-01-07 09:50:39,0.813,vel_K.csv,sudden_jump
Kamand,velocity_UNCONFIRMED,Kamand_velocity_UNCONFIRMED,2026-01-07 09:51:34,0.758,vel_K.csv,sudden_jump
Kamand,velocity_UNCONFIRMED,Kamand_velocity_UNCONFIRMED,2026-01-07 10:01:34,0.836,vel_K.csv,sudden_jump
Kamand,velocity_UNCONFIRMED,Kamand_velocity_UNCONFIRMED,2026-01-07 10:01:39,0.779,vel_K.csv,sudden_jump
Kamand,velocity_UNCONFIRMED,Kamand_velocity_UNCONFIRMED,2026-01-07 10:01:43,0.836,vel_K.csv,sudden_jump
Kamand,velocity_UNCONFIRMED,Kamand_velocity_UNCONFIRMED,2026-01-07 10:01:58,0.893,vel_K.csv,sudden_jump
Kamand,velocity_UNCONFIRMED,Kamand_velocity_UNCONFIRMED,2026-01-07 10:02:04,0.836,vel_K.csv,sudden_jump
Kamand,velocity_UNCONFIRMED,Kamand_velocity_UNCONFIRMED,2026-01-07 10:02:19,0.842,vel_K.csv,sudden_jump
Kamand,velocity_UNCONFIRMED,Kamand_velocity_UNCONFIRMED,2026-01-07 10:05:04,0.878,vel_K.csv,sudden_jump
Kamand,velocity_UNCONFIRMED,Kamand_velocity_UNCONFIRMED,2026-01-07 10:05:09,0.786,vel_K.csv,sudden_jump
Kamand,velocity_UNCONFIRMED,Kamand_velocity_UNCONFIRMED,2026-01-07 10:05:13,0.847,vel_K.csv,sudden_jump
Kamand,velocity_UNCONFIRMED,Kamand_velocity_UNCONFIRMED,2026-01-07 10:05:19,0.731,vel_K.csv,sudden_jump
Kamand,velocity_UNCONFIRMED,Kamand_velocity_UNCONFIRMED,2026-01-07 10:07:44,0.686,vel_K.csv,sudden_jump
Kamand,velocity_UNCONFIRMED,Kamand_velocity_UNCONFIRMED,2026-01-07 10:08:09,0.758,vel_K.csv,sudden_jump
Kamand,velocity_UNCONFIRMED,Kamand_velocity_UNCONFIRMED,2026-01-07 10:08:14,0.845,vel_K.csv,sudden_jump
Kamand,velocity_UNCONFIRMED,Kamand_velocity_UNCONFIRMED,2026-01-07 10:08:29,0.805,vel_K.csv,sudden_jump
Kamand,velocity_UNCONFIRMED,Kamand_velocity_UNCONFIRMED,2026-01-07 10:09:04,0.764,vel_K.csv,sudden_jump
Kamand,velocity_UNCONFIRMED,Kamand_velocity_UNCONFIRMED,2026-01-07 10:10:59,0.79,vel_K.csv,sudden_jump
Kamand,velocity_UNCONFIRMED,Kamand_velocity_UNCONFIRMED,2026-01-07 10:11:09,0.848,vel_K.csv,sudden_jump
Kamand,velocity_UNCONFIRMED,Kamand_velocity_UNCONFIRMED,2026-01-07 10:11:14,0.794,vel_K.csv,sudden_jump
Kamand,velocity_UNCONFIRMED,Kamand_velocity_UNCONFIRMED,2026-01-07 10:11:24,0.848,vel_K.csv,sudden_jump
Kamand,velocity_UNCONFIRMED,Kamand_velocity_UNCONFIRMED,2026-01-07 10:11:29,0.914,vel_K.csv,sudden_jump
Kamand,velocity_UNCONFIRMED,Kamand_velocity_UNCONFIRMED,2026-01-07 10:11:34,0.999,vel_K.csv,sudden_jump
Kamand,velocity_UNCONFIRMED,Kamand_velocity_UNCONFIRMED,2026-01-07 10:11:39,0.914,vel_K.csv,sudden_jump
Kamand,velocity_UNCONFIRMED,Kamand_velocity_UNCONFIRMED,2026-01-07 10:11:49,0.816,vel_K.csv,sudden_jump
Kamand,velocity_UNCONFIRMED,Kamand_velocity_UNCONFIRMED,2026-01-07 10:11:54,0.765,vel_K.csv,sudden_jump
Kamand,velocity_UNCONFIRMED,Kamand_velocity_UNCONFIRMED,2026-01-07 10:13:29,0.925,vel_K.csv,sudden_jump
Kamand,velocity_UNCONFIRMED,Kamand_velocity_UNCONFIRMED,2026-01-07 10:13:34,1.096,vel_K.csv,sudden_jump
Kamand,velocity_UNCONFIRMED,Kamand_velocity_UNCONFIRMED,2026-01-07 10:13:39,0.925,vel_K.csv,sudden_jump
Kamand,velocity_UNCONFIRMED,Kamand_velocity_UNCONFIRMED,2026-01-07 10:13:54,0.813,vel_K.csv,sudden_jump
Kamand,velocity_UNCONFIRMED,Kamand_velocity_UNCONFIRMED,2026-01-07 10:16:04,0.857,vel_K.csv,sudden_jump
Kamand,velocity_UNCONFIRMED,Kamand_velocity_UNCONFIRMED,2026-01-07 10:16:19,0.941,vel_K.csv,sudden_jump
Kamand,velocity_UNCONFIRMED,Kamand_velocity_UNCONFIRMED,2026-01-07 10:16:24,0.841,vel_K.csv,sudden_jump
Kamand,velocity_UNCONFIRMED,Kamand_velocity_UNCONFIRMED,2026-01-07 10:16:29,0.92,vel_K.csv,sudden_jump
Kamand,velocity_UNCONFIRMED,Kamand_velocity_UNCONFIRMED,2026-01-07 10:16:34,0.841,vel_K.csv,sudden_jump
Kamand,velocity_UNCONFIRMED,Kamand_velocity_UNCONFIRMED,2026-01-07 10:17:39,0.9,vel_K.csv,sudden_jump
Kamand,velocity_UNCONFIRMED,Kamand_velocity_UNCONFIRMED,2026-01-07 10:17:49,0.807,vel_K.csv,sudden_jump
Kamand,velocity_UNCONFIRMED,Kamand_velocity_UNCONFIRMED,2026-01-07 10:17:54,0.747,vel_K.csv,sudden_jump
Kamand,velocity_UNCONFIRMED,Kamand_velocity_UNCONFIRMED,2026-01-07 10:22:29,0.789,vel_K.csv,sudden_jump
Kamand,velocity_UNCONFIRMED,Kamand_velocity_UNCONFIRMED,2026-01-07 10:22:39,0.865,vel_K.csv,sudden_jump
Kamand,velocity_UNCONFIRMED,Kamand_velocity_UNCONFIRMED,2026-01-07 10:23:49,0.837,vel_K.csv,sudden_jump
Kamand,velocity_UNCONFIRMED,Kamand_velocity_UNCONFIRMED,2026-01-07 10:23:54,0.782,vel_K.csv,sudden_jump
Kamand,velocity_UNCONFIRMED,Kamand_velocity_UNCONFIRMED,2026-01-07 10:25:19,0.914,vel_K.csv,sudden_jump
Kamand,velocity_UNCONFIRMED,Kamand_velocity_UNCONFIRMED,2026-01-07 10:25:29,0.799,vel_K.csv,sudden_jump
Kamand,velocity_UNCONFIRMED,Kamand_velocity_UNCONFIRMED,2026-01-07 10:29:44,0.782,vel_K.csv,sudden_jump
Kamand,velocity_UNCONFIRMED,Kamand_velocity_UNCONFIRMED,2026-01-07 10:30:54,0.853,vel_K.csv,sudden_jump
Kamand,velocity_UNCONFIRMED,Kamand_velocity_UNCONFIRMED,2026-01-07 10:31:04,0.923,vel_K.csv,sudden_jump
Kamand,velocity_UNCONFIRMED,Kamand_velocity_UNCONFIRMED,2026-01-07 10:31:49,0.857,vel_K.csv,sudden_jump
Kamand,velocity_UNCONFIRMED,Kamand_velocity_UNCONFIRMED,2026-01-07 10:31:54,0.792,vel_K.csv,sudden_jump
Kamand,velocity_UNCONFIRMED,Kamand_velocity_UNCONFIRMED,2026-01-07 10:32:09,0.892,vel_K.csv,sudden_jump
Kamand,velocity_UNCONFIRMED,Kamand_velocity_UNCONFIRMED,2026-01-07 10:32:19,0.985,vel_K.csv,sudden_jump
Kamand,velocity_UNCONFIRMED,Kamand_velocity_UNCONFIRMED,2026-01-07 10:32:24,1.032,vel_K.csv,sudden_jump
Kamand,velocity_UNCONFIRMED,Kamand_velocity_UNCONFIRMED,2026-01-07 10:32:39,1.236,vel_K.csv,sudden_jump
Kamand,velocity_UNCONFIRMED,Kamand_velocity_UNCONFIRMED,2026-01-07 10:32:44,1.602,vel_K.csv,sudden_jump
Kamand,velocity_UNCONFIRMED,Kamand_velocity_UNCONFIRMED,2026-01-07 10:32:50,1.825,vel_K.csv,sudden_jump
Kamand,velocity_UNCONFIRMED,Kamand_velocity_UNCONFIRMED,2026-01-07 10:33:09,1.644,vel_K.csv,sudden_jump
Kamand,velocity_UNCONFIRMED,Kamand_velocity_UNCONFIRMED,2026-01-07 10:33:14,2.002,vel_K.csv,sudden_jump
Kamand,velocity_UNCONFIRMED,Kamand_velocity_UNCONFIRMED,2026-01-07 10:33:19,1.774,vel_K.csv,sudden_jump
Kamand,velocity_UNCONFIRMED,Kamand_velocity_UNCONFIRMED,2026-01-07 10:33:29,2.35,vel_K.csv,sudden_jump
Kamand,velocity_UNCONFIRMED,Kamand_velocity_UNCONFIRMED,2026-01-07 10:33:44,1.776,vel_K.csv,sudden_jump
Kamand,velocity_UNCONFIRMED,Kamand_velocity_UNCONFIRMED,2026-01-07 10:33:49,1.428,vel_K.csv,sudden_jump
Kamand,velocity_UNCONFIRMED,Kamand_velocity_UNCONFIRMED,2026-01-07 10:33:54,1.776,vel_K.csv,sudden_jump
Kamand,velocity_UNCONFIRMED,Kamand_velocity_UNCONFIRMED,2026-01-07 10:33:59,2.141,vel_K.csv,sudden_jump
Kamand,velocity_UNCONFIRMED,Kamand_velocity_UNCONFIRMED,2026-01-07 10:34:04,2.002,vel_K.csv,sudden_jump
Kamand,velocity_UNCONFIRMED,Kamand_velocity_UNCONFIRMED,2026-01-07 10:34:24,2.218,vel_K.csv,sudden_jump
Kamand,velocity_UNCONFIRMED,Kamand_velocity_UNCONFIRMED,2026-01-07 10:34:34,2.682,vel_K.csv,sudden_jump
Kamand,velocity_UNCONFIRMED,Kamand_velocity_UNCONFIRMED,2026-01-07 10:34:39,2.218,vel_K.csv,sudden_jump
Kamand,velocity_UNCONFIRMED,Kamand_velocity_UNCONFIRMED,2026-01-07 10:34:49,2.682,vel_K.csv,sudden_jump
Kamand,velocity_UNCONFIRMED,Kamand_velocity_UNCONFIRMED,2026-01-07 10:34:54,2.218,vel_K.csv,sudden_jump
Kamand,velocity_UNCONFIRMED,Kamand_velocity_UNCONFIRMED,2026-01-07 10:34:59,2.08,vel_K.csv,sudden_jump
Kamand,velocity_UNCONFIRMED,Kamand_velocity_UNCONFIRMED,2026-01-07 10:35:04,2.799,vel_K.csv,sudden_jump
Kamand,velocity_UNCONFIRMED,Kamand_velocity_UNCONFIRMED,2026-01-07 10:35:14,3.596,vel_K.csv,sudden_jump
Kamand,velocity_UNCONFIRMED,Kamand_velocity_UNCONFIRMED,2026-01-07 10:35:29,3.132,vel_K.csv,sudden_jump
Kamand,velocity_UNCONFIRMED,Kamand_velocity_UNCONFIRMED,2026-01-07 10:35:39,3.757,vel_K.csv,sudden_jump
Kamand,velocity_UNCONFIRMED,Kamand_velocity_UNCONFIRMED,2026-01-07 10:35:44,4.021,vel_K.csv,sudden_jump
Kamand,velocity_UNCONFIRMED,Kamand_velocity_UNCONFIRMED,2026-01-07 10:35:49,4.434,vel_K.csv,sudden_jump
Kamand,velocity_UNCONFIRMED,Kamand_velocity_UNCONFIRMED,2026-01-07 10:35:54,4.691,vel_K.csv,sudden_jump
Kamand,velocity_UNCONFIRMED,Kamand_velocity_UNCONFIRMED,2026-01-07 10:36:19,4.229,vel_K.csv,sudden_jump
Kamand,velocity_UNCONFIRMED,Kamand_velocity_UNCONFIRMED,2026-01-07 10:36:24,3.756,vel_K.csv,sudden_jump
Kamand,velocity_UNCONFIRMED,Kamand_velocity_UNCONFIRMED,2026-01-07 10:36:34,3.651,vel_K.csv,sudden_jump
Kamand,velocity_UNCONFIRMED,Kamand_velocity_UNCONFIRMED,2026-01-07 10:36:39,3.215,vel_K.csv,sudden_jump
Kamand,velocity_UNCONFIRMED,Kamand_velocity_UNCONFIRMED,2026-01-07 10:36:44,2.123,vel_K.csv,sudden_jump
Kamand,velocity_UNCONFIRMED,Kamand_velocity_UNCONFIRMED,2026-01-07 10:36:50,1.423,vel_K.csv,sudden_jump
Kamand,velocity_UNCONFIRMED,Kamand_velocity_UNCONFIRMED,2026-01-07 10:37:09,1.788,vel_K.csv,sudden_jump
Kamand,velocity_UNCONFIRMED,Kamand_velocity_UNCONFIRMED,2026-01-07 10:37:19,2.381,vel_K.csv,sudden_jump
Kamand,velocity_UNCONFIRMED,Kamand_velocity_UNCONFIRMED,2026-01-07 10:37:49,2.74,vel_K.csv,sudden_jump
Kamand,velocity_UNCONFIRMED,Kamand_velocity_UNCONFIRMED,2026-01-07 10:37:54,3.212,vel_K.csv,sudden_jump
Kamand,velocity_UNCONFIRMED,Kamand_velocity_UNCONFIRMED,2026-01-07 10:38:04,2.74,vel_K.csv,sudden_jump
Kamand,velocity_UNCONFIRMED,Kamand_velocity_UNCONFIRMED,2026-01-07 10:38:09,3.112,vel_K.csv,sudden_jump
Kamand,velocity_UNCONFIRMED,Kamand_velocity_UNCONFIRMED,2026-01-07 10:38:14,2.907,vel_K.csv,sudden_jump
Kamand,velocity_UNCONFIRMED,Kamand_velocity_UNCONFIRMED,2026-01-07 10:38:19,4.016,vel_K.csv,sudden_jump
Kamand,velocity_UNCONFIRMED,Kamand_velocity_UNCONFIRMED,2026-01-07 10:38:29,4.159,vel_K.csv,sudden_jump
Kamand,velocity_UNCONFIRMED,Kamand_velocity_UNCONFIRMED,2026-01-07 10:38:34,5.021,vel_K.csv,sudden_jump
Kamand,velocity_UNCONFIRMED,Kamand_velocity_UNCONFIRMED,2026-01-07 10:38:39,5.2,vel_K.csv,sudden_jump
Kamand,velocity_UNCONFIRMED,Kamand_velocity_UNCONFIRMED,2026-01-07 10:39:19,4.483,vel_K.csv,sudden_jump
Kamand,velocity_UNCONFIRMED,Kamand_velocity_UNCONFIRMED,2026-01-07 10:39:24,3.699,vel_K.csv,sudden_jump
Kamand,velocity_UNCONFIRMED,Kamand_velocity_UNCONFIRMED,2026-01-07 10:39:34,3.288,vel_K.csv,sudden_jump
Kamand,velocity_UNCONFIRMED,Kamand_velocity_UNCONFIRMED,2026-01-07 10:39:44,2.944,vel_K.csv,sudden_jump
Kamand,velocity_UNCONFIRMED,Kamand_velocity_UNCONFIRMED,2026-01-07 10:39:49,2.553,vel_K.csv,sudden_jump
Kamand,velocity_UNCONFIRMED,Kamand_velocity_UNCONFIRMED,2026-01-07 10:39:59,2.479,vel_K.csv,sudden_jump
Kamand,velocity_UNCONFIRMED,Kamand_velocity_UNCONFIRMED,2026-01-07 10:40:04,2.366,vel_K.csv,sudden_jump
Kamand,velocity_UNCONFIRMED,Kamand_velocity_UNCONFIRMED,2026-01-07 10:40:09,1.806,vel_K.csv,sudden_jump
Kamand,velocity_UNCONFIRMED,Kamand_velocity_UNCONFIRMED,2026-01-07 10:40:19,2.317,vel_K.csv,sudden_jump
Kamand,velocity_UNCONFIRMED,Kamand_velocity_UNCONFIRMED,2026-01-07 10:40:24,1.478,vel_K.csv,sudden_jump
Kamand,velocity_UNCONFIRMED,Kamand_velocity_UNCONFIRMED,2026-01-07 10:40:34,2.012,vel_K.csv,sudden_jump
Kamand,velocity_UNCONFIRMED,Kamand_velocity_UNCONFIRMED,2026-01-07 10:40:59,1.838,vel_K.csv,sudden_jump
Kamand,velocity_UNCONFIRMED,Kamand_velocity_UNCONFIRMED,2026-01-07 10:41:04,2.41,vel_K.csv,sudden_jump
Kamand,velocity_UNCONFIRMED,Kamand_velocity_UNCONFIRMED,2026-01-07 10:41:09,2.85,vel_K.csv,sudden_jump
Kamand,velocity_UNCONFIRMED,Kamand_velocity_UNCONFIRMED,2026-01-07 10:41:14,2.742,vel_K.csv,sudden_jump
Kamand,velocity_UNCONFIRMED,Kamand_velocity_UNCONFIRMED,2026-01-07 10:41:29,2.942,vel_K.csv,sudden_jump
Kamand,velocity_UNCONFIRMED,Kamand_velocity_UNCONFIRMED,2026-01-07 10:41:44,2.327,vel_K.csv,sudden_jump
Kamand,velocity_UNCONFIRMED,Kamand_velocity_UNCONFIRMED,2026-01-07 10:41:49,3.315,vel_K.csv,sudden_jump
Kamand,velocity_UNCONFIRMED,Kamand_velocity_UNCONFIRMED,2026-01-07 10:42:09,2.643,vel_K.csv,sudden_jump
Kamand,velocity_UNCONFIRMED,Kamand_velocity_UNCONFIRMED,2026-01-07 10:42:14,3.402,vel_K.csv,sudden_jump
Kamand,velocity_UNCONFIRMED,Kamand_velocity_UNCONFIRMED,2026-01-07 10:42:24,3.807,vel_K.csv,sudden_jump
Kamand,velocity_UNCONFIRMED,Kamand_velocity_UNCONFIRMED,2026-01-07 10:42:29,3.031,vel_K.csv,sudden_jump
Kamand,velocity_UNCONFIRMED,Kamand_velocity_UNCONFIRMED,2026-01-07 10:42:39,2.896,vel_K.csv,sudden_jump
Kamand,velocity_UNCONFIRMED,Kamand_velocity_UNCONFIRMED,2026-01-07 10:42:59,3.198,vel_K.csv,sudden_jump
Kamand,velocity_UNCONFIRMED,Kamand_velocity_UNCONFIRMED,2026-01-07 10:43:24,2.203,vel_K.csv,sudden_jump
Kamand,velocity_UNCONFIRMED,Kamand_velocity_UNCONFIRMED,2026-01-07 10:43:29,3.161,vel_K.csv,sudden_jump
Kamand,velocity_UNCONFIRMED,Kamand_velocity_UNCONFIRMED,2026-01-07 10:43:34,2.357,vel_K.csv,sudden_jump
Kamand,velocity_UNCONFIRMED,Kamand_velocity_UNCONFIRMED,2026-01-07 10:43:39,1.366,vel_K.csv,sudden_jump
Kamand,velocity_UNCONFIRMED,Kamand_velocity_UNCONFIRMED,2026-01-07 10:43:44,2.357,vel_K.csv,sudden_jump
Kamand,velocity_UNCONFIRMED,Kamand_velocity_UNCONFIRMED,2026-01-07 10:43:54,2.96,vel_K.csv,sudden_jump
Kamand,velocity_UNCONFIRMED,Kamand_velocity_UNCONFIRMED,2026-01-07 10:43:59,2.546,vel_K.csv,sudden_jump
Kamand,velocity_UNCONFIRMED,Kamand_velocity_UNCONFIRMED,2026-01-07 10:44:04,2.77,vel_K.csv,sudden_jump
Kamand,velocity_UNCONFIRMED,Kamand_velocity_UNCONFIRMED,2026-01-07 10:44:19,2.546,vel_K.csv,sudden_jump
Kamand,velocity_UNCONFIRMED,Kamand_velocity_UNCONFIRMED,2026-01-07 10:44:24,2.77,vel_K.csv,sudden_jump
Kamand,velocity_UNCONFIRMED,Kamand_velocity_UNCONFIRMED,2026-01-07 10:44:34,2.988,vel_K.csv,sudden_jump
Kamand,velocity_UNCONFIRMED,Kamand_velocity_UNCONFIRMED,2026-01-07 10:44:39,3.566,vel_K.csv,sudden_jump
Kamand,velocity_UNCONFIRMED,Kamand_velocity_UNCONFIRMED,2026-01-07 10:44:44,2.988,vel_K.csv,sudden_jump
Kamand,velocity_UNCONFIRMED,Kamand_velocity_UNCONFIRMED,2026-01-07 10:44:50,2.77,vel_K.csv,sudden_jump
Kamand,velocity_UNCONFIRMED,Kamand_velocity_UNCONFIRMED,2026-01-07 10:44:59,2.988,vel_K.csv,sudden_jump
Kamand,velocity_UNCONFIRMED,Kamand_velocity_UNCONFIRMED,2026-01-07 10:45:04,3.46,vel_K.csv,sudden_jump
Kamand,velocity_UNCONFIRMED,Kamand_velocity_UNCONFIRMED,2026-01-07 10:45:09,3.826,vel_K.csv,sudden_jump
Kamand,velocity_UNCONFIRMED,Kamand_velocity_UNCONFIRMED,2026-01-07 10:45:19,4.943,vel_K.csv,sudden_jump
Kamand,velocity_UNCONFIRMED,Kamand_velocity_UNCONFIRMED,2026-01-07 10:45:29,5.762,vel_K.csv,sudden_jump
Kamand,velocity_UNCONFIRMED,Kamand_velocity_UNCONFIRMED,2026-01-07 10:45:34,5.153,vel_K.csv,sudden_jump
Kamand,velocity_UNCONFIRMED,Kamand_velocity_UNCONFIRMED,2026-01-07 10:45:39,4.228,vel_K.csv,sudden_jump
Kamand,velocity_UNCONFIRMED,Kamand_velocity_UNCONFIRMED,2026-01-07 10:45:49,5.153,vel_K.csv,sudden_jump
Kamand,velocity_UNCONFIRMED,Kamand_velocity_UNCONFIRMED,2026-01-07 10:46:09,4.092,vel_K.csv,sudden_jump
Kamand,velocity_UNCONFIRMED,Kamand_velocity_UNCONFIRMED,2026-01-07 10:46:14,4.9,vel_K.csv,sudden_jump
Kamand,velocity_UNCONFIRMED,Kamand_velocity_UNCONFIRMED,2026-01-07 10:46:19,4.092,vel_K.csv,sudden_jump
Kamand,velocity_UNCONFIRMED,Kamand_velocity_UNCONFIRMED,2026-01-07 10:46:34,3.443,vel_K.csv,sudden_jump
Kamand,velocity_UNCONFIRMED,Kamand_velocity_UNCONFIRMED,2026-01-07 10:46:39,4.256,vel_K.csv,sudden_jump
Kamand,velocity_UNCONFIRMED,Kamand_velocity_UNCONFIRMED,2026-01-07 10:46:54,4.996,vel_K.csv,sudden_jump
Kamand,velocity_UNCONFIRMED,Kamand_velocity_UNCONFIRMED,2026-01-07 10:47:14,4.897,vel_K.csv,sudden_jump
Kamand,velocity_UNCONFIRMED,Kamand_velocity_UNCONFIRMED,2026-01-07 10:47:19,4.996,vel_K.csv,sudden_jump
Kamand,velocity_UNCONFIRMED,Kamand_velocity_UNCONFIRMED,2026-01-07 10:47:24,4.897,vel_K.csv,sudden_jump
Kamand,velocity_UNCONFIRMED,Kamand_velocity_UNCONFIRMED,2026-01-07 10:47:29,4.242,vel_K.csv,sudden_jump
Kamand,velocity_UNCONFIRMED,Kamand_velocity_UNCONFIRMED,2026-01-07 10:47:44,4.867,vel_K.csv,sudden_jump
Kamand,velocity_UNCONFIRMED,Kamand_velocity_UNCONFIRMED,2026-01-07 10:47:49,4.242,vel_K.csv,sudden_jump
Kamand,velocity_UNCONFIRMED,Kamand_velocity_UNCONFIRMED,2026-01-07 10:47:54,3.844,vel_K.csv,sudden_jump
Kamand,velocity_UNCONFIRMED,Kamand_velocity_UNCONFIRMED,2026-01-07 10:48:09,3.386,vel_K.csv,sudden_jump
Kamand,velocity_UNCONFIRMED,Kamand_velocity_UNCONFIRMED,2026-01-07 10:48:24,2.927,vel_K.csv,sudden_jump
Kamand,velocity_UNCONFIRMED,Kamand_velocity_UNCONFIRMED,2026-01-07 10:48:29,2.993,vel_K.csv,sudden_jump
Kamand,velocity_UNCONFIRMED,Kamand_velocity_UNCONFIRMED,2026-01-07 10:48:34,3.59,vel_K.csv,sudden_jump
Kamand,velocity_UNCONFIRMED,Kamand_velocity_UNCONFIRMED,2026-01-07 10:48:39,3.035,vel_K.csv,sudden_jump
Kamand,velocity_UNCONFIRMED,Kamand_velocity_UNCONFIRMED,2026-01-07 10:48:50,2.878,vel_K.csv,sudden_jump
Kamand,velocity_UNCONFIRMED,Kamand_velocity_UNCONFIRMED,2026-01-07 10:49:09,2.992,vel_K.csv,sudden_jump
Kamand,velocity_UNCONFIRMED,Kamand_velocity_UNCONFIRMED,2026-01-07 10:49:14,3.149,vel_K.csv,sudden_jump
Kamand,velocity_UNCONFIRMED,Kamand_velocity_UNCONFIRMED,2026-01-07 10:49:19,2.992,vel_K.csv,sudden_jump
Kamand,velocity_UNCONFIRMED,Kamand_velocity_UNCONFIRMED,2026-01-07 10:49:24,3.149,vel_K.csv,sudden_jump
Kamand,velocity_UNCONFIRMED,Kamand_velocity_UNCONFIRMED,2026-01-07 10:49:49,3.657,vel_K.csv,sudden_jump
Kamand,velocity_UNCONFIRMED,Kamand_velocity_UNCONFIRMED,2026-01-07 10:49:54,4.385,vel_K.csv,sudden_jump
Kamand,velocity_UNCONFIRMED,Kamand_velocity_UNCONFIRMED,2026-01-07 10:49:59,4.744,vel_K.csv,sudden_jump
Kamand,velocity_UNCONFIRMED,Kamand_velocity_UNCONFIRMED,2026-01-07 10:50:09,4.871,vel_K.csv,sudden_jump
Kamand,velocity_UNCONFIRMED,Kamand_velocity_UNCONFIRMED,2026-01-07 10:50:29,4.989,vel_K.csv,sudden_jump
Kamand,velocity_UNCONFIRMED,Kamand_velocity_UNCONFIRMED,2026-01-07 10:50:34,5.429,vel_K.csv,sudden_jump
Kamand,velocity_UNCONFIRMED,Kamand_velocity_UNCONFIRMED,2026-01-07 10:50:39,6.305,vel_K.csv,sudden_jump
Kamand,velocity_UNCONFIRMED,Kamand_velocity_UNCONFIRMED,2026-01-07 10:50:44,6.921,vel_K.csv,sudden_jump
Kamand,velocity_UNCONFIRMED,Kamand_velocity_UNCONFIRMED,2026-01-07 10:50:50,6.527,vel_K.csv,sudden_jump
Kamand,velocity_UNCONFIRMED,Kamand_velocity_UNCONFIRMED,2026-01-07 10:50:54,6.152,vel_K.csv,sudden_jump
Kamand,velocity_UNCONFIRMED,Kamand_velocity_UNCONFIRMED,2026-01-07 10:50:59,6.82,vel_K.csv,sudden_jump
Kamand,velocity_UNCONFIRMED,Kamand_velocity_UNCONFIRMED,2026-01-07 10:51:04,6.152,vel_K.csv,sudden_jump
Kamand,velocity_UNCONFIRMED,Kamand_velocity_UNCONFIRMED,2026-01-07 10:51:09,6.491,vel_K.csv,sudden_jump
Kamand,velocity_UNCONFIRMED,Kamand_velocity_UNCONFIRMED,2026-01-07 10:51:29,5.77,vel_K.csv,sudden_jump
Kamand,velocity_UNCONFIRMED,Kamand_velocity_UNCONFIRMED,2026-01-07 10:51:34,5.543,vel_K.csv,sudden_jump
Kamand,velocity_UNCONFIRMED,Kamand_velocity_UNCONFIRMED,2026-01-07 10:51:39,5.395,vel_K.csv,sudden_jump
Kamand,velocity_UNCONFIRMED,Kamand_velocity_UNCONFIRMED,2026-01-07 10:51:49,5.311,vel_K.csv,sudden_jump
Kamand,velocity_UNCONFIRMED,Kamand_velocity_UNCONFIRMED,2026-01-07 10:51:58,5.135,vel_K.csv,sudden_jump
Kamand,velocity_UNCONFIRMED,Kamand_velocity_UNCONFIRMED,2026-01-07 10:52:04,5.23,vel_K.csv,sudden_jump
Kamand,velocity_UNCONFIRMED,Kamand_velocity_UNCONFIRMED,2026-01-07 10:52:14,5.406,vel_K.csv,sudden_jump
Kamand,velocity_UNCONFIRMED,Kamand_velocity_UNCONFIRMED,2026-01-07 10:52:39,5.299,vel_K.csv,sudden_jump
Kamand,velocity_UNCONFIRMED,Kamand_velocity_UNCONFIRMED,2026-01-07 10:52:44,5.082,vel_K.csv,sudden_jump
Kamand,velocity_UNCONFIRMED,Kamand_velocity_UNCONFIRMED,2026-01-07 10:52:50,4.876,vel_K.csv,sudden_jump
Kamand,velocity_UNCONFIRMED,Kamand_velocity_UNCONFIRMED,2026-01-07 10:52:54,4.653,vel_K.csv,sudden_jump
Kamand,velocity_UNCONFIRMED,Kamand_velocity_UNCONFIRMED,2026-01-07 10:52:59,4.533,vel_K.csv,sudden_jump
Kamand,velocity_UNCONFIRMED,Kamand_velocity_UNCONFIRMED,2026-01-07 10:53:09,4.124,vel_K.csv,sudden_jump
Kamand,velocity_UNCONFIRMED,Kamand_velocity_UNCONFIRMED,2026-01-07 10:53:19,4.317,vel_K.csv,sudden_jump
Kamand,velocity_UNCONFIRMED,Kamand_velocity_UNCONFIRMED,2026-01-07 10:53:24,4.058,vel_K.csv,sudden_jump
Kamand,velocity_UNCONFIRMED,Kamand_velocity_UNCONFIRMED,2026-01-07 10:53:34,3.791,vel_K.csv,sudden_jump
Kamand,velocity_UNCONFIRMED,Kamand_velocity_UNCONFIRMED,2026-01-07 10:53:39,3.984,vel_K.csv,sudden_jump
Kamand,velocity_UNCONFIRMED,Kamand_velocity_UNCONFIRMED,2026-01-07 10:53:49,4.467,vel_K.csv,sudden_jump
Kamand,velocity_UNCONFIRMED,Kamand_velocity_UNCONFIRMED,2026-01-07 10:53:59,3.789,vel_K.csv,sudden_jump
Kamand,velocity_UNCONFIRMED,Kamand_velocity_UNCONFIRMED,2026-01-07 10:54:04,3.301,vel_K.csv,sudden_jump
Kamand,velocity_UNCONFIRMED,Kamand_velocity_UNCONFIRMED,2026-01-07 10:54:08,3.789,vel_K.csv,sudden_jump
Kamand,velocity_UNCONFIRMED,Kamand_velocity_UNCONFIRMED,2026-01-07 10:54:19,3.259,vel_K.csv,sudden_jump
Kamand,velocity_UNCONFIRMED,Kamand_velocity_UNCONFIRMED,2026-01-07 10:54:24,3.824,vel_K.csv,sudden_jump
Kamand,velocity_UNCONFIRMED,Kamand_velocity_UNCONFIRMED,2026-01-07 10:54:29,3.141,vel_K.csv,sudden_jump
Kamand,velocity_UNCONFIRMED,Kamand_velocity_UNCONFIRMED,2026-01-07 10:54:34,3.824,vel_K.csv,sudden_jump
Kamand,velocity_UNCONFIRMED,Kamand_velocity_UNCONFIRMED,2026-01-07 10:54:39,3.141,vel_K.csv,sudden_jump
Kamand,velocity_UNCONFIRMED,Kamand_velocity_UNCONFIRMED,2026-01-07 10:54:44,3.773,vel_K.csv,sudden_jump
Kamand,velocity_UNCONFIRMED,Kamand_velocity_UNCONFIRMED,2026-01-07 10:54:54,3.974,vel_K.csv,sudden_jump
Kamand,velocity_UNCONFIRMED,Kamand_velocity_UNCONFIRMED,2026-01-07 10:55:19,4.504,vel_K.csv,sudden_jump
Kamand,velocity_UNCONFIRMED,Kamand_velocity_UNCONFIRMED,2026-01-07 10:55:24,4.299,vel_K.csv,sudden_jump
Kamand,velocity_UNCONFIRMED,Kamand_velocity_UNCONFIRMED,2026-01-07 10:55:34,3.92,vel_K.csv,sudden_jump
Kamand,velocity_UNCONFIRMED,Kamand_velocity_UNCONFIRMED,2026-01-07 10:55:39,4.299,vel_K.csv,sudden_jump
Kamand,velocity_UNCONFIRMED,Kamand_velocity_UNCONFIRMED,2026-01-07 10:56:09,4.236,vel_K.csv,sudden_jump
Kamand,velocity_UNCONFIRMED,Kamand_velocity_UNCONFIRMED,2026-01-07 10:56:24,4.297,vel_K.csv,sudden_jump
Kamand,velocity_UNCONFIRMED,Kamand_velocity_UNCONFIRMED,2026-01-07 10:56:29,4.377,vel_K.csv,sudden_jump
Kamand,velocity_UNCONFIRMED,Kamand_velocity_UNCONFIRMED,2026-01-07 10:56:39,4.297,vel_K.csv,sudden_jump
Kamand,velocity_UNCONFIRMED,Kamand_velocity_UNCONFIRMED,2026-01-07 10:56:58,4.507,vel_K.csv,sudden_jump
Kamand,velocity_UNCONFIRMED,Kamand_velocity_UNCONFIRMED,2026-01-07 10:57:04,4.756,vel_K.csv,sudden_jump
Kamand,velocity_UNCONFIRMED,Kamand_velocity_UNCONFIRMED,2026-01-07 10:57:24,4.507,vel_K.csv,sudden_jump
Kamand,velocity_UNCONFIRMED,Kamand_velocity_UNCONFIRMED,2026-01-07 10:57:29,4.773,vel_K.csv,sudden_jump
Kamand,velocity_UNCONFIRMED,Kamand_velocity_UNCONFIRMED,2026-01-07 10:57:44,4.576,vel_K.csv,sudden_jump
Kamand,velocity_UNCONFIRMED,Kamand_velocity_UNCONFIRMED,2026-01-07 10:57:54,5.004,vel_K.csv,sudden_jump
Kamand,velocity_UNCONFIRMED,Kamand_velocity_UNCONFIRMED,2026-01-07 10:57:59,4.576,vel_K.csv,sudden_jump
Kamand,velocity_UNCONFIRMED,Kamand_velocity_UNCONFIRMED,2026-01-07 10:58:03,4.211,vel_K.csv,sudden_jump
Kamand,velocity_UNCONFIRMED,Kamand_velocity_UNCONFIRMED,2026-01-07 10:58:24,4.013,vel_K.csv,sudden_jump
Kamand,velocity_UNCONFIRMED,Kamand_velocity_UNCONFIRMED,2026-01-07 10:58:39,4.301,vel_K.csv,sudden_jump
Kamand,velocity_UNCONFIRMED,Kamand_velocity_UNCONFIRMED,2026-01-07 10:58:43,4.115,vel_K.csv,sudden_jump
Kamand,velocity_UNCONFIRMED,Kamand_velocity_UNCONFIRMED,2026-01-07 10:58:50,3.713,vel_K.csv,sudden_jump
Kamand,velocity_UNCONFIRMED,Kamand_velocity_UNCONFIRMED,2026-01-07 10:58:54,2.884,vel_K.csv,sudden_jump
Kamand,velocity_UNCONFIRMED,Kamand_velocity_UNCONFIRMED,2026-01-07 10:58:59,3.713,vel_K.csv,sudden_jump
Kamand,velocity_UNCONFIRMED,Kamand_velocity_UNCONFIRMED,2026-01-07 10:59:04,3.795,vel_K.csv,sudden_jump
Kamand,velocity_UNCONFIRMED,Kamand_velocity_UNCONFIRMED,2026-01-07 10:59:09,4.115,vel_K.csv,sudden_jump
Kamand,velocity_UNCONFIRMED,Kamand_velocity_UNCONFIRMED,2026-01-07 10:59:14,4.168,vel_K.csv,sudden_jump
Kamand,velocity_UNCONFIRMED,Kamand_velocity_UNCONFIRMED,2026-01-07 10:59:19,4.528,vel_K.csv,sudden_jump
Kamand,velocity_UNCONFIRMED,Kamand_velocity_UNCONFIRMED,2026-01-07 10:59:48,4.876,vel_K.csv,sudden_jump
Kamand,velocity_UNCONFIRMED,Kamand_velocity_UNCONFIRMED,2026-01-07 11:00:09,5.323,vel_K.csv,sudden_jump
Kamand,velocity_UNCONFIRMED,Kamand_velocity_UNCONFIRMED,2026-01-07 11:00:14,5.433,vel_K.csv,sudden_jump
Kamand,velocity_UNCONFIRMED,Kamand_velocity_UNCONFIRMED,2026-01-07 11:00:19,5.515,vel_K.csv,sudden_jump
Kamand,velocity_UNCONFIRMED,Kamand_velocity_UNCONFIRMED,2026-01-07 11:00:24,5.611,vel_K.csv,sudden_jump
Kamand,velocity_UNCONFIRMED,Kamand_velocity_UNCONFIRMED,2026-01-07 11:00:28,5.515,vel_K.csv,sudden_jump
Kamand,velocity_UNCONFIRMED,Kamand_velocity_UNCONFIRMED,2026-01-07 11:00:34,4.268,vel_K.csv,sudden_jump
Kamand,velocity_UNCONFIRMED,Kamand_velocity_UNCONFIRMED,2026-01-07 11:00:39,3.083,vel_K.csv,sudden_jump
Kamand,velocity_UNCONFIRMED,Kamand_velocity_UNCONFIRMED,2026-01-07 11:00:44,4.268,vel_K.csv,sudden_jump
Kamand,velocity_UNCONFIRMED,Kamand_velocity_UNCONFIRMED,2026-01-07 11:00:50,3.689,vel_K.csv,sudden_jump
Kamand,velocity_UNCONFIRMED,Kamand_velocity_UNCONFIRMED,2026-01-07 11:00:59,4.856,vel_K.csv,sudden_jump
Kamand,velocity_UNCONFIRMED,Kamand_velocity_UNCONFIRMED,2026-01-07 11:01:14,3.962,vel_K.csv,sudden_jump
Kamand,velocity_UNCONFIRMED,Kamand_velocity_UNCONFIRMED,2026-01-07 11:01:19,2.891,vel_K.csv,sudden_jump
Kamand,velocity_UNCONFIRMED,Kamand_velocity_UNCONFIRMED,2026-01-07 11:01:24,2.033,vel_K.csv,sudden_jump
Kamand,velocity_UNCONFIRMED,Kamand_velocity_UNCONFIRMED,2026-01-07 11:01:29,2.891,vel_K.csv,sudden_jump
Kamand,velocity_UNCONFIRMED,Kamand_velocity_UNCONFIRMED,2026-01-07 11:01:44,1.668,vel_K.csv,sudden_jump
Kamand,velocity_UNCONFIRMED,Kamand_velocity_UNCONFIRMED,2026-01-07 11:01:49,1.187,vel_K.csv,sudden_jump
Kamand,velocity_UNCONFIRMED,Kamand_velocity_UNCONFIRMED,2026-01-07 11:01:54,1.103,vel_K.csv,sudden_jump
Kamand,velocity_UNCONFIRMED,Kamand_velocity_UNCONFIRMED,2026-01-07 11:01:59,0.946,vel_K.csv,sudden_jump
Kamand,velocity_UNCONFIRMED,Kamand_velocity_UNCONFIRMED,2026-01-07 11:02:04,0.851,vel_K.csv,sudden_jump
Kamand,velocity_UNCONFIRMED,Kamand_velocity_UNCONFIRMED,2026-01-07 11:02:29,0.771,vel_K.csv,sudden_jump
Kamand,velocity_UNCONFIRMED,Kamand_velocity_UNCONFIRMED,2026-01-07 11:03:29,0.885,vel_K.csv,sudden_jump
Kamand,velocity_UNCONFIRMED,Kamand_velocity_UNCONFIRMED,2026-01-07 11:03:39,1.115,vel_K.csv,sudden_jump
Kamand,velocity_UNCONFIRMED,Kamand_velocity_UNCONFIRMED,2026-01-07 11:03:54,0.91,vel_K.csv,sudden_jump
Kamand,velocity_UNCONFIRMED,Kamand_velocity_UNCONFIRMED,2026-01-07 11:04:04,0.782,vel_K.csv,sudden_jump
Kamand,velocity_UNCONFIRMED,Kamand_velocity_UNCONFIRMED,2026-01-07 11:04:09,0.91,vel_K.csv,sudden_jump
Kamand,velocity_UNCONFIRMED,Kamand_velocity_UNCONFIRMED,2026-01-07 11:04:14,0.782,vel_K.csv,sudden_jump
Kamand,velocity_UNCONFIRMED,Kamand_velocity_UNCONFIRMED,2026-01-07 11:04:54,0.823,vel_K.csv,sudden_jump
Kamand,velocity_UNCONFIRMED,Kamand_velocity_UNCONFIRMED,2026-01-07 11:05:03,0.913,vel_K.csv,sudden_jump
Kamand,velocity_UNCONFIRMED,Kamand_velocity_UNCONFIRMED,2026-01-07 11:05:14,1.038,vel_K.csv,sudden_jump
Kamand,velocity_UNCONFIRMED,Kamand_velocity_UNCONFIRMED,2026-01-07 11:05:19,0.913,vel_K.csv,sudden_jump
Kamand,velocity_UNCONFIRMED,Kamand_velocity_UNCONFIRMED,2026-01-07 11:05:24,0.81,vel_K.csv,sudden_jump
Kamand,velocity_UNCONFIRMED,Kamand_velocity_UNCONFIRMED,2026-01-07 11:05:29,0.746,vel_K.csv,sudden_jump
Kamand,velocity_UNCONFIRMED,Kamand_velocity_UNCONFIRMED,2026-01-07 11:05:34,0.824,vel_K.csv,sudden_jump
Kamand,velocity_UNCONFIRMED,Kamand_velocity_UNCONFIRMED,2026-01-07 11:05:39,0.913,vel_K.csv,sudden_jump
Kamand,velocity_UNCONFIRMED,Kamand_velocity_UNCONFIRMED,2026-01-07 11:05:43,0.997,vel_K.csv,sudden_jump
Kamand,velocity_UNCONFIRMED,Kamand_velocity_UNCONFIRMED,2026-01-07 11:05:54,0.852,vel_K.csv,sudden_jump
Kamand,velocity_UNCONFIRMED,Kamand_velocity_UNCONFIRMED,2026-01-07 11:05:59,0.997,vel_K.csv,sudden_jump
Kamand,velocity_UNCONFIRMED,Kamand_velocity_UNCONFIRMED,2026-01-07 11:06:04,0.919,vel_K.csv,sudden_jump
Kamand,velocity_UNCONFIRMED,Kamand_velocity_UNCONFIRMED,2026-01-07 11:06:08,0.774,vel_K.csv,sudden_jump
Kamand,velocity_UNCONFIRMED,Kamand_velocity_UNCONFIRMED,2026-01-07 11:06:19,0.887,vel_K.csv,sudden_jump
Kamand,velocity_UNCONFIRMED,Kamand_velocity_UNCONFIRMED,2026-01-07 11:06:23,1.025,vel_K.csv,sudden_jump
Kamand,velocity_UNCONFIRMED,Kamand_velocity_UNCONFIRMED,2026-01-07 11:06:29,1.123,vel_K.csv,sudden_jump
Kamand,velocity_UNCONFIRMED,Kamand_velocity_UNCONFIRMED,2026-01-07 11:06:39,0.906,vel_K.csv,sudden_jump
Kamand,velocity_UNCONFIRMED,Kamand_velocity_UNCONFIRMED,2026-01-07 11:06:54,1.035,vel_K.csv,sudden_jump
Kamand,velocity_UNCONFIRMED,Kamand_velocity_UNCONFIRMED,2026-01-07 11:06:59,0.915,vel_K.csv,sudden_jump
Kamand,velocity_UNCONFIRMED,Kamand_velocity_UNCONFIRMED,2026-01-07 11:07:09,1.035,vel_K.csv,sudden_jump
Kamand,velocity_UNCONFIRMED,Kamand_velocity_UNCONFIRMED,2026-01-07 11:07:28,0.911,vel_K.csv,sudden_jump
Kamand,velocity_UNCONFIRMED,Kamand_velocity_UNCONFIRMED,2026-01-07 11:07:34,1.032,vel_K.csv,sudden_jump
Kamand,velocity_UNCONFIRMED,Kamand_velocity_UNCONFIRMED,2026-01-07 11:07:39,1.161,vel_K.csv,sudden_jump
Kamand,velocity_UNCONFIRMED,Kamand_velocity_UNCONFIRMED,2026-01-07 11:07:44,1.26,vel_K.csv,sudden_jump
Kamand,velocity_UNCONFIRMED,Kamand_velocity_UNCONFIRMED,2026-01-07 11:07:53,1.115,vel_K.csv,sudden_jump
Kamand,velocity_UNCONFIRMED,Kamand_velocity_UNCONFIRMED,2026-01-07 11:07:59,1.284,vel_K.csv,sudden_jump
Kamand,velocity_UNCONFIRMED,Kamand_velocity_UNCONFIRMED,2026-01-07 11:08:19,1.208,vel_K.csv,sudden_jump
Kamand,velocity_UNCONFIRMED,Kamand_velocity_UNCONFIRMED,2026-01-07 11:08:24,1.018,vel_K.csv,sudden_jump
Kamand,velocity_UNCONFIRMED,Kamand_velocity_UNCONFIRMED,2026-01-07 11:08:33,0.824,vel_K.csv,sudden_jump
Kamand,velocity_UNCONFIRMED,Kamand_velocity_UNCONFIRMED,2026-01-07 11:08:50,0.997,vel_K.csv,sudden_jump
Kamand,velocity_UNCONFIRMED,Kamand_velocity_UNCONFIRMED,2026-01-07 11:08:54,1.157,vel_K.csv,sudden_jump
Kamand,velocity_UNCONFIRMED,Kamand_velocity_UNCONFIRMED,2026-01-07 11:08:58,0.997,vel_K.csv,sudden_jump
Kamand,velocity_UNCONFIRMED,Kamand_velocity_UNCONFIRMED,2026-01-07 11:09:13,0.825,vel_K.csv,sudden_jump
Kamand,velocity_UNCONFIRMED,Kamand_velocity_UNCONFIRMED,2026-01-07 11:09:34,0.964,vel_K.csv,sudden_jump
Kamand,velocity_UNCONFIRMED,Kamand_velocity_UNCONFIRMED,2026-01-07 11:09:38,0.764,vel_K.csv,sudden_jump
Kamand,velocity_UNCONFIRMED,Kamand_velocity_UNCONFIRMED,2026-01-07 11:10:14,0.848,vel_K.csv,sudden_jump
Kamand,velocity_UNCONFIRMED,Kamand_velocity_UNCONFIRMED,2026-01-07 11:10:18,1.008,vel_K.csv,sudden_jump
Kamand,velocity_UNCONFIRMED,Kamand_velocity_UNCONFIRMED,2026-01-07 11:10:24,1.083,vel_K.csv,sudden_jump
Kamand,velocity_UNCONFIRMED,Kamand_velocity_UNCONFIRMED,2026-01-07 11:11:23,0.899,vel_K.csv,sudden_jump
Kamand,velocity_UNCONFIRMED,Kamand_velocity_UNCONFIRMED,2026-01-07 11:11:38,0.818,vel_K.csv,sudden_jump
Kamand,velocity_UNCONFIRMED,Kamand_velocity_UNCONFIRMED,2026-01-07 11:11:44,0.941,vel_K.csv,sudden_jump
Kamand,velocity_UNCONFIRMED,Kamand_velocity_UNCONFIRMED,2026-01-07 11:11:59,1.095,vel_K.csv,sudden_jump
Kamand,velocity_UNCONFIRMED,Kamand_velocity_UNCONFIRMED,2026-01-07 11:12:24,1.448,vel_K.csv,sudden_jump
Kamand,velocity_UNCONFIRMED,Kamand_velocity_UNCONFIRMED,2026-01-07 11:12:34,1.16,vel_K.csv,sudden_jump
Kamand,velocity_UNCONFIRMED,Kamand_velocity_UNCONFIRMED,2026-01-07 11:12:59,0.998,vel_K.csv,sudden_jump
Kamand,velocity_UNCONFIRMED,Kamand_velocity_UNCONFIRMED,2026-01-07 11:13:08,1.241,vel_K.csv,sudden_jump
Kamand,velocity_UNCONFIRMED,Kamand_velocity_UNCONFIRMED,2026-01-07 11:13:19,0.998,vel_K.csv,sudden_jump
Kamand,velocity_UNCONFIRMED,Kamand_velocity_UNCONFIRMED,2026-01-07 11:13:23,0.877,vel_K.csv,sudden_jump
Kamand,velocity_UNCONFIRMED,Kamand_velocity_UNCONFIRMED,2026-01-07 11:13:39,0.958,vel_K.csv,sudden_jump
Kamand,velocity_UNCONFIRMED,Kamand_velocity_UNCONFIRMED,2026-01-07 11:13:44,0.87,vel_K.csv,sudden_jump
Kamand,velocity_UNCONFIRMED,Kamand_velocity_UNCONFIRMED,2026-01-07 11:14:13,1.129,vel_K.csv,sudden_jump
Kamand,velocity_UNCONFIRMED,Kamand_velocity_UNCONFIRMED,2026-01-07 11:14:24,1.727,vel_K.csv,sudden_jump
Kamand,velocity_UNCONFIRMED,Kamand_velocity_UNCONFIRMED,2026-01-07 11:14:39,1.624,vel_K.csv,sudden_jump
Kamand,velocity_UNCONFIRMED,Kamand_velocity_UNCONFIRMED,2026-01-07 11:14:50,1.405,vel_K.csv,sudden_jump
Kamand,velocity_UNCONFIRMED,Kamand_velocity_UNCONFIRMED,2026-01-07 11:14:53,1.644,vel_K.csv,sudden_jump
Kamand,velocity_UNCONFIRMED,Kamand_velocity_UNCONFIRMED,2026-01-07 11:15:04,1.335,vel_K.csv,sudden_jump
Kamand,velocity_UNCONFIRMED,Kamand_velocity_UNCONFIRMED,2026-01-07 11:15:08,1.005,vel_K.csv,sudden_jump
Kamand,velocity_UNCONFIRMED,Kamand_velocity_UNCONFIRMED,2026-01-07 11:15:33,1.321,vel_K.csv,sudden_jump
Kamand,velocity_UNCONFIRMED,Kamand_velocity_UNCONFIRMED,2026-01-07 11:15:39,1.011,vel_K.csv,sudden_jump
Kamand,velocity_UNCONFIRMED,Kamand_velocity_UNCONFIRMED,2026-01-07 11:15:44,1.217,vel_K.csv,sudden_jump
Kamand,velocity_UNCONFIRMED,Kamand_velocity_UNCONFIRMED,2026-01-07 11:16:04,1.14,vel_K.csv,sudden_jump
Kamand,velocity_UNCONFIRMED,Kamand_velocity_UNCONFIRMED,2026-01-07 11:16:09,1.292,vel_K.csv,sudden_jump
Kamand,velocity_UNCONFIRMED,Kamand_velocity_UNCONFIRMED,2026-01-07 11:16:24,1.357,vel_K.csv,sudden_jump
Kamand,velocity_UNCONFIRMED,Kamand_velocity_UNCONFIRMED,2026-01-07 11:16:34,1.225,vel_K.csv,sudden_jump
Kamand,velocity_UNCONFIRMED,Kamand_velocity_UNCONFIRMED,2026-01-07 11:16:44,1.177,vel_K.csv,sudden_jump
Kamand,velocity_UNCONFIRMED,Kamand_velocity_UNCONFIRMED,2026-01-07 11:16:59,1.385,vel_K.csv,sudden_jump
Kamand,velocity_UNCONFIRMED,Kamand_velocity_UNCONFIRMED,2026-01-07 11:17:04,1.509,vel_K.csv,sudden_jump
Kamand,velocity_UNCONFIRMED,Kamand_velocity_UNCONFIRMED,2026-01-07 11:18:19,1.474,vel_K.csv,sudden_jump
Kamand,velocity_UNCONFIRMED,Kamand_velocity_UNCONFIRMED,2026-01-07 11:18:23,1.577,vel_K.csv,sudden_jump
Kamand,velocity_UNCONFIRMED,Kamand_velocity_UNCONFIRMED,2026-01-07 11:18:39,2.086,vel_K.csv,sudden_jump
Kamand,velocity_UNCONFIRMED,Kamand_velocity_UNCONFIRMED,2026-01-07 11:18:44,2.315,vel_K.csv,sudden_jump
Kamand,velocity_UNCONFIRMED,Kamand_velocity_UNCONFIRMED,2026-01-07 11:19:14,2.463,vel_K.csv,sudden_jump
Kamand,velocity_UNCONFIRMED,Kamand_velocity_UNCONFIRMED,2026-01-07 11:19:24,1.967,vel_K.csv,sudden_jump
Kamand,velocity_UNCONFIRMED,Kamand_velocity_UNCONFIRMED,2026-01-07 11:19:28,2.475,vel_K.csv,sudden_jump
Kamand,velocity_UNCONFIRMED,Kamand_velocity_UNCONFIRMED,2026-01-07 11:19:34,3.251,vel_K.csv,sudden_jump
Kamand,velocity_UNCONFIRMED,Kamand_velocity_UNCONFIRMED,2026-01-07 11:19:39,2.882,vel_K.csv,sudden_jump
Kamand,velocity_UNCONFIRMED,Kamand_velocity_UNCONFIRMED,2026-01-07 11:19:44,4.001,vel_K.csv,sudden_jump
Kamand,velocity_UNCONFIRMED,Kamand_velocity_UNCONFIRMED,2026-01-07 11:19:49,4.53,vel_K.csv,sudden_jump
Kamand,velocity_UNCONFIRMED,Kamand_velocity_UNCONFIRMED,2026-01-07 11:19:54,4.85,vel_K.csv,sudden_jump
Kamand,velocity_UNCONFIRMED,Kamand_velocity_UNCONFIRMED,2026-01-07 11:19:59,4.53,vel_K.csv,sudden_jump
Kamand,velocity_UNCONFIRMED,Kamand_velocity_UNCONFIRMED,2026-01-07 11:20:04,4.001,vel_K.csv,sudden_jump
Kamand,velocity_UNCONFIRMED,Kamand_velocity_UNCONFIRMED,2026-01-07 11:20:08,2.533,vel_K.csv,sudden_jump
Kamand,velocity_UNCONFIRMED,Kamand_velocity_UNCONFIRMED,2026-01-07 11:20:14,1.404,vel_K.csv,sudden_jump
Kamand,velocity_UNCONFIRMED,Kamand_velocity_UNCONFIRMED,2026-01-07 11:20:39,1.632,vel_K.csv,sudden_jump
Kamand,velocity_UNCONFIRMED,Kamand_velocity_UNCONFIRMED,2026-01-07 11:20:59,2.146,vel_K.csv,sudden_jump
Kamand,velocity_UNCONFIRMED,Kamand_velocity_UNCONFIRMED,2026-01-07 11:21:04,2.445,vel_K.csv,sudden_jump
Kamand,velocity_UNCONFIRMED,Kamand_velocity_UNCONFIRMED,2026-01-07 11:21:09,2.939,vel_K.csv,sudden_jump
Kamand,velocity_UNCONFIRMED,Kamand_velocity_UNCONFIRMED,2026-01-07 11:21:13,3.45,vel_K.csv,sudden_jump
Kamand,velocity_UNCONFIRMED,Kamand_velocity_UNCONFIRMED,2026-01-07 11:21:34,3.76,vel_K.csv,sudden_jump
Kamand,velocity_UNCONFIRMED,Kamand_velocity_UNCONFIRMED,2026-01-07 11:21:44,3.45,vel_K.csv,sudden_jump
Kamand,velocity_UNCONFIRMED,Kamand_velocity_UNCONFIRMED,2026-01-07 11:21:53,4.072,vel_K.csv,sudden_jump
Kamand,velocity_UNCONFIRMED,Kamand_velocity_UNCONFIRMED,2026-01-07 11:22:04,4.832,vel_K.csv,sudden_jump
Kamand,velocity_UNCONFIRMED,Kamand_velocity_UNCONFIRMED,2026-01-07 11:22:09,5.182,vel_K.csv,sudden_jump
Kamand,velocity_UNCONFIRMED,Kamand_velocity_UNCONFIRMED,2026-01-07 11:22:14,5.434,vel_K.csv,sudden_jump
Kamand,velocity_UNCONFIRMED,Kamand_velocity_UNCONFIRMED,2026-01-07 11:22:18,5.688,vel_K.csv,sudden_jump
Kamand,velocity_UNCONFIRMED,Kamand_velocity_UNCONFIRMED,2026-01-07 11:22:24,5.818,vel_K.csv,sudden_jump
Kamand,velocity_UNCONFIRMED,Kamand_velocity_UNCONFIRMED,2026-01-07 11:22:34,5.695,vel_K.csv,sudden_jump
Kamand,velocity_UNCONFIRMED,Kamand_velocity_UNCONFIRMED,2026-01-07 11:22:39,5.818,vel_K.csv,sudden_jump
Kamand,velocity_UNCONFIRMED,Kamand_velocity_UNCONFIRMED,2026-01-07 11:22:44,5.96,vel_K.csv,sudden_jump
Kamand,velocity_UNCONFIRMED,Kamand_velocity_UNCONFIRMED,2026-01-07 11:22:50,5.818,vel_K.csv,sudden_jump
Kamand,velocity_UNCONFIRMED,Kamand_velocity_UNCONFIRMED,2026-01-07 11:23:04,5.695,vel_K.csv,sudden_jump
Kamand,velocity_UNCONFIRMED,Kamand_velocity_UNCONFIRMED,2026-01-07 11:23:09,5.293,vel_K.csv,sudden_jump
Kamand,velocity_UNCONFIRMED,Kamand_velocity_UNCONFIRMED,2026-01-07 11:23:14,5.192,vel_K.csv,sudden_jump
Kamand,velocity_UNCONFIRMED,Kamand_velocity_UNCONFIRMED,2026-01-07 11:23:29,5.472,vel_K.csv,sudden_jump
Kamand,velocity_UNCONFIRMED,Kamand_velocity_UNCONFIRMED,2026-01-07 11:23:34,5.192,vel_K.csv,sudden_jump
Kamand,velocity_UNCONFIRMED,Kamand_velocity_UNCONFIRMED,2026-01-07 11:23:39,4.92,vel_K.csv,sudden_jump
Kamand,velocity_UNCONFIRMED,Kamand_velocity_UNCONFIRMED,2026-01-07 11:23:44,4.779,vel_K.csv,sudden_jump
Kamand,velocity_UNCONFIRMED,Kamand_velocity_UNCONFIRMED,2026-01-07 11:23:49,4.524,vel_K.csv,sudden_jump
Kamand,velocity_UNCONFIRMED,Kamand_velocity_UNCONFIRMED,2026-01-07 11:23:54,4.779,vel_K.csv,sudden_jump
Kamand,velocity_UNCONFIRMED,Kamand_velocity_UNCONFIRMED,2026-01-07 11:23:59,5.052,vel_K.csv,sudden_jump
Kamand,velocity_UNCONFIRMED,Kamand_velocity_UNCONFIRMED,2026-01-07 11:24:03,5.77,vel_K.csv,sudden_jump
Kamand,velocity_UNCONFIRMED,Kamand_velocity_UNCONFIRMED,2026-01-07 11:24:09,6.068,vel_K.csv,sudden_jump
Kamand,velocity_UNCONFIRMED,Kamand_velocity_UNCONFIRMED,2026-01-07 11:24:19,5.662,vel_K.csv,sudden_jump
Kamand,velocity_UNCONFIRMED,Kamand_velocity_UNCONFIRMED,2026-01-07 11:24:28,5.043,vel_K.csv,sudden_jump
Kamand,velocity_UNCONFIRMED,Kamand_velocity_UNCONFIRMED,2026-01-07 11:24:34,5.662,vel_K.csv,sudden_jump
Kamand,velocity_UNCONFIRMED,Kamand_velocity_UNCONFIRMED,2026-01-07 11:24:54,5.219,vel_K.csv,sudden_jump
Kamand,velocity_UNCONFIRMED,Kamand_velocity_UNCONFIRMED,2026-01-07 11:25:14,5.387,vel_K.csv,sudden_jump
Kamand,velocity_UNCONFIRMED,Kamand_velocity_UNCONFIRMED,2026-01-07 11:25:19,5.787,vel_K.csv,sudden_jump
Kamand,velocity_UNCONFIRMED,Kamand_velocity_UNCONFIRMED,2026-01-07 11:25:24,5.387,vel_K.csv,sudden_jump
Kamand,velocity_UNCONFIRMED,Kamand_velocity_UNCONFIRMED,2026-01-07 11:25:34,4.992,vel_K.csv,sudden_jump
Kamand,velocity_UNCONFIRMED,Kamand_velocity_UNCONFIRMED,2026-01-07 11:25:39,5.387,vel_K.csv,sudden_jump
Kamand,velocity_UNCONFIRMED,Kamand_velocity_UNCONFIRMED,2026-01-07 11:25:44,5.216,vel_K.csv,sudden_jump
Kamand,velocity_UNCONFIRMED,Kamand_velocity_UNCONFIRMED,2026-01-07 11:25:54,5.736,vel_K.csv,sudden_jump
Kamand,velocity_UNCONFIRMED,Kamand_velocity_UNCONFIRMED,2026-01-07 11:26:09,5.216,vel_K.csv,sudden_jump
Kamand,velocity_UNCONFIRMED,Kamand_velocity_UNCONFIRMED,2026-01-07 11:26:13,4.651,vel_K.csv,sudden_jump
Kamand,velocity_UNCONFIRMED,Kamand_velocity_UNCONFIRMED,2026-01-07 11:26:24,4.993,vel_K.csv,sudden_jump
Kamand,velocity_UNCONFIRMED,Kamand_velocity_UNCONFIRMED,2026-01-07 11:26:29,4.901,vel_K.csv,sudden_jump
Kamand,velocity_UNCONFIRMED,Kamand_velocity_UNCONFIRMED,2026-01-07 11:26:34,5.512,vel_K.csv,sudden_jump
Kamand,velocity_UNCONFIRMED,Kamand_velocity_UNCONFIRMED,2026-01-07 11:26:39,4.611,vel_K.csv,sudden_jump
Kamand,velocity_UNCONFIRMED,Kamand_velocity_UNCONFIRMED,2026-01-07 11:26:44,5.69,vel_K.csv,sudden_jump
Kamand,velocity_UNCONFIRMED,Kamand_velocity_UNCONFIRMED,2026-01-07 11:26:53,4.396,vel_K.csv,sudden_jump
Kamand,velocity_UNCONFIRMED,Kamand_velocity_UNCONFIRMED,2026-01-07 11:26:59,4.216,vel_K.csv,sudden_jump
Kamand,velocity_UNCONFIRMED,Kamand_velocity_UNCONFIRMED,2026-01-07 11:27:09,5.062,vel_K.csv,sudden_jump
Kamand,velocity_UNCONFIRMED,Kamand_velocity_UNCONFIRMED,2026-01-07 11:27:14,5.457,vel_K.csv,sudden_jump
Kamand,velocity_UNCONFIRMED,Kamand_velocity_UNCONFIRMED,2026-01-07 11:27:24,5.657,vel_K.csv,sudden_jump
Kamand,velocity_UNCONFIRMED,Kamand_velocity_UNCONFIRMED,2026-01-07 11:27:29,5.718,vel_K.csv,sudden_jump
Kamand,velocity_UNCONFIRMED,Kamand_velocity_UNCONFIRMED,2026-01-07 11:27:44,5.657,vel_K.csv,sudden_jump
Kamand,velocity_UNCONFIRMED,Kamand_velocity_UNCONFIRMED,2026-01-07 11:27:49,5.718,vel_K.csv,sudden_jump
Kamand,velocity_UNCONFIRMED,Kamand_velocity_UNCONFIRMED,2026-01-07 11:27:58,5.779,vel_K.csv,sudden_jump
Kamand,velocity_UNCONFIRMED,Kamand_velocity_UNCONFIRMED,2026-01-07 11:28:04,5.826,vel_K.csv,sudden_jump
Kamand,velocity_UNCONFIRMED,Kamand_velocity_UNCONFIRMED,2026-01-07 11:28:09,5.718,vel_K.csv,sudden_jump
Kamand,velocity_UNCONFIRMED,Kamand_velocity_UNCONFIRMED,2026-01-07 11:28:19,5.149,vel_K.csv,sudden_jump
Kamand,velocity_UNCONFIRMED,Kamand_velocity_UNCONFIRMED,2026-01-07 11:28:23,5.21,vel_K.csv,sudden_jump
Kamand,velocity_UNCONFIRMED,Kamand_velocity_UNCONFIRMED,2026-01-07 11:28:29,4.538,vel_K.csv,sudden_jump
Kamand,velocity_UNCONFIRMED,Kamand_velocity_UNCONFIRMED,2026-01-07 11:28:38,5.056,vel_K.csv,sudden_jump
Kamand,velocity_UNCONFIRMED,Kamand_velocity_UNCONFIRMED,2026-01-07 11:28:44,5.724,vel_K.csv,sudden_jump
Kamand,velocity_UNCONFIRMED,Kamand_velocity_UNCONFIRMED,2026-01-07 11:28:59,5.056,vel_K.csv,sudden_jump
Kamand,velocity_UNCONFIRMED,Kamand_velocity_UNCONFIRMED,2026-01-07 11:29:09,5.431,vel_K.csv,sudden_jump
Kamand,velocity_UNCONFIRMED,Kamand_velocity_UNCONFIRMED,2026-01-07 11:29:34,5.586,vel_K.csv,sudden_jump
Kamand,velocity_UNCONFIRMED,Kamand_velocity_UNCONFIRMED,2026-01-07 11:29:39,5.706,vel_K.csv,sudden_jump
Kamand,velocity_UNCONFIRMED,Kamand_velocity_UNCONFIRMED,2026-01-07 11:29:43,5.318,vel_K.csv,sudden_jump
Kamand,velocity_UNCONFIRMED,Kamand_velocity_UNCONFIRMED,2026-01-07 11:30:04,5.208,vel_K.csv,sudden_jump
Kamand,velocity_UNCONFIRMED,Kamand_velocity_UNCONFIRMED,2026-01-07 11:30:08,5.035,vel_K.csv,sudden_jump
Kamand,velocity_UNCONFIRMED,Kamand_velocity_UNCONFIRMED,2026-01-07 11:30:19,5.234,vel_K.csv,sudden_jump
Kamand,velocity_UNCONFIRMED,Kamand_velocity_UNCONFIRMED,2026-01-07 11:30:23,5.035,vel_K.csv,sudden_jump
Kamand,velocity_UNCONFIRMED,Kamand_velocity_UNCONFIRMED,2026-01-07 11:30:29,4.942,vel_K.csv,sudden_jump
Kamand,velocity_UNCONFIRMED,Kamand_velocity_UNCONFIRMED,2026-01-07 11:30:34,4.877,vel_K.csv,sudden_jump
Kamand,velocity_UNCONFIRMED,Kamand_velocity_UNCONFIRMED,2026-01-07 11:30:44,4.657,vel_K.csv,sudden_jump
Kamand,velocity_UNCONFIRMED,Kamand_velocity_UNCONFIRMED,2026-01-07 11:30:51,4.383,vel_K.csv,sudden_jump
Kamand,velocity_UNCONFIRMED,Kamand_velocity_UNCONFIRMED,2026-01-07 11:30:54,3.944,vel_K.csv,sudden_jump
Kamand,velocity_UNCONFIRMED,Kamand_velocity_UNCONFIRMED,2026-01-07 11:30:59,3.849,vel_K.csv,sudden_jump
Kamand,velocity_UNCONFIRMED,Kamand_velocity_UNCONFIRMED,2026-01-07 11:31:13,4.383,vel_K.csv,sudden_jump
Kamand,velocity_UNCONFIRMED,Kamand_velocity_UNCONFIRMED,2026-01-07 11:31:19,3.849,vel_K.csv,sudden_jump
Kamand,velocity_UNCONFIRMED,Kamand_velocity_UNCONFIRMED,2026-01-07 11:31:24,4.383,vel_K.csv,sudden_jump
Kamand,velocity_UNCONFIRMED,Kamand_velocity_UNCONFIRMED,2026-01-07 11:31:28,4.657,vel_K.csv,sudden_jump
Kamand,velocity_UNCONFIRMED,Kamand_velocity_UNCONFIRMED,2026-01-07 11:31:34,5.586,vel_K.csv,sudden_jump
Kamand,velocity_UNCONFIRMED,Kamand_velocity_UNCONFIRMED,2026-01-07 11:31:39,3.965,vel_K.csv,sudden_jump
Kamand,velocity_UNCONFIRMED,Kamand_velocity_UNCONFIRMED,2026-01-07 11:31:44,3.879,vel_K.csv,sudden_jump
Kamand,velocity_UNCONFIRMED,Kamand_velocity_UNCONFIRMED,2026-01-07 11:31:53,5.499,vel_K.csv,sudden_jump
Kamand,velocity_UNCONFIRMED,Kamand_velocity_UNCONFIRMED,2026-01-07 11:31:59,5.955,vel_K.csv,sudden_jump
Kamand,velocity_UNCONFIRMED,Kamand_velocity_UNCONFIRMED,2026-01-07 11:32:09,5.686,vel_K.csv,sudden_jump
Kamand,velocity_UNCONFIRMED,Kamand_velocity_UNCONFIRMED,2026-01-07 11:32:14,5.156,vel_K.csv,sudden_jump
Kamand,velocity_UNCONFIRMED,Kamand_velocity_UNCONFIRMED,2026-01-07 11:32:19,5.306,vel_K.csv,sudden_jump
Kamand,velocity_UNCONFIRMED,Kamand_velocity_UNCONFIRMED,2026-01-07 11:32:29,5.156,vel_K.csv,sudden_jump
Kamand,velocity_UNCONFIRMED,Kamand_velocity_UNCONFIRMED,2026-01-07 11:32:33,5.008,vel_K.csv,sudden_jump
Kamand,velocity_UNCONFIRMED,Kamand_velocity_UNCONFIRMED,2026-01-07 11:32:39,5.156,vel_K.csv,sudden_jump
Kamand,velocity_UNCONFIRMED,Kamand_velocity_UNCONFIRMED,2026-01-07 11:32:44,5.284,vel_K.csv,sudden_jump
Kamand,velocity_UNCONFIRMED,Kamand_velocity_UNCONFIRMED,2026-01-07 11:32:51,5.353,vel_K.csv,sudden_jump
Kamand,velocity_UNCONFIRMED,Kamand_velocity_UNCONFIRMED,2026-01-07 11:32:54,5.284,vel_K.csv,sudden_jump
Kamand,velocity_UNCONFIRMED,Kamand_velocity_UNCONFIRMED,2026-01-07 11:32:58,5.203,vel_K.csv,sudden_jump
Kamand,velocity_UNCONFIRMED,Kamand_velocity_UNCONFIRMED,2026-01-07 11:33:14,5.353,vel_K.csv,sudden_jump
Kamand,velocity_UNCONFIRMED,Kamand_velocity_UNCONFIRMED,2026-01-07 11:33:19,5.443,vel_K.csv,sudden_jump
Kamand,velocity_UNCONFIRMED,Kamand_velocity_UNCONFIRMED,2026-01-07 11:33:24,5.578,vel_K.csv,sudden_jump
Kamand,velocity_UNCONFIRMED,Kamand_velocity_UNCONFIRMED,2026-01-07 11:33:29,5.77,vel_K.csv,sudden_jump
Kamand,velocity_UNCONFIRMED,Kamand_velocity_UNCONFIRMED,2026-01-07 11:33:34,6.128,vel_K.csv,sudden_jump
Kamand,velocity_UNCONFIRMED,Kamand_velocity_UNCONFIRMED,2026-01-07 11:33:38,5.77,vel_K.csv,sudden_jump
Kamand,velocity_UNCONFIRMED,Kamand_velocity_UNCONFIRMED,2026-01-07 11:34:29,5.992,vel_K.csv,sudden_jump
Kamand,velocity_UNCONFIRMED,Kamand_velocity_UNCONFIRMED,2026-01-07 11:34:34,5.69,vel_K.csv,sudden_jump
Kamand,velocity_UNCONFIRMED,Kamand_velocity_UNCONFIRMED,2026-01-07 11:34:39,5.992,vel_K.csv,sudden_jump
Kamand,velocity_UNCONFIRMED,Kamand_velocity_UNCONFIRMED,2026-01-07 11:34:51,5.842,vel_K.csv,sudden_jump
Kamand,velocity_UNCONFIRMED,Kamand_velocity_UNCONFIRMED,2026-01-07 11:34:59,5.992,vel_K.csv,sudden_jump
Kamand,velocity_UNCONFIRMED,Kamand_velocity_UNCONFIRMED,2026-01-07 11:35:14,5.842,vel_K.csv,sudden_jump
Kamand,velocity_UNCONFIRMED,Kamand_velocity_UNCONFIRMED,2026-01-07 11:35:23,5.657,vel_K.csv,sudden_jump
Kamand,velocity_UNCONFIRMED,Kamand_velocity_UNCONFIRMED,2026-01-07 11:35:34,6.026,vel_K.csv,sudden_jump
Kamand,velocity_UNCONFIRMED,Kamand_velocity_UNCONFIRMED,2026-01-07 11:35:39,5.657,vel_K.csv,sudden_jump
Kamand,velocity_UNCONFIRMED,Kamand_velocity_UNCONFIRMED,2026-01-07 11:35:48,5.851,vel_K.csv,sudden_jump
Kamand,velocity_UNCONFIRMED,Kamand_velocity_UNCONFIRMED,2026-01-07 11:35:54,6.221,vel_K.csv,sudden_jump
Kamand,velocity_UNCONFIRMED,Kamand_velocity_UNCONFIRMED,2026-01-07 11:35:59,6.104,vel_K.csv,sudden_jump
Kamand,velocity_UNCONFIRMED,Kamand_velocity_UNCONFIRMED,2026-01-07 11:36:09,5.782,vel_K.csv,sudden_jump
Kamand,velocity_UNCONFIRMED,Kamand_velocity_UNCONFIRMED,2026-01-07 11:36:14,6.104,vel_K.csv,sudden_jump
Kamand,velocity_UNCONFIRMED,Kamand_velocity_UNCONFIRMED,2026-01-07 11:36:19,5.859,vel_K.csv,sudden_jump
Kamand,velocity_UNCONFIRMED,Kamand_velocity_UNCONFIRMED,2026-01-07 11:36:24,6.104,vel_K.csv,sudden_jump
Kamand,velocity_UNCONFIRMED,Kamand_velocity_UNCONFIRMED,2026-01-07 11:36:28,5.896,vel_K.csv,sudden_jump
Kamand,velocity_UNCONFIRMED,Kamand_velocity_UNCONFIRMED,2026-01-07 11:36:34,5.72,vel_K.csv,sudden_jump
Kamand,velocity_UNCONFIRMED,Kamand_velocity_UNCONFIRMED,2026-01-07 11:36:39,5.869,vel_K.csv,sudden_jump
Kamand,velocity_UNCONFIRMED,Kamand_velocity_UNCONFIRMED,2026-01-07 11:36:51,5.72,vel_K.csv,sudden_jump
Kamand,velocity_UNCONFIRMED,Kamand_velocity_UNCONFIRMED,2026-01-07 11:36:53,5.606,vel_K.csv,sudden_jump
Kamand,velocity_UNCONFIRMED,Kamand_velocity_UNCONFIRMED,2026-01-07 11:36:59,5.374,vel_K.csv,sudden_jump
Kamand,velocity_UNCONFIRMED,Kamand_velocity_UNCONFIRMED,2026-01-07 11:37:09,5.201,vel_K.csv,sudden_jump
Kamand,velocity_UNCONFIRMED,Kamand_velocity_UNCONFIRMED,2026-01-07 11:37:24,5.108,vel_K.csv,sudden_jump
Kamand,velocity_UNCONFIRMED,Kamand_velocity_UNCONFIRMED,2026-01-07 11:37:58,5.413,vel_K.csv,sudden_jump
Kamand,velocity_UNCONFIRMED,Kamand_velocity_UNCONFIRMED,2026-01-07 11:38:04,5.49,vel_K.csv,sudden_jump
Kamand,velocity_UNCONFIRMED,Kamand_velocity_UNCONFIRMED,2026-01-07 11:38:13,5.421,vel_K.csv,sudden_jump
Kamand,velocity_UNCONFIRMED,Kamand_velocity_UNCONFIRMED,2026-01-07 11:38:19,4.986,vel_K.csv,sudden_jump
Kamand,velocity_UNCONFIRMED,Kamand_velocity_UNCONFIRMED,2026-01-07 11:38:24,5.063,vel_K.csv,sudden_jump
Kamand,velocity_UNCONFIRMED,Kamand_velocity_UNCONFIRMED,2026-01-07 11:38:34,5.787,vel_K.csv,sudden_jump
Kamand,velocity_UNCONFIRMED,Kamand_velocity_UNCONFIRMED,2026-01-07 11:38:44,6.152,vel_K.csv,sudden_jump
Kamand,velocity_UNCONFIRMED,Kamand_velocity_UNCONFIRMED,2026-01-07 11:39:04,6.013,vel_K.csv,sudden_jump
Kamand,velocity_UNCONFIRMED,Kamand_velocity_UNCONFIRMED,2026-01-07 11:39:09,6.302,vel_K.csv,sudden_jump
Kamand,velocity_UNCONFIRMED,Kamand_velocity_UNCONFIRMED,2026-01-07 11:39:14,6.456,vel_K.csv,sudden_jump
Kamand,velocity_UNCONFIRMED,Kamand_velocity_UNCONFIRMED,2026-01-07 11:39:18,6.55,vel_K.csv,sudden_jump
Kamand,velocity_UNCONFIRMED,Kamand_velocity_UNCONFIRMED,2026-01-07 11:39:24,6.47,vel_K.csv,sudden_jump
Kamand,velocity_UNCONFIRMED,Kamand_velocity_UNCONFIRMED,2026-01-07 11:39:29,6.302,vel_K.csv,sudden_jump
Kamand,velocity_UNCONFIRMED,Kamand_velocity_UNCONFIRMED,2026-01-07 11:39:39,6.47,vel_K.csv,sudden_jump
Kamand,velocity_UNCONFIRMED,Kamand_velocity_UNCONFIRMED,2026-01-07 11:39:43,6.288,vel_K.csv,sudden_jump
Kamand,velocity_UNCONFIRMED,Kamand_velocity_UNCONFIRMED,2026-01-07 11:39:49,5.999,vel_K.csv,sudden_jump
Kamand,velocity_UNCONFIRMED,Kamand_velocity_UNCONFIRMED,2026-01-07 11:39:59,5.634,vel_K.csv,sudden_jump
Kamand,velocity_UNCONFIRMED,Kamand_velocity_UNCONFIRMED,2026-01-07 11:40:04,6.382,vel_K.csv,sudden_jump
Kamand,velocity_UNCONFIRMED,Kamand_velocity_UNCONFIRMED,2026-01-07 11:40:09,5.808,vel_K.csv,sudden_jump
Kamand,velocity_UNCONFIRMED,Kamand_velocity_UNCONFIRMED,2026-01-07 11:40:19,5.241,vel_K.csv,sudden_jump
Kamand,velocity_UNCONFIRMED,Kamand_velocity_UNCONFIRMED,2026-01-07 11:40:23,5.681,vel_K.csv,sudden_jump
Kamand,velocity_UNCONFIRMED,Kamand_velocity_UNCONFIRMED,2026-01-07 11:40:34,5.268,vel_K.csv,sudden_jump
Kamand,velocity_UNCONFIRMED,Kamand_velocity_UNCONFIRMED,2026-01-07 11:40:52,5.681,vel_K.csv,sudden_jump
Kamand,velocity_UNCONFIRMED,Kamand_velocity_UNCONFIRMED,2026-01-07 11:41:09,5.948,vel_K.csv,sudden_jump
Kamand,velocity_UNCONFIRMED,Kamand_velocity_UNCONFIRMED,2026-01-07 11:41:14,5.741,vel_K.csv,sudden_jump
Kamand,velocity_UNCONFIRMED,Kamand_velocity_UNCONFIRMED,2026-01-07 11:41:24,5.328,vel_K.csv,sudden_jump
Kamand,velocity_UNCONFIRMED,Kamand_velocity_UNCONFIRMED,2026-01-07 11:41:28,5.086,vel_K.csv,sudden_jump
Kamand,velocity_UNCONFIRMED,Kamand_velocity_UNCONFIRMED,2026-01-07 11:41:34,5.293,vel_K.csv,sudden_jump
Kamand,velocity_UNCONFIRMED,Kamand_velocity_UNCONFIRMED,2026-01-07 11:41:39,5.173,vel_K.csv,sudden_jump
Kamand,velocity_UNCONFIRMED,Kamand_velocity_UNCONFIRMED,2026-01-07 11:41:54,5.415,vel_K.csv,sudden_jump
Kamand,velocity_UNCONFIRMED,Kamand_velocity_UNCONFIRMED,2026-01-07 11:41:59,5.58,vel_K.csv,sudden_jump
Kamand,velocity_UNCONFIRMED,Kamand_velocity_UNCONFIRMED,2026-01-07 11:42:14,5.46,vel_K.csv,sudden_jump
Kamand,velocity_UNCONFIRMED,Kamand_velocity_UNCONFIRMED,2026-01-07 11:42:29,5.644,vel_K.csv,sudden_jump
Kamand,velocity_UNCONFIRMED,Kamand_velocity_UNCONFIRMED,2026-01-07 11:42:44,5.827,vel_K.csv,sudden_jump
Kamand,velocity_UNCONFIRMED,Kamand_velocity_UNCONFIRMED,2026-01-07 11:42:52,5.644,vel_K.csv,sudden_jump
Kamand,velocity_UNCONFIRMED,Kamand_velocity_UNCONFIRMED,2026-01-07 11:42:54,5.396,vel_K.csv,sudden_jump
Kamand,velocity_UNCONFIRMED,Kamand_velocity_UNCONFIRMED,2026-01-07 11:42:59,5.196,vel_K.csv,sudden_jump
Kamand,velocity_UNCONFIRMED,Kamand_velocity_UNCONFIRMED,2026-01-07 11:43:13,5.343,vel_K.csv,sudden_jump
Kamand,velocity_UNCONFIRMED,Kamand_velocity_UNCONFIRMED,2026-01-07 11:43:19,5.455,vel_K.csv,sudden_jump
Kamand,velocity_UNCONFIRMED,Kamand_velocity_UNCONFIRMED,2026-01-07 11:43:24,5.624,vel_K.csv,sudden_jump
Kamand,velocity_UNCONFIRMED,Kamand_velocity_UNCONFIRMED,2026-01-07 11:43:38,5.83,vel_K.csv,sudden_jump
Kamand,velocity_UNCONFIRMED,Kamand_velocity_UNCONFIRMED,2026-01-07 11:43:44,5.624,vel_K.csv,sudden_jump
Kamand,velocity_UNCONFIRMED,Kamand_velocity_UNCONFIRMED,2026-01-07 11:43:59,5.83,vel_K.csv,sudden_jump
Kamand,velocity_UNCONFIRMED,Kamand_velocity_UNCONFIRMED,2026-01-07 11:44:04,6.022,vel_K.csv,sudden_jump
Kamand,velocity_UNCONFIRMED,Kamand_velocity_UNCONFIRMED,2026-01-07 11:44:09,6.185,vel_K.csv,sudden_jump
Kamand,velocity_UNCONFIRMED,Kamand_velocity_UNCONFIRMED,2026-01-07 11:44:24,6.022,vel_K.csv,sudden_jump
Kamand,velocity_UNCONFIRMED,Kamand_velocity_UNCONFIRMED,2026-01-07 11:44:34,6.445,vel_K.csv,sudden_jump
Kamand,velocity_UNCONFIRMED,Kamand_velocity_UNCONFIRMED,2026-01-07 11:44:39,6.681,vel_K.csv,sudden_jump
Kamand,velocity_UNCONFIRMED,Kamand_velocity_UNCONFIRMED,2026-01-07 11:44:43,6.83,vel_K.csv,sudden_jump
Kamand,velocity_UNCONFIRMED,Kamand_velocity_UNCONFIRMED,2026-01-07 11:44:58,6.681,vel_K.csv,sudden_jump
Kamand,velocity_UNCONFIRMED,Kamand_velocity_UNCONFIRMED,2026-01-07 11:45:04,6.404,vel_K.csv,sudden_jump
Kamand,velocity_UNCONFIRMED,Kamand_velocity_UNCONFIRMED,2026-01-07 11:45:09,6.068,vel_K.csv,sudden_jump
Kamand,velocity_UNCONFIRMED,Kamand_velocity_UNCONFIRMED,2026-01-07 11:45:23,6.395,vel_K.csv,sudden_jump
Kamand,velocity_UNCONFIRMED,Kamand_velocity_UNCONFIRMED,2026-01-07 11:45:29,6.205,vel_K.csv,sudden_jump
Kamand,velocity_UNCONFIRMED,Kamand_velocity_UNCONFIRMED,2026-01-07 11:45:34,6.068,vel_K.csv,sudden_jump
Kamand,velocity_UNCONFIRMED,Kamand_velocity_UNCONFIRMED,2026-01-07 11:45:39,5.749,vel_K.csv,sudden_jump
Kamand,velocity_UNCONFIRMED,Kamand_velocity_UNCONFIRMED,2026-01-07 11:45:49,6.068,vel_K.csv,sudden_jump
Kamand,velocity_UNCONFIRMED,Kamand_velocity_UNCONFIRMED,2026-01-07 11:45:59,6.205,vel_K.csv,sudden_jump
Kamand,velocity_UNCONFIRMED,Kamand_velocity_UNCONFIRMED,2026-01-07 11:46:09,6.324,vel_K.csv,sudden_jump
Kamand,velocity_UNCONFIRMED,Kamand_velocity_UNCONFIRMED,2026-01-07 11:46:19,6.465,vel_K.csv,sudden_jump
Kamand,velocity_UNCONFIRMED,Kamand_velocity_UNCONFIRMED,2026-01-07 11:46:44,6.678,vel_K.csv,sudden_jump
Kamand,velocity_UNCONFIRMED,Kamand_velocity_UNCONFIRMED,2026-01-07 11:46:51,6.831,vel_K.csv,sudden_jump
Kamand,velocity_UNCONFIRMED,Kamand_velocity_UNCONFIRMED,2026-01-07 11:46:59,6.69,vel_K.csv,sudden_jump
Kamand,velocity_UNCONFIRMED,Kamand_velocity_UNCONFIRMED,2026-01-07 11:47:04,6.322,vel_K.csv,sudden_jump
Kamand,velocity_UNCONFIRMED,Kamand_velocity_UNCONFIRMED,2026-01-07 11:47:08,5.865,vel_K.csv,sudden_jump
Kamand,velocity_UNCONFIRMED,Kamand_velocity_UNCONFIRMED,2026-01-07 11:47:19,5.694,vel_K.csv,sudden_jump
Kamand,velocity_UNCONFIRMED,Kamand_velocity_UNCONFIRMED,2026-01-07 11:47:29,5.936,vel_K.csv,sudden_jump
Kamand,velocity_UNCONFIRMED,Kamand_velocity_UNCONFIRMED,2026-01-07 11:47:44,5.545,vel_K.csv,sudden_jump
Kamand,velocity_UNCONFIRMED,Kamand_velocity_UNCONFIRMED,2026-01-07 11:47:59,5.342,vel_K.csv,sudden_jump
Kamand,velocity_UNCONFIRMED,Kamand_velocity_UNCONFIRMED,2026-01-07 11:48:04,5.562,vel_K.csv,sudden_jump
Kamand,velocity_UNCONFIRMED,Kamand_velocity_UNCONFIRMED,2026-01-07 11:48:13,5.209,vel_K.csv,sudden_jump
Kamand,velocity_UNCONFIRMED,Kamand_velocity_UNCONFIRMED,2026-01-07 11:48:19,4.887,vel_K.csv,sudden_jump
Kamand,velocity_UNCONFIRMED,Kamand_velocity_UNCONFIRMED,2026-01-07 11:48:39,5.062,vel_K.csv,sudden_jump
Kamand,velocity_UNCONFIRMED,Kamand_velocity_UNCONFIRMED,2026-01-07 11:48:44,5.212,vel_K.csv,sudden_jump
Kamand,velocity_UNCONFIRMED,Kamand_velocity_UNCONFIRMED,2026-01-07 11:48:51,5.062,vel_K.csv,sudden_jump
Kamand,velocity_UNCONFIRMED,Kamand_velocity_UNCONFIRMED,2026-01-07 11:49:04,4.887,vel_K.csv,sudden_jump
Kamand,velocity_UNCONFIRMED,Kamand_velocity_UNCONFIRMED,2026-01-07 11:49:14,5.216,vel_K.csv,sudden_jump
Kamand,velocity_UNCONFIRMED,Kamand_velocity_UNCONFIRMED,2026-01-07 11:49:18,5.703,vel_K.csv,sudden_jump
Kamand,velocity_UNCONFIRMED,Kamand_velocity_UNCONFIRMED,2026-01-07 11:49:24,5.324,vel_K.csv,sudden_jump
Kamand,velocity_UNCONFIRMED,Kamand_velocity_UNCONFIRMED,2026-01-07 11:49:34,5.703,vel_K.csv,sudden_jump
Kamand,velocity_UNCONFIRMED,Kamand_velocity_UNCONFIRMED,2026-01-07 11:49:44,5.486,vel_K.csv,sudden_jump
Kamand,velocity_UNCONFIRMED,Kamand_velocity_UNCONFIRMED,2026-01-07 11:49:49,5.747,vel_K.csv,sudden_jump
Kamand,velocity_UNCONFIRMED,Kamand_velocity_UNCONFIRMED,2026-01-07 11:50:04,5.963,vel_K.csv,sudden_jump
Kamand,velocity_UNCONFIRMED,Kamand_velocity_UNCONFIRMED,2026-01-07 11:50:09,6.177,vel_K.csv,sudden_jump
Kamand,velocity_UNCONFIRMED,Kamand_velocity_UNCONFIRMED,2026-01-07 11:50:14,6.411,vel_K.csv,sudden_jump
Kamand,velocity_UNCONFIRMED,Kamand_velocity_UNCONFIRMED,2026-01-07 11:50:19,6.101,vel_K.csv,sudden_jump
Kamand,velocity_UNCONFIRMED,Kamand_velocity_UNCONFIRMED,2026-01-07 11:50:23,6.411,vel_K.csv,sudden_jump
Kamand,velocity_UNCONFIRMED,Kamand_velocity_UNCONFIRMED,2026-01-07 11:50:29,6.101,vel_K.csv,sudden_jump
Kamand,velocity_UNCONFIRMED,Kamand_velocity_UNCONFIRMED,2026-01-07 11:50:51,5.998,vel_K.csv,sudden_jump
Kamand,velocity_UNCONFIRMED,Kamand_velocity_UNCONFIRMED,2026-01-07 11:51:09,5.978,vel_K.csv,sudden_jump
Kamand,velocity_UNCONFIRMED,Kamand_velocity_UNCONFIRMED,2026-01-07 11:51:24,5.636,vel_K.csv,sudden_jump
Kamand,velocity_UNCONFIRMED,Kamand_velocity_UNCONFIRMED,2026-01-07 11:51:29,5.978,vel_K.csv,sudden_jump
Kamand,velocity_UNCONFIRMED,Kamand_velocity_UNCONFIRMED,2026-01-07 11:51:39,6.255,vel_K.csv,sudden_jump
Kamand,velocity_UNCONFIRMED,Kamand_velocity_UNCONFIRMED,2026-01-07 11:51:59,5.913,vel_K.csv,sudden_jump
Kamand,velocity_UNCONFIRMED,Kamand_velocity_UNCONFIRMED,2026-01-07 11:52:04,5.359,vel_K.csv,sudden_jump
Kamand,velocity_UNCONFIRMED,Kamand_velocity_UNCONFIRMED,2026-01-07 11:52:34,5.062,vel_K.csv,sudden_jump
Kamand,velocity_UNCONFIRMED,Kamand_velocity_UNCONFIRMED,2026-01-07 11:52:39,4.672,vel_K.csv,sudden_jump
Kamand,velocity_UNCONFIRMED,Kamand_velocity_UNCONFIRMED,2026-01-07 11:52:44,5.062,vel_K.csv,sudden_jump
Kamand,velocity_UNCONFIRMED,Kamand_velocity_UNCONFIRMED,2026-01-07 11:53:04,5.344,vel_K.csv,sudden_jump
Kamand,velocity_UNCONFIRMED,Kamand_velocity_UNCONFIRMED,2026-01-07 11:53:19,5.402,vel_K.csv,sudden_jump
Kamand,velocity_UNCONFIRMED,Kamand_velocity_UNCONFIRMED,2026-01-07 11:53:29,4.898,vel_K.csv,sudden_jump
Kamand,velocity_UNCONFIRMED,Kamand_velocity_UNCONFIRMED,2026-01-07 11:53:39,5.114,vel_K.csv,sudden_jump
Kamand,velocity_UNCONFIRMED,Kamand_velocity_UNCONFIRMED,2026-01-07 11:53:49,5.342,vel_K.csv,sudden_jump
Kamand,velocity_UNCONFIRMED,Kamand_velocity_UNCONFIRMED,2026-01-07 11:53:54,5.424,vel_K.csv,sudden_jump
Kamand,velocity_UNCONFIRMED,Kamand_velocity_UNCONFIRMED,2026-01-07 11:54:09,5.342,vel_K.csv,sudden_jump
Kamand,velocity_UNCONFIRMED,Kamand_velocity_UNCONFIRMED,2026-01-07 11:54:14,5.114,vel_K.csv,sudden_jump
Kamand,velocity_UNCONFIRMED,Kamand_velocity_UNCONFIRMED,2026-01-07 11:54:24,4.838,vel_K.csv,sudden_jump
Kamand,velocity_UNCONFIRMED,Kamand_velocity_UNCONFIRMED,2026-01-07 11:54:34,5.136,vel_K.csv,sudden_jump
Kamand,velocity_UNCONFIRMED,Kamand_velocity_UNCONFIRMED,2026-01-07 11:54:39,5.444,vel_K.csv,sudden_jump
Kamand,velocity_UNCONFIRMED,Kamand_velocity_UNCONFIRMED,2026-01-07 11:54:44,5.145,vel_K.csv,sudden_jump
Kamand,velocity_UNCONFIRMED,Kamand_velocity_UNCONFIRMED,2026-01-07 11:54:54,4.748,vel_K.csv,sudden_jump
Kamand,velocity_UNCONFIRMED,Kamand_velocity_UNCONFIRMED,2026-01-07 11:55:09,5.232,vel_K.csv,sudden_jump
Kamand,velocity_UNCONFIRMED,Kamand_velocity_UNCONFIRMED,2026-01-07 11:55:14,5.763,vel_K.csv,sudden_jump
Kamand,velocity_UNCONFIRMED,Kamand_velocity_UNCONFIRMED,2026-01-07 11:55:19,5.213,vel_K.csv,sudden_jump
Kamand,velocity_UNCONFIRMED,Kamand_velocity_UNCONFIRMED,2026-01-07 11:55:24,5.763,vel_K.csv,sudden_jump
Kamand,velocity_UNCONFIRMED,Kamand_velocity_UNCONFIRMED,2026-01-07 11:55:29,5.981,vel_K.csv,sudden_jump
Kamand,velocity_UNCONFIRMED,Kamand_velocity_UNCONFIRMED,2026-01-07 11:55:34,5.915,vel_K.csv,sudden_jump
Kamand,velocity_UNCONFIRMED,Kamand_velocity_UNCONFIRMED,2026-01-07 11:55:39,5.213,vel_K.csv,sudden_jump
Kamand,velocity_UNCONFIRMED,Kamand_velocity_UNCONFIRMED,2026-01-07 11:55:49,4.805,vel_K.csv,sudden_jump
Kamand,velocity_UNCONFIRMED,Kamand_velocity_UNCONFIRMED,2026-01-07 11:55:59,5.288,vel_K.csv,sudden_jump
Kamand,velocity_UNCONFIRMED,Kamand_velocity_UNCONFIRMED,2026-01-07 11:56:14,4.788,vel_K.csv,sudden_jump
Kamand,velocity_UNCONFIRMED,Kamand_velocity_UNCONFIRMED,2026-01-07 11:56:19,5.267,vel_K.csv,sudden_jump
Kamand,velocity_UNCONFIRMED,Kamand_velocity_UNCONFIRMED,2026-01-07 11:56:29,5.206,vel_K.csv,sudden_jump
Kamand,velocity_UNCONFIRMED,Kamand_velocity_UNCONFIRMED,2026-01-07 11:56:44,5.593,vel_K.csv,sudden_jump
Kamand,velocity_UNCONFIRMED,Kamand_velocity_UNCONFIRMED,2026-01-07 11:56:51,5.803,vel_K.csv,sudden_jump
Kamand,velocity_UNCONFIRMED,Kamand_velocity_UNCONFIRMED,2026-01-07 11:56:59,5.593,vel_K.csv,sudden_jump
Kamand,velocity_UNCONFIRMED,Kamand_velocity_UNCONFIRMED,2026-01-07 11:57:04,5.064,vel_K.csv,sudden_jump
Kamand,velocity_UNCONFIRMED,Kamand_velocity_UNCONFIRMED,2026-01-07 11:57:09,4.741,vel_K.csv,sudden_jump
Kamand,velocity_UNCONFIRMED,Kamand_velocity_UNCONFIRMED,2026-01-07 11:57:14,5.191,vel_K.csv,sudden_jump
Kamand,velocity_UNCONFIRMED,Kamand_velocity_UNCONFIRMED,2026-01-07 11:57:34,5.294,vel_K.csv,sudden_jump
Kamand,velocity_UNCONFIRMED,Kamand_velocity_UNCONFIRMED,2026-01-07 11:57:44,5.067,vel_K.csv,sudden_jump
Kamand,velocity_UNCONFIRMED,Kamand_velocity_UNCONFIRMED,2026-01-07 11:57:59,5.217,vel_K.csv,sudden_jump
Kamand,velocity_UNCONFIRMED,Kamand_velocity_UNCONFIRMED,2026-01-07 11:58:19,5.067,vel_K.csv,sudden_jump
Kamand,velocity_UNCONFIRMED,Kamand_velocity_UNCONFIRMED,2026-01-07 11:58:29,4.573,vel_K.csv,sudden_jump
Kamand,velocity_UNCONFIRMED,Kamand_velocity_UNCONFIRMED,2026-01-07 11:58:34,4.231,vel_K.csv,sudden_jump
Kamand,velocity_UNCONFIRMED,Kamand_velocity_UNCONFIRMED,2026-01-07 11:58:44,4.851,vel_K.csv,sudden_jump
Kamand,velocity_UNCONFIRMED,Kamand_velocity_UNCONFIRMED,2026-01-07 11:58:51,4.936,vel_K.csv,sudden_jump
Kamand,velocity_UNCONFIRMED,Kamand_velocity_UNCONFIRMED,2026-01-07 11:58:59,4.774,vel_K.csv,sudden_jump
Kamand,velocity_UNCONFIRMED,Kamand_velocity_UNCONFIRMED,2026-01-07 11:59:04,5.351,vel_K.csv,sudden_jump
Kamand,velocity_UNCONFIRMED,Kamand_velocity_UNCONFIRMED,2026-01-07 11:59:09,5.707,vel_K.csv,sudden_jump
Kamand,velocity_UNCONFIRMED,Kamand_velocity_UNCONFIRMED,2026-01-07 11:59:44,5.504,vel_K.csv,sudden_jump
Kamand,velocity_UNCONFIRMED,Kamand_velocity_UNCONFIRMED,2026-01-07 11:59:49,5.071,vel_K.csv,sudden_jump
Kamand,velocity_UNCONFIRMED,Kamand_velocity_UNCONFIRMED,2026-01-07 11:59:54,5.504,vel_K.csv,sudden_jump
Kamand,velocity_UNCONFIRMED,Kamand_velocity_UNCONFIRMED,2026-01-07 11:59:59,5.86,vel_K.csv,sudden_jump
Kamand,velocity_UNCONFIRMED,Kamand_velocity_UNCONFIRMED,2026-01-07 12:00:04,5.387,vel_K.csv,sudden_jump
Kamand,velocity_UNCONFIRMED,Kamand_velocity_UNCONFIRMED,2026-01-07 12:00:09,4.939,vel_K.csv,sudden_jump
Kamand,velocity_UNCONFIRMED,Kamand_velocity_UNCONFIRMED,2026-01-07 12:00:44,5.021,vel_K.csv,sudden_jump
Kamand,velocity_UNCONFIRMED,Kamand_velocity_UNCONFIRMED,2026-01-07 12:00:51,5.394,vel_K.csv,sudden_jump
Kamand,velocity_UNCONFIRMED,Kamand_velocity_UNCONFIRMED,2026-01-07 12:00:54,5.021,vel_K.csv,sudden_jump
Kamand,velocity_UNCONFIRMED,Kamand_velocity_UNCONFIRMED,2026-01-07 12:01:04,5.394,vel_K.csv,sudden_jump
Kamand,velocity_UNCONFIRMED,Kamand_velocity_UNCONFIRMED,2026-01-07 12:01:19,5.822,vel_K.csv,sudden_jump
Kamand,velocity_UNCONFIRMED,Kamand_velocity_UNCONFIRMED,2026-01-07 12:01:24,5.923,vel_K.csv,sudden_jump
Kamand,velocity_UNCONFIRMED,Kamand_velocity_UNCONFIRMED,2026-01-07 12:01:39,5.851,vel_K.csv,sudden_jump
Kamand,velocity_UNCONFIRMED,Kamand_velocity_UNCONFIRMED,2026-01-07 12:02:09,5.923,vel_K.csv,sudden_jump
Kamand,velocity_UNCONFIRMED,Kamand_velocity_UNCONFIRMED,2026-01-07 12:02:19,5.78,vel_K.csv,sudden_jump
Kamand,velocity_UNCONFIRMED,Kamand_velocity_UNCONFIRMED,2026-01-07 12:02:39,6.013,vel_K.csv,sudden_jump
Kamand,velocity_UNCONFIRMED,Kamand_velocity_UNCONFIRMED,2026-01-07 12:02:51,6.174,vel_K.csv,sudden_jump
Kamand,velocity_UNCONFIRMED,Kamand_velocity_UNCONFIRMED,2026-01-07 12:03:04,5.91,vel_K.csv,sudden_jump
Kamand,velocity_UNCONFIRMED,Kamand_velocity_UNCONFIRMED,2026-01-07 12:03:09,5.746,vel_K.csv,sudden_jump
Kamand,velocity_UNCONFIRMED,Kamand_velocity_UNCONFIRMED,2026-01-07 12:03:19,5.892,vel_K.csv,sudden_jump
Kamand,velocity_UNCONFIRMED,Kamand_velocity_UNCONFIRMED,2026-01-07 12:03:24,5.212,vel_K.csv,sudden_jump
Kamand,velocity_UNCONFIRMED,Kamand_velocity_UNCONFIRMED,2026-01-07 12:03:29,4.662,vel_K.csv,sudden_jump
Kamand,velocity_UNCONFIRMED,Kamand_velocity_UNCONFIRMED,2026-01-07 12:03:34,5.212,vel_K.csv,sudden_jump
Kamand,velocity_UNCONFIRMED,Kamand_velocity_UNCONFIRMED,2026-01-07 12:03:39,4.662,vel_K.csv,sudden_jump
Kamand,velocity_UNCONFIRMED,Kamand_velocity_UNCONFIRMED,2026-01-07 12:03:44,4.562,vel_K.csv,sudden_jump
Kamand,velocity_UNCONFIRMED,Kamand_velocity_UNCONFIRMED,2026-01-07 12:03:49,4.248,vel_K.csv,sudden_jump
Kamand,velocity_UNCONFIRMED,Kamand_velocity_UNCONFIRMED,2026-01-07 12:03:54,4.562,vel_K.csv,sudden_jump
Kamand,velocity_UNCONFIRMED,Kamand_velocity_UNCONFIRMED,2026-01-07 12:03:59,4.46,vel_K.csv,sudden_jump
Kamand,velocity_UNCONFIRMED,Kamand_velocity_UNCONFIRMED,2026-01-07 12:04:29,4.573,vel_K.csv,sudden_jump
Kamand,velocity_UNCONFIRMED,Kamand_velocity_UNCONFIRMED,2026-01-07 12:04:39,4.674,vel_K.csv,sudden_jump
Kamand,velocity_UNCONFIRMED,Kamand_velocity_UNCONFIRMED,2026-01-07 12:04:51,4.806,vel_K.csv,sudden_jump
Kamand,velocity_UNCONFIRMED,Kamand_velocity_UNCONFIRMED,2026-01-07 12:04:54,4.674,vel_K.csv,sudden_jump
Kamand,velocity_UNCONFIRMED,Kamand_velocity_UNCONFIRMED,2026-01-07 12:05:29,4.824,vel_K.csv,sudden_jump
Kamand,velocity_UNCONFIRMED,Kamand_velocity_UNCONFIRMED,2026-01-07 12:05:34,4.674,vel_K.csv,sudden_jump
Kamand,velocity_UNCONFIRMED,Kamand_velocity_UNCONFIRMED,2026-01-07 12:05:49,4.597,vel_K.csv,sudden_jump
Kamand,velocity_UNCONFIRMED,Kamand_velocity_UNCONFIRMED,2026-01-07 12:05:54,4.674,vel_K.csv,sudden_jump
Kamand,velocity_UNCONFIRMED,Kamand_velocity_UNCONFIRMED,2026-01-07 12:05:59,4.805,vel_K.csv,sudden_jump
Kamand,velocity_UNCONFIRMED,Kamand_velocity_UNCONFIRMED,2026-01-07 12:06:04,4.962,vel_K.csv,sudden_jump
Kamand,velocity_UNCONFIRMED,Kamand_velocity_UNCONFIRMED,2026-01-07 12:06:09,5.098,vel_K.csv,sudden_jump
Kamand,velocity_UNCONFIRMED,Kamand_velocity_UNCONFIRMED,2026-01-07 12:06:19,5.722,vel_K.csv,sudden_jump
Kamand,velocity_UNCONFIRMED,Kamand_velocity_UNCONFIRMED,2026-01-07 12:06:24,5.555,vel_K.csv,sudden_jump
Kamand,velocity_UNCONFIRMED,Kamand_velocity_UNCONFIRMED,2026-01-07 12:06:29,5.944,vel_K.csv,sudden_jump
Kamand,velocity_UNCONFIRMED,Kamand_velocity_UNCONFIRMED,2026-01-07 12:07:14,5.684,vel_K.csv,sudden_jump
Kamand,velocity_UNCONFIRMED,Kamand_velocity_UNCONFIRMED,2026-01-07 12:07:19,5.477,vel_K.csv,sudden_jump
Kamand,velocity_UNCONFIRMED,Kamand_velocity_UNCONFIRMED,2026-01-07 12:07:39,5.636,vel_K.csv,sudden_jump
Kamand,velocity_UNCONFIRMED,Kamand_velocity_UNCONFIRMED,2026-01-07 12:08:19,6.142,vel_K.csv,sudden_jump
Kamand,velocity_UNCONFIRMED,Kamand_velocity_UNCONFIRMED,2026-01-07 12:08:24,6.051,vel_K.csv,sudden_jump
Kamand,velocity_UNCONFIRMED,Kamand_velocity_UNCONFIRMED,2026-01-07 12:08:29,5.456,vel_K.csv,sudden_jump
Kamand,velocity_UNCONFIRMED,Kamand_velocity_UNCONFIRMED,2026-01-07 12:08:59,4.928,vel_K.csv,sudden_jump
Kamand,velocity_UNCONFIRMED,Kamand_velocity_UNCONFIRMED,2026-01-07 12:09:04,4.214,vel_K.csv,sudden_jump
Kamand,velocity_UNCONFIRMED,Kamand_velocity_UNCONFIRMED,2026-01-07 12:09:09,5.068,vel_K.csv,sudden_jump
Kamand,velocity_UNCONFIRMED,Kamand_velocity_UNCONFIRMED,2026-01-07 12:09:14,5.878,vel_K.csv,sudden_jump
Kamand,velocity_UNCONFIRMED,Kamand_velocity_UNCONFIRMED,2026-01-07 12:09:24,6.444,vel_K.csv,sudden_jump
Kamand,velocity_UNCONFIRMED,Kamand_velocity_UNCONFIRMED,2026-01-07 12:09:39,5.86,vel_K.csv,sudden_jump
Kamand,velocity_UNCONFIRMED,Kamand_velocity_UNCONFIRMED,2026-01-07 12:09:44,4.765,vel_K.csv,sudden_jump
Kamand,velocity_UNCONFIRMED,Kamand_velocity_UNCONFIRMED,2026-01-07 12:09:49,5.67,vel_K.csv,sudden_jump
Kamand,velocity_UNCONFIRMED,Kamand_velocity_UNCONFIRMED,2026-01-07 12:09:54,6.568,vel_K.csv,sudden_jump
Kamand,velocity_UNCONFIRMED,Kamand_velocity_UNCONFIRMED,2026-01-07 12:10:04,6.616,vel_K.csv,sudden_jump
Kamand,velocity_UNCONFIRMED,Kamand_velocity_UNCONFIRMED,2026-01-07 12:10:14,6.396,vel_K.csv,sudden_jump
Kamand,velocity_UNCONFIRMED,Kamand_velocity_UNCONFIRMED,2026-01-07 12:10:19,6.311,vel_K.csv,sudden_jump
Kamand,velocity_UNCONFIRMED,Kamand_velocity_UNCONFIRMED,2026-01-07 12:10:29,6.396,vel_K.csv,sudden_jump
Kamand,velocity_UNCONFIRMED,Kamand_velocity_UNCONFIRMED,2026-01-07 12:10:34,6.311,vel_K.csv,sudden_jump
Kamand,velocity_UNCONFIRMED,Kamand_velocity_UNCONFIRMED,2026-01-07 12:10:51,6.199,vel_K.csv,sudden_jump
Kamand,velocity_UNCONFIRMED,Kamand_velocity_UNCONFIRMED,2026-01-07 12:10:54,5.97,vel_K.csv,sudden_jump
Kamand,velocity_UNCONFIRMED,Kamand_velocity_UNCONFIRMED,2026-01-07 12:10:59,5.774,vel_K.csv,sudden_jump
Kamand,velocity_UNCONFIRMED,Kamand_velocity_UNCONFIRMED,2026-01-07 12:11:14,6.003,vel_K.csv,sudden_jump
Kamand,velocity_UNCONFIRMED,Kamand_velocity_UNCONFIRMED,2026-01-07 12:11:19,5.482,vel_K.csv,sudden_jump
Kamand,velocity_UNCONFIRMED,Kamand_velocity_UNCONFIRMED,2026-01-07 12:11:24,5.216,vel_K.csv,sudden_jump
Kamand,velocity_UNCONFIRMED,Kamand_velocity_UNCONFIRMED,2026-01-07 12:11:29,5.055,vel_K.csv,sudden_jump
Kamand,velocity_UNCONFIRMED,Kamand_velocity_UNCONFIRMED,2026-01-07 12:11:34,5.216,vel_K.csv,sudden_jump
Kamand,velocity_UNCONFIRMED,Kamand_velocity_UNCONFIRMED,2026-01-07 12:11:39,5.482,vel_K.csv,sudden_jump
Kamand,velocity_UNCONFIRMED,Kamand_velocity_UNCONFIRMED,2026-01-07 12:11:49,5.656,vel_K.csv,sudden_jump
Kamand,velocity_UNCONFIRMED,Kamand_velocity_UNCONFIRMED,2026-01-07 12:11:54,6.508,vel_K.csv,sudden_jump
Kamand,velocity_UNCONFIRMED,Kamand_velocity_UNCONFIRMED,2026-01-07 12:12:04,5.656,vel_K.csv,sudden_jump
Kamand,velocity_UNCONFIRMED,Kamand_velocity_UNCONFIRMED,2026-01-07 12:12:09,5.55,vel_K.csv,sudden_jump
Kamand,velocity_UNCONFIRMED,Kamand_velocity_UNCONFIRMED,2026-01-07 12:12:19,5.954,vel_K.csv,sudden_jump
Kamand,velocity_UNCONFIRMED,Kamand_velocity_UNCONFIRMED,2026-01-07 12:12:39,5.789,vel_K.csv,sudden_jump
Kamand,velocity_UNCONFIRMED,Kamand_velocity_UNCONFIRMED,2026-01-07 12:12:54,5.621,vel_K.csv,sudden_jump
Kamand,velocity_UNCONFIRMED,Kamand_velocity_UNCONFIRMED,2026-01-07 12:12:59,5.789,vel_K.csv,sudden_jump
Kamand,velocity_UNCONFIRMED,Kamand_velocity_UNCONFIRMED,2026-01-07 12:13:09,5.621,vel_K.csv,sudden_jump
Kamand,velocity_UNCONFIRMED,Kamand_velocity_UNCONFIRMED,2026-01-07 12:13:14,5.502,vel_K.csv,sudden_jump
Kamand,velocity_UNCONFIRMED,Kamand_velocity_UNCONFIRMED,2026-01-07 12:13:19,5.41,vel_K.csv,sudden_jump
Kamand,velocity_UNCONFIRMED,Kamand_velocity_UNCONFIRMED,2026-01-07 12:13:24,5.502,vel_K.csv,sudden_jump
Kamand,velocity_UNCONFIRMED,Kamand_velocity_UNCONFIRMED,2026-01-07 12:13:49,5.428,vel_K.csv,sudden_jump
Kamand,velocity_UNCONFIRMED,Kamand_velocity_UNCONFIRMED,2026-01-07 12:13:54,5.366,vel_K.csv,sudden_jump
Kamand,velocity_UNCONFIRMED,Kamand_velocity_UNCONFIRMED,2026-01-07 12:14:04,5.428,vel_K.csv,sudden_jump
Kamand,velocity_UNCONFIRMED,Kamand_velocity_UNCONFIRMED,2026-01-07 12:14:09,5.61,vel_K.csv,sudden_jump
Kamand,velocity_UNCONFIRMED,Kamand_velocity_UNCONFIRMED,2026-01-07 12:14:14,6.154,vel_K.csv,sudden_jump
Kamand,velocity_UNCONFIRMED,Kamand_velocity_UNCONFIRMED,2026-01-07 12:14:24,5.862,vel_K.csv,sudden_jump
Kamand,velocity_UNCONFIRMED,Kamand_velocity_UNCONFIRMED,2026-01-07 12:14:29,6.484,vel_K.csv,sudden_jump
Kamand,velocity_UNCONFIRMED,Kamand_velocity_UNCONFIRMED,2026-01-07 12:14:34,7.101,vel_K.csv,sudden_jump
Kamand,velocity_UNCONFIRMED,Kamand_velocity_UNCONFIRMED,2026-01-07 12:14:51,7.203,vel_K.csv,sudden_jump
Kamand,velocity_UNCONFIRMED,Kamand_velocity_UNCONFIRMED,2026-01-07 12:14:59,7.093,vel_K.csv,sudden_jump
Kamand,velocity_UNCONFIRMED,Kamand_velocity_UNCONFIRMED,2026-01-07 12:15:09,6.484,vel_K.csv,sudden_jump
Kamand,velocity_UNCONFIRMED,Kamand_velocity_UNCONFIRMED,2026-01-07 12:15:14,6.222,vel_K.csv,sudden_jump
Kamand,velocity_UNCONFIRMED,Kamand_velocity_UNCONFIRMED,2026-01-07 12:15:19,6.831,vel_K.csv,sudden_jump
Kamand,velocity_UNCONFIRMED,Kamand_velocity_UNCONFIRMED,2026-01-07 12:15:24,7.203,vel_K.csv,sudden_jump
Kamand,velocity_UNCONFIRMED,Kamand_velocity_UNCONFIRMED,2026-01-07 12:15:29,6.831,vel_K.csv,sudden_jump
Kamand,velocity_UNCONFIRMED,Kamand_velocity_UNCONFIRMED,2026-01-07 12:15:34,6.767,vel_K.csv,sudden_jump
Kamand,velocity_UNCONFIRMED,Kamand_velocity_UNCONFIRMED,2026-01-07 12:15:39,6.321,vel_K.csv,sudden_jump
Kamand,velocity_UNCONFIRMED,Kamand_velocity_UNCONFIRMED,2026-01-07 12:15:49,6.156,vel_K.csv,sudden_jump
Kamand,velocity_UNCONFIRMED,Kamand_velocity_UNCONFIRMED,2026-01-07 12:16:19,6.023,vel_K.csv,sudden_jump
Kamand,velocity_UNCONFIRMED,Kamand_velocity_UNCONFIRMED,2026-01-07 12:16:29,5.893,vel_K.csv,sudden_jump
Kamand,velocity_UNCONFIRMED,Kamand_velocity_UNCONFIRMED,2026-01-07 12:16:44,6.223,vel_K.csv,sudden_jump
Kamand,velocity_UNCONFIRMED,Kamand_velocity_UNCONFIRMED,2026-01-07 12:16:59,6.356,vel_K.csv,sudden_jump
Kamand,velocity_UNCONFIRMED,Kamand_velocity_UNCONFIRMED,2026-01-07 12:17:04,6.2,vel_K.csv,sudden_jump
Kamand,velocity_UNCONFIRMED,Kamand_velocity_UNCONFIRMED,2026-01-07 12:17:09,6.38,vel_K.csv,sudden_jump
Kamand,velocity_UNCONFIRMED,Kamand_velocity_UNCONFIRMED,2026-01-07 12:17:14,6.2,vel_K.csv,sudden_jump
Kamand,velocity_UNCONFIRMED,Kamand_velocity_UNCONFIRMED,2026-01-07 12:17:19,6.38,vel_K.csv,sudden_jump
Kamand,velocity_UNCONFIRMED,Kamand_velocity_UNCONFIRMED,2026-01-07 12:17:34,6.2,vel_K.csv,sudden_jump
Kamand,velocity_UNCONFIRMED,Kamand_velocity_UNCONFIRMED,2026-01-07 12:17:44,6.053,vel_K.csv,sudden_jump
Kamand,velocity_UNCONFIRMED,Kamand_velocity_UNCONFIRMED,2026-01-07 12:17:54,6.2,vel_K.csv,sudden_jump
Kamand,velocity_UNCONFIRMED,Kamand_velocity_UNCONFIRMED,2026-01-07 12:17:59,6.297,vel_K.csv,sudden_jump
Kamand,velocity_UNCONFIRMED,Kamand_velocity_UNCONFIRMED,2026-01-07 12:18:04,6.543,vel_K.csv,sudden_jump
Kamand,velocity_UNCONFIRMED,Kamand_velocity_UNCONFIRMED,2026-01-07 12:18:19,6.341,vel_K.csv,sudden_jump
Kamand,velocity_UNCONFIRMED,Kamand_velocity_UNCONFIRMED,2026-01-07 12:18:24,6.222,vel_K.csv,sudden_jump
Kamand,velocity_UNCONFIRMED,Kamand_velocity_UNCONFIRMED,2026-01-07 12:18:29,6.341,vel_K.csv,sudden_jump
Kamand,velocity_UNCONFIRMED,Kamand_velocity_UNCONFIRMED,2026-01-07 12:18:44,6.535,vel_K.csv,sudden_jump
Kamand,velocity_UNCONFIRMED,Kamand_velocity_UNCONFIRMED,2026-01-07 12:18:52,6.816,vel_K.csv,sudden_jump
Kamand,velocity_UNCONFIRMED,Kamand_velocity_UNCONFIRMED,2026-01-07 12:18:54,6.535,vel_K.csv,sudden_jump
Kamand,velocity_UNCONFIRMED,Kamand_velocity_UNCONFIRMED,2026-01-07 12:18:59,6.634,vel_K.csv,sudden_jump
Kamand,velocity_UNCONFIRMED,Kamand_velocity_UNCONFIRMED,2026-01-07 12:19:09,6.745,vel_K.csv,sudden_jump
Kamand,velocity_UNCONFIRMED,Kamand_velocity_UNCONFIRMED,2026-01-07 12:19:24,7.165,vel_K.csv,sudden_jump
Kamand,velocity_UNCONFIRMED,Kamand_velocity_UNCONFIRMED,2026-01-07 12:19:29,6.909,vel_K.csv,sudden_jump
Kamand,velocity_UNCONFIRMED,Kamand_velocity_UNCONFIRMED,2026-01-07 12:19:34,7.165,vel_K.csv,sudden_jump
Kamand,velocity_UNCONFIRMED,Kamand_velocity_UNCONFIRMED,2026-01-07 12:19:44,6.909,vel_K.csv,sudden_jump
Kamand,velocity_UNCONFIRMED,Kamand_velocity_UNCONFIRMED,2026-01-07 12:19:49,6.086,vel_K.csv,sudden_jump
Kamand,velocity_UNCONFIRMED,Kamand_velocity_UNCONFIRMED,2026-01-07 12:19:59,5.772,vel_K.csv,sudden_jump
Kamand,velocity_UNCONFIRMED,Kamand_velocity_UNCONFIRMED,2026-01-07 12:20:19,6.147,vel_K.csv,sudden_jump
Kamand,velocity_UNCONFIRMED,Kamand_velocity_UNCONFIRMED,2026-01-07 12:20:34,5.683,vel_K.csv,sudden_jump
Kamand,velocity_UNCONFIRMED,Kamand_velocity_UNCONFIRMED,2026-01-07 12:20:44,6.147,vel_K.csv,sudden_jump
Kamand,velocity_UNCONFIRMED,Kamand_velocity_UNCONFIRMED,2026-01-07 12:21:14,6.276,vel_K.csv,sudden_jump
Kamand,velocity_UNCONFIRMED,Kamand_velocity_UNCONFIRMED,2026-01-07 12:21:19,6.388,vel_K.csv,sudden_jump
Kamand,velocity_UNCONFIRMED,Kamand_velocity_UNCONFIRMED,2026-01-07 12:21:24,6.294,vel_K.csv,sudden_jump
Kamand,velocity_UNCONFIRMED,Kamand_velocity_UNCONFIRMED,2026-01-07 12:21:29,6.017,vel_K.csv,sudden_jump
Kamand,velocity_UNCONFIRMED,Kamand_velocity_UNCONFIRMED,2026-01-07 12:21:34,6.294,vel_K.csv,sudden_jump
Kamand,velocity_UNCONFIRMED,Kamand_velocity_UNCONFIRMED,2026-01-07 12:21:39,6.499,vel_K.csv,sudden_jump
Kamand,velocity_UNCONFIRMED,Kamand_velocity_UNCONFIRMED,2026-01-07 12:21:44,6.294,vel_K.csv,sudden_jump
Kamand,velocity_UNCONFIRMED,Kamand_velocity_UNCONFIRMED,2026-01-07 12:21:49,6.499,vel_K.csv,sudden_jump
Kamand,velocity_UNCONFIRMED,Kamand_velocity_UNCONFIRMED,2026-01-07 12:21:54,6.641,vel_K.csv,sudden_jump
Kamand,velocity_UNCONFIRMED,Kamand_velocity_UNCONFIRMED,2026-01-07 12:22:04,6.695,vel_K.csv,sudden_jump
Kamand,velocity_UNCONFIRMED,Kamand_velocity_UNCONFIRMED,2026-01-07 12:22:09,6.499,vel_K.csv,sudden_jump
Kamand,velocity_UNCONFIRMED,Kamand_velocity_UNCONFIRMED,2026-01-07 12:22:14,6.369,vel_K.csv,sudden_jump
Kamand,velocity_UNCONFIRMED,Kamand_velocity_UNCONFIRMED,2026-01-07 12:22:19,6.092,vel_K.csv,sudden_jump
Kamand,velocity_UNCONFIRMED,Kamand_velocity_UNCONFIRMED,2026-01-07 12:22:24,6.445,vel_K.csv,sudden_jump
Kamand,velocity_UNCONFIRMED,Kamand_velocity_UNCONFIRMED,2026-01-07 12:22:29,6.613,vel_K.csv,sudden_jump
Kamand,velocity_UNCONFIRMED,Kamand_velocity_UNCONFIRMED,2026-01-07 12:22:54,6.44,vel_K.csv,sudden_jump
Kamand,velocity_UNCONFIRMED,Kamand_velocity_UNCONFIRMED,2026-01-07 12:22:59,6.085,vel_K.csv,sudden_jump
Kamand,velocity_UNCONFIRMED,Kamand_velocity_UNCONFIRMED,2026-01-07 12:23:09,6.613,vel_K.csv,sudden_jump
Kamand,velocity_UNCONFIRMED,Kamand_velocity_UNCONFIRMED,2026-01-07 12:23:39,6.562,vel_K.csv,sudden_jump
Kamand,velocity_UNCONFIRMED,Kamand_velocity_UNCONFIRMED,2026-01-07 12:23:44,6.162,vel_K.csv,sudden_jump
Kamand,velocity_UNCONFIRMED,Kamand_velocity_UNCONFIRMED,2026-01-07 12:23:59,6.562,vel_K.csv,sudden_jump
Kamand,velocity_UNCONFIRMED,Kamand_velocity_UNCONFIRMED,2026-01-07 12:24:04,6.162,vel_K.csv,sudden_jump
Kamand,velocity_UNCONFIRMED,Kamand_velocity_UNCONFIRMED,2026-01-07 12:24:09,5.446,vel_K.csv,sudden_jump
Kamand,velocity_UNCONFIRMED,Kamand_velocity_UNCONFIRMED,2026-01-07 12:24:14,5.238,vel_K.csv,sudden_jump
Kamand,velocity_UNCONFIRMED,Kamand_velocity_UNCONFIRMED,2026-01-07 12:24:34,5.604,vel_K.csv,sudden_jump
Kamand,velocity_UNCONFIRMED,Kamand_velocity_UNCONFIRMED,2026-01-07 12:24:39,5.772,vel_K.csv,sudden_jump
Kamand,velocity_UNCONFIRMED,Kamand_velocity_UNCONFIRMED,2026-01-07 12:24:44,5.963,vel_K.csv,sudden_jump
Kamand,velocity_UNCONFIRMED,Kamand_velocity_UNCONFIRMED,2026-01-07 12:24:52,6.406,vel_K.csv,sudden_jump
Kamand,velocity_UNCONFIRMED,Kamand_velocity_UNCONFIRMED,2026-01-07 12:25:04,6.511,vel_K.csv,sudden_jump
Kamand,velocity_UNCONFIRMED,Kamand_velocity_UNCONFIRMED,2026-01-07 12:25:09,6.776,vel_K.csv,sudden_jump
Kamand,velocity_UNCONFIRMED,Kamand_velocity_UNCONFIRMED,2026-01-07 12:25:29,6.73,vel_K.csv,sudden_jump
Kamand,velocity_UNCONFIRMED,Kamand_velocity_UNCONFIRMED,2026-01-07 12:25:34,6.576,vel_K.csv,sudden_jump
Kamand,velocity_UNCONFIRMED,Kamand_velocity_UNCONFIRMED,2026-01-07 12:25:39,6.067,vel_K.csv,sudden_jump
Kamand,velocity_UNCONFIRMED,Kamand_velocity_UNCONFIRMED,2026-01-07 12:25:44,5.864,vel_K.csv,sudden_jump
Kamand,velocity_UNCONFIRMED,Kamand_velocity_UNCONFIRMED,2026-01-07 12:25:54,6.576,vel_K.csv,sudden_jump
Kamand,velocity_UNCONFIRMED,Kamand_velocity_UNCONFIRMED,2026-01-07 12:25:59,6.221,vel_K.csv,sudden_jump
Kamand,velocity_UNCONFIRMED,Kamand_velocity_UNCONFIRMED,2026-01-07 12:26:19,6.588,vel_K.csv,sudden_jump
Kamand,velocity_UNCONFIRMED,Kamand_velocity_UNCONFIRMED,2026-01-07 12:26:24,6.234,vel_K.csv,sudden_jump
Kamand,velocity_UNCONFIRMED,Kamand_velocity_UNCONFIRMED,2026-01-07 12:26:29,5.821,vel_K.csv,sudden_jump
Kamand,velocity_UNCONFIRMED,Kamand_velocity_UNCONFIRMED,2026-01-07 12:26:39,6.234,vel_K.csv,sudden_jump
Kamand,velocity_UNCONFIRMED,Kamand_velocity_UNCONFIRMED,2026-01-07 12:26:44,6.629,vel_K.csv,sudden_jump
Kamand,velocity_UNCONFIRMED,Kamand_velocity_UNCONFIRMED,2026-01-07 12:26:51,6.234,vel_K.csv,sudden_jump
Kamand,velocity_UNCONFIRMED,Kamand_velocity_UNCONFIRMED,2026-01-07 12:26:54,5.821,vel_K.csv,sudden_jump
Kamand,velocity_UNCONFIRMED,Kamand_velocity_UNCONFIRMED,2026-01-07 12:26:59,5.969,vel_K.csv,sudden_jump
Kamand,velocity_UNCONFIRMED,Kamand_velocity_UNCONFIRMED,2026-01-07 12:27:04,6.217,vel_K.csv,sudden_jump
Kamand,velocity_UNCONFIRMED,Kamand_velocity_UNCONFIRMED,2026-01-07 12:27:09,5.208,vel_K.csv,sudden_jump
Kamand,velocity_UNCONFIRMED,Kamand_velocity_UNCONFIRMED,2026-01-07 12:27:14,5.266,vel_K.csv,sudden_jump
Kamand,velocity_UNCONFIRMED,Kamand_velocity_UNCONFIRMED,2026-01-07 12:27:19,4.917,vel_K.csv,sudden_jump
Kamand,velocity_UNCONFIRMED,Kamand_velocity_UNCONFIRMED,2026-01-07 12:27:24,5.266,vel_K.csv,sudden_jump
Kamand,velocity_UNCONFIRMED,Kamand_velocity_UNCONFIRMED,2026-01-07 12:27:29,5.884,vel_K.csv,sudden_jump
Kamand,velocity_UNCONFIRMED,Kamand_velocity_UNCONFIRMED,2026-01-07 12:27:34,6.304,vel_K.csv,sudden_jump
Kamand,velocity_UNCONFIRMED,Kamand_velocity_UNCONFIRMED,2026-01-07 12:27:39,5.396,vel_K.csv,sudden_jump
Kamand,velocity_UNCONFIRMED,Kamand_velocity_UNCONFIRMED,2026-01-07 12:27:44,4.512,vel_K.csv,sudden_jump
Kamand,velocity_UNCONFIRMED,Kamand_velocity_UNCONFIRMED,2026-01-07 12:27:49,4.995,vel_K.csv,sudden_jump
Kamand,velocity_UNCONFIRMED,Kamand_velocity_UNCONFIRMED,2026-01-07 12:27:54,5.415,vel_K.csv,sudden_jump
Kamand,velocity_UNCONFIRMED,Kamand_velocity_UNCONFIRMED,2026-01-07 12:27:59,4.995,vel_K.csv,sudden_jump
Kamand,velocity_UNCONFIRMED,Kamand_velocity_UNCONFIRMED,2026-01-07 12:28:04,4.907,vel_K.csv,sudden_jump
Kamand,velocity_UNCONFIRMED,Kamand_velocity_UNCONFIRMED,2026-01-07 12:28:09,4.995,vel_K.csv,sudden_jump
Kamand,velocity_UNCONFIRMED,Kamand_velocity_UNCONFIRMED,2026-01-07 12:28:14,4.927,vel_K.csv,sudden_jump
Kamand,velocity_UNCONFIRMED,Kamand_velocity_UNCONFIRMED,2026-01-07 12:28:19,5.415,vel_K.csv,sudden_jump
Kamand,velocity_UNCONFIRMED,Kamand_velocity_UNCONFIRMED,2026-01-07 12:28:29,5.139,vel_K.csv,sudden_jump
Kamand,velocity_UNCONFIRMED,Kamand_velocity_UNCONFIRMED,2026-01-07 12:28:34,5.031,vel_K.csv,sudden_jump
Kamand,velocity_UNCONFIRMED,Kamand_velocity_UNCONFIRMED,2026-01-07 12:28:39,5.156,vel_K.csv,sudden_jump
Kamand,velocity_UNCONFIRMED,Kamand_velocity_UNCONFIRMED,2026-01-07 12:28:44,5.507,vel_K.csv,sudden_jump
Kamand,velocity_UNCONFIRMED,Kamand_velocity_UNCONFIRMED,2026-01-07 12:28:54,5.156,vel_K.csv,sudden_jump
Kamand,velocity_UNCONFIRMED,Kamand_velocity_UNCONFIRMED,2026-01-07 12:28:59,5.507,vel_K.csv,sudden_jump
Kamand,velocity_UNCONFIRMED,Kamand_velocity_UNCONFIRMED,2026-01-07 12:29:14,5.804,vel_K.csv,sudden_jump
Kamand,velocity_UNCONFIRMED,Kamand_velocity_UNCONFIRMED,2026-01-07 12:29:29,6.029,vel_K.csv,sudden_jump
Kamand,velocity_UNCONFIRMED,Kamand_velocity_UNCONFIRMED,2026-01-07 12:29:34,6.383,vel_K.csv,sudden_jump
Kamand,velocity_UNCONFIRMED,Kamand_velocity_UNCONFIRMED,2026-01-07 12:29:39,6.029,vel_K.csv,sudden_jump
Kamand,velocity_UNCONFIRMED,Kamand_velocity_UNCONFIRMED,2026-01-07 12:29:49,6.383,vel_K.csv,sudden_jump
Kamand,velocity_UNCONFIRMED,Kamand_velocity_UNCONFIRMED,2026-01-07 12:30:09,6.21,vel_K.csv,sudden_jump
Kamand,velocity_UNCONFIRMED,Kamand_velocity_UNCONFIRMED,2026-01-07 12:30:19,5.892,vel_K.csv,sudden_jump
Kamand,velocity_UNCONFIRMED,Kamand_velocity_UNCONFIRMED,2026-01-07 12:30:44,6.205,vel_K.csv,sudden_jump
Kamand,velocity_UNCONFIRMED,Kamand_velocity_UNCONFIRMED,2026-01-07 12:31:09,6.283,vel_K.csv,sudden_jump
Kamand,velocity_UNCONFIRMED,Kamand_velocity_UNCONFIRMED,2026-01-07 12:31:24,6.231,vel_K.csv,sudden_jump
Kamand,velocity_UNCONFIRMED,Kamand_velocity_UNCONFIRMED,2026-01-07 12:31:29,5.871,vel_K.csv,sudden_jump
Kamand,velocity_UNCONFIRMED,Kamand_velocity_UNCONFIRMED,2026-01-07 12:31:34,5.513,vel_K.csv,sudden_jump
Kamand,velocity_UNCONFIRMED,Kamand_velocity_UNCONFIRMED,2026-01-07 12:31:39,5.871,vel_K.csv,sudden_jump
Kamand,velocity_UNCONFIRMED,Kamand_velocity_UNCONFIRMED,2026-01-07 12:31:44,5.513,vel_K.csv,sudden_jump
Kamand,velocity_UNCONFIRMED,Kamand_velocity_UNCONFIRMED,2026-01-07 12:31:54,5.871,vel_K.csv,sudden_jump
Kamand,velocity_UNCONFIRMED,Kamand_velocity_UNCONFIRMED,2026-01-07 12:31:59,5.528,vel_K.csv,sudden_jump
Kamand,velocity_UNCONFIRMED,Kamand_velocity_UNCONFIRMED,2026-01-07 12:32:19,5.926,vel_K.csv,sudden_jump
Kamand,velocity_UNCONFIRMED,Kamand_velocity_UNCONFIRMED,2026-01-07 12:32:34,6.387,vel_K.csv,sudden_jump
Kamand,velocity_UNCONFIRMED,Kamand_velocity_UNCONFIRMED,2026-01-07 12:32:39,6.088,vel_K.csv,sudden_jump
Kamand,velocity_UNCONFIRMED,Kamand_velocity_UNCONFIRMED,2026-01-07 12:32:44,6.532,vel_K.csv,sudden_jump
Kamand,velocity_UNCONFIRMED,Kamand_velocity_UNCONFIRMED,2026-01-07 12:32:54,6.088,vel_K.csv,sudden_jump
Kamand,velocity_UNCONFIRMED,Kamand_velocity_UNCONFIRMED,2026-01-07 12:32:59,6.532,vel_K.csv,sudden_jump
Kamand,velocity_UNCONFIRMED,Kamand_velocity_UNCONFIRMED,2026-01-07 12:33:04,6.427,vel_K.csv,sudden_jump
Kamand,velocity_UNCONFIRMED,Kamand_velocity_UNCONFIRMED,2026-01-07 12:33:09,5.982,vel_K.csv,sudden_jump
Kamand,velocity_UNCONFIRMED,Kamand_velocity_UNCONFIRMED,2026-01-07 12:33:14,6.427,vel_K.csv,sudden_jump
Kamand,velocity_UNCONFIRMED,Kamand_velocity_UNCONFIRMED,2026-01-07 12:33:19,5.982,vel_K.csv,sudden_jump
Kamand,velocity_UNCONFIRMED,Kamand_velocity_UNCONFIRMED,2026-01-07 12:33:24,6.31,vel_K.csv,sudden_jump
Kamand,velocity_UNCONFIRMED,Kamand_velocity_UNCONFIRMED,2026-01-07 12:33:34,5.982,vel_K.csv,sudden_jump
Kamand,velocity_UNCONFIRMED,Kamand_velocity_UNCONFIRMED,2026-01-07 12:33:39,6.198,vel_K.csv,sudden_jump
Kamand,velocity_UNCONFIRMED,Kamand_velocity_UNCONFIRMED,2026-01-07 12:33:44,5.59,vel_K.csv,sudden_jump
Kamand,velocity_UNCONFIRMED,Kamand_velocity_UNCONFIRMED,2026-01-07 12:33:54,6.059,vel_K.csv,sudden_jump
Kamand,velocity_UNCONFIRMED,Kamand_velocity_UNCONFIRMED,2026-01-07 12:33:59,5.958,vel_K.csv,sudden_jump
Kamand,velocity_UNCONFIRMED,Kamand_velocity_UNCONFIRMED,2026-01-07 12:34:04,5.489,vel_K.csv,sudden_jump
Kamand,velocity_UNCONFIRMED,Kamand_velocity_UNCONFIRMED,2026-01-07 12:34:19,5.958,vel_K.csv,sudden_jump
Kamand,velocity_UNCONFIRMED,Kamand_velocity_UNCONFIRMED,2026-01-07 12:34:24,5.489,vel_K.csv,sudden_jump
Kamand,velocity_UNCONFIRMED,Kamand_velocity_UNCONFIRMED,2026-01-07 12:34:29,5.958,vel_K.csv,sudden_jump
Kamand,velocity_UNCONFIRMED,Kamand_velocity_UNCONFIRMED,2026-01-07 12:34:34,6.152,vel_K.csv,sudden_jump
Kamand,velocity_UNCONFIRMED,Kamand_velocity_UNCONFIRMED,2026-01-07 12:34:52,5.958,vel_K.csv,sudden_jump
Kamand,velocity_UNCONFIRMED,Kamand_velocity_UNCONFIRMED,2026-01-07 12:34:54,5.887,vel_K.csv,sudden_jump
Kamand,velocity_UNCONFIRMED,Kamand_velocity_UNCONFIRMED,2026-01-07 12:34:59,6.12,vel_K.csv,sudden_jump
Kamand,velocity_UNCONFIRMED,Kamand_velocity_UNCONFIRMED,2026-01-07 12:35:19,5.857,vel_K.csv,sudden_jump
Kamand,velocity_UNCONFIRMED,Kamand_velocity_UNCONFIRMED,2026-01-07 12:35:24,6.12,vel_K.csv,sudden_jump
Kamand,velocity_UNCONFIRMED,Kamand_velocity_UNCONFIRMED,2026-01-07 12:35:34,5.857,vel_K.csv,sudden_jump
Kamand,velocity_UNCONFIRMED,Kamand_velocity_UNCONFIRMED,2026-01-07 12:35:44,5.808,vel_K.csv,sudden_jump
Kamand,velocity_UNCONFIRMED,Kamand_velocity_UNCONFIRMED,2026-01-07 12:35:59,5.46,vel_K.csv,sudden_jump
Kamand,velocity_UNCONFIRMED,Kamand_velocity_UNCONFIRMED,2026-01-07 12:36:04,5.797,vel_K.csv,sudden_jump
Kamand,velocity_UNCONFIRMED,Kamand_velocity_UNCONFIRMED,2026-01-07 12:36:14,5.46,vel_K.csv,sudden_jump
Kamand,velocity_UNCONFIRMED,Kamand_velocity_UNCONFIRMED,2026-01-07 12:36:34,5.149,vel_K.csv,sudden_jump
Kamand,velocity_UNCONFIRMED,Kamand_velocity_UNCONFIRMED,2026-01-07 12:36:49,5.054,vel_K.csv,sudden_jump
Kamand,velocity_UNCONFIRMED,Kamand_velocity_UNCONFIRMED,2026-01-07 12:36:59,4.733,vel_K.csv,sudden_jump
Kamand,velocity_UNCONFIRMED,Kamand_velocity_UNCONFIRMED,2026-01-07 12:37:14,5.465,vel_K.csv,sudden_jump
Kamand,velocity_UNCONFIRMED,Kamand_velocity_UNCONFIRMED,2026-01-07 12:37:19,5.877,vel_K.csv,sudden_jump
Kamand,velocity_UNCONFIRMED,Kamand_velocity_UNCONFIRMED,2026-01-07 12:37:29,6.227,vel_K.csv,sudden_jump
Kamand,velocity_UNCONFIRMED,Kamand_velocity_UNCONFIRMED,2026-01-07 12:37:39,6.095,vel_K.csv,sudden_jump
Kamand,velocity_UNCONFIRMED,Kamand_velocity_UNCONFIRMED,2026-01-07 12:37:49,6.291,vel_K.csv,sudden_jump
Kamand,velocity_UNCONFIRMED,Kamand_velocity_UNCONFIRMED,2026-01-07 12:37:54,6.424,vel_K.csv,sudden_jump
Kamand,velocity_UNCONFIRMED,Kamand_velocity_UNCONFIRMED,2026-01-07 12:38:09,6.497,vel_K.csv,sudden_jump
Kamand,velocity_UNCONFIRMED,Kamand_velocity_UNCONFIRMED,2026-01-07 12:38:14,6.424,vel_K.csv,sudden_jump
Kamand,velocity_UNCONFIRMED,Kamand_velocity_UNCONFIRMED,2026-01-07 12:38:19,6.291,vel_K.csv,sudden_jump
Kamand,velocity_UNCONFIRMED,Kamand_velocity_UNCONFIRMED,2026-01-07 12:38:24,5.862,vel_K.csv,sudden_jump
Kamand,velocity_UNCONFIRMED,Kamand_velocity_UNCONFIRMED,2026-01-07 12:38:29,5.256,vel_K.csv,sudden_jump
Kamand,velocity_UNCONFIRMED,Kamand_velocity_UNCONFIRMED,2026-01-07 12:38:34,5.306,vel_K.csv,sudden_jump
Kamand,velocity_UNCONFIRMED,Kamand_velocity_UNCONFIRMED,2026-01-07 12:38:44,5.694,vel_K.csv,sudden_jump
Kamand,velocity_UNCONFIRMED,Kamand_velocity_UNCONFIRMED,2026-01-07 12:38:49,5.306,vel_K.csv,sudden_jump
Kamand,velocity_UNCONFIRMED,Kamand_velocity_UNCONFIRMED,2026-01-07 12:38:54,4.969,vel_K.csv,sudden_jump
Kamand,velocity_UNCONFIRMED,Kamand_velocity_UNCONFIRMED,2026-01-07 12:38:59,5.29,vel_K.csv,sudden_jump
Kamand,velocity_UNCONFIRMED,Kamand_velocity_UNCONFIRMED,2026-01-07 12:39:14,5.694,vel_K.csv,sudden_jump
Kamand,velocity_UNCONFIRMED,Kamand_velocity_UNCONFIRMED,2026-01-07 12:39:24,5.836,vel_K.csv,sudden_jump
Kamand,velocity_UNCONFIRMED,Kamand_velocity_UNCONFIRMED,2026-01-07 12:39:44,5.775,vel_K.csv,sudden_jump
Kamand,velocity_UNCONFIRMED,Kamand_velocity_UNCONFIRMED,2026-01-07 12:39:54,6.034,vel_K.csv,sudden_jump
Kamand,velocity_UNCONFIRMED,Kamand_velocity_UNCONFIRMED,2026-01-07 12:40:04,5.775,vel_K.csv,sudden_jump
Kamand,velocity_UNCONFIRMED,Kamand_velocity_UNCONFIRMED,2026-01-07 12:40:19,5.884,vel_K.csv,sudden_jump
Kamand,velocity_UNCONFIRMED,Kamand_velocity_UNCONFIRMED,2026-01-07 12:40:39,5.778,vel_K.csv,sudden_jump
Kamand,velocity_UNCONFIRMED,Kamand_velocity_UNCONFIRMED,2026-01-07 12:40:54,5.697,vel_K.csv,sudden_jump
Kamand,velocity_UNCONFIRMED,Kamand_velocity_UNCONFIRMED,2026-01-07 12:41:19,5.518,vel_K.csv,sudden_jump
Kamand,velocity_UNCONFIRMED,Kamand_velocity_UNCONFIRMED,2026-01-07 12:41:34,5.68,vel_K.csv,sudden_jump
Kamand,velocity_UNCONFIRMED,Kamand_velocity_UNCONFIRMED,2026-01-07 12:41:39,5.28,vel_K.csv,sudden_jump
Kamand,velocity_UNCONFIRMED,Kamand_velocity_UNCONFIRMED,2026-01-07 12:41:49,5.854,vel_K.csv,sudden_jump
Kamand,velocity_UNCONFIRMED,Kamand_velocity_UNCONFIRMED,2026-01-07 12:41:59,6.914,vel_K.csv,sudden_jump
Kamand,velocity_UNCONFIRMED,Kamand_velocity_UNCONFIRMED,2026-01-07 12:42:04,5.854,vel_K.csv,sudden_jump
Kamand,velocity_UNCONFIRMED,Kamand_velocity_UNCONFIRMED,2026-01-07 12:42:14,5.77,vel_K.csv,sudden_jump
Kamand,velocity_UNCONFIRMED,Kamand_velocity_UNCONFIRMED,2026-01-07 12:42:19,6.759,vel_K.csv,sudden_jump
Kamand,velocity_UNCONFIRMED,Kamand_velocity_UNCONFIRMED,2026-01-07 12:42:24,6.15,vel_K.csv,sudden_jump
Kamand,velocity_UNCONFIRMED,Kamand_velocity_UNCONFIRMED,2026-01-07 12:42:29,5.245,vel_K.csv,sudden_jump
Kamand,velocity_UNCONFIRMED,Kamand_velocity_UNCONFIRMED,2026-01-07 12:42:39,6.108,vel_K.csv,sudden_jump
Kamand,velocity_UNCONFIRMED,Kamand_velocity_UNCONFIRMED,2026-01-07 12:42:49,5.466,vel_K.csv,sudden_jump
Kamand,velocity_UNCONFIRMED,Kamand_velocity_UNCONFIRMED,2026-01-07 12:42:59,5.119,vel_K.csv,sudden_jump
Kamand,velocity_UNCONFIRMED,Kamand_velocity_UNCONFIRMED,2026-01-07 12:43:04,5.466,vel_K.csv,sudden_jump
Kamand,velocity_UNCONFIRMED,Kamand_velocity_UNCONFIRMED,2026-01-07 12:43:19,5.119,vel_K.csv,sudden_jump
Kamand,velocity_UNCONFIRMED,Kamand_velocity_UNCONFIRMED,2026-01-07 12:43:29,5.797,vel_K.csv,sudden_jump
Kamand,velocity_UNCONFIRMED,Kamand_velocity_UNCONFIRMED,2026-01-07 12:43:34,5.119,vel_K.csv,sudden_jump
Kamand,velocity_UNCONFIRMED,Kamand_velocity_UNCONFIRMED,2026-01-07 12:43:44,4.863,vel_K.csv,sudden_jump
Kamand,velocity_UNCONFIRMED,Kamand_velocity_UNCONFIRMED,2026-01-07 12:43:49,5.54,vel_K.csv,sudden_jump
Kamand,velocity_UNCONFIRMED,Kamand_velocity_UNCONFIRMED,2026-01-07 12:43:54,6.543,vel_K.csv,sudden_jump
Kamand,velocity_UNCONFIRMED,Kamand_velocity_UNCONFIRMED,2026-01-07 12:44:14,6.062,vel_K.csv,sudden_jump
Kamand,velocity_UNCONFIRMED,Kamand_velocity_UNCONFIRMED,2026-01-07 12:44:29,5.77,vel_K.csv,sudden_jump
Kamand,velocity_UNCONFIRMED,Kamand_velocity_UNCONFIRMED,2026-01-07 12:44:34,6.318,vel_K.csv,sudden_jump
Kamand,velocity_UNCONFIRMED,Kamand_velocity_UNCONFIRMED,2026-01-07 12:44:39,5.77,vel_K.csv,sudden_jump
Kamand,velocity_UNCONFIRMED,Kamand_velocity_UNCONFIRMED,2026-01-07 12:44:44,6.453,vel_K.csv,sudden_jump
Kamand,velocity_UNCONFIRMED,Kamand_velocity_UNCONFIRMED,2026-01-07 12:44:49,5.77,vel_K.csv,sudden_jump
Kamand,velocity_UNCONFIRMED,Kamand_velocity_UNCONFIRMED,2026-01-07 12:44:54,5.518,vel_K.csv,sudden_jump
Kamand,velocity_UNCONFIRMED,Kamand_velocity_UNCONFIRMED,2026-01-07 12:45:09,5.419,vel_K.csv,sudden_jump
Kamand,velocity_UNCONFIRMED,Kamand_velocity_UNCONFIRMED,2026-01-07 12:45:19,5.517,vel_K.csv,sudden_jump
Kamand,velocity_UNCONFIRMED,Kamand_velocity_UNCONFIRMED,2026-01-07 12:45:34,5.419,vel_K.csv,sudden_jump
Kamand,velocity_UNCONFIRMED,Kamand_velocity_UNCONFIRMED,2026-01-07 12:45:39,5.517,vel_K.csv,sudden_jump
Kamand,velocity_UNCONFIRMED,Kamand_velocity_UNCONFIRMED,2026-01-07 12:45:44,5.419,vel_K.csv,sudden_jump
Kamand,velocity_UNCONFIRMED,Kamand_velocity_UNCONFIRMED,2026-01-07 12:45:49,5.517,vel_K.csv,sudden_jump
Kamand,velocity_UNCONFIRMED,Kamand_velocity_UNCONFIRMED,2026-01-07 12:45:54,5.575,vel_K.csv,sudden_jump
Kamand,velocity_UNCONFIRMED,Kamand_velocity_UNCONFIRMED,2026-01-07 12:45:59,5.658,vel_K.csv,sudden_jump
Kamand,velocity_UNCONFIRMED,Kamand_velocity_UNCONFIRMED,2026-01-07 12:46:04,5.575,vel_K.csv,sudden_jump
Kamand,velocity_UNCONFIRMED,Kamand_velocity_UNCONFIRMED,2026-01-07 12:46:14,5.73,vel_K.csv,sudden_jump
Kamand,velocity_UNCONFIRMED,Kamand_velocity_UNCONFIRMED,2026-01-07 12:46:24,6.033,vel_K.csv,sudden_jump
Kamand,velocity_UNCONFIRMED,Kamand_velocity_UNCONFIRMED,2026-01-07 12:46:34,6.231,vel_K.csv,sudden_jump
Kamand,velocity_UNCONFIRMED,Kamand_velocity_UNCONFIRMED,2026-01-07 12:46:39,6.033,vel_K.csv,sudden_jump
Kamand,velocity_UNCONFIRMED,Kamand_velocity_UNCONFIRMED,2026-01-07 12:46:44,6.231,vel_K.csv,sudden_jump
Kamand,velocity_UNCONFIRMED,Kamand_velocity_UNCONFIRMED,2026-01-07 12:46:54,5.953,vel_K.csv,sudden_jump
Kamand,velocity_UNCONFIRMED,Kamand_velocity_UNCONFIRMED,2026-01-07 12:47:19,5.713,vel_K.csv,sudden_jump
Kamand,velocity_UNCONFIRMED,Kamand_velocity_UNCONFIRMED,2026-01-07 12:47:29,5.897,vel_K.csv,sudden_jump
Kamand,velocity_UNCONFIRMED,Kamand_velocity_UNCONFIRMED,2026-01-07 12:47:39,6.157,vel_K.csv,sudden_jump
Kamand,velocity_UNCONFIRMED,Kamand_velocity_UNCONFIRMED,2026-01-07 12:47:44,5.897,vel_K.csv,sudden_jump
Kamand,velocity_UNCONFIRMED,Kamand_velocity_UNCONFIRMED,2026-01-07 12:47:49,6.157,vel_K.csv,sudden_jump
Kamand,velocity_UNCONFIRMED,Kamand_velocity_UNCONFIRMED,2026-01-07 12:47:59,5.897,vel_K.csv,sudden_jump
Kamand,velocity_UNCONFIRMED,Kamand_velocity_UNCONFIRMED,2026-01-07 12:48:09,6.157,vel_K.csv,sudden_jump
Kamand,velocity_UNCONFIRMED,Kamand_velocity_UNCONFIRMED,2026-01-07 12:48:24,6.252,vel_K.csv,sudden_jump
Kamand,velocity_UNCONFIRMED,Kamand_velocity_UNCONFIRMED,2026-01-07 12:48:29,5.537,vel_K.csv,sudden_jump
Kamand,velocity_UNCONFIRMED,Kamand_velocity_UNCONFIRMED,2026-01-07 12:48:34,4.695,vel_K.csv,sudden_jump
Kamand,velocity_UNCONFIRMED,Kamand_velocity_UNCONFIRMED,2026-01-07 12:48:44,5.11,vel_K.csv,sudden_jump
Kamand,velocity_UNCONFIRMED,Kamand_velocity_UNCONFIRMED,2026-01-07 12:48:54,5.301,vel_K.csv,sudden_jump
Kamand,velocity_UNCONFIRMED,Kamand_velocity_UNCONFIRMED,2026-01-07 12:49:19,5.522,vel_K.csv,sudden_jump
Kamand,velocity_UNCONFIRMED,Kamand_velocity_UNCONFIRMED,2026-01-07 12:49:34,5.786,vel_K.csv,sudden_jump
Kamand,velocity_UNCONFIRMED,Kamand_velocity_UNCONFIRMED,2026-01-07 12:49:49,5.654,vel_K.csv,sudden_jump
Kamand,velocity_UNCONFIRMED,Kamand_velocity_UNCONFIRMED,2026-01-07 12:49:54,5.809,vel_K.csv,sudden_jump
Kamand,velocity_UNCONFIRMED,Kamand_velocity_UNCONFIRMED,2026-01-07 12:50:09,5.654,vel_K.csv,sudden_jump
Kamand,velocity_UNCONFIRMED,Kamand_velocity_UNCONFIRMED,2026-01-07 12:50:29,5.804,vel_K.csv,sudden_jump
Kamand,velocity_UNCONFIRMED,Kamand_velocity_UNCONFIRMED,2026-01-07 12:50:44,6.142,vel_K.csv,sudden_jump
Kamand,velocity_UNCONFIRMED,Kamand_velocity_UNCONFIRMED,2026-01-07 12:50:54,5.614,vel_K.csv,sudden_jump
Kamand,velocity_UNCONFIRMED,Kamand_velocity_UNCONFIRMED,2026-01-07 12:50:59,6.24,vel_K.csv,sudden_jump
Kamand,velocity_UNCONFIRMED,Kamand_velocity_UNCONFIRMED,2026-01-07 12:51:14,5.678,vel_K.csv,sudden_jump
Kamand,velocity_UNCONFIRMED,Kamand_velocity_UNCONFIRMED,2026-01-07 12:51:19,5.34,vel_K.csv,sudden_jump
Kamand,velocity_UNCONFIRMED,Kamand_velocity_UNCONFIRMED,2026-01-07 12:51:24,5.218,vel_K.csv,sudden_jump
Kamand,velocity_UNCONFIRMED,Kamand_velocity_UNCONFIRMED,2026-01-07 12:51:39,5.34,vel_K.csv,sudden_jump
Kamand,velocity_UNCONFIRMED,Kamand_velocity_UNCONFIRMED,2026-01-07 12:51:49,5.517,vel_K.csv,sudden_jump
Kamand,velocity_UNCONFIRMED,Kamand_velocity_UNCONFIRMED,2026-01-07 12:52:04,5.618,vel_K.csv,sudden_jump
Kamand,velocity_UNCONFIRMED,Kamand_velocity_UNCONFIRMED,2026-01-07 12:52:09,6.003,vel_K.csv,sudden_jump
Kamand,velocity_UNCONFIRMED,Kamand_velocity_UNCONFIRMED,2026-01-07 12:52:14,6.122,vel_K.csv,sudden_jump
Kamand,velocity_UNCONFIRMED,Kamand_velocity_UNCONFIRMED,2026-01-07 12:52:19,6.351,vel_K.csv,sudden_jump
Kamand,velocity_UNCONFIRMED,Kamand_velocity_UNCONFIRMED,2026-01-07 12:52:29,6.473,vel_K.csv,sudden_jump
Kamand,velocity_UNCONFIRMED,Kamand_velocity_UNCONFIRMED,2026-01-07 12:52:34,6.321,vel_K.csv,sudden_jump
Kamand,velocity_UNCONFIRMED,Kamand_velocity_UNCONFIRMED,2026-01-07 12:52:39,6.614,vel_K.csv,sudden_jump
Kamand,velocity_UNCONFIRMED,Kamand_velocity_UNCONFIRMED,2026-01-07 12:52:44,7.041,vel_K.csv,sudden_jump
Kamand,velocity_UNCONFIRMED,Kamand_velocity_UNCONFIRMED,2026-01-07 12:52:54,7.314,vel_K.csv,sudden_jump
Kamand,velocity_UNCONFIRMED,Kamand_velocity_UNCONFIRMED,2026-01-07 12:52:59,7.212,vel_K.csv,sudden_jump
Kamand,velocity_UNCONFIRMED,Kamand_velocity_UNCONFIRMED,2026-01-07 12:53:04,6.857,vel_K.csv,sudden_jump
Kamand,velocity_UNCONFIRMED,Kamand_velocity_UNCONFIRMED,2026-01-07 12:53:09,6.676,vel_K.csv,sudden_jump
Kamand,velocity_UNCONFIRMED,Kamand_velocity_UNCONFIRMED,2026-01-07 12:53:19,6.433,vel_K.csv,sudden_jump
Kamand,velocity_UNCONFIRMED,Kamand_velocity_UNCONFIRMED,2026-01-07 12:53:24,6.676,vel_K.csv,sudden_jump
Kamand,velocity_UNCONFIRMED,Kamand_velocity_UNCONFIRMED,2026-01-07 12:53:34,6.975,vel_K.csv,sudden_jump
Kamand,velocity_UNCONFIRMED,Kamand_velocity_UNCONFIRMED,2026-01-07 12:53:39,6.676,vel_K.csv,sudden_jump
Kamand,velocity_UNCONFIRMED,Kamand_velocity_UNCONFIRMED,2026-01-07 12:53:44,6.332,vel_K.csv,sudden_jump
Kamand,velocity_UNCONFIRMED,Kamand_velocity_UNCONFIRMED,2026-01-07 12:53:49,5.954,vel_K.csv,sudden_jump
Kamand,velocity_UNCONFIRMED,Kamand_velocity_UNCONFIRMED,2026-01-07 12:53:54,5.777,vel_K.csv,sudden_jump
Kamand,velocity_UNCONFIRMED,Kamand_velocity_UNCONFIRMED,2026-01-07 12:54:04,5.583,vel_K.csv,sudden_jump
Kamand,velocity_UNCONFIRMED,Kamand_velocity_UNCONFIRMED,2026-01-07 12:54:14,5.909,vel_K.csv,sudden_jump
Kamand,velocity_UNCONFIRMED,Kamand_velocity_UNCONFIRMED,2026-01-07 12:54:19,6.065,vel_K.csv,sudden_jump
Kamand,velocity_UNCONFIRMED,Kamand_velocity_UNCONFIRMED,2026-01-07 12:54:39,6.485,vel_K.csv,sudden_jump
Kamand,velocity_UNCONFIRMED,Kamand_velocity_UNCONFIRMED,2026-01-07 12:54:44,6.797,vel_K.csv,sudden_jump
Kamand,velocity_UNCONFIRMED,Kamand_velocity_UNCONFIRMED,2026-01-07 12:54:49,7.045,vel_K.csv,sudden_jump
Kamand,velocity_UNCONFIRMED,Kamand_velocity_UNCONFIRMED,2026-01-07 12:55:04,7.122,vel_K.csv,sudden_jump
Kamand,velocity_UNCONFIRMED,Kamand_velocity_UNCONFIRMED,2026-01-07 12:55:09,7.045,vel_K.csv,sudden_jump
Kamand,velocity_UNCONFIRMED,Kamand_velocity_UNCONFIRMED,2026-01-07 12:55:14,6.797,vel_K.csv,sudden_jump
Kamand,velocity_UNCONFIRMED,Kamand_velocity_UNCONFIRMED,2026-01-07 12:55:19,7.097,vel_K.csv,sudden_jump
Kamand,velocity_UNCONFIRMED,Kamand_velocity_UNCONFIRMED,2026-01-07 12:55:29,6.797,vel_K.csv,sudden_jump
Kamand,velocity_UNCONFIRMED,Kamand_velocity_UNCONFIRMED,2026-01-07 12:55:34,6.746,vel_K.csv,sudden_jump
Kamand,velocity_UNCONFIRMED,Kamand_velocity_UNCONFIRMED,2026-01-07 12:55:39,6.574,vel_K.csv,sudden_jump
Kamand,velocity_UNCONFIRMED,Kamand_velocity_UNCONFIRMED,2026-01-07 12:55:44,5.802,vel_K.csv,sudden_jump
Kamand,velocity_UNCONFIRMED,Kamand_velocity_UNCONFIRMED,2026-01-07 12:55:54,6.574,vel_K.csv,sudden_jump
Kamand,velocity_UNCONFIRMED,Kamand_velocity_UNCONFIRMED,2026-01-07 12:55:59,7.045,vel_K.csv,sudden_jump
Kamand,velocity_UNCONFIRMED,Kamand_velocity_UNCONFIRMED,2026-01-07 12:56:14,7.249,vel_K.csv,sudden_jump
Kamand,velocity_UNCONFIRMED,Kamand_velocity_UNCONFIRMED,2026-01-07 12:56:19,7.122,vel_K.csv,sudden_jump
Kamand,velocity_UNCONFIRMED,Kamand_velocity_UNCONFIRMED,2026-01-07 12:56:34,6.829,vel_K.csv,sudden_jump
Kamand,velocity_UNCONFIRMED,Kamand_velocity_UNCONFIRMED,2026-01-07 12:56:49,6.473,vel_K.csv,sudden_jump
Kamand,velocity_UNCONFIRMED,Kamand_velocity_UNCONFIRMED,2026-01-07 12:56:54,6.314,vel_K.csv,sudden_jump
Kamand,velocity_UNCONFIRMED,Kamand_velocity_UNCONFIRMED,2026-01-07 12:57:19,6.384,vel_K.csv,sudden_jump
Kamand,velocity_UNCONFIRMED,Kamand_velocity_UNCONFIRMED,2026-01-07 12:57:24,6.322,vel_K.csv,sudden_jump
Kamand,velocity_UNCONFIRMED,Kamand_velocity_UNCONFIRMED,2026-01-07 12:57:29,6.384,vel_K.csv,sudden_jump
Kamand,velocity_UNCONFIRMED,Kamand_velocity_UNCONFIRMED,2026-01-07 12:57:39,6.45,vel_K.csv,sudden_jump
Kamand,velocity_UNCONFIRMED,Kamand_velocity_UNCONFIRMED,2026-01-07 12:57:54,6.639,vel_K.csv,sudden_jump
Kamand,velocity_UNCONFIRMED,Kamand_velocity_UNCONFIRMED,2026-01-07 12:57:59,6.726,vel_K.csv,sudden_jump
Kamand,velocity_UNCONFIRMED,Kamand_velocity_UNCONFIRMED,2026-01-07 12:58:04,6.922,vel_K.csv,sudden_jump
Kamand,velocity_UNCONFIRMED,Kamand_velocity_UNCONFIRMED,2026-01-07 12:58:09,7.138,vel_K.csv,sudden_jump
Kamand,velocity_UNCONFIRMED,Kamand_velocity_UNCONFIRMED,2026-01-07 12:58:14,6.922,vel_K.csv,sudden_jump
Kamand,velocity_UNCONFIRMED,Kamand_velocity_UNCONFIRMED,2026-01-07 12:58:29,7.089,vel_K.csv,sudden_jump
Kamand,velocity_UNCONFIRMED,Kamand_velocity_UNCONFIRMED,2026-01-07 12:58:49,6.699,vel_K.csv,sudden_jump
Kamand,velocity_UNCONFIRMED,Kamand_velocity_UNCONFIRMED,2026-01-07 12:58:54,6.564,vel_K.csv,sudden_jump
Kamand,velocity_UNCONFIRMED,Kamand_velocity_UNCONFIRMED,2026-01-07 12:58:59,6.29,vel_K.csv,sudden_jump
Kamand,velocity_UNCONFIRMED,Kamand_velocity_UNCONFIRMED,2026-01-07 12:59:14,6.564,vel_K.csv,sudden_jump
Kamand,velocity_UNCONFIRMED,Kamand_velocity_UNCONFIRMED,2026-01-07 12:59:24,7.057,vel_K.csv,sudden_jump
Kamand,velocity_UNCONFIRMED,Kamand_velocity_UNCONFIRMED,2026-01-07 12:59:29,6.981,vel_K.csv,sudden_jump
Kamand,velocity_UNCONFIRMED,Kamand_velocity_UNCONFIRMED,2026-01-07 12:59:34,7.437,vel_K.csv,sudden_jump
Kamand,velocity_UNCONFIRMED,Kamand_velocity_UNCONFIRMED,2026-01-07 12:59:39,7.35,vel_K.csv,sudden_jump
Kamand,velocity_UNCONFIRMED,Kamand_velocity_UNCONFIRMED,2026-01-07 12:59:49,7.437,vel_K.csv,sudden_jump
Kamand,velocity_UNCONFIRMED,Kamand_velocity_UNCONFIRMED,2026-01-07 12:59:54,7.604,vel_K.csv,sudden_jump
Kamand,velocity_UNCONFIRMED,Kamand_velocity_UNCONFIRMED,2026-01-07 13:00:04,7.437,vel_K.csv,sudden_jump
Kamand,velocity_UNCONFIRMED,Kamand_velocity_UNCONFIRMED,2026-01-07 13:00:14,7.35,vel_K.csv,sudden_jump
Kamand,velocity_UNCONFIRMED,Kamand_velocity_UNCONFIRMED,2026-01-07 13:00:39,7.229,vel_K.csv,sudden_jump
Kamand,velocity_UNCONFIRMED,Kamand_velocity_UNCONFIRMED,2026-01-07 13:00:49,6.881,vel_K.csv,sudden_jump
Kamand,velocity_UNCONFIRMED,Kamand_velocity_UNCONFIRMED,2026-01-07 13:00:54,6.438,vel_K.csv,sudden_jump
Kamand,velocity_UNCONFIRMED,Kamand_velocity_UNCONFIRMED,2026-01-07 13:00:59,6.881,vel_K.csv,sudden_jump
Kamand,velocity_UNCONFIRMED,Kamand_velocity_UNCONFIRMED,2026-01-07 13:01:09,6.127,vel_K.csv,sudden_jump
Kamand,velocity_UNCONFIRMED,Kamand_velocity_UNCONFIRMED,2026-01-07 13:01:14,6.322,vel_K.csv,sudden_jump
Kamand,velocity_UNCONFIRMED,Kamand_velocity_UNCONFIRMED,2026-01-07 13:01:19,6.0,vel_K.csv,sudden_jump
Kamand,velocity_UNCONFIRMED,Kamand_velocity_UNCONFIRMED,2026-01-07 13:01:39,6.445,vel_K.csv,sudden_jump
Kamand,velocity_UNCONFIRMED,Kamand_velocity_UNCONFIRMED,2026-01-07 13:02:19,6.338,vel_K.csv,sudden_jump
Kamand,velocity_UNCONFIRMED,Kamand_velocity_UNCONFIRMED,2026-01-07 13:02:24,6.14,vel_K.csv,sudden_jump
Kamand,velocity_UNCONFIRMED,Kamand_velocity_UNCONFIRMED,2026-01-07 13:02:34,5.745,vel_K.csv,sudden_jump
Kamand,velocity_UNCONFIRMED,Kamand_velocity_UNCONFIRMED,2026-01-07 13:02:39,5.631,vel_K.csv,sudden_jump
Kamand,velocity_UNCONFIRMED,Kamand_velocity_UNCONFIRMED,2026-01-07 13:02:54,5.249,vel_K.csv,sudden_jump
Kamand,velocity_UNCONFIRMED,Kamand_velocity_UNCONFIRMED,2026-01-07 13:03:04,4.834,vel_K.csv,sudden_jump
Kamand,velocity_UNCONFIRMED,Kamand_velocity_UNCONFIRMED,2026-01-07 13:03:09,4.463,vel_K.csv,sudden_jump
Kamand,velocity_UNCONFIRMED,Kamand_velocity_UNCONFIRMED,2026-01-07 13:03:14,3.605,vel_K.csv,sudden_jump
Kamand,velocity_UNCONFIRMED,Kamand_velocity_UNCONFIRMED,2026-01-07 13:03:24,2.838,vel_K.csv,sudden_jump
Kamand,velocity_UNCONFIRMED,Kamand_velocity_UNCONFIRMED,2026-01-07 13:03:29,2.789,vel_K.csv,sudden_jump
Kamand,velocity_UNCONFIRMED,Kamand_velocity_UNCONFIRMED,2026-01-07 13:03:34,2.861,vel_K.csv,sudden_jump
Kamand,velocity_UNCONFIRMED,Kamand_velocity_UNCONFIRMED,2026-01-07 13:03:39,2.631,vel_K.csv,sudden_jump
Kamand,velocity_UNCONFIRMED,Kamand_velocity_UNCONFIRMED,2026-01-07 13:03:44,2.861,vel_K.csv,sudden_jump
Kamand,velocity_UNCONFIRMED,Kamand_velocity_UNCONFIRMED,2026-01-07 13:03:54,2.991,vel_K.csv,sudden_jump
Kamand,velocity_UNCONFIRMED,Kamand_velocity_UNCONFIRMED,2026-01-07 13:03:59,3.339,vel_K.csv,sudden_jump
Kamand,velocity_UNCONFIRMED,Kamand_velocity_UNCONFIRMED,2026-01-07 13:04:14,4.239,vel_K.csv,sudden_jump
Kamand,velocity_UNCONFIRMED,Kamand_velocity_UNCONFIRMED,2026-01-07 13:04:19,4.186,vel_K.csv,sudden_jump
Kamand,velocity_UNCONFIRMED,Kamand_velocity_UNCONFIRMED,2026-01-07 13:04:29,4.818,vel_K.csv,sudden_jump
Kamand,velocity_UNCONFIRMED,Kamand_velocity_UNCONFIRMED,2026-01-07 13:04:39,4.874,vel_K.csv,sudden_jump
Kamand,velocity_UNCONFIRMED,Kamand_velocity_UNCONFIRMED,2026-01-07 13:04:44,5.031,vel_K.csv,sudden_jump
Kamand,velocity_UNCONFIRMED,Kamand_velocity_UNCONFIRMED,2026-01-07 13:04:54,5.12,vel_K.csv,sudden_jump
Kamand,velocity_UNCONFIRMED,Kamand_velocity_UNCONFIRMED,2026-01-07 13:04:59,5.283,vel_K.csv,sudden_jump
Kamand,velocity_UNCONFIRMED,Kamand_velocity_UNCONFIRMED,2026-01-07 13:05:04,5.12,vel_K.csv,sudden_jump
Kamand,velocity_UNCONFIRMED,Kamand_velocity_UNCONFIRMED,2026-01-07 13:05:14,4.91,vel_K.csv,sudden_jump
Kamand,velocity_UNCONFIRMED,Kamand_velocity_UNCONFIRMED,2026-01-07 13:05:24,5.12,vel_K.csv,sudden_jump
Kamand,velocity_UNCONFIRMED,Kamand_velocity_UNCONFIRMED,2026-01-07 13:05:29,4.885,vel_K.csv,sudden_jump
Kamand,velocity_UNCONFIRMED,Kamand_velocity_UNCONFIRMED,2026-01-07 13:05:34,4.493,vel_K.csv,sudden_jump
Kamand,velocity_UNCONFIRMED,Kamand_velocity_UNCONFIRMED,2026-01-07 13:05:44,3.23,vel_K.csv,sudden_jump
Kamand,velocity_UNCONFIRMED,Kamand_velocity_UNCONFIRMED,2026-01-07 13:05:49,2.445,vel_K.csv,sudden_jump
Kamand,velocity_UNCONFIRMED,Kamand_velocity_UNCONFIRMED,2026-01-07 13:05:54,1.771,vel_K.csv,sudden_jump
Kamand,velocity_UNCONFIRMED,Kamand_velocity_UNCONFIRMED,2026-01-07 13:05:59,1.141,vel_K.csv,sudden_jump
Kamand,velocity_UNCONFIRMED,Kamand_velocity_UNCONFIRMED,2026-01-07 13:06:04,1.242,vel_K.csv,sudden_jump
Kamand,velocity_UNCONFIRMED,Kamand_velocity_UNCONFIRMED,2026-01-07 13:06:09,1.831,vel_K.csv,sudden_jump
Kamand,velocity_UNCONFIRMED,Kamand_velocity_UNCONFIRMED,2026-01-07 13:06:14,1.915,vel_K.csv,sudden_jump
Kamand,velocity_UNCONFIRMED,Kamand_velocity_UNCONFIRMED,2026-01-07 13:06:19,2.152,vel_K.csv,sudden_jump
Kamand,velocity_UNCONFIRMED,Kamand_velocity_UNCONFIRMED,2026-01-07 13:06:29,3.467,vel_K.csv,sudden_jump
Kamand,velocity_UNCONFIRMED,Kamand_velocity_UNCONFIRMED,2026-01-07 13:06:34,3.544,vel_K.csv,sudden_jump
Kamand,velocity_UNCONFIRMED,Kamand_velocity_UNCONFIRMED,2026-01-07 13:06:44,4.163,vel_K.csv,sudden_jump
Kamand,velocity_UNCONFIRMED,Kamand_velocity_UNCONFIRMED,2026-01-07 13:07:04,4.494,vel_K.csv,sudden_jump
Kamand,velocity_UNCONFIRMED,Kamand_velocity_UNCONFIRMED,2026-01-07 13:07:09,4.674,vel_K.csv,sudden_jump
Kamand,velocity_UNCONFIRMED,Kamand_velocity_UNCONFIRMED,2026-01-07 13:07:14,5.204,vel_K.csv,sudden_jump
Kamand,velocity_UNCONFIRMED,Kamand_velocity_UNCONFIRMED,2026-01-07 13:07:19,4.674,vel_K.csv,sudden_jump
Kamand,velocity_UNCONFIRMED,Kamand_velocity_UNCONFIRMED,2026-01-07 13:07:29,4.516,vel_K.csv,sudden_jump
Kamand,velocity_UNCONFIRMED,Kamand_velocity_UNCONFIRMED,2026-01-07 13:07:34,4.824,vel_K.csv,sudden_jump
Kamand,velocity_UNCONFIRMED,Kamand_velocity_UNCONFIRMED,2026-01-07 13:07:39,4.516,vel_K.csv,sudden_jump
Kamand,velocity_UNCONFIRMED,Kamand_velocity_UNCONFIRMED,2026-01-07 13:07:44,4.324,vel_K.csv,sudden_jump
Kamand,velocity_UNCONFIRMED,Kamand_velocity_UNCONFIRMED,2026-01-07 13:07:59,4.824,vel_K.csv,sudden_jump
Kamand,velocity_UNCONFIRMED,Kamand_velocity_UNCONFIRMED,2026-01-07 13:08:04,4.752,vel_K.csv,sudden_jump
Kamand,velocity_UNCONFIRMED,Kamand_velocity_UNCONFIRMED,2026-01-07 13:08:14,4.554,vel_K.csv,sudden_jump
Kamand,velocity_UNCONFIRMED,Kamand_velocity_UNCONFIRMED,2026-01-07 13:08:19,4.752,vel_K.csv,sudden_jump
Kamand,velocity_UNCONFIRMED,Kamand_velocity_UNCONFIRMED,2026-01-07 13:08:34,5.075,vel_K.csv,sudden_jump
Kamand,velocity_UNCONFIRMED,Kamand_velocity_UNCONFIRMED,2026-01-07 13:08:39,5.733,vel_K.csv,sudden_jump
Kamand,velocity_UNCONFIRMED,Kamand_velocity_UNCONFIRMED,2026-01-07 13:08:44,6.13,vel_K.csv,sudden_jump
Kamand,velocity_UNCONFIRMED,Kamand_velocity_UNCONFIRMED,2026-01-07 13:08:49,6.472,vel_K.csv,sudden_jump
Kamand,velocity_UNCONFIRMED,Kamand_velocity_UNCONFIRMED,2026-01-07 13:08:59,6.73,vel_K.csv,sudden_jump
Kamand,velocity_UNCONFIRMED,Kamand_velocity_UNCONFIRMED,2026-01-07 13:09:34,6.373,vel_K.csv,sudden_jump
Kamand,velocity_UNCONFIRMED,Kamand_velocity_UNCONFIRMED,2026-01-07 13:09:44,5.997,vel_K.csv,sudden_jump
Kamand,velocity_UNCONFIRMED,Kamand_velocity_UNCONFIRMED,2026-01-07 13:09:54,6.193,vel_K.csv,sudden_jump
Kamand,velocity_UNCONFIRMED,Kamand_velocity_UNCONFIRMED,2026-01-07 13:10:04,6.512,vel_K.csv,sudden_jump
Kamand,velocity_UNCONFIRMED,Kamand_velocity_UNCONFIRMED,2026-01-07 13:10:14,6.784,vel_K.csv,sudden_jump
Kamand,velocity_UNCONFIRMED,Kamand_velocity_UNCONFIRMED,2026-01-07 13:10:24,6.605,vel_K.csv,sudden_jump
Kamand,velocity_UNCONFIRMED,Kamand_velocity_UNCONFIRMED,2026-01-07 13:10:39,6.45,vel_K.csv,sudden_jump
Kamand,velocity_UNCONFIRMED,Kamand_velocity_UNCONFIRMED,2026-01-07 13:10:44,6.605,vel_K.csv,sudden_jump
Kamand,velocity_UNCONFIRMED,Kamand_velocity_UNCONFIRMED,2026-01-07 13:11:04,6.443,vel_K.csv,sudden_jump
Kamand,velocity_UNCONFIRMED,Kamand_velocity_UNCONFIRMED,2026-01-07 13:11:24,6.523,vel_K.csv,sudden_jump
Kamand,velocity_UNCONFIRMED,Kamand_velocity_UNCONFIRMED,2026-01-07 13:11:34,6.86,vel_K.csv,sudden_jump
Kamand,velocity_UNCONFIRMED,Kamand_velocity_UNCONFIRMED,2026-01-07 13:11:44,6.523,vel_K.csv,sudden_jump
Kamand,velocity_UNCONFIRMED,Kamand_velocity_UNCONFIRMED,2026-01-07 13:11:49,6.731,vel_K.csv,sudden_jump
Kamand,velocity_UNCONFIRMED,Kamand_velocity_UNCONFIRMED,2026-01-07 13:11:54,6.887,vel_K.csv,sudden_jump
Kamand,velocity_UNCONFIRMED,Kamand_velocity_UNCONFIRMED,2026-01-07 13:12:14,6.488,vel_K.csv,sudden_jump
Kamand,velocity_UNCONFIRMED,Kamand_velocity_UNCONFIRMED,2026-01-07 13:12:19,6.138,vel_K.csv,sudden_jump
Kamand,velocity_UNCONFIRMED,Kamand_velocity_UNCONFIRMED,2026-01-07 13:12:24,4.99,vel_K.csv,sudden_jump
Kamand,velocity_UNCONFIRMED,Kamand_velocity_UNCONFIRMED,2026-01-07 13:12:29,4.442,vel_K.csv,sudden_jump
Kamand,velocity_UNCONFIRMED,Kamand_velocity_UNCONFIRMED,2026-01-07 13:12:34,4.103,vel_K.csv,sudden_jump
Kamand,velocity_UNCONFIRMED,Kamand_velocity_UNCONFIRMED,2026-01-07 13:12:39,3.921,vel_K.csv,sudden_jump
Kamand,velocity_UNCONFIRMED,Kamand_velocity_UNCONFIRMED,2026-01-07 13:12:44,3.197,vel_K.csv,sudden_jump
Kamand,velocity_UNCONFIRMED,Kamand_velocity_UNCONFIRMED,2026-01-07 13:12:49,2.931,vel_K.csv,sudden_jump
Kamand,velocity_UNCONFIRMED,Kamand_velocity_UNCONFIRMED,2026-01-07 13:12:54,2.861,vel_K.csv,sudden_jump
Kamand,velocity_UNCONFIRMED,Kamand_velocity_UNCONFIRMED,2026-01-07 13:13:09,2.589,vel_K.csv,sudden_jump
Kamand,velocity_UNCONFIRMED,Kamand_velocity_UNCONFIRMED,2026-01-07 13:13:14,2.316,vel_K.csv,sudden_jump
Kamand,velocity_UNCONFIRMED,Kamand_velocity_UNCONFIRMED,2026-01-07 13:13:19,2.589,vel_K.csv,sudden_jump
Kamand,velocity_UNCONFIRMED,Kamand_velocity_UNCONFIRMED,2026-01-07 13:13:24,2.316,vel_K.csv,sudden_jump
Kamand,velocity_UNCONFIRMED,Kamand_velocity_UNCONFIRMED,2026-01-07 13:13:39,2.102,vel_K.csv,sudden_jump
Kamand,velocity_UNCONFIRMED,Kamand_velocity_UNCONFIRMED,2026-01-07 13:13:44,1.846,vel_K.csv,sudden_jump
Kamand,velocity_UNCONFIRMED,Kamand_velocity_UNCONFIRMED,2026-01-07 13:13:49,2.102,vel_K.csv,sudden_jump
Kamand,velocity_UNCONFIRMED,Kamand_velocity_UNCONFIRMED,2026-01-07 13:13:54,2.468,vel_K.csv,sudden_jump
Kamand,velocity_UNCONFIRMED,Kamand_velocity_UNCONFIRMED,2026-01-07 13:14:09,2.281,vel_K.csv,sudden_jump
Kamand,velocity_UNCONFIRMED,Kamand_velocity_UNCONFIRMED,2026-01-07 13:14:19,1.846,vel_K.csv,sudden_jump
Kamand,velocity_UNCONFIRMED,Kamand_velocity_UNCONFIRMED,2026-01-07 13:14:24,2.211,vel_K.csv,sudden_jump
Kamand,velocity_UNCONFIRMED,Kamand_velocity_UNCONFIRMED,2026-01-07 13:14:34,2.332,vel_K.csv,sudden_jump
Kamand,velocity_UNCONFIRMED,Kamand_velocity_UNCONFIRMED,2026-01-07 13:14:39,2.814,vel_K.csv,sudden_jump
Kamand,velocity_UNCONFIRMED,Kamand_velocity_UNCONFIRMED,2026-01-07 13:14:44,3.204,vel_K.csv,sudden_jump
Kamand,velocity_UNCONFIRMED,Kamand_velocity_UNCONFIRMED,2026-01-07 13:15:04,3.536,vel_K.csv,sudden_jump
Kamand,velocity_UNCONFIRMED,Kamand_velocity_UNCONFIRMED,2026-01-07 13:15:14,4.665,vel_K.csv,sudden_jump
Kamand,velocity_UNCONFIRMED,Kamand_velocity_UNCONFIRMED,2026-01-07 13:15:19,5.747,vel_K.csv,sudden_jump
Kamand,velocity_UNCONFIRMED,Kamand_velocity_UNCONFIRMED,2026-01-07 13:15:24,4.665,vel_K.csv,sudden_jump
Kamand,velocity_UNCONFIRMED,Kamand_velocity_UNCONFIRMED,2026-01-07 13:15:29,3.976,vel_K.csv,sudden_jump
Kamand,velocity_UNCONFIRMED,Kamand_velocity_UNCONFIRMED,2026-01-07 13:15:34,4.891,vel_K.csv,sudden_jump
Kamand,velocity_UNCONFIRMED,Kamand_velocity_UNCONFIRMED,2026-01-07 13:15:44,3.976,vel_K.csv,sudden_jump
Kamand,velocity_UNCONFIRMED,Kamand_velocity_UNCONFIRMED,2026-01-07 13:15:49,4.891,vel_K.csv,sudden_jump
Kamand,velocity_UNCONFIRMED,Kamand_velocity_UNCONFIRMED,2026-01-07 13:15:59,3.912,vel_K.csv,sudden_jump
Kamand,velocity_UNCONFIRMED,Kamand_velocity_UNCONFIRMED,2026-01-07 13:16:09,4.116,vel_K.csv,sudden_jump
Kamand,velocity_UNCONFIRMED,Kamand_velocity_UNCONFIRMED,2026-01-07 13:16:14,3.72,vel_K.csv,sudden_jump
Kamand,velocity_UNCONFIRMED,Kamand_velocity_UNCONFIRMED,2026-01-07 13:16:19,3.422,vel_K.csv,sudden_jump
Kamand,velocity_UNCONFIRMED,Kamand_velocity_UNCONFIRMED,2026-01-07 13:16:24,2.996,vel_K.csv,sudden_jump
Kamand,velocity_UNCONFIRMED,Kamand_velocity_UNCONFIRMED,2026-01-07 13:16:29,2.381,vel_K.csv,sudden_jump
Kamand,velocity_UNCONFIRMED,Kamand_velocity_UNCONFIRMED,2026-01-07 13:16:34,2.086,vel_K.csv,sudden_jump
Kamand,velocity_UNCONFIRMED,Kamand_velocity_UNCONFIRMED,2026-01-07 13:16:54,2.381,vel_K.csv,sudden_jump
Kamand,velocity_UNCONFIRMED,Kamand_velocity_UNCONFIRMED,2026-01-07 13:16:59,3.054,vel_K.csv,sudden_jump
Kamand,velocity_UNCONFIRMED,Kamand_velocity_UNCONFIRMED,2026-01-07 13:17:14,3.678,vel_K.csv,sudden_jump
Kamand,velocity_UNCONFIRMED,Kamand_velocity_UNCONFIRMED,2026-01-07 13:17:19,3.85,vel_K.csv,sudden_jump
Kamand,velocity_UNCONFIRMED,Kamand_velocity_UNCONFIRMED,2026-01-07 13:17:24,4.426,vel_K.csv,sudden_jump
Kamand,velocity_UNCONFIRMED,Kamand_velocity_UNCONFIRMED,2026-01-07 13:17:29,6.244,vel_K.csv,sudden_jump
Kamand,velocity_UNCONFIRMED,Kamand_velocity_UNCONFIRMED,2026-01-07 13:17:34,7.075,vel_K.csv,sudden_jump
Kamand,velocity_UNCONFIRMED,Kamand_velocity_UNCONFIRMED,2026-01-07 13:17:39,7.614,vel_K.csv,sudden_jump
Kamand,velocity_UNCONFIRMED,Kamand_velocity_UNCONFIRMED,2026-01-07 13:18:04,7.395,vel_K.csv,sudden_jump
Kamand,velocity_UNCONFIRMED,Kamand_velocity_UNCONFIRMED,2026-01-07 13:18:09,6.857,vel_K.csv,sudden_jump
Kamand,velocity_UNCONFIRMED,Kamand_velocity_UNCONFIRMED,2026-01-07 13:18:19,6.356,vel_K.csv,sudden_jump
Kamand,velocity_UNCONFIRMED,Kamand_velocity_UNCONFIRMED,2026-01-07 13:18:24,5.637,vel_K.csv,sudden_jump
Kamand,velocity_UNCONFIRMED,Kamand_velocity_UNCONFIRMED,2026-01-07 13:18:29,4.972,vel_K.csv,sudden_jump
Kamand,velocity_UNCONFIRMED,Kamand_velocity_UNCONFIRMED,2026-01-07 13:18:39,4.169,vel_K.csv,sudden_jump
Kamand,velocity_UNCONFIRMED,Kamand_velocity_UNCONFIRMED,2026-01-07 13:18:44,4.972,vel_K.csv,sudden_jump
Kamand,velocity_UNCONFIRMED,Kamand_velocity_UNCONFIRMED,2026-01-07 13:18:49,4.591,vel_K.csv,sudden_jump
Kamand,velocity_UNCONFIRMED,Kamand_velocity_UNCONFIRMED,2026-01-07 13:18:54,3.916,vel_K.csv,sudden_jump
Kamand,velocity_UNCONFIRMED,Kamand_velocity_UNCONFIRMED,2026-01-07 13:18:59,4.591,vel_K.csv,sudden_jump
Kamand,velocity_UNCONFIRMED,Kamand_velocity_UNCONFIRMED,2026-01-07 13:19:04,3.916,vel_K.csv,sudden_jump
Kamand,velocity_UNCONFIRMED,Kamand_velocity_UNCONFIRMED,2026-01-07 13:19:14,3.574,vel_K.csv,sudden_jump
Kamand,velocity_UNCONFIRMED,Kamand_velocity_UNCONFIRMED,2026-01-07 13:19:19,2.716,vel_K.csv,sudden_jump
Kamand,velocity_UNCONFIRMED,Kamand_velocity_UNCONFIRMED,2026-01-07 13:19:24,2.477,vel_K.csv,sudden_jump
Kamand,velocity_UNCONFIRMED,Kamand_velocity_UNCONFIRMED,2026-01-07 13:19:29,2.269,vel_K.csv,sudden_jump
Kamand,velocity_UNCONFIRMED,Kamand_velocity_UNCONFIRMED,2026-01-07 13:19:34,2.194,vel_K.csv,sudden_jump
Kamand,velocity_UNCONFIRMED,Kamand_velocity_UNCONFIRMED,2026-01-07 13:19:39,2.269,vel_K.csv,sudden_jump
Kamand,velocity_UNCONFIRMED,Kamand_velocity_UNCONFIRMED,2026-01-07 13:19:44,2.194,vel_K.csv,sudden_jump
Kamand,velocity_UNCONFIRMED,Kamand_velocity_UNCONFIRMED,2026-01-07 13:19:49,2.038,vel_K.csv,sudden_jump
Kamand,velocity_UNCONFIRMED,Kamand_velocity_UNCONFIRMED,2026-01-07 13:19:54,2.194,vel_K.csv,sudden_jump
Kamand,velocity_UNCONFIRMED,Kamand_velocity_UNCONFIRMED,2026-01-07 13:19:59,2.038,vel_K.csv,sudden_jump
Kamand,velocity_UNCONFIRMED,Kamand_velocity_UNCONFIRMED,2026-01-07 13:20:04,2.194,vel_K.csv,sudden_jump
Kamand,velocity_UNCONFIRMED,Kamand_velocity_UNCONFIRMED,2026-01-07 13:20:09,1.985,vel_K.csv,sudden_jump
Kamand,velocity_UNCONFIRMED,Kamand_velocity_UNCONFIRMED,2026-01-07 13:20:24,2.18,vel_K.csv,sudden_jump
Kamand,velocity_UNCONFIRMED,Kamand_velocity_UNCONFIRMED,2026-01-07 13:20:34,2.486,vel_K.csv,sudden_jump
Kamand,velocity_UNCONFIRMED,Kamand_velocity_UNCONFIRMED,2026-01-07 13:20:54,1.949,vel_K.csv,sudden_jump
Kamand,velocity_UNCONFIRMED,Kamand_velocity_UNCONFIRMED,2026-01-07 13:21:04,1.628,vel_K.csv,sudden_jump
Kamand,velocity_UNCONFIRMED,Kamand_velocity_UNCONFIRMED,2026-01-07 13:21:14,1.386,vel_K.csv,sudden_jump
Kamand,velocity_UNCONFIRMED,Kamand_velocity_UNCONFIRMED,2026-01-07 13:21:19,1.276,vel_K.csv,sudden_jump
Kamand,velocity_UNCONFIRMED,Kamand_velocity_UNCONFIRMED,2026-01-07 13:21:24,0.99,vel_K.csv,sudden_jump
Kamand,velocity_UNCONFIRMED,Kamand_velocity_UNCONFIRMED,2026-01-07 13:21:34,0.807,vel_K.csv,sudden_jump
Kamand,velocity_UNCONFIRMED,Kamand_velocity_UNCONFIRMED,2026-01-07 13:21:49,0.738,vel_K.csv,sudden_jump
Kamand,velocity_burst,Kamand_velocity_burst,2025-08-30 16:22:52,-0.23021,velocity_K (1).csv,outside_plausible_bounds
Kamand,velocity_burst,Kamand_velocity_burst,2025-08-30 16:25:57,-0.108334,velocity_K (1).csv,outside_plausible_bounds
Kamand,velocity_burst,Kamand_velocity_burst,2025-08-30 16:30:30,-0.486115,velocity_K (1).csv,outside_plausible_bounds
Kamand,velocity_burst,Kamand_velocity_burst,2025-08-30 16:42:37,-0.108334,velocity_K (1).csv,outside_plausible_bounds
Kamand,velocity_burst,Kamand_velocity_burst,2025-08-30 16:51:44,-0.161112,velocity_K (1).csv,outside_plausible_bounds
Kamand,velocity_burst,Kamand_velocity_burst,2025-08-30 16:57:28,-0.3104194999999999,velocity_K (1).csv,outside_plausible_bounds
Kamand,velocity_burst,Kamand_velocity_burst,2025-08-30 16:58:51,-0.108334,velocity_K (1).csv,outside_plausible_bounds
Kamand,velocity_burst,Kamand_velocity_burst,2025-08-30 17:00:05,0.811118,velocity_K (1).csv,frozen_run_len_6_until_2025-08-30 17:06:08
North,depth,N_depth_main,2025-07-04 18:11:00,9.423737132,depth_measurements_N (1).csv,duplicate_timestamp
North,depth,N_depth_main,2025-07-04 18:11:00,9.424291692,depth_measurements_N (1).csv,duplicate_timestamp
North,depth,N_depth_main,2025-07-14 19:43:00,9.361541708,depth_measurements_N (1).csv,duplicate_timestamp
North,depth,N_depth_main,2025-07-14 19:43:00,9.357753301,depth_measurements_N (1).csv,duplicate_timestamp
North,depth,N_depth_main,2025-07-16 12:31:00,9.398245454,depth_measurements_N (1).csv,duplicate_timestamp
North,depth,N_depth_main,2025-07-16 12:31:00,9.376103831,depth_measurements_N (1).csv,duplicate_timestamp
North,depth,N_depth_main,2025-07-18 21:05:00,9.343827286,depth_measurements_N (1).csv,duplicate_timestamp
North,depth,N_depth_main,2025-07-18 21:05:00,9.252148232,depth_measurements_N (1).csv,duplicate_timestamp
North,depth,N_depth_main,2025-01-07 01:16:00,8.855855874,depth_measurements_N (1).csv,sudden_jump
North,depth,N_depth_main,2025-01-07 06:08:00,8.787824323,depth_measurements_N (1).csv,sudden_jump
North,depth,N_depth_main,2025-01-07 06:26:00,8.651272516,depth_measurements_N (1).csv,sudden_jump
North,depth,N_depth_main,2025-01-07 07:02:00,8.249353779,depth_measurements_N (1).csv,sudden_jump
North,depth,N_depth_main,2025-01-07 07:38:00,7.854065311,depth_measurements_N (1).csv,sudden_jump
North,depth,N_depth_main,2025-01-07 07:56:00,8.125721306,depth_measurements_N (1).csv,sudden_jump
North,depth,N_depth_main,2025-01-07 08:31:00,8.282537007,depth_measurements_N (1).csv,sudden_jump
North,depth,N_depth_main,2025-01-07 10:54:00,8.128264316,depth_measurements_N (1).csv,sudden_jump
North,depth,N_depth_main,2025-01-07 11:12:00,7.987420248,depth_measurements_N (1).csv,sudden_jump
North,depth,N_depth_main,2025-01-07 11:30:00,8.357102016,depth_measurements_N (1).csv,sudden_jump
North,depth,N_depth_main,2025-01-07 11:48:00,8.216334679,depth_measurements_N (1).csv,sudden_jump
North,depth,N_depth_main,2025-01-07 12:06:00,8.415185443,depth_measurements_N (1).csv,sudden_jump
North,depth,N_depth_main,2025-01-07 12:24:00,8.535947747,depth_measurements_N (1).csv,sudden_jump
North,depth,N_depth_main,2025-01-07 23:49:00,9.129029408,depth_measurements_N (1).csv,sudden_jump
North,depth,N_depth_main,2025-02-07 01:31:00,9.254748879,depth_measurements_N (1).csv,sudden_jump
North,depth,N_depth_main,2025-03-07 01:11:00,9.139292003,depth_measurements_N (1).csv,sudden_jump
North,depth,N_depth_main,2025-03-07 06:39:00,9.268483788,depth_measurements_N (1).csv,sudden_jump
North,depth,N_depth_main,2025-06-13 09:54:00,10.14728292,depth_measurements_N (1).csv,sudden_jump
North,depth,N_depth_main,2025-06-13 10:02:00,9.688273628,depth_measurements_N (1).csv,sudden_jump
North,depth,N_depth_main,2025-06-15 17:10:00,9.555191493,depth_measurements_N (1).csv,sudden_jump
North,depth,N_depth_main,2025-06-25 06:47:00,9.500957232,depth_measurements_N (1).csv,sudden_jump
North,depth,N_depth_main,2025-06-27 07:54:00,9.306691452,depth_measurements_N (1).csv,sudden_jump
North,depth,N_depth_main,2025-06-27 11:29:00,9.534696219,depth_measurements_N (1).csv,sudden_jump
North,depth,N_depth_main,2025-06-29 10:54:00,9.408382893,depth_measurements_N (1).csv,sudden_jump
North,depth,N_depth_main,2025-06-30 01:45:00,9.304936196,depth_measurements_N (1).csv,sudden_jump
North,depth,N_depth_main,2025-06-30 06:55:00,9.09948336,depth_measurements_N (1).csv,sudden_jump
North,depth,N_depth_main,2025-06-30 09:04:00,9.233100805,depth_measurements_N (1).csv,sudden_jump
North,depth,N_depth_main,2025-06-30 09:40:00,9.339808975,depth_measurements_N (1).csv,sudden_jump
North,depth,N_depth_main,2025-06-30 09:58:00,9.213390702,depth_measurements_N (1).csv,sudden_jump
North,depth,N_depth_main,2025-06-30 17:48:00,9.402844557,depth_measurements_N (1).csv,sudden_jump
North,depth,N_depth_main,2025-06-30 20:59:00,9.031205358,depth_measurements_N (1).csv,sudden_jump
North,depth,N_depth_main,2025-06-30 23:35:00,8.725177997,depth_measurements_N (1).csv,sudden_jump
North,depth,N_depth_main,2025-07-04 11:32:00,9.36542184,depth_measurements_N (1).csv,sudden_jump
North,depth,N_depth_main,2025-07-04 21:47:00,9.487201928,depth_measurements_N (1).csv,sudden_jump
North,depth,N_depth_main,2025-07-06 07:51:00,9.060605641,depth_measurements_N (1).csv,sudden_jump
North,depth,N_depth_main,2025-07-06 14:21:00,8.970517574,depth_measurements_N (1).csv,sudden_jump
North,depth,N_depth_main,2025-07-06 15:29:00,7.455129738,depth_measurements_N (1).csv,sudden_jump
North,depth,N_depth_main,2025-07-06 15:47:00,9.063076888,depth_measurements_N (1).csv,sudden_jump
North,depth,N_depth_main,2025-07-06 17:48:00,7.444850078,depth_measurements_N (1).csv,sudden_jump
North,depth,N_depth_main,2025-07-06 18:06:00,9.0987748,depth_measurements_N (1).csv,sudden_jump
North,depth,N_depth_main,2025-07-06 19:32:00,7.48717353,depth_measurements_N (1).csv,sudden_jump
North,depth,N_depth_main,2025-07-06 20:05:00,9.227436075,depth_measurements_N (1).csv,sudden_jump
North,depth,N_depth_main,2025-07-06 21:44:00,7.443060228,depth_measurements_N (1).csv,sudden_jump
North,depth,N_depth_main,2025-07-06 22:00:00,9.260234267,depth_measurements_N (1).csv,sudden_jump
North,depth,N_depth_main,2025-07-07 06:48:00,9.348717033,depth_measurements_N (1).csv,sudden_jump
North,depth,N_depth_main,2025-07-08 16:38:00,9.329853644,depth_measurements_N (1).csv,sudden_jump
North,depth,N_depth_main,2025-07-11 07:11:00,9.319971222,depth_measurements_N (1).csv,sudden_jump
North,depth,N_depth_main,2025-07-11 10:03:00,9.235726385,depth_measurements_N (1).csv,sudden_jump
North,depth,N_depth_main,2025-07-11 18:25:00,9.414805694,depth_measurements_N (1).csv,sudden_jump
North,depth,N_depth_main,2025-07-12 10:32:00,9.295145517,depth_measurements_N (1).csv,sudden_jump
North,depth,N_depth_main,2025-07-12 16:35:00,9.36970587,depth_measurements_N (1).csv,sudden_jump
North,depth,N_depth_main,2025-07-14 20:15:00,9.233212292,depth_measurements_N (1).csv,sudden_jump
North,depth,N_depth_main,2025-07-15 06:54:00,9.392055844,depth_measurements_N (1).csv,sudden_jump
North,depth,N_depth_main,2025-07-16 19:25:00,9.165810338,depth_measurements_N (1).csv,sudden_jump
North,depth,N_depth_main,2025-07-16 19:42:00,8.652231188,depth_measurements_N (1).csv,sudden_jump
North,depth,N_depth_main,2025-07-17 07:23:00,9.265857584,depth_measurements_N (1).csv,sudden_jump
North,depth,N_depth_main,2025-07-18 12:49:00,9.375661232,depth_measurements_N (1).csv,sudden_jump
North,depth,N_depth_main,2025-07-21 09:23:00,8.530303838,depth_measurements_N (1).csv,sudden_jump
North,depth,N_depth_main,2025-07-21 10:24:00,8.663573601,depth_measurements_N (1).csv,sudden_jump
North,depth,N_depth_main,2025-07-21 16:28:00,8.697771704,depth_measurements_N (1).csv,sudden_jump
North,depth,N_depth_main,2025-07-22 09:16:00,9.088532455,depth_measurements_N (1).csv,sudden_jump
North,depth,N_depth_main,2025-07-22 09:51:00,7.446465066,depth_measurements_N (1).csv,sudden_jump
North,depth,N_depth_main,2025-07-22 10:08:00,9.026704686,depth_measurements_N (1).csv,sudden_jump
North,depth,N_depth_main,2025-07-22 10:43:00,7.496505989,depth_measurements_N (1).csv,sudden_jump
North,depth,N_depth_main,2025-07-22 11:00:00,9.07359329,depth_measurements_N (1).csv,sudden_jump
North,depth,N_depth_main,2025-07-22 12:09:00,8.981844323,depth_measurements_N (1).csv,sudden_jump
North,depth,N_depth_main,2025-07-22 13:36:00,8.914347976,depth_measurements_N (1).csv,sudden_jump
North,depth,N_depth_main,2025-07-22 13:53:00,9.06284137,depth_measurements_N (1).csv,sudden_jump
North,depth,N_depth_main,2025-07-22 16:13:00,9.073245415,depth_measurements_N (1).csv,sudden_jump
North,depth,N_depth_main,2025-07-22 19:06:00,9.007980509,depth_measurements_N (1).csv,sudden_jump
North,depth,N_depth_main,2025-07-22 19:22:00,9.210352603,depth_measurements_N (1).csv,sudden_jump
North,depth,N_depth_main,2025-07-23 07:52:00,9.078170121,depth_measurements_N (1).csv,sudden_jump
North,depth,N_depth_main,2025-07-23 09:51:00,7.445915385,depth_measurements_N (1).csv,sudden_jump
North,depth,N_depth_main,2025-07-23 10:26:00,9.273034306,depth_measurements_N (1).csv,sudden_jump
North,depth,N_depth_main,2025-07-23 10:43:00,9.14013479,depth_measurements_N (1).csv,sudden_jump
North,depth,N_depth_main,2025-07-23 12:10:00,9.169349243,depth_measurements_N (1).csv,sudden_jump
North,depth,N_depth_main,2025-07-23 12:45:00,7.467603113,depth_measurements_N (1).csv,sudden_jump
North,depth,N_depth_main,2025-07-23 13:02:00,9.264752701,depth_measurements_N (1).csv,sudden_jump
North,depth,N_depth_main,2025-07-23 13:37:00,7.434151019,depth_measurements_N (1).csv,sudden_jump
North,depth,N_depth_main,2025-07-23 13:55:00,9.206595188,depth_measurements_N (1).csv,sudden_jump
North,depth,N_depth_main,2025-07-23 14:29:00,9.27023117,depth_measurements_N (1).csv,sudden_jump
North,depth,N_depth_main,2025-07-23 17:41:00,7.464834152,depth_measurements_N (1).csv,sudden_jump
North,depth,N_depth_main,2025-07-23 17:58:00,9.338007861,depth_measurements_N (1).csv,sudden_jump
North,depth,N_depth_main,2025-07-23 18:33:00,9.13493001,depth_measurements_N (1).csv,sudden_jump
North,depth,N_depth_main,2025-07-23 18:50:00,9.253764482,depth_measurements_N (1).csv,sudden_jump
North,depth,N_depth_main,2025-07-27 14:05:07,9.299158661451076,depth_measurements_N (1).csv,sudden_jump
North,depth,N_depth_main,2025-07-28 15:25:56,9.21992563648183,depth_measurements_N (1).csv,sudden_jump
North,depth,N_depth_main,2025-07-28 15:43:29,9.339810178442775,depth_measurements_N (1).csv,sudden_jump
North,depth,N_depth_main,2025-07-29 10:20:22,8.484070463701547,depth_measurements_N (1).csv,sudden_jump
North,depth,N_depth_main,2025-07-30 09:41:46,8.75623997685737,depth_measurements_N (1).csv,sudden_jump
North,depth,N_depth_main,2025-07-30 12:43:58,8.630425008228848,depth_measurements_N (1).csv,sudden_jump
North,depth,N_depth_main,2025-08-01 16:06:40,8.520983589647862,depth_measurements_N (1).csv,sudden_jump
North,depth,N_depth_main,2025-08-06 18:31:32,8.469906630307232,depth_measurements_N (1).csv,sudden_jump
North,depth,N_depth_main,2025-08-07 03:10:01,8.622880753865225,depth_measurements_N (1).csv,sudden_jump
North,depth,N_depth_main,2025-08-07 18:44:32,8.75966227716866,depth_measurements_N (1).csv,sudden_jump
North,depth,N_depth_main,2025-08-09 09:53:28,8.845057592043288,depth_measurements_N (1).csv,sudden_jump
North,depth,N_depth_main,2025-08-18 13:56:25,7.707535939887713,depth_measurements_N (1).csv,sudden_jump
North,depth,N_depth_main,2025-08-18 15:22:13,7.635703627605129,depth_measurements_N (1).csv,sudden_jump
North,depth,N_depth_main,2025-08-18 15:39:23,7.822012204073441,depth_measurements_N (1).csv,sudden_jump
North,depth,N_depth_main,2025-08-18 15:56:30,7.608835971509546,depth_measurements_N (1).csv,sudden_jump
North,depth,N_depth_main,2025-08-18 16:13:39,7.736690266194394,depth_measurements_N (1).csv,sudden_jump
North,depth,N_depth_main,2025-08-18 18:30:56,7.839878673050016,depth_measurements_N (1).csv,sudden_jump
North,depth,N_depth_main,2025-08-18 20:27:22,7.5789521815166365,depth_measurements_N (1).csv,sudden_jump
North,depth,N_depth_main,2025-08-18 20:43:45,7.738264030386986,depth_measurements_N (1).csv,sudden_jump
North,depth,N_depth_main,2025-08-18 22:54:53,7.483203378052715,depth_measurements_N (1).csv,sudden_jump
North,depth,N_depth_main,2025-08-18 23:11:16,7.751919685224097,depth_measurements_N (1).csv,sudden_jump
North,depth,N_depth_main,2025-08-19 04:39:08,7.758450684929274,depth_measurements_N (1).csv,sudden_jump
North,depth,N_depth_main,2025-08-19 13:28:52,7.825426534307278,depth_measurements_N (1).csv,sudden_jump
North,depth,N_depth_main,2025-08-19 14:37:58,7.807845768361047,depth_measurements_N (1).csv,sudden_jump
North,depth,N_depth_main,2025-08-19 15:47:04,7.978631879626156,depth_measurements_N (1).csv,sudden_jump
North,depth,N_depth_main,2025-08-19 16:21:31,7.45679741253186,depth_measurements_N (1).csv,sudden_jump
North,depth,N_depth_main,2025-08-19 16:38:42,7.967452630251621,depth_measurements_N (1).csv,sudden_jump
North,depth,N_depth_main,2025-08-19 20:02:51,7.510778433514021,depth_measurements_N (1).csv,sudden_jump
North,depth,N_depth_main,2025-08-19 20:19:14,7.943378692740856,depth_measurements_N (1).csv,sudden_jump
North,depth,N_depth_main,2025-08-19 20:35:38,7.816978848059839,depth_measurements_N (1).csv,sudden_jump
North,depth,N_depth_main,2025-08-19 20:52:02,7.451754485398181,depth_measurements_N (1).csv,sudden_jump
North,depth,N_depth_main,2025-08-19 21:24:48,7.820763307157273,depth_measurements_N (1).csv,sudden_jump
North,depth,N_depth_main,2025-08-19 22:29:56,7.423916368468181,depth_measurements_N (1).csv,sudden_jump
North,depth,N_depth_main,2025-08-19 22:46:20,7.542434530289055,depth_measurements_N (1).csv,sudden_jump
North,depth,N_depth_main,2025-08-19 23:02:43,7.408034477709563,depth_measurements_N (1).csv,sudden_jump
North,depth,N_depth_main,2025-08-19 23:19:06,7.867639374217393,depth_measurements_N (1).csv,sudden_jump
North,depth,N_depth_main,2025-08-20 00:24:43,7.848284516784501,depth_measurements_N (1).csv,sudden_jump
North,depth,N_depth_main,2025-08-20 02:19:44,7.60870947786165,depth_measurements_N (1).csv,sudden_jump
North,depth,N_depth_main,2025-08-20 04:14:08,7.624920335730871,depth_measurements_N (1).csv,sudden_jump
North,depth,N_depth_main,2025-08-20 05:03:19,7.384619164338108,depth_measurements_N (1).csv,sudden_jump
North,depth,N_depth_main,2025-08-20 06:10:38,7.565941680465939,depth_measurements_N (1).csv,sudden_jump
North,depth,N_depth_main,2025-08-20 07:01:52,7.55358609623247,depth_measurements_N (1).csv,sudden_jump
North,depth,N_depth_main,2025-08-20 21:47:25,7.895108255179299,depth_measurements_N (1).csv,sudden_jump
North,depth,N_depth_main,2025-08-22 21:54:54,7.809918249098915,depth_measurements_N (1).csv,sudden_jump
North,depth,N_depth_main,2025-08-24 00:29:43,7.608347944238928,depth_measurements_N (1).csv,sudden_jump
North,depth,N_depth_main,2025-08-24 02:41:00,7.417355013966893,depth_measurements_N (1).csv,sudden_jump
North,depth,N_depth_main,2025-08-24 03:46:35,7.764704873252983,depth_measurements_N (1).csv,sudden_jump
North,depth,N_depth_main,2025-08-24 04:52:11,8.088889371015668,depth_measurements_N (1).csv,sudden_jump
North,depth,N_depth_main,2025-08-24 05:25:26,8.137102755585687,depth_measurements_N (1).csv,sudden_jump
North,depth,N_depth_main,2025-08-24 17:09:27,7.592398042940213,depth_measurements_N (1).csv,sudden_jump
North,depth,N_depth_main,2025-08-24 17:26:39,7.237087133267362,depth_measurements_N (1).csv,sudden_jump
North,depth,N_depth_main,2025-08-24 19:26:33,7.592189352817349,depth_measurements_N (1).csv,sudden_jump
North,depth,N_depth_main,2025-08-24 19:42:57,7.456621990666201,depth_measurements_N (1).csv,sudden_jump
North,depth,N_depth_main,2025-08-24 19:59:20,7.579859236881539,depth_measurements_N (1).csv,sudden_jump
North,depth,N_depth_main,2025-08-25 02:16:51,7.860976574432254,depth_measurements_N (1).csv,sudden_jump
North,depth,N_depth_main,2025-08-25 03:06:08,7.64866856416082,depth_measurements_N (1).csv,sudden_jump
North,depth,N_depth_main,2025-08-25 03:22:33,7.81268428302569,depth_measurements_N (1).csv,sudden_jump
North,depth,N_depth_main,2025-08-25 14:10:37,7.592783935678022,depth_measurements_N (1).csv,sudden_jump
North,depth,N_depth_main,2025-08-26 09:43:12,7.81944752089491,depth_measurements_N (1).csv,sudden_jump
North,depth,N_depth_main,2025-08-28 02:33:18,7.613751504151956,depth_measurements_N (1).csv,sudden_jump
North,depth,N_depth_main,2025-08-28 02:49:49,7.26507135835707,depth_measurements_N (1).csv,sudden_jump
North,depth,N_depth_main,2025-08-28 04:11:48,7.4166566700037935,depth_measurements_N (1).csv,sudden_jump
North,depth,N_depth_main,2025-08-28 17:33:55,7.922165258296789,depth_measurements_N (1).csv,sudden_jump
North,depth,N_depth_main,2025-08-28 23:41:29,7.81833721271841,depth_measurements_N (1).csv,sudden_jump
North,depth,N_depth_main,2025-08-29 00:47:23,7.543750575959281,depth_measurements_N (1).csv,sudden_jump
North,depth,N_depth_main,2025-08-29 01:19:52,7.226260601573957,depth_measurements_N (1).csv,sudden_jump
North,depth,N_depth_main,2025-08-29 01:36:18,6.978775392930605,depth_measurements_N (1).csv,sudden_jump
North,depth,N_depth_main,2025-08-29 02:09:14,6.844523006044112,depth_measurements_N (1).csv,sudden_jump
North,depth,N_depth_main,2025-08-29 02:25:39,7.185140813719263,depth_measurements_N (1).csv,sudden_jump
North,depth,N_depth_main,2025-08-29 02:58:30,7.377108360568614,depth_measurements_N (1).csv,sudden_jump
North,depth,N_depth_main,2025-08-29 04:53:28,7.3443832904782225,depth_measurements_N (1).csv,sudden_jump
North,depth,N_depth_main,2025-08-29 06:32:27,7.447498863125394,depth_measurements_N (1).csv,sudden_jump
North,depth,N_depth_main,2025-08-29 21:06:18,7.526533810190696,depth_measurements_N (1).csv,sudden_jump
North,depth,N_depth_main,2025-08-29 21:55:38,7.248476850230352,depth_measurements_N (1).csv,sudden_jump
North,depth,N_depth_main,2025-08-29 22:28:31,6.870654303098012,depth_measurements_N (1).csv,sudden_jump
North,depth,N_depth_main,2025-08-29 22:44:57,6.653134037999919,depth_measurements_N (1).csv,sudden_jump
North,depth,N_depth_main,2025-08-29 23:01:22,7.186966833332602,depth_measurements_N (1).csv,sudden_jump
North,depth,N_depth_main,2025-08-29 23:17:51,7.3684955835329475,depth_measurements_N (1).csv,sudden_jump
North,depth,N_depth_main,2025-08-30 00:07:18,7.602010000228541,depth_measurements_N (1).csv,sudden_jump
North,depth,N_depth_main,2025-08-30 02:22:31,7.688643692066954,depth_measurements_N (1).csv,sudden_jump
North,depth,N_depth_main,2025-08-31 08:17:35,8.112564212062066,depth_measurements_N (1).csv,sudden_jump
North,depth,N_depth_main,2025-09-01 06:40:53,8.002401481943473,depth_measurements_N (1).csv,sudden_jump
North,depth,N_depth_main,2025-09-02 21:08:06,7.921973834319229,depth_measurements_N (1).csv,sudden_jump
North,depth,N_depth_main,2025-09-03 07:47:57,7.847036078251495,depth_measurements_N (1).csv,sudden_jump
North,depth,N_depth_main,2025-09-04 04:53:38,8.00628104234159,depth_measurements_N (1).csv,sudden_jump
North,depth,N_depth_main,2025-09-04 10:22:42,7.834452339428553,depth_measurements_N (1).csv,sudden_jump
North,depth,N_depth_main,2025-09-06 01:27:25,8.01677644616299,depth_measurements_N (1).csv,sudden_jump
North,depth,N_depth_main,2025-09-10 04:41:53,8.195516245319812,depth_measurements_N (1).csv,sudden_jump
North,depth,N_depth_main,2025-09-11 01:41:07,7.7762243924198735,depth_measurements_N (1).csv,sudden_jump
North,depth,N_depth_main,2025-09-11 02:30:22,8.086943603689864,depth_measurements_N (1).csv,sudden_jump
North,depth,N_depth_main,2025-09-12 07:52:48,8.36830322212737,depth_measurements_N (1).csv,sudden_jump
North,depth,N_depth_main,2025-09-16 01:26:54,7.203736767210806,depth_measurements_N (1).csv,sudden_jump
North,depth,N_depth_main,2025-09-16 01:43:20,6.779420815797687,depth_measurements_N (1).csv,sudden_jump
North,depth,N_depth_main,2025-09-16 01:59:43,7.305981704342808,depth_measurements_N (1).csv,sudden_jump
North,depth,N_depth_main,2025-09-16 02:16:07,7.530850274770493,depth_measurements_N (1).csv,sudden_jump
North,depth,N_depth_main,2025-09-16 02:32:32,7.757253636648204,depth_measurements_N (1).csv,sudden_jump
North,depth,N_depth_main,2025-09-16 03:05:19,7.974039182267189,depth_measurements_N (1).csv,sudden_jump
North,depth,N_depth_main,2025-09-16 04:43:45,8.064268594362344,depth_measurements_N (1).csv,sudden_jump
North,depth,N_depth_main,2025-09-17 02:43:04,8.417579848779484,depth_measurements_N (1).csv,sudden_jump
North,depth,N_depth_main,2025-09-17 02:59:28,8.244025369679399,depth_measurements_N (1).csv,sudden_jump
North,depth,N_depth_main,2025-09-17 23:22:06,8.369299923279515,depth_measurements_N (1).csv,sudden_jump
North,depth,N_depth_main,2025-09-18 00:11:21,8.376238854324257,depth_measurements_N (1).csv,sudden_jump
North,depth,N_depth_main,2025-09-18 07:18:05,8.234400867458998,depth_measurements_N (1).csv,sudden_jump
North,depth,N_depth_main,2025-09-28 16:22:28,7.646657674419095,depth_measurements_N (1).csv,sudden_jump
North,depth,N_depth_main,2025-09-28 16:51:33,8.508061716199526,depth_measurements_N (1).csv,sudden_jump
North,depth,N_depth_main,2025-10-01 05:46:26,8.529534986122059,depth_measurements_N (1).csv,sudden_jump
North,depth,N_depth_main,2025-10-05 09:54:14,8.339394558932964,depth_measurements_N (1).csv,sudden_jump
North,depth,N_depth_main,2025-10-05 18:29:20,8.516086768769883,depth_measurements_N (1).csv,sudden_jump
North,depth,N_depth_main,2025-10-22 03:17:56,8.419711326803034,depth_measurements_N (1).csv,sudden_jump
North,depth,N_depth_main,2025-10-22 03:34:20,8.548968338864746,depth_measurements_N (1).csv,sudden_jump
North,depth,N_depth_main,2025-10-31 06:40:32,8.588529193882652,depth_measurements_N (1).csv,sudden_jump
North,depth,N_depth_main,2025-12-02 21:12:08,8.638375333212247,depth_measurements_N (1).csv,sudden_jump
North,depth,N_depth_main,2025-12-07 23:03:14,8.544930881314384,depth_measurements_N (1).csv,sudden_jump
North,depth,N_depth_main,2025-12-10 09:37:49,8.517776326458376,depth_measurements_N (1).csv,sudden_jump
North,depth,N_depth_main,2026-01-03 03:59:30,8.673107214146219,depth_measurements_N (1).csv,sudden_jump
North,depth,N_depth_main,2026-01-14 10:59:00,8.915215890504866,depth_measurements_N (1).csv,sudden_jump
North,depth,N_depth_main,2026-01-14 10:59:39,8.617444871509521,depth_measurements_N (1).csv,sudden_jump
North,depth,N_depth_main,2026-01-14 11:15:50,8.908104083452432,depth_measurements_N (1).csv,sudden_jump
North,depth,N_depth_main,2026-01-14 11:32:49,8.584675890193704,depth_measurements_N (1).csv,sudden_jump
North,depth,N_depth_main,2026-01-14 11:49:48,8.704861617415688,depth_measurements_N (1).csv,sudden_jump
North,depth,N_depth_main,2026-01-14 13:31:41,8.804484698738468,depth_measurements_N (1).csv,sudden_jump
North,depth,N_depth_main,2026-01-14 13:48:33,8.670377485882174,depth_measurements_N (1).csv,sudden_jump
North,depth,N_depth_main,2026-01-14 14:05:38,8.882529479127042,depth_measurements_N (1).csv,sudden_jump
North,depth,N_depth_main,2026-01-14 14:39:40,8.902197429561703,depth_measurements_N (1).csv,sudden_jump
North,depth,N_depth_main,2026-01-14 17:13:09,8.963392314630696,depth_measurements_N (1).csv,sudden_jump
North,depth,N_depth_main,2026-01-14 17:30:17,8.721077733565838,depth_measurements_N (1).csv,sudden_jump
North,depth,N_depth_main,2026-01-14 18:38:43,8.819574151261252,depth_measurements_N (1).csv,sudden_jump
North,depth,N_depth_main,2026-01-14 18:52:47,8.628949881799572,depth_measurements_N (1).csv,sudden_jump
North,depth,N_depth_main,2026-01-14 18:55:48,8.84347903327135,depth_measurements_N (1).csv,sudden_jump
North,depth,N_depth_main,2026-01-14 19:09:45,8.631089647723543,depth_measurements_N (1).csv,sudden_jump
North,depth,N_depth_main,2026-01-16 00:21:00,8.80969586162946,depth_measurements_N (1).csv,sudden_jump
North,depth,N_depth_main,2026-01-16 00:21:46,8.596122921590775,depth_measurements_N (1).csv,sudden_jump
North,depth,N_depth_main,2026-01-16 00:37:57,8.880233425272609,depth_measurements_N (1).csv,sudden_jump
North,depth,N_depth_main,2026-01-16 00:38:33,8.56429869397362,depth_measurements_N (1).csv,sudden_jump
North,depth,N_depth_main,2026-01-16 00:54:59,8.800001992659075,depth_measurements_N (1).csv,sudden_jump
North,depth,N_depth_main,2026-01-16 00:55:27,8.669042312705887,depth_measurements_N (1).csv,sudden_jump
North,depth,N_depth_main,2026-01-16 01:45:59,8.858731331614797,depth_measurements_N (1).csv,sudden_jump
North,depth,N_depth_main,2026-01-16 02:02:52,8.696366611952726,depth_measurements_N (1).csv,sudden_jump
North,depth,N_depth_main,2026-01-16 02:19:43,8.854073959535533,depth_measurements_N (1).csv,sudden_jump
North,depth,N_depth_main,2026-01-16 03:27:15,8.63396997509353,depth_measurements_N (1).csv,sudden_jump
North,depth,N_depth_main,2026-01-16 04:52:39,8.692505029681891,depth_measurements_N (1).csv,sudden_jump
North,depth,N_depth_main,2026-01-16 07:09:16,8.811443014512358,depth_measurements_N (1).csv,sudden_jump
North,depth,N_depth_main,2026-01-16 07:26:07,8.668321924568808,depth_measurements_N (1).csv,sudden_jump
North,depth,N_depth_main,2026-01-16 07:43:10,8.792636533077426,depth_measurements_N (1).csv,sudden_jump
North,depth,N_depth_main,2026-01-16 08:34:18,8.803107662272957,depth_measurements_N (1).csv,sudden_jump
North,depth,N_depth_main,2026-01-17 07:31:32,8.685782986110905,depth_measurements_N (1).csv,sudden_jump
North,depth,N_depth_main,2026-01-17 19:25:06,8.71164884950001,depth_measurements_N (1).csv,sudden_jump
North,depth,N_depth_main,2026-01-18 07:31:32,8.685782986110905,depth_measurements_N (1).csv,sudden_jump
North,depth,N_depth_main,2026-01-20 21:24:00,8.870559021695524,depth_measurements_N (1).csv,sudden_jump
North,depth,N_depth_main,2026-01-20 21:24:17,8.612936855992125,depth_measurements_N (1).csv,sudden_jump
North,depth,N_depth_main,2026-01-20 21:40:55,8.752210759461107,depth_measurements_N (1).csv,sudden_jump
North,depth,N_depth_main,2026-01-20 22:49:06,8.549639062313085,depth_measurements_N (1).csv,sudden_jump
North,depth,N_depth_main,2026-01-26 19:06:01,8.690831813598173,depth_measurements_N (1).csv,sudden_jump
North,depth,N_depth_main,2026-01-27 19:46:28,8.653266080811267,depth_measurements_N (1).csv,sudden_jump
North,depth,N_depth_main,2026-01-28 01:26:22,8.429652081146868,depth_measurements_N (1).csv,sudden_jump
North,depth,N_depth_main,2026-01-28 03:24:34,8.6515246713803,depth_measurements_N (1).csv,sudden_jump
North,depth,N_depth_main,2026-01-28 03:41:27,8.47768008631386,depth_measurements_N (1).csv,sudden_jump
North,depth,N_depth_main,2026-01-28 17:36:05,8.541857104473971,depth_measurements_N (1).csv,sudden_jump
North,depth,N_depth_main,2026-01-31 02:23:05,8.641647364820424,depth_measurements_N (1).csv,sudden_jump
North,depth,N_depth_main,2026-01-31 04:05:06,8.533782457833343,depth_measurements_N (1).csv,sudden_jump
North,depth,N_depth_main,2026-01-31 07:12:34,8.516906862834002,depth_measurements_N (1).csv,sudden_jump
North,depth,N_depth_main,2026-02-02 13:55:57,8.5633477567565,depth_measurements_N (1).csv,sudden_jump
North,depth,N_depth_main,2026-02-02 17:57:41,8.563317616386517,depth_measurements_N (1).csv,sudden_jump
North,depth,N_depth_main,2026-02-04 14:21:25,8.759169955359804,depth_measurements_N (1).csv,sudden_jump
North,depth,N_depth_main,2026-02-04 15:45:55,8.798327763442625,depth_measurements_N (1).csv,sudden_jump
North,depth,N_depth_main,2026-02-04 16:14:05,8.929379325771352,depth_measurements_N (1).csv,sudden_jump
North,depth,N_depth_main,2026-02-04 16:23:28,8.800704362005629,depth_measurements_N (1).csv,sudden_jump
North,depth,N_depth_main,2026-02-04 16:51:38,8.625037214553716,depth_measurements_N (1).csv,sudden_jump
North,depth,N_depth_main,2026-02-04 17:01:01,8.898220622057982,depth_measurements_N (1).csv,sudden_jump
North,depth,N_depth_main,2026-02-04 17:10:25,8.648770390481248,depth_measurements_N (1).csv,sudden_jump
North,depth,N_depth_main,2026-02-04 17:29:11,8.90643120442707,depth_measurements_N (1).csv,sudden_jump
North,depth,N_depth_main,2026-02-04 17:57:21,8.674184611636624,depth_measurements_N (1).csv,sudden_jump
North,depth,N_depth_main,2026-02-04 18:16:08,8.811177227689704,depth_measurements_N (1).csv,sudden_jump
North,depth,N_depth_main,2026-02-04 19:21:51,8.633542014763062,depth_measurements_N (1).csv,sudden_jump
North,depth,N_depth_main,2026-02-04 19:40:38,8.82543357617911,depth_measurements_N (1).csv,sudden_jump
North,depth,N_depth_main,2026-02-04 19:59:25,8.59467250026144,depth_measurements_N (1).csv,sudden_jump
North,depth,N_depth_main,2026-02-04 20:08:48,8.73808697450039,depth_measurements_N (1).csv,sudden_jump
North,depth,N_depth_main,2026-02-04 21:05:08,8.645738476667628,depth_measurements_N (1).csv,sudden_jump
North,depth,N_depth_main,2026-02-04 21:14:31,8.76543944289907,depth_measurements_N (1).csv,sudden_jump
North,depth,N_depth_main,2026-02-04 21:23:55,8.624272721576837,depth_measurements_N (1).csv,sudden_jump
North,depth,N_depth_main,2026-02-04 21:52:05,8.899562087934697,depth_measurements_N (1).csv,sudden_jump
North,depth,N_depth_main,2026-02-04 22:01:28,8.628166291253919,depth_measurements_N (1).csv,sudden_jump
North,depth,N_depth_main,2026-02-04 22:29:38,8.719721095280482,depth_measurements_N (1).csv,sudden_jump
North,depth,N_depth_main,2026-02-04 22:48:25,8.806067287310144,depth_measurements_N (1).csv,sudden_jump
North,depth,N_depth_main,2026-02-04 23:25:58,8.64284121227634,depth_measurements_N (1).csv,sudden_jump
North,depth,N_depth_main,2026-02-05 00:03:31,8.806772984304786,depth_measurements_N (1).csv,sudden_jump
North,depth,N_depth_main,2026-02-05 01:18:38,8.587036965005579,depth_measurements_N (1).csv,sudden_jump
North,depth,N_depth_main,2026-02-05 01:37:25,8.780562634302626,depth_measurements_N (1).csv,sudden_jump
North,depth,N_depth_main,2026-02-05 01:46:48,8.645344800499581,depth_measurements_N (1).csv,sudden_jump
North,depth,N_depth_main,2026-02-05 02:14:58,8.816247142936826,depth_measurements_N (1).csv,sudden_jump
North,depth,N_depth_main,2026-02-05 02:24:21,8.696389811972805,depth_measurements_N (1).csv,sudden_jump
North,depth,N_depth_main,2026-02-05 03:30:05,8.773748777965858,depth_measurements_N (1).csv,sudden_jump
North,depth,N_depth_main,2026-02-05 03:58:15,8.797433452322965,depth_measurements_N (1).csv,sudden_jump
North,depth,N_depth_main,2026-02-05 04:17:01,8.720447849174537,depth_measurements_N (1).csv,sudden_jump
North,depth,N_depth_main,2026-02-05 06:28:28,8.584950792960754,depth_measurements_N (1).csv,sudden_jump
North,depth,N_depth_main,2026-02-05 08:02:21,8.659096917980156,depth_measurements_N (1).csv,sudden_jump
North,depth,N_depth_main,2026-02-05 08:21:08,8.616901230118396,depth_measurements_N (1).csv,sudden_jump
North,depth,N_depth_main,2026-02-05 08:39:55,8.851667614738062,depth_measurements_N (1).csv,sudden_jump
North,depth,N_depth_main,2026-02-05 08:58:41,8.60725474264223,depth_measurements_N (1).csv,sudden_jump
North,depth,N_depth_main,2026-02-05 09:17:28,8.899901679577718,depth_measurements_N (1).csv,sudden_jump
North,depth,N_depth_main,2026-02-05 09:26:51,8.741257884260339,depth_measurements_N (1).csv,sudden_jump
North,depth,N_depth_main,2026-02-05 10:04:25,8.600360413479494,depth_measurements_N (1).csv,sudden_jump
North,depth,N_depth_main,2026-02-05 10:13:48,8.741288461841716,depth_measurements_N (1).csv,sudden_jump
North,depth,N_depth_main,2026-02-05 10:23:11,8.888211266074084,depth_measurements_N (1).csv,sudden_jump
North,depth,N_depth_main,2026-02-05 10:41:58,8.62905192364889,depth_measurements_N (1).csv,sudden_jump
North,depth,N_depth_main,2026-02-05 10:51:21,8.797190722697495,depth_measurements_N (1).csv,sudden_jump
North,depth,N_depth_main,2026-02-05 11:28:55,8.650362062421161,depth_measurements_N (1).csv,sudden_jump
North,depth,N_depth_main,2026-02-05 11:47:41,8.529690557546264,depth_measurements_N (1).csv,sudden_jump
North,depth,N_depth_main,2026-02-05 11:57:05,8.84216067097029,depth_measurements_N (1).csv,sudden_jump
North,depth,N_depth_main,2026-02-05 13:12:11,8.736714383666014,depth_measurements_N (1).csv,sudden_jump
North,depth,N_depth_main,2026-02-05 14:27:18,8.884869106894927,depth_measurements_N (1).csv,sudden_jump
North,depth,N_depth_main,2026-02-05 14:36:41,8.695567093804344,depth_measurements_N (1).csv,sudden_jump
North,depth,N_depth_main,2026-02-05 16:01:11,8.634491271903897,depth_measurements_N (1).csv,sudden_jump
North,depth,N_depth_main,2026-02-05 16:29:21,8.8464832619236,depth_measurements_N (1).csv,sudden_jump
North,depth,N_depth_main,2026-02-05 16:38:45,8.688986592195045,depth_measurements_N (1).csv,sudden_jump
North,depth,N_depth_main,2026-02-05 17:06:55,8.665664424170007,depth_measurements_N (1).csv,sudden_jump
North,depth,N_depth_main,2026-02-05 17:35:05,8.579268870842197,depth_measurements_N (1).csv,sudden_jump
North,depth,N_depth_main,2026-02-05 17:44:28,8.905809535688128,depth_measurements_N (1).csv,sudden_jump
North,depth,N_depth_main,2026-02-05 18:12:38,8.851270230844404,depth_measurements_N (1).csv,sudden_jump
North,depth,N_depth_main,2026-02-05 18:22:01,8.67466754979401,depth_measurements_N (1).csv,sudden_jump
North,depth,N_depth_main,2026-02-05 18:40:48,8.776842333014843,depth_measurements_N (1).csv,sudden_jump
North,depth,N_depth_main,2026-02-05 19:18:21,8.870180112430315,depth_measurements_N (1).csv,sudden_jump
North,depth,N_depth_main,2026-02-05 19:27:45,8.705425037971684,depth_measurements_N (1).csv,sudden_jump
North,depth,N_depth_main,2026-02-05 19:37:08,8.836831085272742,depth_measurements_N (1).csv,sudden_jump
North,depth,N_depth_main,2026-02-05 20:33:28,8.685422951079218,depth_measurements_N (1).csv,sudden_jump
North,depth,N_depth_main,2026-02-05 23:31:51,8.836055743728547,depth_measurements_N (1).csv,sudden_jump
North,depth,N_depth_main,2026-02-05 23:41:15,8.600007123402479,depth_measurements_N (1).csv,sudden_jump
North,depth,N_depth_main,2026-02-06 00:00:01,8.749299864682136,depth_measurements_N (1).csv,sudden_jump
North,depth,N_depth_main,2026-02-06 00:56:21,8.822027091110956,depth_measurements_N (1).csv,sudden_jump
North,depth,N_depth_main,2026-02-06 02:58:25,8.867441354335217,depth_measurements_N (1).csv,sudden_jump
North,depth,N_depth_main,2026-02-06 03:17:11,8.57258686557389,depth_measurements_N (1).csv,sudden_jump
North,depth,N_depth_main,2026-02-06 03:26:35,8.749789461395594,depth_measurements_N (1).csv,sudden_jump
North,depth,N_depth_main,2026-02-06 04:41:41,8.679143835815818,depth_measurements_N (1).csv,sudden_jump
North,depth,N_depth_main,2026-02-06 05:09:51,8.691210913569279,depth_measurements_N (1).csv,sudden_jump
North,depth,N_depth_main,2026-02-06 05:28:38,8.738413899996461,depth_measurements_N (1).csv,sudden_jump
North,depth,N_depth_main,2026-02-06 05:38:01,8.890502405538527,depth_measurements_N (1).csv,sudden_jump
North,depth,N_depth_main,2026-02-06 08:27:01,8.628619012064622,depth_measurements_N (1).csv,sudden_jump
North,depth,N_depth_main,2026-02-06 08:36:25,8.749105494536124,depth_measurements_N (1).csv,sudden_jump
North,depth,N_depth_main,2026-02-06 09:04:35,8.631436990416152,depth_measurements_N (1).csv,sudden_jump
North,depth,N_depth_main,2026-02-06 10:10:18,8.875433856227307,depth_measurements_N (1).csv,sudden_jump
North,depth,N_depth_main,2026-02-06 10:19:41,8.725192813515791,depth_measurements_N (1).csv,sudden_jump
North,depth,N_depth_main,2026-02-06 10:38:28,8.697713060496163,depth_measurements_N (1).csv,sudden_jump
North,depth,N_depth_main,2026-02-06 11:34:48,8.927797349497679,depth_measurements_N (1).csv,sudden_jump
North,depth,N_depth_main,2026-02-06 11:44:11,8.70152401396678,depth_measurements_N (1).csv,sudden_jump
North,depth,N_depth_main,2026-02-06 12:31:08,8.634650838692687,depth_measurements_N (1).csv,sudden_jump
North,depth,N_depth_main,2026-02-06 12:59:18,8.712836654468079,depth_measurements_N (1).csv,sudden_jump
North,depth,N_depth_main,2026-02-06 13:27:28,8.691370327771235,depth_measurements_N (1).csv,sudden_jump
North,depth,N_depth_main,2026-02-06 14:05:01,8.963680780944868,depth_measurements_N (1).csv,sudden_jump
North,depth,N_depth_main,2026-02-06 14:14:25,8.611205677488046,depth_measurements_N (1).csv,sudden_jump
North,depth,N_depth_main,2026-02-06 15:01:21,8.671412963922414,depth_measurements_N (1).csv,sudden_jump
North,depth,N_depth_main,2026-02-06 15:10:45,8.851129957327185,depth_measurements_N (1).csv,sudden_jump
North,depth,N_depth_main,2026-02-08 00:26:53,8.60362551007732,depth_measurements_N (1).csv,sudden_jump
North,depth,N_depth_main,2026-02-22 01:22:02,8.53867783289243,depth_measurements_N (1).csv,sudden_jump
North,depth,N_depth_main,2026-02-22 13:24:42,8.577662651262875,depth_measurements_N (1).csv,sudden_jump
North,depth,N_depth_main,2026-03-08 19:42:56,8.756317956,depth_measurements_N (1).csv,sudden_jump
North,depth,N_depth_main,2026-03-08 20:01:42,8.855855874,depth_measurements_N (1).csv,sudden_jump
North,depth,N_depth_main,2026-03-08 22:13:04,8.787824323,depth_measurements_N (1).csv,sudden_jump
North,depth,N_depth_main,2026-03-08 22:22:27,8.651272516,depth_measurements_N (1).csv,sudden_jump
North,depth,N_depth_main,2026-03-08 22:41:13,8.249353779,depth_measurements_N (1).csv,sudden_jump
North,depth,N_depth_main,2026-03-08 22:59:59,7.854065311,depth_measurements_N (1).csv,sudden_jump
North,depth,N_depth_main,2026-03-08 23:09:22,8.125721306,depth_measurements_N (1).csv,sudden_jump
North,depth,N_depth_main,2026-03-08 23:28:08,8.282537007,depth_measurements_N (1).csv,sudden_jump
North,depth,N_depth_main,2026-03-09 00:43:12,8.128264316,depth_measurements_N (1).csv,sudden_jump
North,depth,N_depth_main,2026-03-09 00:52:35,7.987420248,depth_measurements_N (1).csv,sudden_jump
North,depth,N_depth_main,2026-03-09 01:01:58,8.357102016,depth_measurements_N (1).csv,sudden_jump
North,depth,N_depth_main,2026-03-09 01:11:21,8.216334679,depth_measurements_N (1).csv,sudden_jump
North,depth,N_depth_main,2026-03-09 01:20:44,8.415185443,depth_measurements_N (1).csv,sudden_jump
North,depth,N_depth_main,2026-03-09 01:30:07,8.535947747,depth_measurements_N (1).csv,sudden_jump
North,depth,N_depth_main,2026-03-09 06:49:09,9.129029408,depth_measurements_N (1).csv,sudden_jump
North,depth,N_depth_main,2026-03-09 06:58:32,9.254748879,depth_measurements_N (1).csv,sudden_jump
North,depth,N_depth_main,2026-03-09 17:55:22,9.139292003,depth_measurements_N (1).csv,sudden_jump
North,depth,N_depth_main,2026-03-09 20:25:30,9.268483788,depth_measurements_N (1).csv,sudden_jump
North,depth,N_depth_main,2026-03-10 02:03:18,10.14728292,depth_measurements_N (1).csv,sudden_jump
North,depth,N_depth_main,2026-03-10 02:12:41,9.688273628,depth_measurements_N (1).csv,sudden_jump
North,depth,N_depth_main,2026-03-12 23:57:39,9.555191493,depth_measurements_N (1).csv,sudden_jump
North,depth,N_depth_main,2026-03-19 16:43:43,9.500957232,depth_measurements_N (1).csv,sudden_jump
North,depth,N_depth_main,2026-03-20 09:08:58,9.306691452,depth_measurements_N (1).csv,sudden_jump
North,depth,N_depth_main,2026-03-20 09:18:21,9.534696219,depth_measurements_N (1).csv,sudden_jump
North,depth,N_depth_main,2026-03-20 23:13:28,9.408382893,depth_measurements_N (1).csv,sudden_jump
North,depth,N_depth_main,2026-03-21 06:06:20,9.304936196,depth_measurements_N (1).csv,sudden_jump
North,depth,N_depth_main,2026-03-21 08:27:05,9.09948336,depth_measurements_N (1).csv,sudden_jump
North,depth,N_depth_main,2026-03-21 09:23:23,9.233100805,depth_measurements_N (1).csv,sudden_jump
North,depth,N_depth_main,2026-03-21 09:42:09,9.339808975,depth_measurements_N (1).csv,sudden_jump
North,depth,N_depth_main,2026-03-21 09:51:32,9.213390702,depth_measurements_N (1).csv,sudden_jump
North,depth,N_depth_main,2026-03-21 13:55:30,9.402844557,depth_measurements_N (1).csv,sudden_jump
North,depth,N_depth_main,2026-03-21 15:10:34,9.031205358,depth_measurements_N (1).csv,sudden_jump
North,depth,N_depth_main,2026-03-21 15:57:29,8.725177997,depth_measurements_N (1).csv,sudden_jump
North,depth,N_depth_main,2026-03-21 16:16:15,9.36542184,depth_measurements_N (1).csv,sudden_jump
North,depth,N_depth_main,2026-03-22 03:13:05,9.487201928,depth_measurements_N (1).csv,sudden_jump
North,depth,N_depth_main,2026-03-23 05:20:06,9.060605641,depth_measurements_N (1).csv,sudden_jump
North,depth,N_depth_main,2026-03-23 10:57:54,8.970517574,depth_measurements_N (1).csv,sudden_jump
North,depth,N_depth_main,2026-03-23 12:12:58,7.455129738,depth_measurements_N (1).csv,sudden_jump
North,depth,N_depth_main,2026-03-23 12:31:44,9.063076888,depth_measurements_N (1).csv,sudden_jump
North,depth,N_depth_main,2026-03-23 13:56:11,7.444850078,depth_measurements_N (1).csv,sudden_jump
North,depth,N_depth_main,2026-03-23 14:14:57,9.0987748,depth_measurements_N (1).csv,sudden_jump
North,depth,N_depth_main,2026-03-23 15:48:47,7.48717353,depth_measurements_N (1).csv,sudden_jump
North,depth,N_depth_main,2026-03-23 16:07:33,9.227436075,depth_measurements_N (1).csv,sudden_jump
North,depth,N_depth_main,2026-03-23 17:41:23,7.443060228,depth_measurements_N (1).csv,sudden_jump
North,depth,N_depth_main,2026-03-23 18:00:09,9.260234267,depth_measurements_N (1).csv,sudden_jump
North,depth,N_depth_main,2026-03-23 19:33:59,9.348717033,depth_measurements_N (1).csv,sudden_jump
North,depth,N_depth_main,2026-03-24 20:07:10,9.329853644,depth_measurements_N (1).csv,sudden_jump
North,depth,N_depth_main,2026-03-25 17:42:04,9.319971222,depth_measurements_N (1).csv,sudden_jump
North,depth,N_depth_main,2026-03-25 20:49:44,9.235726385,depth_measurements_N (1).csv,sudden_jump
North,depth,N_depth_main,2026-03-26 05:44:35,9.414805694,depth_measurements_N (1).csv,sudden_jump
North,depth,N_depth_main,2026-03-26 15:26:21,9.295145517,depth_measurements_N (1).csv,sudden_jump
North,depth,N_depth_main,2026-03-26 22:00:27,9.36970587,depth_measurements_N (1).csv,sudden_jump
North,depth,N_depth_main,2026-03-28 09:58:37,9.233212292,depth_measurements_N (1).csv,sudden_jump
North,depth,N_depth_main,2026-03-28 10:17:23,9.392055844,depth_measurements_N (1).csv,sudden_jump
North,depth,N_depth_main,2026-03-29 17:15:17,9.165810338,depth_measurements_N (1).csv,sudden_jump
North,depth,N_depth_main,2026-03-29 17:34:03,8.652231188,depth_measurements_N (1).csv,sudden_jump
North,depth,N_depth_main,2026-03-29 18:11:35,9.265857584,depth_measurements_N (1).csv,sudden_jump
North,depth,N_depth_main,2026-03-30 15:46:29,9.375661232,depth_measurements_N (1).csv,sudden_jump
North,depth,N_depth_main,2026-03-31 22:53:46,8.530303838,depth_measurements_N (1).csv,sudden_jump
North,depth,N_depth_main,2026-03-31 23:12:32,8.663573601,depth_measurements_N (1).csv,sudden_jump
North,depth,N_depth_main,2026-04-01 05:37:15,8.697771704,depth_measurements_N (1).csv,sudden_jump
North,depth,N_depth_main,2026-04-01 13:26:25,9.088532455,depth_measurements_N (1).csv,sudden_jump
North,depth,N_depth_main,2026-04-01 14:03:57,7.446465066,depth_measurements_N (1).csv,sudden_jump
North,depth,N_depth_main,2026-04-01 14:22:43,9.026704686,depth_measurements_N (1).csv,sudden_jump
North,depth,N_depth_main,2026-04-01 15:00:15,7.496505989,depth_measurements_N (1).csv,sudden_jump
North,depth,N_depth_main,2026-04-01 15:19:01,9.07359329,depth_measurements_N (1).csv,sudden_jump
North,depth,N_depth_main,2026-04-01 16:34:05,8.981844323,depth_measurements_N (1).csv,sudden_jump
North,depth,N_depth_main,2026-04-01 18:07:55,8.914347976,depth_measurements_N (1).csv,sudden_jump
North,depth,N_depth_main,2026-04-01 18:26:41,9.06284137,depth_measurements_N (1).csv,sudden_jump
North,depth,N_depth_main,2026-04-01 20:56:49,9.073245415,depth_measurements_N (1).csv,sudden_jump
North,depth,N_depth_main,2026-04-02 00:04:29,9.007980509,depth_measurements_N (1).csv,sudden_jump
North,depth,N_depth_main,2026-04-02 00:23:15,9.210352603,depth_measurements_N (1).csv,sudden_jump
North,depth,N_depth_main,2026-04-02 01:38:19,9.078170121,depth_measurements_N (1).csv,sudden_jump
North,depth,N_depth_main,2026-04-02 03:49:41,7.445915385,depth_measurements_N (1).csv,sudden_jump
North,depth,N_depth_main,2026-04-02 04:27:13,9.273034306,depth_measurements_N (1).csv,sudden_jump
North,depth,N_depth_main,2026-04-02 04:45:59,9.14013479,depth_measurements_N (1).csv,sudden_jump
North,depth,N_depth_main,2026-04-02 06:10:26,9.169349243,depth_measurements_N (1).csv,sudden_jump
North,depth,N_depth_main,2026-04-02 06:47:58,7.467603113,depth_measurements_N (1).csv,sudden_jump
North,depth,N_depth_main,2026-04-02 07:06:44,9.264752701,depth_measurements_N (1).csv,sudden_jump
North,depth,N_depth_main,2026-04-02 07:44:16,7.434151019,depth_measurements_N (1).csv,sudden_jump
North,depth,N_depth_main,2026-04-02 08:03:02,9.206595188,depth_measurements_N (1).csv,sudden_jump
North,depth,N_depth_main,2026-04-02 08:40:34,9.27023117,depth_measurements_N (1).csv,sudden_jump
North,depth,N_depth_main,2026-04-02 12:07:00,7.464834152,depth_measurements_N (1).csv,sudden_jump
North,depth,N_depth_main,2026-04-02 12:25:46,9.338007861,depth_measurements_N (1).csv,sudden_jump
North,depth,N_depth_main,2026-04-02 13:03:18,9.13493001,depth_measurements_N (1).csv,sudden_jump
North,depth,N_depth_main,2026-04-02 13:22:04,9.253764482,depth_measurements_N (1).csv,sudden_jump
North,depth,N_depth_main,2026-04-03 11:53:16,9.299158661451076,depth_measurements_N (1).csv,sudden_jump
North,depth,N_depth_main,2026-04-04 06:01:44,9.21992563648183,depth_measurements_N (1).csv,sudden_jump
North,depth,N_depth_main,2026-04-04 06:20:30,9.339810178442775,depth_measurements_N (1).csv,sudden_jump
North,depth,N_depth_main,2026-04-04 11:02:00,8.484070463701547,depth_measurements_N (1).csv,sudden_jump
North,depth,N_depth_main,2026-04-05 01:25:16,8.75623997685737,depth_measurements_N (1).csv,sudden_jump
North,depth,N_depth_main,2026-04-05 03:36:38,8.630425008228848,depth_measurements_N (1).csv,sudden_jump
North,velocity,North_velocity,2025-06-26 07:07:37,1.18862114,velocity_N.csv,duplicate_timestamp
North,velocity,North_velocity,2025-06-26 07:07:37,1.2593678499999998,velocity_N.csv,duplicate_timestamp
North,velocity,North_velocity,2025-06-26 07:08:17,1.263729882055986,velocity_N.csv,duplicate_timestamp
North,velocity,North_velocity,2025-06-26 07:08:17,1.2668725216187258,velocity_N.csv,duplicate_timestamp
North,velocity,North_velocity,2025-07-24 19:53:53,2.5113015,velocity_N.csv,frozen_run_len_39_until_2025-07-26 06:56:58
North,velocity,North_velocity,2025-07-26 17:57:23,2.5571127,velocity_N.csv,frozen_run_len_10_until_2025-07-27 07:09:41
North,velocity,North_velocity,2025-07-27 08:09:42,2.5185439,velocity_N.csv,frozen_run_len_18_until_2025-07-27 12:24:43
North,velocity,North_velocity,2025-07-27 19:19:13,2.53303805,velocity_N.csv,frozen_run_len_11_until_2025-07-28 08:11:47
North,velocity,North_velocity,2025-07-28 19:49:44,2.10325015,velocity_N.csv,frozen_run_len_18_until_2025-07-29 10:11:53
North,velocity,North_velocity,2025-07-29 19:43:41,3.215263,velocity_N.csv,frozen_run_len_8_until_2025-07-30 07:27:10
North,velocity,North_velocity,2025-07-30 09:57:30,4.4813365,velocity_N.csv,frozen_run_len_5_until_2025-07-30 10:57:25
North,velocity,North_velocity,2025-07-30 19:30:14,3.22294985,velocity_N.csv,frozen_run_len_7_until_2025-07-31 07:11:55
North,velocity,North_velocity,2025-07-31 19:37:12,2.83913255,velocity_N.csv,frozen_run_len_5_until_2025-08-01 06:42:17
North,velocity,North_velocity,2025-08-01 19:45:32,2.46695355,velocity_N.csv,frozen_run_len_5_until_2025-08-02 06:56:47
North,velocity,North_velocity,2025-08-02 19:44:03,3.35243045,velocity_N.csv,frozen_run_len_21_until_2025-08-03 10:42:13
North,velocity,North_velocity,2025-08-07 19:01:55,4.62077855,velocity_N.csv,frozen_run_len_65_until_2025-08-09 07:01:54
North,velocity,North_velocity,2025-08-09 18:46:52,3.5506391500000003,velocity_N.csv,frozen_run_len_9_until_2025-08-10 06:46:51
North,velocity,North_velocity,2025-08-10 19:01:51,3.19426905,velocity_N.csv,frozen_run_len_11_until_2025-08-11 07:31:52
North,velocity,North_velocity,2025-08-11 19:01:51,3.14503455,velocity_N.csv,frozen_run_len_13_until_2025-08-12 08:01:52
North,velocity,North_velocity,2025-08-12 19:01:53,3.48968435,velocity_N.csv,frozen_run_len_14_until_2025-08-13 08:16:51
North,velocity,North_velocity,2025-08-13 19:01:52,3.48504065,velocity_N.csv,frozen_run_len_206_until_2025-08-17 14:16:51
North,velocity,North_velocity,2025-08-21 15:01:53,3.5909034,velocity_N.csv,frozen_run_len_6_until_2025-08-21 16:16:53
North,velocity,North_velocity,2026-01-16 16:12:42,0.1657499999999999,velocity_N.csv,frozen_run_len_10_until_2026-01-16 19:27:36
North,velocity,North_velocity,2025-06-27 12:06:44,1.70167255,velocity_N.csv,sudden_jump
North,velocity,North_velocity,2025-06-28 13:47:21,1.3576596,velocity_N.csv,sudden_jump
North,velocity,North_velocity,2025-06-29 11:13:08,2.099732925,velocity_N.csv,sudden_jump
North,velocity,North_velocity,2025-06-30 09:41:38,2.33661227352,velocity_N.csv,sudden_jump
North,velocity,North_velocity,2025-06-30 10:17:58,2.73197968676,velocity_N.csv,sudden_jump
North,velocity,North_velocity,2025-07-01 06:10:01,1.6498372900000002,velocity_N.csv,sudden_jump
North,velocity,North_velocity,2025-07-01 07:21:28,1.74192432,velocity_N.csv,sudden_jump
North,velocity,North_velocity,2025-07-01 12:07:54,2.9067647,velocity_N.csv,sudden_jump
North,velocity,North_velocity,2025-07-01 12:43:47,3.21157704,velocity_N.csv,sudden_jump
North,velocity,North_velocity,2025-07-01 16:19:26,3.811819375,velocity_N.csv,sudden_jump
North,velocity,North_velocity,2025-07-02 05:31:35,2.776332375,velocity_N.csv,sudden_jump
North,velocity,North_velocity,2025-07-03 06:40:28,2.29911108,velocity_N.csv,sudden_jump
North,velocity,North_velocity,2025-07-03 18:09:14,1.503141744,velocity_N.csv,sudden_jump
North,velocity,North_velocity,2025-07-03 18:55:11,0.9681850464,velocity_N.csv,sudden_jump
North,velocity,North_velocity,2025-07-04 11:35:57,0.9702200275,velocity_N.csv,sudden_jump
North,velocity,North_velocity,2025-07-04 11:53:50,1.2768878365,velocity_N.csv,sudden_jump
North,velocity,North_velocity,2025-07-06 07:54:36,1.622505865,velocity_N.csv,sudden_jump
North,velocity,North_velocity,2025-07-06 09:42:15,2.90094208,velocity_N.csv,sudden_jump
North,velocity,North_velocity,2025-07-06 10:06:18,3.475530158,velocity_N.csv,sudden_jump
North,velocity,North_velocity,2025-07-06 10:23:26,3.81093963,velocity_N.csv,sudden_jump
North,velocity,North_velocity,2025-07-06 13:40:16,3.11824280275,velocity_N.csv,sudden_jump
North,velocity,North_velocity,2025-07-08 18:50:21,1.8739763625,velocity_N.csv,sudden_jump
North,velocity,North_velocity,2025-07-11 07:26:40,1.94483558,velocity_N.csv,sudden_jump
North,velocity,North_velocity,2025-07-11 07:41:53,2.268941708,velocity_N.csv,sudden_jump
North,velocity,North_velocity,2025-07-11 10:24:24,2.2034574,velocity_N.csv,sudden_jump
North,velocity,North_velocity,2025-07-12 06:52:48,2.81001689,velocity_N.csv,sudden_jump
North,velocity,North_velocity,2025-07-14 07:07:02,2.7851814150000003,velocity_N.csv,sudden_jump
North,velocity,North_velocity,2025-07-14 09:07:21,2.81064795,velocity_N.csv,sudden_jump
North,velocity,North_velocity,2025-07-17 07:41:17,2.4888496150000003,velocity_N.csv,sudden_jump
North,velocity,North_velocity,2025-07-17 19:05:42,2.76063626,velocity_N.csv,sudden_jump
North,velocity,North_velocity,2025-07-18 08:11:18,2.4231514400000003,velocity_N.csv,sudden_jump
North,velocity,North_velocity,2025-07-19 11:25:26,2.552210209,velocity_N.csv,sudden_jump
North,velocity,North_velocity,2025-07-21 09:23:56,2.164015375,velocity_N.csv,sudden_jump
North,velocity,North_velocity,2025-07-21 10:42:21,2.77297304,velocity_N.csv,sudden_jump
North,velocity,North_velocity,2025-07-22 18:42:58,3.663962495,velocity_N.csv,sudden_jump
North,velocity,North_velocity,2025-07-26 07:10:22,2.1543546,velocity_N.csv,sudden_jump
North,velocity,North_velocity,2025-07-26 09:41:57,2.49621855,velocity_N.csv,sudden_jump
North,velocity,North_velocity,2025-07-26 10:11:49,2.0519606,velocity_N.csv,sudden_jump
North,velocity,North_velocity,2025-07-26 10:19:58,2.57028375,velocity_N.csv,sudden_jump
North,velocity,North_velocity,2025-07-26 13:56:22,0.35321139,velocity_N.csv,sudden_jump
North,velocity,North_velocity,2025-07-26 17:57:23,2.5571127,velocity_N.csv,sudden_jump
North,velocity,North_velocity,2025-07-27 12:38:47,0.1657499999999999,velocity_N.csv,sudden_jump
North,velocity,North_velocity,2025-07-27 13:11:14,2.4698477,velocity_N.csv,sudden_jump
North,velocity,North_velocity,2025-07-27 16:52:26,2.4703405,velocity_N.csv,sudden_jump
North,velocity,North_velocity,2025-07-28 17:56:05,2.18572535,velocity_N.csv,sudden_jump
North,velocity,North_velocity,2025-07-29 10:23:57,0.32831174,velocity_N.csv,sudden_jump
North,velocity,North_velocity,2025-07-29 10:42:11,3.34569465,velocity_N.csv,sudden_jump
North,velocity,North_velocity,2025-07-29 10:51:57,3.92266665,velocity_N.csv,sudden_jump
North,velocity,North_velocity,2025-07-29 11:06:25,0.9219013,velocity_N.csv,sudden_jump
North,velocity,North_velocity,2025-07-29 11:24:03,4.8766085,velocity_N.csv,sudden_jump
North,velocity,North_velocity,2025-07-29 11:41:34,4.2724216,velocity_N.csv,sudden_jump
North,velocity,North_velocity,2025-07-29 13:10:15,4.57457985,velocity_N.csv,sudden_jump
North,velocity,North_velocity,2025-07-29 16:39:51,4.2322447,velocity_N.csv,sudden_jump
North,velocity,North_velocity,2025-07-29 18:06:54,3.97078965,velocity_N.csv,sudden_jump
North,velocity,North_velocity,2025-07-29 18:58:59,3.1270038,velocity_N.csv,sudden_jump
North,velocity,North_velocity,2025-07-30 07:57:14,0.8112709499999999,velocity_N.csv,sudden_jump
North,velocity,North_velocity,2025-07-30 08:12:22,3.91150545,velocity_N.csv,sudden_jump
North,velocity,North_velocity,2025-07-30 08:36:28,4.35049365,velocity_N.csv,sudden_jump
North,velocity,North_velocity,2025-07-30 09:42:27,4.5564862999999995,velocity_N.csv,sudden_jump
North,velocity,North_velocity,2025-07-30 17:00:19,4.45132615,velocity_N.csv,sudden_jump
North,velocity,North_velocity,2025-07-30 18:27:18,3.8555784,velocity_N.csv,sudden_jump
North,velocity,North_velocity,2025-07-30 19:30:14,3.22294985,velocity_N.csv,sudden_jump
North,velocity,North_velocity,2025-07-31 07:27:01,0.093348265,velocity_N.csv,sudden_jump
North,velocity,North_velocity,2025-07-31 07:49:47,0.9255289,velocity_N.csv,sudden_jump
North,velocity,North_velocity,2025-07-31 08:07:14,4.250297,velocity_N.csv,sudden_jump
North,velocity,North_velocity,2025-07-31 15:22:07,4.4064602,velocity_N.csv,sudden_jump
North,velocity,North_velocity,2025-07-31 17:59:30,3.30353775,velocity_N.csv,sudden_jump
North,velocity,North_velocity,2025-07-31 18:51:53,1.9930015,velocity_N.csv,sudden_jump
North,velocity,North_velocity,2025-07-31 19:37:12,2.83913255,velocity_N.csv,sudden_jump
North,velocity,North_velocity,2025-08-01 07:12:59,0.130451935,velocity_N.csv,sudden_jump
North,velocity,North_velocity,2025-08-01 07:34:42,0.9088836,velocity_N.csv,sudden_jump
North,velocity,North_velocity,2025-08-01 07:52:11,3.57583355,velocity_N.csv,sudden_jump
North,velocity,North_velocity,2025-08-01 10:39:47,0.1657499999999999,velocity_N.csv,sudden_jump
North,velocity,North_velocity,2025-08-01 10:57:50,3.92948675,velocity_N.csv,sudden_jump
North,velocity,North_velocity,2025-08-01 12:55:31,3.43031965,velocity_N.csv,sudden_jump
North,velocity,North_velocity,2025-08-01 14:12:58,4.2191626499999995,velocity_N.csv,sudden_jump
North,velocity,North_velocity,2025-08-01 14:45:57,3.1322875000000003,velocity_N.csv,sudden_jump
North,velocity,North_velocity,2025-08-01 16:07:27,2.8690574,velocity_N.csv,sudden_jump
North,velocity,North_velocity,2025-08-01 16:51:23,3.211588,velocity_N.csv,sudden_jump
North,velocity,North_velocity,2025-08-01 18:12:53,2.64530825,velocity_N.csv,sudden_jump
North,velocity,North_velocity,2025-08-02 07:10:27,0.112534573,velocity_N.csv,sudden_jump
North,velocity,North_velocity,2025-08-02 07:57:10,1.7366302999999998,velocity_N.csv,sudden_jump
North,velocity,North_velocity,2025-08-02 08:12:16,4.23450135,velocity_N.csv,sudden_jump
North,velocity,North_velocity,2025-08-02 09:12:00,4.54427695,velocity_N.csv,sudden_jump
North,velocity,North_velocity,2025-08-02 11:27:27,4.6049352,velocity_N.csv,sudden_jump
North,velocity,North_velocity,2025-08-02 11:51:19,4.3072125,velocity_N.csv,sudden_jump
North,velocity,North_velocity,2025-08-02 13:25:29,4.1108547,velocity_N.csv,sudden_jump
North,velocity,North_velocity,2025-08-02 15:29:18,3.7520632,velocity_N.csv,sudden_jump
North,velocity,North_velocity,2025-08-02 15:47:13,4.22787865,velocity_N.csv,sudden_jump
North,velocity,North_velocity,2025-08-02 17:32:02,3.9270406,velocity_N.csv,sudden_jump
North,velocity,North_velocity,2025-08-02 18:07:00,3.144498,velocity_N.csv,sudden_jump
North,velocity,North_velocity,2025-08-02 18:41:29,2.7876593,velocity_N.csv,sudden_jump
North,velocity,North_velocity,2025-08-02 18:58:59,3.3549206,velocity_N.csv,sudden_jump
North,velocity,North_velocity,2025-08-06 17:46:41,0.108932735,velocity_N.csv,sudden_jump
North,velocity,North_velocity,2025-08-06 18:46:54,3.2377101,velocity_N.csv,sudden_jump
North,velocity,North_velocity,2025-08-07 06:01:53,3.3908894,velocity_N.csv,sudden_jump
North,velocity,North_velocity,2025-08-07 06:31:53,4.02718665,velocity_N.csv,sudden_jump
North,velocity,North_velocity,2025-08-07 08:46:54,4.426059,velocity_N.csv,sudden_jump
North,velocity,North_velocity,2025-08-07 09:31:55,4.6681272499999995,velocity_N.csv,sudden_jump
North,velocity,North_velocity,2025-08-07 11:16:47,4.75568795,velocity_N.csv,sudden_jump
North,velocity,North_velocity,2025-08-07 11:45:36,0.1657499999999999,velocity_N.csv,sudden_jump
North,velocity,North_velocity,2025-08-07 12:01:37,4.783783700000001,velocity_N.csv,sudden_jump
North,velocity,North_velocity,2025-08-07 12:31:50,4.4300283,velocity_N.csv,sudden_jump
North,velocity,North_velocity,2025-08-07 14:31:56,4.46493675,velocity_N.csv,sudden_jump
North,velocity,North_velocity,2025-08-07 16:01:56,3.991901,velocity_N.csv,sudden_jump
North,velocity,North_velocity,2025-08-07 16:16:54,4.423337249999999,velocity_N.csv,sudden_jump
North,velocity,North_velocity,2025-08-07 17:31:55,4.6713666499999995,velocity_N.csv,sudden_jump
North,velocity,North_velocity,2025-08-07 18:01:53,3.91362345,velocity_N.csv,sudden_jump
North,velocity,North_velocity,2025-08-07 18:16:55,4.825673999999999,velocity_N.csv,sudden_jump
North,velocity,North_velocity,2025-08-09 07:16:48,0.50948525,velocity_N.csv,sudden_jump
North,velocity,North_velocity,2025-08-09 08:01:52,3.68217935,velocity_N.csv,sudden_jump
North,velocity,North_velocity,2025-08-09 08:16:53,4.608374100000001,velocity_N.csv,sudden_jump
North,velocity,North_velocity,2025-08-09 09:01:56,2.2369914,velocity_N.csv,sudden_jump
North,velocity,North_velocity,2025-08-09 09:16:47,0.594192225,velocity_N.csv,sudden_jump
North,velocity,North_velocity,2025-08-09 09:31:54,4.36209285,velocity_N.csv,sudden_jump
North,velocity,North_velocity,2025-08-09 12:15:41,0.1657499999999999,velocity_N.csv,sudden_jump
North,velocity,North_velocity,2025-08-09 12:31:54,4.37445765,velocity_N.csv,sudden_jump
North,velocity,North_velocity,2025-08-09 13:16:51,4.123139849999999,velocity_N.csv,sudden_jump
North,velocity,North_velocity,2025-08-09 13:31:54,4.4591256999999995,velocity_N.csv,sudden_jump
North,velocity,North_velocity,2025-08-09 14:46:53,4.6323965,velocity_N.csv,sudden_jump
North,velocity,North_velocity,2025-08-09 15:01:54,4.3251767,velocity_N.csv,sudden_jump
North,velocity,North_velocity,2025-08-09 15:31:51,3.61728205,velocity_N.csv,sudden_jump
North,velocity,North_velocity,2025-08-09 16:01:48,4.144925,velocity_N.csv,sudden_jump
North,velocity,North_velocity,2025-08-09 17:31:54,4.12528935,velocity_N.csv,sudden_jump
North,velocity,North_velocity,2025-08-10 07:01:55,4.32032475,velocity_N.csv,sudden_jump
North,velocity,North_velocity,2025-08-10 08:46:52,3.84305395,velocity_N.csv,sudden_jump
North,velocity,North_velocity,2025-08-10 10:31:56,3.64652595,velocity_N.csv,sudden_jump
North,velocity,North_velocity,2025-08-10 11:16:51,4.47546865,velocity_N.csv,sudden_jump
North,velocity,North_velocity,2025-08-10 12:45:37,0.1657499999999999,velocity_N.csv,sudden_jump
North,velocity,North_velocity,2025-08-10 13:01:48,3.8898175,velocity_N.csv,sudden_jump
North,velocity,North_velocity,2025-08-10 13:16:43,3.5438159,velocity_N.csv,sudden_jump
North,velocity,North_velocity,2025-08-10 17:16:51,3.6644095,velocity_N.csv,sudden_jump
North,velocity,North_velocity,2025-08-11 08:01:49,2.39609065,velocity_N.csv,sudden_jump
North,velocity,North_velocity,2025-08-11 08:16:52,3.5628017,velocity_N.csv,sudden_jump
North,velocity,North_velocity,2025-08-11 08:46:51,3.033474,velocity_N.csv,sudden_jump
North,velocity,North_velocity,2025-08-11 09:01:53,3.5340464000000003,velocity_N.csv,sudden_jump
North,velocity,North_velocity,2025-08-11 15:00:35,0.1657499999999999,velocity_N.csv,sudden_jump
North,velocity,North_velocity,2025-08-11 15:16:51,3.5287831,velocity_N.csv,sudden_jump
North,velocity,North_velocity,2025-08-11 16:31:53,3.0507182,velocity_N.csv,sudden_jump
North,velocity,North_velocity,2025-08-11 16:46:51,2.68824645,velocity_N.csv,sudden_jump
North,velocity,North_velocity,2025-08-12 08:16:51,4.21586415,velocity_N.csv,sudden_jump
North,velocity,North_velocity,2025-08-12 10:46:56,4.57762815,velocity_N.csv,sudden_jump
North,velocity,North_velocity,2025-08-12 13:16:54,4.5261264,velocity_N.csv,sudden_jump
North,velocity,North_velocity,2025-08-12 14:46:54,3.84589875,velocity_N.csv,sudden_jump
North,velocity,North_velocity,2025-08-12 15:01:54,4.3738975,velocity_N.csv,sudden_jump
North,velocity,North_velocity,2025-08-12 18:31:58,3.6567209,velocity_N.csv,sudden_jump
North,velocity,North_velocity,2025-08-13 08:46:46,0.1657499999999999,velocity_N.csv,sudden_jump
North,velocity,North_velocity,2025-08-13 09:16:48,0.68223055,velocity_N.csv,sudden_jump
North,velocity,North_velocity,2025-08-13 09:46:49,2.3745278,velocity_N.csv,sudden_jump
North,velocity,North_velocity,2025-08-13 10:01:52,3.7680667,velocity_N.csv,sudden_jump
North,velocity,North_velocity,2025-08-13 12:15:38,0.1657499999999999,velocity_N.csv,sudden_jump
North,velocity,North_velocity,2025-08-13 12:31:55,3.9368848,velocity_N.csv,sudden_jump
North,velocity,North_velocity,2025-08-13 15:31:54,4.1346988,velocity_N.csv,sudden_jump
North,velocity,North_velocity,2025-08-13 19:01:52,3.48504065,velocity_N.csv,sudden_jump
North,velocity,North_velocity,2025-08-17 14:46:23,0.1113878225,velocity_N.csv,sudden_jump
North,velocity,North_velocity,2025-08-17 16:31:56,2.904726,velocity_N.csv,sudden_jump
North,velocity,North_velocity,2025-08-17 18:16:57,2.2555849500000003,velocity_N.csv,sudden_jump
North,velocity,North_velocity,2025-08-17 18:31:56,1.7455707,velocity_N.csv,sudden_jump
North,velocity,North_velocity,2025-08-17 19:01:48,0.31543809,velocity_N.csv,sudden_jump
North,velocity,North_velocity,2025-08-18 06:01:53,1.85168025,velocity_N.csv,sudden_jump
North,velocity,North_velocity,2025-08-18 07:02:01,3.3069123,velocity_N.csv,sudden_jump
North,velocity,North_velocity,2025-08-18 07:16:55,2.8357824999999997,velocity_N.csv,sudden_jump
North,velocity,North_velocity,2025-08-18 07:31:57,2.0065827,velocity_N.csv,sudden_jump
North,velocity,North_velocity,2025-08-18 07:47:01,2.9225851499999997,velocity_N.csv,sudden_jump
North,velocity,North_velocity,2025-08-18 08:32:03,3.20922835,velocity_N.csv,sudden_jump
North,velocity,North_velocity,2025-08-18 09:01:58,3.4072216500000003,velocity_N.csv,sudden_jump
North,velocity,North_velocity,2025-08-18 10:16:57,3.706171,velocity_N.csv,sudden_jump
North,velocity,North_velocity,2025-08-18 10:31:59,3.3188178500000003,velocity_N.csv,sudden_jump
North,velocity,North_velocity,2025-08-18 11:01:58,3.68340525,velocity_N.csv,sudden_jump
North,velocity,North_velocity,2025-08-18 11:46:52,3.72387985,velocity_N.csv,sudden_jump
North,velocity,North_velocity,2025-08-18 13:01:53,3.3576985500000003,velocity_N.csv,sudden_jump
North,velocity,North_velocity,2025-08-18 14:16:56,4.2903112,velocity_N.csv,sudden_jump
North,velocity,North_velocity,2025-08-18 14:46:56,3.1763306,velocity_N.csv,sudden_jump
North,velocity,North_velocity,2025-08-18 15:32:00,3.79058285,velocity_N.csv,sudden_jump
North,velocity,North_velocity,2025-08-18 16:46:58,3.6307198,velocity_N.csv,sudden_jump
North,velocity,North_velocity,2025-08-18 18:01:58,3.7448368,velocity_N.csv,sudden_jump
North,velocity,North_velocity,2025-08-18 19:01:56,3.1010201,velocity_N.csv,sudden_jump
North,velocity,North_velocity,2025-08-19 06:00:52,0.1657499999999999,velocity_N.csv,sudden_jump
North,velocity,North_velocity,2025-08-19 06:16:55,2.4815199000000003,velocity_N.csv,sudden_jump
North,velocity,North_velocity,2025-08-19 06:31:57,3.2560482,velocity_N.csv,sudden_jump
North,velocity,North_velocity,2025-08-19 07:01:58,3.7259522,velocity_N.csv,sudden_jump
North,velocity,North_velocity,2025-08-19 07:16:56,4.1362950000000005,velocity_N.csv,sudden_jump
North,velocity,North_velocity,2025-08-19 08:01:58,3.48645965,velocity_N.csv,sudden_jump
North,velocity,North_velocity,2025-08-19 08:16:58,3.90276585,velocity_N.csv,sudden_jump
North,velocity,North_velocity,2025-08-19 08:46:57,4.05414805,velocity_N.csv,sudden_jump
North,velocity,North_velocity,2025-08-19 09:45:40,0.1657499999999999,velocity_N.csv,sudden_jump
North,velocity,North_velocity,2025-08-19 10:01:58,3.9590245,velocity_N.csv,sudden_jump
North,velocity,North_velocity,2025-08-19 10:16:58,3.4941747000000003,velocity_N.csv,sudden_jump
North,velocity,North_velocity,2025-08-19 11:01:57,3.4517192999999997,velocity_N.csv,sudden_jump
North,velocity,North_velocity,2025-08-19 12:01:52,3.9434076,velocity_N.csv,sudden_jump
North,velocity,North_velocity,2025-08-19 14:16:41,3.6559663,velocity_N.csv,sudden_jump
North,velocity,North_velocity,2025-08-19 14:31:50,2.3599967499999996,velocity_N.csv,sudden_jump
North,velocity,North_velocity,2025-08-19 14:46:53,3.42602385,velocity_N.csv,sudden_jump
North,velocity,North_velocity,2025-08-19 15:16:55,3.63646985,velocity_N.csv,sudden_jump
North,velocity,North_velocity,2025-08-19 16:16:57,3.7221825,velocity_N.csv,sudden_jump
North,velocity,North_velocity,2025-08-19 16:32:00,4.09968615,velocity_N.csv,sudden_jump
North,velocity,North_velocity,2025-08-19 19:01:54,3.5818888,velocity_N.csv,sudden_jump
North,velocity,North_velocity,2025-08-20 06:16:12,0.1657499999999999,velocity_N.csv,sudden_jump
North,velocity,North_velocity,2025-08-20 06:31:53,2.01046585,velocity_N.csv,sudden_jump
North,velocity,North_velocity,2025-08-20 07:01:54,2.5804907,velocity_N.csv,sudden_jump
North,velocity,North_velocity,2025-08-20 07:16:53,2.2198886499999997,velocity_N.csv,sudden_jump
North,velocity,North_velocity,2025-08-20 07:31:57,2.99115705,velocity_N.csv,sudden_jump
North,velocity,North_velocity,2025-08-20 07:46:57,3.6772337,velocity_N.csv,sudden_jump
North,velocity,North_velocity,2025-08-20 10:16:57,3.730891,velocity_N.csv,sudden_jump
North,velocity,North_velocity,2025-08-20 11:31:58,3.72986115,velocity_N.csv,sudden_jump
North,velocity,North_velocity,2025-08-20 11:46:56,4.13769515,velocity_N.csv,sudden_jump
North,velocity,North_velocity,2025-08-20 12:45:43,0.1657499999999999,velocity_N.csv,sudden_jump
North,velocity,North_velocity,2025-08-20 13:01:58,3.87272345,velocity_N.csv,sudden_jump
North,velocity,North_velocity,2025-08-20 14:16:57,4.1334858,velocity_N.csv,sudden_jump
North,velocity,North_velocity,2025-08-20 15:31:58,4.2007478,velocity_N.csv,sudden_jump
North,velocity,North_velocity,2025-08-20 16:01:59,3.7099028,velocity_N.csv,sudden_jump
North,velocity,North_velocity,2025-08-20 16:16:57,4.20927915,velocity_N.csv,sudden_jump
North,velocity,North_velocity,2025-08-20 19:01:56,3.1357466499999997,velocity_N.csv,sudden_jump
North,velocity,North_velocity,2025-08-21 06:16:59,3.78309275,velocity_N.csv,sudden_jump
North,velocity,North_velocity,2025-08-21 06:31:58,4.4446052,velocity_N.csv,sudden_jump
North,velocity,North_velocity,2025-08-21 08:16:55,4.6184943,velocity_N.csv,sudden_jump
North,velocity,North_velocity,2025-08-21 08:46:44,4.70469615,velocity_N.csv,sudden_jump
North,velocity,North_velocity,2025-08-21 09:31:47,3.99625485,velocity_N.csv,sudden_jump
North,velocity,North_velocity,2025-08-21 10:16:56,4.045452,velocity_N.csv,sudden_jump
North,velocity,North_velocity,2025-08-21 11:01:43,4.1594948,velocity_N.csv,sudden_jump
North,velocity,North_velocity,2025-08-21 11:16:27,4.5427134,velocity_N.csv,sudden_jump
North,velocity,North_velocity,2025-08-21 12:16:49,4.3439025,velocity_N.csv,sudden_jump
North,velocity,North_velocity,2025-08-21 14:16:32,2.9160869,velocity_N.csv,sudden_jump
North,velocity,North_velocity,2025-08-21 14:46:50,3.6826361,velocity_N.csv,sudden_jump
North,velocity,North_velocity,2025-08-21 16:31:56,1.2182141999999998,velocity_N.csv,sudden_jump
North,velocity,North_velocity,2025-08-21 16:46:05,1.54701875,velocity_N.csv,sudden_jump
North,velocity,North_velocity,2025-08-21 17:01:57,4.429912,velocity_N.csv,sudden_jump
North,velocity,North_velocity,2025-08-22 06:01:29,2.5299994999999997,velocity_N.csv,sudden_jump
North,velocity,North_velocity,2025-08-22 06:16:52,3.44831095,velocity_N.csv,sudden_jump
North,velocity,North_velocity,2025-08-22 06:31:59,3.78222695,velocity_N.csv,sudden_jump
North,velocity,North_velocity,2025-08-22 06:46:55,4.1638212,velocity_N.csv,sudden_jump
North,velocity,North_velocity,2025-08-22 09:16:47,4.24203625,velocity_N.csv,sudden_jump
North,velocity,North_velocity,2025-08-22 09:31:52,3.947849,velocity_N.csv,sudden_jump
North,velocity,North_velocity,2025-08-22 10:46:54,3.8928503,velocity_N.csv,sudden_jump
North,velocity,North_velocity,2025-08-22 11:01:53,4.2611375,velocity_N.csv,sudden_jump
North,velocity,North_velocity,2025-08-22 14:31:53,3.3261786,velocity_N.csv,sudden_jump
North,velocity,North_velocity,2025-08-22 14:46:52,3.6245432,velocity_N.csv,sudden_jump
North,velocity,North_velocity,2025-08-22 15:31:54,4.18902135,velocity_N.csv,sudden_jump
North,velocity,North_velocity,2025-08-23 06:01:43,0.243766495,velocity_N.csv,sudden_jump
North,velocity,North_velocity,2025-08-23 06:16:52,3.2786251,velocity_N.csv,sudden_jump
North,velocity,North_velocity,2025-08-23 07:16:54,3.93301725,velocity_N.csv,sudden_jump
North,velocity,North_velocity,2025-08-23 16:01:54,4.31308425,velocity_N.csv,sudden_jump
North,velocity,North_velocity,2025-08-23 17:16:54,4.201890000000001,velocity_N.csv,sudden_jump
North,velocity,North_velocity,2025-08-23 18:16:56,3.87584295,velocity_N.csv,sudden_jump
North,velocity,North_velocity,2025-08-23 18:31:55,3.2586347,velocity_N.csv,sudden_jump
North,velocity,North_velocity,2025-08-23 19:01:52,2.6229464,velocity_N.csv,sudden_jump
North,velocity,North_velocity,2025-08-24 06:01:40,1.61220165,velocity_N.csv,sudden_jump
North,velocity,North_velocity,2025-08-24 07:01:42,1.8072153,velocity_N.csv,sudden_jump
North,velocity,North_velocity,2025-08-24 07:31:47,1.09724695,velocity_N.csv,sudden_jump
North,velocity,North_velocity,2025-08-24 08:01:45,1.67812545,velocity_N.csv,sudden_jump
North,velocity,North_velocity,2025-08-24 08:31:48,2.8278067499999997,velocity_N.csv,sudden_jump
North,velocity,North_velocity,2025-08-24 09:16:37,3.2029421,velocity_N.csv,sudden_jump
North,velocity,North_velocity,2025-08-24 09:31:41,2.7903294,velocity_N.csv,sudden_jump
North,velocity,North_velocity,2025-08-24 10:31:46,2.8987168,velocity_N.csv,sudden_jump
North,velocity,North_velocity,2025-08-24 11:46:38,3.0492798,velocity_N.csv,sudden_jump
North,velocity,North_velocity,2025-08-24 12:31:35,3.7131384,velocity_N.csv,sudden_jump
North,velocity,North_velocity,2025-08-24 12:46:36,3.26758205,velocity_N.csv,sudden_jump
North,velocity,North_velocity,2025-08-24 13:31:35,3.37980985,velocity_N.csv,sudden_jump
North,velocity,North_velocity,2025-08-24 14:31:35,2.7767353,velocity_N.csv,sudden_jump
North,velocity,North_velocity,2025-08-24 14:46:33,3.10855985,velocity_N.csv,sudden_jump
North,velocity,North_velocity,2025-08-24 15:01:35,3.42379645,velocity_N.csv,sudden_jump
North,velocity,North_velocity,2025-08-24 15:16:35,2.95160225,velocity_N.csv,sudden_jump
North,velocity,North_velocity,2025-08-24 16:16:33,2.8762765999999997,velocity_N.csv,sudden_jump
North,velocity,North_velocity,2025-08-24 16:46:36,1.827955,velocity_N.csv,sudden_jump
North,velocity,North_velocity,2025-08-24 17:01:43,2.1350247,velocity_N.csv,sudden_jump
North,velocity,North_velocity,2025-08-24 17:16:53,2.60374115,velocity_N.csv,sudden_jump
North,velocity,North_velocity,2025-08-24 17:31:50,2.054873,velocity_N.csv,sudden_jump
North,velocity,North_velocity,2025-08-24 17:46:48,1.2385513499999998,velocity_N.csv,sudden_jump
North,velocity,North_velocity,2025-08-24 18:16:51,1.5645818500000002,velocity_N.csv,sudden_jump
North,velocity,North_velocity,2025-08-24 18:31:53,2.25706205,velocity_N.csv,sudden_jump
North,velocity,North_velocity,2025-08-24 19:01:43,0.1657499999999999,velocity_N.csv,sudden_jump
North,velocity,North_velocity,2025-08-25 06:16:48,1.15687685,velocity_N.csv,sudden_jump
North,velocity,North_velocity,2025-08-25 06:31:51,2.1292138,velocity_N.csv,sudden_jump
North,velocity,North_velocity,2025-08-25 07:16:49,1.5333091,velocity_N.csv,sudden_jump
North,velocity,North_velocity,2025-08-25 07:31:51,1.97446195,velocity_N.csv,sudden_jump
North,velocity,North_velocity,2025-08-25 07:46:51,2.84999415,velocity_N.csv,sudden_jump
North,velocity,North_velocity,2025-08-25 08:16:48,2.14502835,velocity_N.csv,sudden_jump
North,velocity,North_velocity,2025-08-25 08:31:55,2.8068378000000003,velocity_N.csv,sudden_jump
North,velocity,North_velocity,2025-08-25 08:46:51,2.4298114,velocity_N.csv,sudden_jump
North,velocity,North_velocity,2025-08-25 09:16:49,2.9517003,velocity_N.csv,sudden_jump
North,velocity,North_velocity,2025-08-25 09:31:52,2.375104,velocity_N.csv,sudden_jump
North,velocity,North_velocity,2025-08-25 11:46:56,2.5703442,velocity_N.csv,sudden_jump
North,velocity,North_velocity,2025-08-25 12:01:58,3.0654166,velocity_N.csv,sudden_jump
North,velocity,North_velocity,2025-08-25 12:16:56,2.71465325,velocity_N.csv,sudden_jump
North,velocity,North_velocity,2025-08-25 12:31:58,3.45637855,velocity_N.csv,sudden_jump
North,velocity,North_velocity,2025-08-25 13:02:01,2.99876355,velocity_N.csv,sudden_jump
North,velocity,North_velocity,2025-08-25 13:31:57,2.6893953,velocity_N.csv,sudden_jump
North,velocity,North_velocity,2025-08-25 15:16:57,3.23450315,velocity_N.csv,sudden_jump
North,velocity,North_velocity,2025-08-25 16:16:56,2.70186025,velocity_N.csv,sudden_jump
North,velocity,North_velocity,2025-08-25 16:31:57,1.96177985,velocity_N.csv,sudden_jump
North,velocity,North_velocity,2025-08-25 17:01:56,2.51362985,velocity_N.csv,sudden_jump
North,velocity,North_velocity,2025-08-25 17:16:53,1.4636326,velocity_N.csv,sudden_jump
North,velocity,North_velocity,2025-08-26 06:16:16,0.1657499999999999,velocity_N.csv,sudden_jump
North,velocity,North_velocity,2025-08-26 06:31:53,0.89895433,velocity_N.csv,sudden_jump
North,velocity,North_velocity,2025-08-26 06:46:53,1.2928007,velocity_N.csv,sudden_jump
North,velocity,North_velocity,2025-08-26 07:31:56,1.5844206,velocity_N.csv,sudden_jump
North,velocity,North_velocity,2025-08-26 07:46:56,2.1031242,velocity_N.csv,sudden_jump
North,velocity,North_velocity,2025-08-26 09:46:56,3.6548533,velocity_N.csv,sudden_jump
North,velocity,North_velocity,2025-08-26 10:16:56,2.6632283,velocity_N.csv,sudden_jump
North,velocity,North_velocity,2025-08-26 11:01:57,3.19964435,velocity_N.csv,sudden_jump
North,velocity,North_velocity,2025-08-26 11:16:56,2.73248155,velocity_N.csv,sudden_jump
North,velocity,North_velocity,2025-08-26 11:31:57,3.3683039,velocity_N.csv,sudden_jump
North,velocity,North_velocity,2025-08-26 11:46:58,3.01111005,velocity_N.csv,sudden_jump
North,velocity,North_velocity,2025-08-26 12:16:56,3.53390715,velocity_N.csv,sudden_jump
North,velocity,North_velocity,2025-08-26 12:31:57,3.158342,velocity_N.csv,sudden_jump
North,velocity,North_velocity,2025-08-26 13:46:56,3.18039135,velocity_N.csv,sudden_jump
North,velocity,North_velocity,2025-08-26 14:16:53,2.85373425,velocity_N.csv,sudden_jump
North,velocity,North_velocity,2025-08-26 15:01:56,2.7602893,velocity_N.csv,sudden_jump
North,velocity,North_velocity,2025-08-26 15:16:56,3.2671846999999996,velocity_N.csv,sudden_jump
North,velocity,North_velocity,2025-08-26 17:31:53,2.65370155,velocity_N.csv,sudden_jump
North,velocity,North_velocity,2025-08-26 18:01:53,2.1003767,velocity_N.csv,sudden_jump
North,velocity,North_velocity,2025-08-26 18:46:48,1.3558632,velocity_N.csv,sudden_jump
North,velocity,North_velocity,2025-08-27 10:16:46,3.7580894,velocity_N.csv,sudden_jump
North,velocity,North_velocity,2025-08-27 10:31:47,4.5388506500000005,velocity_N.csv,sudden_jump
North,velocity,North_velocity,2025-08-27 10:46:46,3.75491825,velocity_N.csv,sudden_jump
North,velocity,North_velocity,2025-08-27 11:01:43,3.0667398,velocity_N.csv,sudden_jump
North,velocity,North_velocity,2025-08-27 11:16:36,3.6928352,velocity_N.csv,sudden_jump
North,velocity,North_velocity,2025-08-27 12:31:46,3.266412,velocity_N.csv,sudden_jump
North,velocity,North_velocity,2025-08-27 13:31:46,4.0363852,velocity_N.csv,sudden_jump
North,velocity,North_velocity,2025-08-27 13:46:45,4.3314713000000005,velocity_N.csv,sudden_jump
North,velocity,North_velocity,2025-08-27 14:01:45,2.76698445,velocity_N.csv,sudden_jump
North,velocity,North_velocity,2025-08-27 14:16:42,3.30143535,velocity_N.csv,sudden_jump
North,velocity,North_velocity,2025-08-27 14:31:45,2.45615645,velocity_N.csv,sudden_jump
North,velocity,North_velocity,2025-08-27 15:01:44,2.7769046,velocity_N.csv,sudden_jump
North,velocity,North_velocity,2025-08-27 15:16:44,4.014496749999999,velocity_N.csv,sudden_jump
North,velocity,North_velocity,2025-08-27 15:31:41,2.9623574,velocity_N.csv,sudden_jump
North,velocity,North_velocity,2025-08-27 16:01:42,3.7418491,velocity_N.csv,sudden_jump
North,velocity,North_velocity,2025-08-27 17:16:43,3.28925,velocity_N.csv,sudden_jump
North,velocity,North_velocity,2025-08-27 17:31:45,4.178668350000001,velocity_N.csv,sudden_jump
North,velocity,North_velocity,2025-08-27 17:46:46,3.81213515,velocity_N.csv,sudden_jump
North,velocity,North_velocity,2025-08-27 18:31:46,3.2359726,velocity_N.csv,sudden_jump
North,velocity,North_velocity,2025-08-27 18:46:44,2.8622097,velocity_N.csv,sudden_jump
North,velocity,North_velocity,2025-08-27 19:01:43,2.48809625,velocity_N.csv,sudden_jump
North,velocity,North_velocity,2025-08-28 10:16:51,4.73335055,velocity_N.csv,sudden_jump
North,velocity,North_velocity,2025-08-28 10:46:52,4.04543315,velocity_N.csv,sudden_jump
North,velocity,North_velocity,2025-08-28 11:31:47,4.1788082,velocity_N.csv,sudden_jump
North,velocity,North_velocity,2025-08-28 12:01:44,3.75813995,velocity_N.csv,sudden_jump
North,velocity,North_velocity,2025-08-28 13:16:41,3.76744285,velocity_N.csv,sudden_jump
North,velocity,North_velocity,2025-08-28 13:31:48,4.0728635,velocity_N.csv,sudden_jump
North,velocity,North_velocity,2025-08-28 14:01:46,2.92295855,velocity_N.csv,sudden_jump
North,velocity,North_velocity,2025-08-28 14:16:49,2.30117785,velocity_N.csv,sudden_jump
North,velocity,North_velocity,2025-08-28 14:31:51,2.65406345,velocity_N.csv,sudden_jump
North,velocity,North_velocity,2025-08-28 15:01:52,3.52003205,velocity_N.csv,sudden_jump
North,velocity,North_velocity,2025-08-28 15:16:46,2.4820902499999997,velocity_N.csv,sudden_jump
North,velocity,North_velocity,2025-08-28 15:46:43,3.0340339,velocity_N.csv,sudden_jump
North,velocity,North_velocity,2025-08-28 16:01:51,3.951328,velocity_N.csv,sudden_jump
North,velocity,North_velocity,2025-08-28 17:46:49,3.4002358,velocity_N.csv,sudden_jump
North,velocity,North_velocity,2025-08-28 18:31:50,2.4736333,velocity_N.csv,sudden_jump
North,velocity,North_velocity,2025-08-29 10:16:57,2.80172945,velocity_N.csv,sudden_jump
North,velocity,North_velocity,2025-08-29 12:01:59,3.2209567999999997,velocity_N.csv,sudden_jump
North,velocity,North_velocity,2025-08-29 13:46:55,2.7009520499999997,velocity_N.csv,sudden_jump
North,velocity,North_velocity,2025-08-29 14:16:55,2.40016865,velocity_N.csv,sudden_jump
North,velocity,North_velocity,2025-08-29 14:31:57,1.98423025,velocity_N.csv,sudden_jump
North,velocity,North_velocity,2025-08-29 14:46:58,2.7610839499999997,velocity_N.csv,sudden_jump
North,velocity,North_velocity,2025-08-29 15:02:00,2.26169905,velocity_N.csv,sudden_jump
North,velocity,North_velocity,2025-08-29 15:31:58,3.09291365,velocity_N.csv,sudden_jump
North,velocity,North_velocity,2025-08-29 15:46:56,3.49871715,velocity_N.csv,sudden_jump
North,velocity,North_velocity,2025-08-29 17:16:56,2.77331865,velocity_N.csv,sudden_jump
North,velocity,North_velocity,2025-08-29 17:32:01,4.08477055,velocity_N.csv,sudden_jump
North,velocity,North_velocity,2025-08-29 17:46:58,3.6213368,velocity_N.csv,sudden_jump
North,velocity,North_velocity,2025-08-29 18:01:57,2.4629063,velocity_N.csv,sudden_jump
North,velocity,North_velocity,2025-08-29 18:31:59,3.0019597,velocity_N.csv,sudden_jump
North,velocity,North_velocity,2025-08-30 10:31:55,3.65342605,velocity_N.csv,sudden_jump
North,velocity,North_velocity,2025-08-30 11:01:52,3.1618739,velocity_N.csv,sudden_jump
North,velocity,North_velocity,2025-08-30 11:16:46,3.6129749,velocity_N.csv,sudden_jump
North,velocity,North_velocity,2025-08-31 10:16:03,4.25114515,velocity_N.csv,sudden_jump
North,velocity,North_velocity,2025-08-31 11:16:54,3.59460215,velocity_N.csv,sudden_jump
North,velocity,North_velocity,2025-08-31 11:46:53,3.8866466,velocity_N.csv,sudden_jump
North,velocity,North_velocity,2025-08-31 12:01:55,3.435932,velocity_N.csv,sudden_jump
North,velocity,North_velocity,2025-08-31 12:16:53,3.8132285,velocity_N.csv,sudden_jump
North,velocity,North_velocity,2025-08-31 12:31:55,3.32325145,velocity_N.csv,sudden_jump
North,velocity,North_velocity,2025-08-31 12:45:48,3.72923395,velocity_N.csv,sudden_jump
North,velocity,North_velocity,2025-08-31 13:01:54,4.128278849999999,velocity_N.csv,sudden_jump
North,velocity,North_velocity,2025-08-31 16:31:55,3.105425,velocity_N.csv,sudden_jump
North,velocity,North_velocity,2025-08-31 16:46:52,3.62196435,velocity_N.csv,sudden_jump
North,velocity,North_velocity,2025-08-31 17:31:55,4.131455,velocity_N.csv,sudden_jump
North,velocity,North_velocity,2025-09-02 15:01:57,2.67240295,velocity_N.csv,sudden_jump
North,velocity,North_velocity,2025-09-02 15:16:56,1.9540488,velocity_N.csv,sudden_jump
North,velocity,North_velocity,2025-09-02 15:31:57,1.6323736,velocity_N.csv,sudden_jump
North,velocity,North_velocity,2025-09-02 15:46:58,2.6478016,velocity_N.csv,sudden_jump
North,velocity,North_velocity,2025-09-02 16:16:58,2.04298295,velocity_N.csv,sudden_jump
North,velocity,North_velocity,2025-09-02 16:31:59,2.63710705,velocity_N.csv,sudden_jump
North,velocity,North_velocity,2025-09-02 17:01:56,1.42335725,velocity_N.csv,sudden_jump
North,velocity,North_velocity,2025-09-02 18:01:56,1.25082785,velocity_N.csv,sudden_jump
North,velocity,North_velocity,2025-09-02 18:46:52,0.50338509,velocity_N.csv,sudden_jump
North,velocity,North_velocity,2025-09-03 10:31:57,2.8501244999999997,velocity_N.csv,sudden_jump
North,velocity,North_velocity,2025-09-03 11:16:58,3.0478628,velocity_N.csv,sudden_jump
North,velocity,North_velocity,2025-09-03 11:31:59,2.4284327,velocity_N.csv,sudden_jump
North,velocity,North_velocity,2025-09-03 12:16:57,3.0304390999999997,velocity_N.csv,sudden_jump
North,velocity,North_velocity,2025-09-03 12:46:56,2.6547867,velocity_N.csv,sudden_jump
North,velocity,North_velocity,2025-09-03 13:16:56,2.2402083,velocity_N.csv,sudden_jump
North,velocity,North_velocity,2025-09-03 13:31:59,3.26467255,velocity_N.csv,sudden_jump
North,velocity,North_velocity,2025-09-03 14:01:58,2.4310564,velocity_N.csv,sudden_jump
North,velocity,North_velocity,2025-09-03 15:32:00,2.53500035,velocity_N.csv,sudden_jump
North,velocity,North_velocity,2025-09-03 16:46:57,2.6506492,velocity_N.csv,sudden_jump
North,velocity,North_velocity,2025-09-03 17:46:57,3.87832915,velocity_N.csv,sudden_jump
North,velocity,North_velocity,2025-09-03 18:01:56,2.8295735,velocity_N.csv,sudden_jump
North,velocity,North_velocity,2025-09-03 19:01:55,2.22605565,velocity_N.csv,sudden_jump
North,velocity,North_velocity,2025-09-04 10:16:57,2.8524097,velocity_N.csv,sudden_jump
North,velocity,North_velocity,2025-09-04 10:31:58,2.5399515,velocity_N.csv,sudden_jump
North,velocity,North_velocity,2025-09-04 10:47:03,2.92902895,velocity_N.csv,sudden_jump
North,velocity,North_velocity,2025-09-04 11:31:57,3.3214337499999997,velocity_N.csv,sudden_jump
North,velocity,North_velocity,2025-09-04 11:46:58,2.4531110500000004,velocity_N.csv,sudden_jump
North,velocity,North_velocity,2025-09-04 12:01:56,2.8395898500000003,velocity_N.csv,sudden_jump
North,velocity,North_velocity,2025-09-04 12:31:58,3.03131345,velocity_N.csv,sudden_jump
North,velocity,North_velocity,2025-09-04 13:16:56,2.5404423,velocity_N.csv,sudden_jump
North,velocity,North_velocity,2025-09-04 14:51:12,2.6692574,velocity_N.csv,sudden_jump
North,velocity,North_velocity,2025-09-04 16:54:43,3.0906135,velocity_N.csv,sudden_jump
North,velocity,North_velocity,2025-09-04 17:12:22,2.66548075,velocity_N.csv,sudden_jump
North,velocity,North_velocity,2025-09-04 18:22:44,1.5524924,velocity_N.csv,sudden_jump
North,velocity,North_velocity,2025-09-04 18:56:42,0.1657499999999999,velocity_N.csv,sudden_jump
North,velocity,North_velocity,2025-09-05 10:25:16,4.41793715,velocity_N.csv,sudden_jump
North,velocity,North_velocity,2025-09-05 13:39:39,4.16955175,velocity_N.csv,sudden_jump
North,velocity,North_velocity,2025-09-05 13:53:58,0.1657499999999999,velocity_N.csv,sudden_jump
North,velocity,North_velocity,2025-09-05 14:11:23,3.84616675,velocity_N.csv,sudden_jump
North,velocity,North_velocity,2025-09-05 14:26:35,3.17805335,velocity_N.csv,sudden_jump
North,velocity,North_velocity,2025-09-05 14:41:59,4.09012805,velocity_N.csv,sudden_jump
North,velocity,North_velocity,2025-09-05 15:07:33,3.59647425,velocity_N.csv,sudden_jump
North,velocity,North_velocity,2025-09-05 15:25:18,4.090963,velocity_N.csv,sudden_jump
North,velocity,North_velocity,2025-09-05 15:56:09,4.5977241499999995,velocity_N.csv,sudden_jump
North,velocity,North_velocity,2025-09-05 16:11:21,4.2354235,velocity_N.csv,sudden_jump
North,velocity,North_velocity,2025-09-05 16:35:59,4.7616277,velocity_N.csv,sudden_jump
North,velocity,North_velocity,2025-09-05 17:56:46,4.13953615,velocity_N.csv,sudden_jump
North,velocity,North_velocity,2025-09-05 18:39:04,3.57279835,velocity_N.csv,sudden_jump
North,velocity,North_velocity,2025-09-05 18:56:23,0.562877225,velocity_N.csv,sudden_jump
North,velocity,North_velocity,2025-09-06 10:27:07,4.3271865,velocity_N.csv,sudden_jump
North,velocity,North_velocity,2025-09-06 13:09:08,0.1657499999999999,velocity_N.csv,sudden_jump
North,velocity,North_velocity,2025-09-06 13:27:05,4.5295495,velocity_N.csv,sudden_jump
North,velocity,North_velocity,2025-09-06 14:06:15,3.6791034,velocity_N.csv,sudden_jump
North,velocity,North_velocity,2025-09-06 14:24:00,4.0441996,velocity_N.csv,sudden_jump
North,velocity,North_velocity,2025-09-06 17:55:11,3.69729615,velocity_N.csv,sudden_jump
North,velocity,North_velocity,2025-09-06 18:26:51,3.2579224,velocity_N.csv,sudden_jump
North,velocity,North_velocity,2025-09-06 18:41:55,2.4941319,velocity_N.csv,sudden_jump
North,velocity,North_velocity,2025-09-07 10:24:52,4.4621175,velocity_N.csv,sudden_jump
North,velocity,North_velocity,2025-09-07 10:39:06,0.1657499999999999,velocity_N.csv,sudden_jump
North,velocity,North_velocity,2025-09-07 10:56:41,4.47650975,velocity_N.csv,sudden_jump
North,velocity,North_velocity,2025-09-07 11:26:19,4.90630235,velocity_N.csv,sudden_jump
North,velocity,North_velocity,2025-09-07 13:38:10,3.5895661,velocity_N.csv,sudden_jump
North,velocity,North_velocity,2025-09-07 14:41:54,3.4153052500000003,velocity_N.csv,sudden_jump
North,velocity,North_velocity,2025-09-07 15:05:59,3.7455026,velocity_N.csv,sudden_jump
North,velocity,North_velocity,2025-09-07 15:23:39,4.28694005,velocity_N.csv,sudden_jump
North,velocity,North_velocity,2025-09-07 15:41:11,4.7420156,velocity_N.csv,sudden_jump
North,velocity,North_velocity,2025-09-07 16:27:16,4.0698377,velocity_N.csv,sudden_jump
North,velocity,North_velocity,2025-09-07 17:57:06,3.60821495,velocity_N.csv,sudden_jump
North,velocity,North_velocity,2025-09-07 18:37:10,2.17773105,velocity_N.csv,sudden_jump
North,velocity,North_velocity,2025-09-07 18:53:52,0.1657499999999999,velocity_N.csv,sudden_jump
North,velocity,North_velocity,2025-09-08 10:27:07,4.54921675,velocity_N.csv,sudden_jump
North,velocity,North_velocity,2025-09-08 13:57:22,4.4172492000000005,velocity_N.csv,sudden_jump
North,velocity,North_velocity,2025-09-08 14:38:37,4.06620435,velocity_N.csv,sudden_jump
North,velocity,North_velocity,2025-09-08 16:25:03,3.8652326,velocity_N.csv,sudden_jump
North,velocity,North_velocity,2025-09-08 16:39:21,0.1657499999999999,velocity_N.csv,sudden_jump
North,velocity,North_velocity,2025-09-08 16:56:55,4.34091425,velocity_N.csv,sudden_jump
North,velocity,North_velocity,2025-09-08 17:27:26,3.9735271,velocity_N.csv,sudden_jump
North,velocity,North_velocity,2025-09-08 18:10:33,3.2666517500000003,velocity_N.csv,sudden_jump
North,velocity,North_velocity,2025-09-08 18:42:14,2.8516138,velocity_N.csv,sudden_jump
North,velocity,North_velocity,2025-09-08 18:57:38,2.3142617999999997,velocity_N.csv,sudden_jump
North,velocity,North_velocity,2025-09-09 10:22:54,3.73007765,velocity_N.csv,sudden_jump
North,velocity,North_velocity,2025-09-09 11:26:11,4.62270215,velocity_N.csv,sudden_jump
North,velocity,North_velocity,2025-09-09 13:36:21,3.7874525,velocity_N.csv,sudden_jump
North,velocity,North_velocity,2025-09-09 13:54:11,3.3131096,velocity_N.csv,sudden_jump
North,velocity,North_velocity,2025-09-09 15:23:04,4.24045025,velocity_N.csv,sudden_jump
North,velocity,North_velocity,2025-09-09 17:09:05,3.8814755,velocity_N.csv,sudden_jump
North,velocity,North_velocity,2025-09-09 17:26:35,4.3184277,velocity_N.csv,sudden_jump
North,velocity,North_velocity,2025-09-09 17:56:54,3.59482755,velocity_N.csv,sudden_jump
North,velocity,North_velocity,2025-09-09 18:36:54,2.8829755500000003,velocity_N.csv,sudden_jump
North,velocity,North_velocity,2025-09-09 18:54:04,0.7560576,velocity_N.csv,sudden_jump
North,velocity,North_velocity,2025-09-09 19:06:50,0.39793354,velocity_N.csv,sudden_jump
North,velocity,North_velocity,2025-09-10 10:26:55,3.8386784,velocity_N.csv,sudden_jump
North,velocity,North_velocity,2025-09-10 15:40:49,3.90145705,velocity_N.csv,sudden_jump
North,velocity,North_velocity,2025-09-11 12:27:23,3.8719048,velocity_N.csv,sudden_jump
North,velocity,North_velocity,2025-09-12 10:25:05,4.10072235,velocity_N.csv,sudden_jump
North,velocity,North_velocity,2025-09-12 14:09:37,3.9458707,velocity_N.csv,sudden_jump
North,velocity,North_velocity,2025-09-12 14:57:15,3.66753065,velocity_N.csv,sudden_jump
North,velocity,North_velocity,2025-09-12 15:11:54,3.1773901,velocity_N.csv,sudden_jump
North,velocity,North_velocity,2025-09-12 15:36:02,3.83875515,velocity_N.csv,sudden_jump
North,velocity,North_velocity,2025-09-12 15:53:11,4.16711755,velocity_N.csv,sudden_jump
North,velocity,North_velocity,2025-09-12 16:10:28,3.8713566,velocity_N.csv,sudden_jump
North,velocity,North_velocity,2025-09-12 16:56:25,4.0731585,velocity_N.csv,sudden_jump
North,velocity,North_velocity,2025-09-12 18:42:07,2.29034475,velocity_N.csv,sudden_jump
North,velocity,North_velocity,2025-09-12 18:55:59,1.556596,velocity_N.csv,sudden_jump
North,velocity,North_velocity,2025-09-13 10:22:02,3.8637692,velocity_N.csv,sudden_jump
North,velocity,North_velocity,2025-09-13 10:39:12,3.55684025,velocity_N.csv,sudden_jump
North,velocity,North_velocity,2025-09-13 13:42:13,4.165825,velocity_N.csv,sudden_jump
North,velocity,North_velocity,2025-09-13 17:26:57,2.93727375,velocity_N.csv,sudden_jump
North,velocity,North_velocity,2025-09-13 18:25:03,2.1812866,velocity_N.csv,sudden_jump
North,velocity,North_velocity,2025-09-13 18:39:09,0.1657499999999999,velocity_N.csv,sudden_jump
North,velocity,North_velocity,2025-09-13 18:55:47,1.87812275,velocity_N.csv,sudden_jump
North,velocity,North_velocity,2025-09-21 12:08:27,3.58331035,velocity_N.csv,sudden_jump
North,velocity,North_velocity,2025-09-21 13:37:03,2.5460594,velocity_N.csv,sudden_jump
North,velocity,North_velocity,2025-09-21 14:42:25,2.2413003,velocity_N.csv,sudden_jump
North,velocity,North_velocity,2025-09-21 14:57:06,2.6525656,velocity_N.csv,sudden_jump
North,velocity,North_velocity,2025-09-21 15:23:16,3.56435635,velocity_N.csv,sudden_jump
North,velocity,North_velocity,2025-09-21 18:12:34,2.22410525,velocity_N.csv,sudden_jump
North,velocity,North_velocity,2025-09-21 18:36:42,0.87221215,velocity_N.csv,sudden_jump
North,velocity,North_velocity,2025-09-21 18:52:06,0.1657499999999999,velocity_N.csv,sudden_jump
North,velocity,North_velocity,2025-09-22 10:27:41,2.7633027500000003,velocity_N.csv,sudden_jump
North,velocity,North_velocity,2025-09-22 13:23:51,0.1657499999999999,velocity_N.csv,sudden_jump
North,velocity,North_velocity,2025-09-22 13:41:27,2.6591595000000003,velocity_N.csv,sudden_jump
North,velocity,North_velocity,2025-09-22 14:55:18,3.18436465,velocity_N.csv,sudden_jump
North,velocity,North_velocity,2025-09-22 16:40:39,3.0395281,velocity_N.csv,sudden_jump
North,velocity,North_velocity,2025-09-22 17:50:55,2.4832348,velocity_N.csv,sudden_jump
North,velocity,North_velocity,2025-09-22 18:51:08,0.1657499999999999,velocity_N.csv,sudden_jump
North,velocity,North_velocity,2025-09-23 10:36:56,3.02987065,velocity_N.csv,sudden_jump
North,velocity,North_velocity,2025-09-23 14:57:22,2.99237605,velocity_N.csv,sudden_jump
North,velocity,North_velocity,2025-09-23 17:42:27,2.8295612,velocity_N.csv,sudden_jump
North,velocity,North_velocity,2025-09-23 18:12:24,2.3015245,velocity_N.csv,sudden_jump
North,velocity,North_velocity,2025-09-23 18:50:11,0.1657499999999999,velocity_N.csv,sudden_jump
North,velocity,North_velocity,2025-09-24 10:24:50,2.39705505,velocity_N.csv,sudden_jump
North,velocity,North_velocity,2025-09-24 10:42:23,2.7782473999999997,velocity_N.csv,sudden_jump
North,velocity,North_velocity,2025-09-24 12:42:27,2.92870845,velocity_N.csv,sudden_jump
North,velocity,North_velocity,2025-09-24 14:52:12,2.9777992,velocity_N.csv,sudden_jump
North,velocity,North_velocity,2025-09-24 15:09:46,3.35431365,velocity_N.csv,sudden_jump
North,velocity,North_velocity,2025-09-24 17:09:09,0.1657499999999999,velocity_N.csv,sudden_jump
North,velocity,North_velocity,2025-09-24 17:26:46,3.04749815,velocity_N.csv,sudden_jump
North,velocity,North_velocity,2025-09-24 17:42:47,2.75529455,velocity_N.csv,sudden_jump
North,velocity,North_velocity,2025-09-24 17:57:42,2.4205110000000003,velocity_N.csv,sudden_jump
North,velocity,North_velocity,2025-09-24 18:22:21,2.0233948,velocity_N.csv,sudden_jump
North,velocity,North_velocity,2025-09-24 18:39:13,0.1657499999999999,velocity_N.csv,sudden_jump
North,velocity,North_velocity,2025-09-25 10:27:38,2.6998307500000003,velocity_N.csv,sudden_jump
North,velocity,North_velocity,2025-09-25 17:36:29,2.8355507,velocity_N.csv,sudden_jump
North,velocity,North_velocity,2025-09-25 17:53:58,2.39058555,velocity_N.csv,sudden_jump
North,velocity,North_velocity,2025-09-26 10:24:00,2.554122,velocity_N.csv,sudden_jump
North,velocity,North_velocity,2025-09-26 11:27:37,2.9231047500000003,velocity_N.csv,sudden_jump
North,velocity,North_velocity,2025-09-26 13:21:31,2.39955035,velocity_N.csv,sudden_jump
North,velocity,North_velocity,2025-09-28 06:25:13,1.9115445,velocity_N.csv,sudden_jump
North,velocity,North_velocity,2025-09-28 16:37:22,0.10062113,velocity_N.csv,sudden_jump
North,velocity,North_velocity,2025-09-28 16:55:11,2.9793565500000003,velocity_N.csv,sudden_jump
North,velocity,North_velocity,2025-09-28 18:07:12,2.2755459,velocity_N.csv,sudden_jump
North,velocity,North_velocity,2025-09-28 18:24:43,1.7665902,velocity_N.csv,sudden_jump
North,velocity,North_velocity,2025-09-29 10:27:12,2.4499896999999997,velocity_N.csv,sudden_jump
North,velocity,North_velocity,2025-09-29 12:51:56,2.46238615,velocity_N.csv,sudden_jump
North,velocity,North_velocity,2025-10-01 14:42:06,2.6159196500000004,velocity_N.csv,sudden_jump
North,velocity,North_velocity,2025-10-01 15:27:03,2.87939155,velocity_N.csv,sudden_jump
North,velocity,North_velocity,2025-10-01 18:27:19,1.8141093,velocity_N.csv,sudden_jump
North,velocity,North_velocity,2025-10-02 10:25:36,2.4145955,velocity_N.csv,sudden_jump
North,velocity,North_velocity,2025-10-02 11:37:33,2.73731615,velocity_N.csv,sudden_jump
North,velocity,North_velocity,2025-10-02 13:08:12,2.1240307,velocity_N.csv,sudden_jump
North,velocity,North_velocity,2025-10-02 14:12:25,2.2668453499999996,velocity_N.csv,sudden_jump
North,velocity,North_velocity,2025-10-02 14:57:00,2.6635667,velocity_N.csv,sudden_jump
North,velocity,North_velocity,2025-10-02 17:37:52,2.3803375,velocity_N.csv,sudden_jump
North,velocity,North_velocity,2025-10-02 18:27:16,1.7735386,velocity_N.csv,sudden_jump
North,velocity,North_velocity,2025-10-03 10:24:03,2.35160635,velocity_N.csv,sudden_jump
North,velocity,North_velocity,2025-10-03 15:08:58,0.1657499999999999,velocity_N.csv,sudden_jump
North,velocity,North_velocity,2025-10-03 15:26:41,2.77541935,velocity_N.csv,sudden_jump
North,velocity,North_velocity,2025-10-03 17:51:30,2.0851015000000004,velocity_N.csv,sudden_jump
North,velocity,North_velocity,2025-10-03 18:09:06,1.75211705,velocity_N.csv,sudden_jump
North,velocity,North_velocity,2025-10-03 18:26:14,0.1657499999999999,velocity_N.csv,sudden_jump
North,velocity,North_velocity,2025-10-04 10:37:34,2.42925845,velocity_N.csv,sudden_jump
North,velocity,North_velocity,2025-10-04 11:42:10,2.5548298,velocity_N.csv,sudden_jump
North,velocity,North_velocity,2025-10-04 12:24:46,2.40963195,velocity_N.csv,sudden_jump
North,velocity,North_velocity,2025-10-04 15:56:19,2.71651515,velocity_N.csv,sudden_jump
North,velocity,North_velocity,2025-10-04 17:57:07,2.0618228,velocity_N.csv,sudden_jump
North,velocity,North_velocity,2025-10-04 18:21:24,0.923541385,velocity_N.csv,sudden_jump
North,velocity,North_velocity,2025-10-04 18:35:42,0.24927725,velocity_N.csv,sudden_jump
North,velocity,North_velocity,2025-10-05 10:27:33,3.4714799000000003,velocity_N.csv,sudden_jump
North,velocity,North_velocity,2025-10-05 10:42:31,4.119621,velocity_N.csv,sudden_jump
North,velocity,North_velocity,2025-10-05 11:25:46,3.55355725,velocity_N.csv,sudden_jump
North,velocity,North_velocity,2025-10-05 12:12:00,3.792751,velocity_N.csv,sudden_jump
North,velocity,North_velocity,2025-10-05 12:37:47,3.2087275,velocity_N.csv,sudden_jump
North,velocity,North_velocity,2025-10-05 13:27:08,2.34580245,velocity_N.csv,sudden_jump
North,velocity,North_velocity,2025-10-05 13:42:49,2.83796205,velocity_N.csv,sudden_jump
North,velocity,North_velocity,2025-10-05 14:08:01,0.1657499999999999,velocity_N.csv,sudden_jump
North,velocity,North_velocity,2025-10-05 14:39:07,2.01404985,velocity_N.csv,sudden_jump
North,velocity,North_velocity,2025-10-05 15:25:58,2.5074797,velocity_N.csv,sudden_jump
North,velocity,North_velocity,2025-10-05 15:36:38,0.1657499999999999,velocity_N.csv,sudden_jump
North,velocity,North_velocity,2025-10-05 15:54:05,2.8079307,velocity_N.csv,sudden_jump
North,velocity,North_velocity,2025-10-05 17:21:42,0.1657499999999999,velocity_N.csv,sudden_jump
North,velocity,North_velocity,2025-10-05 17:39:40,2.54371905,velocity_N.csv,sudden_jump
North,velocity,North_velocity,2025-10-05 18:09:06,1.92397185,velocity_N.csv,sudden_jump
North,velocity,North_velocity,2025-10-06 11:36:45,0.1657499999999999,velocity_N.csv,sudden_jump
North,velocity,North_velocity,2025-10-06 11:54:42,2.10152555,velocity_N.csv,sudden_jump
North,velocity,North_velocity,2025-10-06 13:21:48,0.1657499999999999,velocity_N.csv,sudden_jump
North,velocity,North_velocity,2025-10-06 13:39:42,1.8487886,velocity_N.csv,sudden_jump
North,velocity,North_velocity,2025-10-06 15:06:55,0.1657499999999999,velocity_N.csv,sudden_jump
North,velocity,North_velocity,2025-10-06 15:24:55,1.9218724,velocity_N.csv,sudden_jump
North,velocity,North_velocity,2025-10-06 16:51:53,0.1657499999999999,velocity_N.csv,sudden_jump
North,velocity,North_velocity,2025-10-06 17:10:00,2.0739875999999997,velocity_N.csv,sudden_jump
North,velocity,North_velocity,2025-10-06 18:26:47,1.5034570500000002,velocity_N.csv,sudden_jump
North,velocity,North_velocity,2025-10-06 18:37:17,0.1657499999999999,velocity_N.csv,sudden_jump
North,velocity,North_velocity,2025-10-07 10:56:23,2.2074313,velocity_N.csv,sudden_jump
North,velocity,North_velocity,2025-10-07 11:06:48,0.1657499999999999,velocity_N.csv,sudden_jump
North,velocity,North_velocity,2025-10-07 11:24:47,1.9381815,velocity_N.csv,sudden_jump
North,velocity,North_velocity,2025-10-07 12:51:43,0.1657499999999999,velocity_N.csv,sudden_jump
North,velocity,North_velocity,2025-10-07 13:09:40,2.21797945,velocity_N.csv,sudden_jump
North,velocity,North_velocity,2025-10-07 14:36:52,0.1657499999999999,velocity_N.csv,sudden_jump
North,velocity,North_velocity,2025-10-07 14:54:47,2.0240865,velocity_N.csv,sudden_jump
North,velocity,North_velocity,2025-10-07 15:24:11,1.5262868,velocity_N.csv,sudden_jump
North,velocity,North_velocity,2025-10-07 16:11:33,1.8285511,velocity_N.csv,sudden_jump
North,velocity,North_velocity,2025-10-07 16:21:45,0.1657499999999999,velocity_N.csv,sudden_jump
North,velocity,North_velocity,2025-10-07 16:40:17,1.6165683,velocity_N.csv,sudden_jump
North,velocity,North_velocity,2025-10-07 17:56:29,2.209136,velocity_N.csv,sudden_jump
North,velocity,North_velocity,2025-10-07 18:06:35,0.1657499999999999,velocity_N.csv,sudden_jump
North,velocity,North_velocity,2025-10-08 10:54:51,2.2900982,velocity_N.csv,sudden_jump
North,velocity,North_velocity,2025-10-08 12:21:49,0.1657499999999999,velocity_N.csv,sudden_jump
North,velocity,North_velocity,2025-10-08 12:39:48,2.38193085,velocity_N.csv,sudden_jump
North,velocity,North_velocity,2025-10-08 14:06:49,0.1657499999999999,velocity_N.csv,sudden_jump
North,velocity,North_velocity,2025-10-08 14:24:50,2.3737353,velocity_N.csv,sudden_jump
North,velocity,North_velocity,2025-10-08 15:51:49,0.1657499999999999,velocity_N.csv,sudden_jump
North,velocity,North_velocity,2025-10-08 16:09:42,2.1824793500000004,velocity_N.csv,sudden_jump
North,velocity,North_velocity,2025-10-08 17:26:19,2.03873505,velocity_N.csv,sudden_jump
North,velocity,North_velocity,2025-10-08 17:36:45,0.1657499999999999,velocity_N.csv,sudden_jump
North,velocity,North_velocity,2025-10-08 17:54:44,2.0220885,velocity_N.csv,sudden_jump
North,velocity,North_velocity,2025-10-08 18:23:42,1.1997014,velocity_N.csv,sudden_jump
North,velocity,North_velocity,2025-10-09 10:38:44,2.1175700500000003,velocity_N.csv,sudden_jump
North,velocity,North_velocity,2025-10-09 11:36:13,0.1657499999999999,velocity_N.csv,sudden_jump
North,velocity,North_velocity,2025-10-09 11:55:10,2.6673615,velocity_N.csv,sudden_jump
North,velocity,North_velocity,2025-10-09 13:09:47,2.2179745,velocity_N.csv,sudden_jump
North,velocity,North_velocity,2025-10-09 13:20:27,0.1657499999999999,velocity_N.csv,sudden_jump
North,velocity,North_velocity,2025-10-09 13:40:00,1.91289455,velocity_N.csv,sudden_jump
North,velocity,North_velocity,2025-10-09 14:26:46,1.8251707,velocity_N.csv,sudden_jump
North,velocity,North_velocity,2025-10-09 14:41:48,2.1397392,velocity_N.csv,sudden_jump
North,velocity,North_velocity,2025-10-09 14:51:26,2.5674349,velocity_N.csv,sudden_jump
North,velocity,North_velocity,2025-10-09 18:08:23,1.80491735,velocity_N.csv,sudden_jump
North,velocity,North_velocity,2025-10-09 18:25:30,0.1657499999999999,velocity_N.csv,sudden_jump
North,velocity,North_velocity,2025-10-10 10:26:20,1.94418345,velocity_N.csv,sudden_jump
North,velocity,North_velocity,2025-10-10 11:41:41,2.40209885,velocity_N.csv,sudden_jump
North,velocity,North_velocity,2025-10-10 11:55:21,2.8107934,velocity_N.csv,sudden_jump
North,velocity,North_velocity,2025-10-10 12:23:06,2.3449006,velocity_N.csv,sudden_jump
North,velocity,North_velocity,2025-10-10 14:56:29,2.4832310499999997,velocity_N.csv,sudden_jump
North,velocity,North_velocity,2025-10-10 15:22:54,2.80258545,velocity_N.csv,sudden_jump
North,velocity,North_velocity,2025-10-10 17:24:22,0.1657499999999999,velocity_N.csv,sudden_jump
North,velocity,North_velocity,2025-10-10 17:41:58,2.20658755,velocity_N.csv,sudden_jump
North,velocity,North_velocity,2025-10-10 18:35:03,0.1657499999999999,velocity_N.csv,sudden_jump
North,velocity,North_velocity,2025-10-11 10:26:03,1.7169613,velocity_N.csv,sudden_jump
North,velocity,North_velocity,2025-10-11 11:41:35,2.5954922,velocity_N.csv,sudden_jump
North,velocity,North_velocity,2025-10-11 14:56:37,2.62115885,velocity_N.csv,sudden_jump
North,velocity,North_velocity,2025-10-11 18:28:56,0.1657499999999999,velocity_N.csv,sudden_jump
North,velocity,North_velocity,2025-10-12 10:23:59,1.72353465,velocity_N.csv,sudden_jump
North,velocity,North_velocity,2025-10-12 11:37:16,2.493981,velocity_N.csv,sudden_jump
North,velocity,North_velocity,2025-10-12 13:22:38,1.787945,velocity_N.csv,sudden_jump
North,velocity,North_velocity,2025-10-12 14:51:57,2.60677625,velocity_N.csv,sudden_jump
North,velocity,North_velocity,2025-10-12 16:11:54,2.2363975,velocity_N.csv,sudden_jump
North,velocity,North_velocity,2025-10-12 17:42:13,1.91128545,velocity_N.csv,sudden_jump
North,velocity,North_velocity,2025-10-12 18:25:47,0.1657499999999999,velocity_N.csv,sudden_jump
North,velocity,North_velocity,2025-10-23 15:27:32,1.92008615,velocity_N.csv,sudden_jump
North,velocity,North_velocity,2025-10-23 16:39:17,0.1657499999999999,velocity_N.csv,sudden_jump
North,velocity,North_velocity,2025-10-23 16:56:54,1.6948278,velocity_N.csv,sudden_jump
North,velocity,North_velocity,2025-10-23 18:09:59,0.1657499999999999,velocity_N.csv,sudden_jump
North,velocity,North_velocity,2025-10-24 10:22:06,1.8159849,velocity_N.csv,sudden_jump
North,velocity,North_velocity,2025-10-24 13:38:25,1.9605284,velocity_N.csv,sudden_jump
North,velocity,North_velocity,2025-10-24 17:11:09,1.5427113,velocity_N.csv,sudden_jump
North,velocity,North_velocity,2025-10-24 18:19:18,0.1657499999999999,velocity_N.csv,sudden_jump
North,velocity,North_velocity,2025-10-25 10:26:51,1.5997631499999998,velocity_N.csv,sudden_jump
North,velocity,North_velocity,2025-10-25 11:38:48,0.1657499999999999,velocity_N.csv,sudden_jump
North,velocity,North_velocity,2025-10-25 11:55:55,2.0308294499999997,velocity_N.csv,sudden_jump
North,velocity,North_velocity,2025-10-25 17:55:57,0.43027347,velocity_N.csv,sudden_jump
North,velocity,North_velocity,2025-10-26 10:24:44,1.57995855,velocity_N.csv,sudden_jump
North,velocity,North_velocity,2025-10-26 14:53:56,2.0425166,velocity_N.csv,sudden_jump
North,velocity,North_velocity,2025-10-26 17:51:22,1.25382265,velocity_N.csv,sudden_jump
North,velocity,North_velocity,2025-10-26 18:08:13,0.1657499999999999,velocity_N.csv,sudden_jump
North,velocity,North_velocity,2025-10-27 10:37:50,1.6940092999999998,velocity_N.csv,sudden_jump
North,velocity,North_velocity,2025-10-28 10:26:59,1.7127942,velocity_N.csv,sudden_jump
North,velocity,North_velocity,2025-10-28 14:07:40,0.1657499999999999,velocity_N.csv,sudden_jump
North,velocity,North_velocity,2025-10-28 14:23:47,1.8591233,velocity_N.csv,sudden_jump
North,velocity,North_velocity,2025-10-28 15:50:04,0.1657499999999999,velocity_N.csv,sudden_jump
North,velocity,North_velocity,2025-10-28 16:08:41,1.87373,velocity_N.csv,sudden_jump
North,velocity,North_velocity,2025-10-28 17:34:50,0.1657499999999999,velocity_N.csv,sudden_jump
North,velocity,North_velocity,2025-10-28 17:53:52,1.4162423,velocity_N.csv,sudden_jump
North,velocity,North_velocity,2025-10-29 10:38:14,1.7237859,velocity_N.csv,sudden_jump
North,velocity,North_velocity,2025-10-29 11:34:30,0.1657499999999999,velocity_N.csv,sudden_jump
North,velocity,North_velocity,2025-10-29 11:53:40,1.88624225,velocity_N.csv,sudden_jump
North,velocity,North_velocity,2025-10-29 13:19:13,0.1657499999999999,velocity_N.csv,sudden_jump
North,velocity,North_velocity,2025-10-29 13:38:47,1.5728124,velocity_N.csv,sudden_jump
North,velocity,North_velocity,2025-10-29 15:04:21,0.1657499999999999,velocity_N.csv,sudden_jump
North,velocity,North_velocity,2025-10-29 15:23:41,1.9055627,velocity_N.csv,sudden_jump
North,velocity,North_velocity,2025-10-29 16:49:16,0.1657499999999999,velocity_N.csv,sudden_jump
North,velocity,North_velocity,2025-10-29 17:09:16,1.7781505000000002,velocity_N.csv,sudden_jump
North,velocity,North_velocity,2025-10-29 18:04:22,0.1657499999999999,velocity_N.csv,sudden_jump
North,velocity,North_velocity,2025-10-30 10:54:01,1.88147025,velocity_N.csv,sudden_jump
North,velocity,North_velocity,2025-10-30 11:04:49,0.1657499999999999,velocity_N.csv,sudden_jump
North,velocity,North_velocity,2025-10-30 11:23:53,1.9370657,velocity_N.csv,sudden_jump
North,velocity,North_velocity,2025-10-30 12:49:48,0.1657499999999999,velocity_N.csv,sudden_jump
North,velocity,North_velocity,2025-10-30 13:08:18,1.8109585,velocity_N.csv,sudden_jump
North,velocity,North_velocity,2025-10-30 14:34:50,0.1657499999999999,velocity_N.csv,sudden_jump
North,velocity,North_velocity,2025-10-30 14:53:53,1.7250861,velocity_N.csv,sudden_jump
North,velocity,North_velocity,2025-10-30 16:19:46,0.1657499999999999,velocity_N.csv,sudden_jump
North,velocity,North_velocity,2025-10-30 16:39:08,1.8274567,velocity_N.csv,sudden_jump
North,velocity,North_velocity,2025-10-31 12:20:18,0.1657499999999999,velocity_N.csv,sudden_jump
North,velocity,North_velocity,2025-10-31 12:38:34,1.89286185,velocity_N.csv,sudden_jump
North,velocity,North_velocity,2025-11-01 10:41:28,1.6190192,velocity_N.csv,sudden_jump
North,velocity,North_velocity,2025-11-01 11:54:34,1.8018877,velocity_N.csv,sudden_jump
North,velocity,North_velocity,2025-11-01 17:50:26,0.64286845,velocity_N.csv,sudden_jump
North,velocity,North_velocity,2025-11-01 18:06:03,0.1657499999999999,velocity_N.csv,sudden_jump
North,velocity,North_velocity,2025-11-02 10:26:49,1.4501119,velocity_N.csv,sudden_jump
North,velocity,North_velocity,2025-11-02 17:57:21,0.8813039,velocity_N.csv,sudden_jump
North,velocity,North_velocity,2025-11-03 10:26:26,1.5496535,velocity_N.csv,sudden_jump
North,velocity,North_velocity,2025-11-03 16:39:04,0.1657499999999999,velocity_N.csv,sudden_jump
North,velocity,North_velocity,2025-11-03 16:56:52,1.5720264,velocity_N.csv,sudden_jump
North,velocity,North_velocity,2025-11-03 17:52:21,0.1657499999999999,velocity_N.csv,sudden_jump
North,velocity,North_velocity,2025-11-04 10:27:16,1.5767506999999998,velocity_N.csv,sudden_jump
North,velocity,North_velocity,2025-11-04 17:56:10,0.55462733,velocity_N.csv,sudden_jump
North,velocity,North_velocity,2025-11-05 10:26:08,1.6237531,velocity_N.csv,sudden_jump
North,velocity,North_velocity,2025-11-05 17:54:38,0.1657499999999999,velocity_N.csv,sudden_jump
North,velocity,North_velocity,2025-11-06 10:23:00,1.5363388,velocity_N.csv,sudden_jump
North,velocity,North_velocity,2025-11-06 11:51:55,1.8231631,velocity_N.csv,sudden_jump
North,velocity,North_velocity,2025-11-06 18:04:16,0.1657499999999999,velocity_N.csv,sudden_jump
North,velocity,North_velocity,2025-11-07 10:26:44,1.25694325,velocity_N.csv,sudden_jump
North,velocity,North_velocity,2025-11-07 11:55:53,1.77811515,velocity_N.csv,sudden_jump
North,velocity,North_velocity,2025-11-07 15:53:54,0.1657499999999999,velocity_N.csv,sudden_jump
North,velocity,North_velocity,2025-11-07 16:11:38,1.44470805,velocity_N.csv,sudden_jump
North,velocity,North_velocity,2025-11-07 17:54:31,0.28351535,velocity_N.csv,sudden_jump
North,velocity,North_velocity,2025-11-08 10:26:24,1.2869665,velocity_N.csv,sudden_jump
North,velocity,North_velocity,2025-11-08 12:51:37,1.3098064,velocity_N.csv,sudden_jump
North,velocity,North_velocity,2025-11-08 17:55:33,0.1657499999999999,velocity_N.csv,sudden_jump
North,velocity,North_velocity,2025-11-09 10:23:27,1.35730665,velocity_N.csv,sudden_jump
North,velocity,North_velocity,2025-11-09 11:51:48,1.69323425,velocity_N.csv,sudden_jump
North,velocity,North_velocity,2025-11-09 12:40:53,1.29982385,velocity_N.csv,sudden_jump
North,velocity,North_velocity,2025-11-09 17:51:12,0.26934776,velocity_N.csv,sudden_jump
North,velocity,North_velocity,2025-11-10 10:41:43,1.29282105,velocity_N.csv,sudden_jump
North,velocity,North_velocity,2025-11-10 11:39:59,1.70365465,velocity_N.csv,sudden_jump
North,velocity,North_velocity,2025-11-10 17:53:53,0.1657499999999999,velocity_N.csv,sudden_jump
North,velocity,North_velocity,2025-11-11 10:21:47,1.27415,velocity_N.csv,sudden_jump
North,velocity,North_velocity,2025-11-11 10:53:58,0.1657499999999999,velocity_N.csv,sudden_jump
North,velocity,North_velocity,2025-11-11 11:11:53,1.3033641,velocity_N.csv,sudden_jump
North,velocity,North_velocity,2025-11-11 11:41:39,1.6103443,velocity_N.csv,sudden_jump
North,velocity,North_velocity,2025-11-11 18:04:28,0.1657499999999999,velocity_N.csv,sudden_jump
North,velocity,North_velocity,2025-11-12 10:26:47,1.2000862,velocity_N.csv,sudden_jump
North,velocity,North_velocity,2025-11-12 12:36:25,1.23613765,velocity_N.csv,sudden_jump
North,velocity,North_velocity,2025-11-12 13:08:29,0.1657499999999999,velocity_N.csv,sudden_jump
North,velocity,North_velocity,2025-11-12 13:26:03,1.0838094,velocity_N.csv,sudden_jump
North,velocity,North_velocity,2025-11-12 17:41:10,0.8320504,velocity_N.csv,sudden_jump
North,velocity,North_velocity,2025-11-13 10:25:25,1.16176865,velocity_N.csv,sudden_jump
North,velocity,North_velocity,2025-11-13 11:21:41,0.1657499999999999,velocity_N.csv,sudden_jump
North,velocity,North_velocity,2025-11-13 11:38:51,1.2873264,velocity_N.csv,sudden_jump
North,velocity,North_velocity,2025-11-13 12:07:38,1.65440055,velocity_N.csv,sudden_jump
North,velocity,North_velocity,2025-11-13 13:03:44,0.1657499999999999,velocity_N.csv,sudden_jump
North,velocity,North_velocity,2025-11-13 13:23:31,1.2253924,velocity_N.csv,sudden_jump
North,velocity,North_velocity,2025-11-13 14:48:27,0.1657499999999999,velocity_N.csv,sudden_jump
North,velocity,North_velocity,2025-11-13 15:08:51,1.0099394350000002,velocity_N.csv,sudden_jump
North,velocity,North_velocity,2025-11-13 15:38:45,1.3275479,velocity_N.csv,sudden_jump
North,velocity,North_velocity,2025-11-13 16:33:38,0.1657499999999999,velocity_N.csv,sudden_jump
North,velocity,North_velocity,2025-11-13 16:54:00,1.3093538,velocity_N.csv,sudden_jump
North,velocity,North_velocity,2025-11-13 17:49:40,0.354259,velocity_N.csv,sudden_jump
North,velocity,North_velocity,2025-11-14 10:53:56,1.23518055,velocity_N.csv,sudden_jump
North,velocity,North_velocity,2025-11-14 12:08:27,1.62216685,velocity_N.csv,sudden_jump
North,velocity,North_velocity,2025-11-14 12:18:51,0.1657499999999999,velocity_N.csv,sudden_jump
North,velocity,North_velocity,2025-11-14 12:38:29,1.40827305,velocity_N.csv,sudden_jump
North,velocity,North_velocity,2025-11-15 17:52:01,0.2347895199999999,velocity_N.csv,sudden_jump
North,velocity,North_velocity,2025-11-16 10:53:51,1.1937742,velocity_N.csv,sudden_jump
North,velocity,North_velocity,2025-11-16 11:35:58,0.1657499999999999,velocity_N.csv,sudden_jump
North,velocity,North_velocity,2025-11-16 11:53:36,1.44195555,velocity_N.csv,sudden_jump
North,velocity,North_velocity,2025-11-16 13:20:33,0.1657499999999999,velocity_N.csv,sudden_jump
North,velocity,North_velocity,2025-11-16 13:38:41,1.10293495,velocity_N.csv,sudden_jump
North,velocity,North_velocity,2025-11-16 15:05:35,0.1657499999999999,velocity_N.csv,sudden_jump
North,velocity,North_velocity,2025-11-16 15:23:43,1.35908555,velocity_N.csv,sudden_jump
North,velocity,North_velocity,2025-11-16 16:50:31,0.1657499999999999,velocity_N.csv,sudden_jump
North,velocity,North_velocity,2025-11-16 17:08:47,1.28995925,velocity_N.csv,sudden_jump
North,velocity,North_velocity,2025-11-17 11:05:48,0.1657499999999999,velocity_N.csv,sudden_jump
North,velocity,North_velocity,2025-11-17 11:25:22,1.276973,velocity_N.csv,sudden_jump
North,velocity,North_velocity,2025-11-17 12:53:13,1.1798345499999998,velocity_N.csv,sudden_jump
North,velocity,North_velocity,2025-11-17 17:38:13,0.788929575,velocity_N.csv,sudden_jump
North,velocity,North_velocity,2025-11-17 17:54:26,0.1657499999999999,velocity_N.csv,sudden_jump
North,velocity,North_velocity,2025-11-18 10:21:43,1.2178371,velocity_N.csv,sudden_jump
North,velocity,North_velocity,2025-11-18 12:23:30,0.1657499999999999,velocity_N.csv,sudden_jump
North,velocity,North_velocity,2025-11-18 12:41:21,1.33287655,velocity_N.csv,sudden_jump
North,velocity,North_velocity,2025-11-19 12:36:42,1.20678645,velocity_N.csv,sudden_jump
North,velocity,North_velocity,2025-11-19 17:39:45,0.525260535,velocity_N.csv,sudden_jump
North,velocity,North_velocity,2025-11-19 17:51:56,0.12574102,velocity_N.csv,sudden_jump
North,velocity,North_velocity,2025-11-20 10:23:35,1.1976171,velocity_N.csv,sudden_jump
North,velocity,North_velocity,2025-11-20 12:23:37,0.1657499999999999,velocity_N.csv,sudden_jump
North,velocity,North_velocity,2025-11-20 12:41:14,1.25419975,velocity_N.csv,sudden_jump
North,velocity,North_velocity,2025-11-21 14:24:11,0.1657499999999999,velocity_N.csv,sudden_jump
North,velocity,North_velocity,2025-11-21 14:42:08,1.2134692500000002,velocity_N.csv,sudden_jump
North,velocity,North_velocity,2025-11-22 17:38:45,0.4371294,velocity_N.csv,sudden_jump
North,velocity,North_velocity,2025-11-23 10:26:40,1.18661355,velocity_N.csv,sudden_jump
North,velocity,North_velocity,2025-11-23 17:52:29,0.1657499999999999,velocity_N.csv,sudden_jump
North,velocity,North_velocity,2025-11-24 10:23:50,1.18398225,velocity_N.csv,sudden_jump
North,velocity,North_velocity,2025-11-24 13:54:08,0.1657499999999999,velocity_N.csv,sudden_jump
North,velocity,North_velocity,2025-11-24 14:11:41,1.1442159,velocity_N.csv,sudden_jump
North,velocity,North_velocity,2025-11-24 17:41:59,0.8412311,velocity_N.csv,sudden_jump
North,velocity,North_velocity,2025-11-25 17:51:32,0.1657499999999999,velocity_N.csv,sudden_jump
North,velocity,North_velocity,2025-11-26 10:24:41,1.13839975,velocity_N.csv,sudden_jump
North,velocity,North_velocity,2025-11-26 17:37:17,0.82414893,velocity_N.csv,sudden_jump
North,velocity,North_velocity,2025-11-26 17:52:53,0.1657499999999999,velocity_N.csv,sudden_jump
North,velocity,North_velocity,2025-11-27 10:21:29,1.0815519999999998,velocity_N.csv,sudden_jump
North,velocity,North_velocity,2025-11-27 17:50:26,0.1657499999999999,velocity_N.csv,sudden_jump
North,velocity,North_velocity,2025-11-28 10:26:47,1.091123,velocity_N.csv,sudden_jump
North,velocity,North_velocity,2025-11-28 15:54:09,0.1657499999999999,velocity_N.csv,sudden_jump
North,velocity,North_velocity,2025-11-28 16:11:46,1.14332135,velocity_N.csv,sudden_jump
North,velocity,North_velocity,2025-11-28 17:53:04,0.1657499999999999,velocity_N.csv,sudden_jump
North,velocity,North_velocity,2025-11-29 10:41:44,1.04969535,velocity_N.csv,sudden_jump
North,velocity,North_velocity,2025-11-29 17:36:52,0.6662192499999999,velocity_N.csv,sudden_jump
North,velocity,North_velocity,2025-11-29 17:51:43,0.139283645,velocity_N.csv,sudden_jump
North,velocity,North_velocity,2025-11-30 10:38:49,1.0511743999999998,velocity_N.csv,sudden_jump
North,velocity,North_velocity,2025-12-01 10:54:11,1.30697855,velocity_N.csv,sudden_jump
North,velocity,North_velocity,2025-12-02 10:53:57,1.1426719,velocity_N.csv,sudden_jump
North,velocity,North_velocity,2025-12-02 12:18:46,0.1657499999999999,velocity_N.csv,sudden_jump
North,velocity,North_velocity,2025-12-02 12:38:45,1.21432125,velocity_N.csv,sudden_jump
North,velocity,North_velocity,2025-12-02 16:09:05,0.1657499999999999,velocity_N.csv,sudden_jump
North,velocity,North_velocity,2025-12-02 16:26:46,1.11126925,velocity_N.csv,sudden_jump
North,velocity,North_velocity,2025-12-02 17:39:35,0.1657499999999999,velocity_N.csv,sudden_jump
North,velocity,North_velocity,2025-12-03 10:24:13,1.0885073,velocity_N.csv,sudden_jump
North,velocity,North_velocity,2025-12-04 17:53:37,0.1657499999999999,velocity_N.csv,sudden_jump
North,velocity,North_velocity,2025-12-06 10:26:54,1.0461141,velocity_N.csv,sudden_jump
North,velocity,North_velocity,2025-12-06 17:23:23,0.79393125,velocity_N.csv,sudden_jump
North,velocity,North_velocity,2025-12-06 17:40:33,0.1657499999999999,velocity_N.csv,sudden_jump
North,velocity,North_velocity,2025-12-07 10:24:19,1.0192367,velocity_N.csv,sudden_jump
North,velocity,North_velocity,2025-12-07 17:35:32,0.5894072,velocity_N.csv,sudden_jump
North,velocity,North_velocity,2025-12-07 17:51:33,0.1657499999999999,velocity_N.csv,sudden_jump
North,velocity,North_velocity,2025-12-08 10:35:45,1.03335675,velocity_N.csv,sudden_jump
North,velocity,North_velocity,2025-12-08 15:54:08,0.1657499999999999,velocity_N.csv,sudden_jump
North,velocity,North_velocity,2025-12-08 16:11:46,1.04887045,velocity_N.csv,sudden_jump
North,velocity,North_velocity,2025-12-08 17:56:14,0.1657499999999999,velocity_N.csv,sudden_jump
North,velocity,North_velocity,2025-12-09 10:21:15,1.0339631,velocity_N.csv,sudden_jump
North,velocity,North_velocity,2025-12-09 17:08:58,0.1657499999999999,velocity_N.csv,sudden_jump
North,velocity,North_velocity,2025-12-09 17:26:37,1.03494695,velocity_N.csv,sudden_jump
North,velocity,North_velocity,2025-12-09 17:42:08,0.6585943599999999,velocity_N.csv,sudden_jump
North,velocity,North_velocity,2025-12-10 10:26:48,1.0397516,velocity_N.csv,sudden_jump
North,velocity,North_velocity,2025-12-10 16:09:04,0.1657499999999999,velocity_N.csv,sudden_jump
North,velocity,North_velocity,2025-12-10 16:26:17,1.12259295,velocity_N.csv,sudden_jump
North,velocity,North_velocity,2025-12-10 17:39:21,0.1657499999999999,velocity_N.csv,sudden_jump
North,velocity,North_velocity,2025-12-11 10:23:56,1.0515286499999998,velocity_N.csv,sudden_jump
North,velocity,North_velocity,2025-12-11 16:54:11,0.1657499999999999,velocity_N.csv,sudden_jump
North,velocity,North_velocity,2025-12-11 17:11:46,1.00133535,velocity_N.csv,sudden_jump
North,velocity,North_velocity,2025-12-11 17:41:41,0.53599263,velocity_N.csv,sudden_jump
North,velocity,North_velocity,2025-12-12 10:26:51,1.0607541,velocity_N.csv,sudden_jump
North,velocity,North_velocity,2025-12-12 14:39:03,0.1657499999999999,velocity_N.csv,sudden_jump
North,velocity,North_velocity,2025-12-12 14:56:51,1.04560135,velocity_N.csv,sudden_jump
North,velocity,North_velocity,2025-12-12 17:38:46,0.1657499999999999,velocity_N.csv,sudden_jump
North,velocity,North_velocity,2025-12-13 10:24:12,1.08926445,velocity_N.csv,sudden_jump
North,velocity,North_velocity,2025-12-13 17:41:24,0.69005965,velocity_N.csv,sudden_jump
North,velocity,North_velocity,2025-12-14 10:37:07,1.21039575,velocity_N.csv,sudden_jump
North,velocity,North_velocity,2025-12-14 11:09:13,0.1657499999999999,velocity_N.csv,sudden_jump
North,velocity,North_velocity,2025-12-14 11:26:59,1.07529555,velocity_N.csv,sudden_jump
North,velocity,North_velocity,2025-12-14 17:24:31,0.733304875,velocity_N.csv,sudden_jump
North,velocity,North_velocity,2025-12-14 17:41:31,0.1657499999999999,velocity_N.csv,sudden_jump
North,velocity,North_velocity,2025-12-15 10:26:14,1.18512955,velocity_N.csv,sudden_jump
North,velocity,North_velocity,2025-12-16 11:35:12,0.1657499999999999,velocity_N.csv,sudden_jump
North,velocity,North_velocity,2025-12-16 11:53:39,1.0641235999999998,velocity_N.csv,sudden_jump
North,velocity,North_velocity,2025-12-16 13:20:05,0.1657499999999999,velocity_N.csv,sudden_jump
North,velocity,North_velocity,2025-12-16 13:38:32,0.902882125,velocity_N.csv,sudden_jump
North,velocity,North_velocity,2025-12-16 15:05:08,0.1657499999999999,velocity_N.csv,sudden_jump
North,velocity,North_velocity,2025-12-16 15:23:43,1.0078516,velocity_N.csv,sudden_jump
North,velocity,North_velocity,2025-12-16 16:50:05,0.1657499999999999,velocity_N.csv,sudden_jump
North,velocity,North_velocity,2025-12-16 17:08:44,0.9985331,velocity_N.csv,sudden_jump
North,velocity,North_velocity,2025-12-23 15:21:12,1.127679,velocity_N.csv,sudden_jump
North,velocity,North_velocity,2025-12-23 17:52:29,0.29008058,velocity_N.csv,sudden_jump
North,velocity,North_velocity,2025-12-24 10:27:00,1.0055178,velocity_N.csv,sudden_jump
North,velocity,North_velocity,2025-12-24 18:04:23,0.1657499999999999,velocity_N.csv,sudden_jump
North,velocity,North_velocity,2025-12-25 10:37:03,0.958804635,velocity_N.csv,sudden_jump
North,velocity,North_velocity,2025-12-25 11:09:11,0.1657499999999999,velocity_N.csv,sudden_jump
North,velocity,North_velocity,2025-12-25 11:26:53,0.95478598,velocity_N.csv,sudden_jump
North,velocity,North_velocity,2025-12-25 17:39:41,0.62636487,velocity_N.csv,sudden_jump
North,velocity,North_velocity,2025-12-25 17:53:56,0.92557672,velocity_N.csv,sudden_jump
North,velocity,North_velocity,2025-12-26 16:39:16,0.1657499999999999,velocity_N.csv,sudden_jump
North,velocity,North_velocity,2025-12-26 16:56:35,1.00545755,velocity_N.csv,sudden_jump
North,velocity,North_velocity,2025-12-26 17:51:53,0.1657499999999999,velocity_N.csv,sudden_jump
North,velocity,North_velocity,2025-12-27 10:25:56,0.948284075,velocity_N.csv,sudden_jump
North,velocity,North_velocity,2025-12-27 17:52:33,0.1657499999999999,velocity_N.csv,sudden_jump
North,velocity,North_velocity,2025-12-28 10:25:44,0.976712375,velocity_N.csv,sudden_jump
North,velocity,North_velocity,2025-12-28 17:52:03,0.1657499999999999,velocity_N.csv,sudden_jump
North,velocity,North_velocity,2025-12-29 10:26:05,0.92249928,velocity_N.csv,sudden_jump
North,velocity,North_velocity,2025-12-29 13:39:24,0.1657499999999999,velocity_N.csv,sudden_jump
North,velocity,North_velocity,2025-12-29 13:56:43,0.971189275,velocity_N.csv,sudden_jump
North,velocity,North_velocity,2025-12-29 18:03:39,0.1657499999999999,velocity_N.csv,sudden_jump
North,velocity,North_velocity,2026-01-17 10:56:16,0.93345312,velocity_N.csv,sudden_jump
North,velocity,North_velocity,2026-01-17 11:07:01,0.1657499999999999,velocity_N.csv,sudden_jump
North,velocity,North_velocity,2026-01-17 11:24:26,0.88484758,velocity_N.csv,sudden_jump
North,velocity,North_velocity,2026-01-17 12:51:48,0.1657499999999999,velocity_N.csv,sudden_jump
North,velocity,North_velocity,2026-01-17 13:09:36,0.915349975,velocity_N.csv,sudden_jump
North,velocity,North_velocity,2026-01-17 14:36:47,0.1657499999999999,velocity_N.csv,sudden_jump
North,velocity,North_velocity,2026-01-17 14:54:40,1.0008487,velocity_N.csv,sudden_jump
North,velocity,North_velocity,2026-01-17 16:21:47,0.1657499999999999,velocity_N.csv,sudden_jump
North,velocity,North_velocity,2026-01-17 16:39:30,1.000131175,velocity_N.csv,sudden_jump
North,velocity,North_velocity,2026-01-17 18:06:37,0.1657499999999999,velocity_N.csv,sudden_jump
North,velocity,North_velocity,2026-01-18 10:39:18,0.976672725,velocity_N.csv,sudden_jump
North,velocity,North_velocity,2026-01-18 11:36:30,0.1657499999999999,velocity_N.csv,sudden_jump
North,velocity,North_velocity,2026-01-18 11:55:34,0.981562555,velocity_N.csv,sudden_jump
North,velocity,North_velocity,2026-01-18 13:21:27,0.1657499999999999,velocity_N.csv,sudden_jump
North,velocity,North_velocity,2026-01-18 13:41:14,1.0614702,velocity_N.csv,sudden_jump
North,velocity,North_velocity,2026-01-18 15:06:30,0.1657499999999999,velocity_N.csv,sudden_jump
North,velocity,North_velocity,2026-01-18 15:25:52,0.995089435,velocity_N.csv,sudden_jump
North,velocity,North_velocity,2026-01-18 16:51:29,0.1657499999999999,velocity_N.csv,sudden_jump
North,velocity,North_velocity,2026-01-18 17:11:04,0.99004807,velocity_N.csv,sudden_jump
North,velocity,North_velocity,2026-01-18 18:25:25,0.14934167,velocity_N.csv,sudden_jump
North,velocity,North_velocity,2026-01-19 10:39:03,0.87191175,velocity_N.csv,sudden_jump
North,velocity,North_velocity,2026-01-19 11:36:37,0.1657499999999999,velocity_N.csv,sudden_jump
North,velocity,North_velocity,2026-01-19 11:54:21,0.86815088,velocity_N.csv,sudden_jump
North,velocity,North_velocity,2026-01-19 13:21:24,0.1657499999999999,velocity_N.csv,sudden_jump
North,velocity,North_velocity,2026-01-19 13:39:29,0.900022295,velocity_N.csv,sudden_jump
North,velocity,North_velocity,2026-01-19 15:06:34,0.1657499999999999,velocity_N.csv,sudden_jump
North,velocity,North_velocity,2026-01-19 15:24:28,0.914914875,velocity_N.csv,sudden_jump
North,velocity,North_velocity,2026-01-19 16:51:25,0.1657499999999999,velocity_N.csv,sudden_jump
North,velocity,North_velocity,2026-01-19 17:09:34,0.923293475,velocity_N.csv,sudden_jump
North,velocity,North_velocity,2026-01-19 18:21:23,0.19399121,velocity_N.csv,sudden_jump
North,velocity,North_velocity,2026-01-20 10:38:58,0.936103175,velocity_N.csv,sudden_jump
North,velocity,North_velocity,2026-01-20 11:36:40,0.1657499999999999,velocity_N.csv,sudden_jump
North,velocity,North_velocity,2026-01-20 11:54:21,0.8959129800000001,velocity_N.csv,sudden_jump
North,velocity,North_velocity,2026-01-20 13:21:24,0.1657499999999999,velocity_N.csv,sudden_jump
North,velocity,North_velocity,2026-01-20 13:39:28,0.8405344450000001,velocity_N.csv,sudden_jump
North,velocity,North_velocity,2026-01-20 15:06:27,0.1657499999999999,velocity_N.csv,sudden_jump
North,velocity,North_velocity,2026-01-20 15:24:21,0.8504616,velocity_N.csv,sudden_jump
North,velocity,North_velocity,2026-01-20 16:51:31,0.1657499999999999,velocity_N.csv,sudden_jump
North,velocity,North_velocity,2026-01-20 17:09:28,0.9492684,velocity_N.csv,sudden_jump
North,velocity,North_velocity,2026-01-20 18:22:24,0.106638235,velocity_N.csv,sudden_jump
North,velocity,North_velocity,2026-01-21 10:55:32,0.88544302,velocity_N.csv,sudden_jump
North,velocity,North_velocity,2026-01-21 11:37:12,0.1657499999999999,velocity_N.csv,sudden_jump
North,velocity,North_velocity,2026-01-21 11:53:55,0.8625446,velocity_N.csv,sudden_jump
North,velocity,North_velocity,2026-01-21 13:22:01,0.1657499999999999,velocity_N.csv,sudden_jump
North,velocity,North_velocity,2026-01-21 13:39:08,0.83205525,velocity_N.csv,sudden_jump
North,velocity,North_velocity,2026-01-21 15:07:09,0.1657499999999999,velocity_N.csv,sudden_jump
North,velocity,North_velocity,2026-01-21 15:23:59,0.836341875,velocity_N.csv,sudden_jump
North,velocity,North_velocity,2026-01-21 16:51:49,0.1657499999999999,velocity_N.csv,sudden_jump
North,velocity,North_velocity,2026-01-21 17:09:20,0.90439213,velocity_N.csv,sudden_jump
North,velocity,North_velocity,2026-01-21 18:22:09,0.24566247,velocity_N.csv,sudden_jump
North,velocity,North_velocity,2026-01-22 10:54:12,0.892828495,velocity_N.csv,sudden_jump
North,velocity,North_velocity,2026-01-22 12:21:46,0.1657499999999999,velocity_N.csv,sudden_jump
North,velocity,North_velocity,2026-01-22 12:38:35,0.90904465,velocity_N.csv,sudden_jump
North,velocity,North_velocity,2026-01-22 14:06:45,0.1657499999999999,velocity_N.csv,sudden_jump
North,velocity,North_velocity,2026-01-22 14:24:14,0.835875165,velocity_N.csv,sudden_jump
North,velocity,North_velocity,2026-01-22 15:51:44,0.1657499999999999,velocity_N.csv,sudden_jump
North,velocity,North_velocity,2026-01-22 16:09:26,0.900420845,velocity_N.csv,sudden_jump
North,velocity,North_velocity,2026-01-22 17:36:46,0.1657499999999999,velocity_N.csv,sudden_jump
North,velocity,North_velocity,2026-01-22 17:54:23,0.8195539300000001,velocity_N.csv,sudden_jump
North,velocity,North_velocity,2026-01-23 11:06:19,0.1657499999999999,velocity_N.csv,sudden_jump
North,velocity,North_velocity,2026-01-23 11:26:06,1.0741323500000002,velocity_N.csv,sudden_jump
North,velocity,North_velocity,2026-01-23 12:51:24,0.1657499999999999,velocity_N.csv,sudden_jump
North,velocity,North_velocity,2026-01-23 13:11:13,0.98071923,velocity_N.csv,sudden_jump
North,velocity,North_velocity,2026-01-23 14:36:27,0.1657499999999999,velocity_N.csv,sudden_jump
North,velocity,North_velocity,2026-01-23 14:56:21,0.9370546,velocity_N.csv,sudden_jump
North,velocity,North_velocity,2026-01-23 16:21:27,0.1657499999999999,velocity_N.csv,sudden_jump
North,velocity,North_velocity,2026-01-23 16:41:22,0.8457968499999999,velocity_N.csv,sudden_jump
North,velocity,North_velocity,2026-01-23 18:08:49,0.1657499999999999,velocity_N.csv,sudden_jump
North,velocity,North_velocity,2026-01-24 10:54:18,1.02705805,velocity_N.csv,sudden_jump
North,velocity,North_velocity,2026-01-24 12:22:12,0.1657499999999999,velocity_N.csv,sudden_jump
North,velocity,North_velocity,2026-01-24 12:38:56,1.1826504999999998,velocity_N.csv,sudden_jump
North,velocity,North_velocity,2026-01-24 14:07:00,0.1657499999999999,velocity_N.csv,sudden_jump
North,velocity,North_velocity,2026-01-24 14:24:18,1.09885475,velocity_N.csv,sudden_jump
North,velocity,North_velocity,2026-01-24 15:52:07,0.1657499999999999,velocity_N.csv,sudden_jump
North,velocity,North_velocity,2026-01-24 16:09:09,1.09555885,velocity_N.csv,sudden_jump
North,velocity,North_velocity,2026-01-24 17:37:03,0.1657499999999999,velocity_N.csv,sudden_jump
North,velocity,North_velocity,2026-01-24 17:54:30,0.953209,velocity_N.csv,sudden_jump
North,velocity,North_velocity,2026-01-25 11:37:23,0.1657499999999999,velocity_N.csv,sudden_jump
North,velocity,North_velocity,2026-01-25 11:53:59,0.9641015,velocity_N.csv,sudden_jump
North,velocity,North_velocity,2026-01-25 13:22:23,0.1657499999999999,velocity_N.csv,sudden_jump
North,velocity,North_velocity,2026-01-25 13:39:24,0.8971565100000001,velocity_N.csv,sudden_jump
North,velocity,North_velocity,2026-01-25 15:07:07,0.1657499999999999,velocity_N.csv,sudden_jump
North,velocity,North_velocity,2026-01-25 15:24:23,0.9912363,velocity_N.csv,sudden_jump
North,velocity,North_velocity,2026-01-25 16:52:03,0.1657499999999999,velocity_N.csv,sudden_jump
North,velocity,North_velocity,2026-01-25 17:09:17,0.9906202,velocity_N.csv,sudden_jump
North,velocity,North_velocity,2026-01-25 18:25:31,0.62739735,velocity_N.csv,sudden_jump
North,velocity,North_velocity,2026-01-25 18:38:04,0.1657499999999999,velocity_N.csv,sudden_jump
North,velocity,North_velocity,2026-01-26 10:27:12,0.976257215,velocity_N.csv,sudden_jump
North,velocity,North_velocity,2026-01-26 18:12:29,0.459817855,velocity_N.csv,sudden_jump
North,velocity,North_velocity,2026-01-27 10:27:25,1.0218834,velocity_N.csv,sudden_jump
North,velocity,North_velocity,2026-01-27 13:54:32,0.1657499999999999,velocity_N.csv,sudden_jump
North,velocity,North_velocity,2026-01-27 14:12:30,1.07184415,velocity_N.csv,sudden_jump
North,velocity,North_velocity,2026-01-27 17:08:50,0.56992082,velocity_N.csv,sudden_jump
North,velocity,North_velocity,2026-01-27 17:50:49,0.15989135,velocity_N.csv,sudden_jump
North,velocity,North_velocity,2026-01-28 10:27:02,1.1971498,velocity_N.csv,sudden_jump
North,velocity,North_velocity,2026-01-28 11:57:09,1.5968685,velocity_N.csv,sudden_jump
North,velocity,North_velocity,2026-01-28 18:24:29,0.1657499999999999,velocity_N.csv,sudden_jump
North,velocity,North_velocity,2026-01-29 10:24:00,0.9513872,velocity_N.csv,sudden_jump
North,velocity,North_velocity,2026-01-29 17:24:16,0.1657499999999999,velocity_N.csv,sudden_jump
North,velocity,North_velocity,2026-01-29 17:42:05,0.999875415,velocity_N.csv,sudden_jump
North,velocity,North_velocity,2026-01-29 18:21:26,0.1657499999999999,velocity_N.csv,sudden_jump
North,velocity,North_velocity,2026-01-30 10:26:51,0.89669975,velocity_N.csv,sudden_jump
North,velocity,North_velocity,2026-01-30 18:27:41,0.1657499999999999,velocity_N.csv,sudden_jump
North,velocity,North_velocity,2026-01-31 10:25:39,1.017988215,velocity_N.csv,sudden_jump
North,velocity,North_velocity,2026-01-31 18:28:48,0.1657499999999999,velocity_N.csv,sudden_jump
North,velocity,North_velocity,2026-02-01 10:26:30,0.8995160849999999,velocity_N.csv,sudden_jump
North,velocity,North_velocity,2026-02-01 18:09:54,0.1657499999999999,velocity_N.csv,sudden_jump
North,velocity,North_velocity,2026-02-02 10:26:35,0.92332572,velocity_N.csv,sudden_jump
North,velocity,North_velocity,2026-02-02 18:35:44,0.1657499999999999,velocity_N.csv,sudden_jump
North,velocity,North_velocity,2026-05-04 18:41:54,0.94620333,velocity_N.csv,sudden_jump
North,velocity,North_velocity,2026-05-05 15:38:56,0.1657499999999999,velocity_N.csv,sudden_jump
North,velocity,North_velocity,2026-05-05 15:56:24,0.96894747,velocity_N.csv,sudden_jump
North,velocity,North_velocity,2026-05-07 12:54:03,0.1657499999999999,velocity_N.csv,sudden_jump
North,velocity,North_velocity,2026-05-07 13:12:13,0.855100245,velocity_N.csv,sudden_jump
North,velocity,North_velocity,2026-05-08 14:09:48,0.1657499999999999,velocity_N.csv,sudden_jump
North,velocity,North_velocity,2026-05-08 14:27:30,0.85281887,velocity_N.csv,sudden_jump
North,velocity,North_velocity,2026-05-08 18:09:43,0.1657499999999999,velocity_N.csv,sudden_jump
North,velocity,North_velocity,2026-05-08 18:27:34,0.76644364,velocity_N.csv,sudden_jump
North,velocity,North_velocity,2026-05-11 10:27:51,1.62807145,velocity_N.csv,sudden_jump
North,velocity,North_velocity,2026-05-11 13:27:20,1.3268508,velocity_N.csv,sudden_jump
North,velocity,North_velocity,2026-05-13 19:13:12,0.3987315,velocity_N.csv,sudden_jump
North,velocity,North_velocity,2026-05-14 10:27:13,0.77912683,velocity_N.csv,sudden_jump
North,velocity,North_velocity,2026-05-14 14:55:33,0.92444554,velocity_N.csv,sudden_jump
North,velocity,North_velocity,2026-05-16 13:23:27,0.6134738200000001,velocity_N.csv,sudden_jump
North,velocity,North_velocity,2026-05-21 12:21:10,0.1657499999999999,velocity_N.csv,sudden_jump
North,velocity,North_velocity,2026-05-21 12:38:40,0.8571403,velocity_N.csv,sudden_jump
North,velocity,North_velocity,2026-05-21 14:05:46,0.1657499999999999,velocity_N.csv,sudden_jump
North,velocity,North_velocity,2026-05-21 14:24:18,0.722070905,velocity_N.csv,sudden_jump
North,velocity,North_velocity,2026-05-21 15:50:48,0.1657499999999999,velocity_N.csv,sudden_jump
North,velocity,North_velocity,2026-05-21 16:08:55,0.75049872,velocity_N.csv,sudden_jump
North,velocity,North_velocity,2026-05-21 17:35:34,0.1657499999999999,velocity_N.csv,sudden_jump
North,velocity,North_velocity,2026-05-21 17:54:28,0.65396098,velocity_N.csv,sudden_jump
North,velocity,North_velocity,2026-05-23 11:36:38,0.1657499999999999,velocity_N.csv,sudden_jump
North,velocity,North_velocity,2026-05-23 11:54:01,0.929017625,velocity_N.csv,sudden_jump
North,velocity,North_velocity,2026-05-23 13:21:21,0.1657499999999999,velocity_N.csv,sudden_jump
North,velocity,North_velocity,2026-05-23 13:39:25,0.7204067999999999,velocity_N.csv,sudden_jump
North,velocity,North_velocity,2026-05-23 15:06:20,0.1657499999999999,velocity_N.csv,sudden_jump
North,velocity,North_velocity,2026-05-23 15:23:37,0.76936874,velocity_N.csv,sudden_jump
North,velocity,North_velocity,2026-05-23 16:51:25,0.1657499999999999,velocity_N.csv,sudden_jump
North,velocity,North_velocity,2026-05-23 17:09:22,0.69813058,velocity_N.csv,sudden_jump
North,velocity,North_velocity,2026-05-23 18:36:17,0.1657499999999999,velocity_N.csv,sudden_jump
North,velocity,North_velocity,2026-05-23 18:54:18,0.68350123,velocity_N.csv,sudden_jump
